;FLAVOR:Marlin
;TIME:6666
;Filament used: 0m
;Layer height: 0.1
;MINX:2.14748e+06
;MINY:2.14748e+06
;MINZ:2.14748e+06
;MAXX:-2.14748e+06
;MAXY:-2.14748e+06
;MAXZ:-2.14748e+06
;TARGET_MACHINE.NAME:Unknown

;Generated with Cura_SteamEngine 5.8.1
M104 S215
M105
M109 S215
M82 ;absolute extrusion mode
G28 ;Home
G1 Z15.0 F6000 ;Move the platform down 15mm
;Prime the extruder
G92 E0
G1 F200 E3
G92 E0
G92 E0
G92 E0
G1 F1500 E-6.5
;LAYER_COUNT:198
;LAYER:0
M107
G0 F3600 X42.2 Y100 Z0.3
;TYPE:SKIRT
G1 F1500 E0
G1 F1800 X42.2 Y89.377 E0.19982
G1 X42.622 Y87.323 E0.23927
G1 X43.201 Y86.279 E0.26172
G1 X43.034 Y86.039 E0.26722
G1 X42.052 Y83.629 E0.31618
G1 X41.959 Y81.6 E0.35438
G1 X42.294 Y79.638 E0.39182
G1 X43.25 Y77.546 E0.43509
G1 X45.72 Y74.929 E0.50278
G1 X47.679 Y73.671 E0.54657
G1 X51.621 Y72.575 E0.62354
G1 X54.006 Y72.427 E0.66849
G1 X58.057 Y73.559 E0.74761
G1 X60.175 Y74.679 E0.79268
G1 X62.604 Y77.253 E0.85925
G1 X63.639 Y79.116 E0.89934
G1 X64.114 Y81.054 E0.93687
G1 X64.119 Y82.961 E0.97274
G1 X64.02 Y83.369 E0.98064
G1 X64.451 Y83.617 E0.99
G1 X65.013 Y84.052 E1.00336
G1 X65.741 Y83.462 E1.02099
G1 X67.724 Y82.474 E1.06267
G1 X69.358 Y82.244 E1.0937
G1 X80.615 Y82.2 E1.30546
G1 X82.679 Y82.623 E1.34509
G1 X84.449 Y83.615 E1.38326
G1 X84.9 Y83.963 E1.39397
G1 X85.958 Y83.587 E1.41509
G1 X87.642 Y83.203 E1.44758
G1 X90.197 Y83.527 E1.49603
G1 X92.166 Y84.457 E1.53699
G1 X93.005 Y85.021 E1.55601
G1 X95.644 Y87.814 E1.62829
G1 X96.663 Y89.533 E1.66588
G1 X97.737 Y93.234 E1.73837
G1 X97.889 Y95.679 E1.78445
G1 X96.737 Y99.802 E1.86497
G1 X96.635 Y100 E1.86916
G0 F3600 X96.184 Y100
G1 F1800 X96.352 Y99.694 E1.87573
G1 X97.486 Y95.636 E1.95499
G1 X97.341 Y93.303 E1.99896
G1 X96.294 Y89.694 E2.06964
G1 X95.324 Y88.058 E2.10542
G1 X92.743 Y85.327 E2.1761
G1 X91.943 Y84.789 E2.19424
G1 X90.084 Y83.916 E2.23287
G1 X87.661 Y83.609 E2.27881
G1 X86.092 Y83.964 E2.30907
G1 X84.828 Y84.413 E2.33431
G1 X84.205 Y83.932 E2.34911
G1 X82.539 Y83.003 E2.38499
G1 X80.575 Y82.6 E2.42271
G1 X69.36 Y82.644 E2.63367
G1 X67.843 Y82.861 E2.66249
G1 X65.961 Y83.799 E2.70205
G1 X65.019 Y84.563 E2.72486
G1 X64.206 Y83.933 E2.74421
G1 X63.549 Y83.562 E2.7584
G1 X63.719 Y82.962 E2.77013
G1 X63.714 Y81.101 E2.80514
G1 X63.264 Y79.266 E2.84068
G1 X62.279 Y77.492 E2.87885
G1 X59.929 Y75.002 E2.94325
G1 X57.906 Y73.932 E2.9863
G1 X53.963 Y72.83 E3.06331
G1 X51.687 Y72.971 E3.10621
G1 X47.846 Y74.039 E3.1812
G1 X45.978 Y75.239 E3.22297
G1 X43.586 Y77.773 E3.28851
G1 X42.679 Y79.758 E3.32957
G1 X42.361 Y81.621 E3.36512
G1 X42.449 Y83.544 E3.40133
G1 X43.404 Y85.888 E3.44894
G1 X43.678 Y86.243 E3.45737
G1 X43.002 Y87.463 E3.48361
G1 X42.6 Y89.419 E3.52117
G1 X42.6 Y100 E3.72021
G0 F3600 X43 Y100
G1 F1800 X43 Y89.461 E3.91845
G1 X43.382 Y87.603 E3.95413
G1 X44.162 Y86.196 E3.98439
G1 X43.774 Y85.737 E3.9957
G1 X42.846 Y83.459 E4.04197
G1 X42.763 Y81.642 E4.07618
G1 X43.064 Y79.878 E4.10985
G1 X43.922 Y78 E4.14868
G1 X46.236 Y75.549 E4.21209
G1 X48.013 Y74.407 E4.25182
G1 X51.753 Y73.367 E4.32484
G1 X53.92 Y73.233 E4.36568
G1 X57.755 Y74.305 E4.44059
G1 X59.683 Y75.325 E4.48162
G1 X61.954 Y77.731 E4.54385
G1 X62.889 Y79.416 E4.5801
G1 X63.314 Y81.148 E4.61365
G1 X63.319 Y82.906 E4.64672
G1 X63.078 Y83.758 E4.66337
G1 X63.961 Y84.249 E4.68238
G1 X64.84 Y84.93 E4.70329
G1 X64.992 Y85.101 E4.7076
G1 X66.181 Y84.136 E4.7364
G1 X67.962 Y83.248 E4.77384
G1 X69.362 Y83.044 E4.80045
G1 X80.535 Y83 E5.01062
G1 X82.398 Y83.382 E5.04639
G1 X83.96 Y84.249 E5.08
G1 X84.777 Y84.88 E5.09942
G1 X84.911 Y84.808 E5.10228
G1 X86.226 Y84.341 E5.12853
G1 X87.68 Y84.015 E5.15656
G1 X89.973 Y84.305 E5.20003
G1 X91.72 Y85.121 E5.2363
G1 X92.481 Y85.633 E5.25356
G1 X95.004 Y88.302 E5.32264
G1 X95.925 Y89.855 E5.35661
G1 X96.945 Y93.372 E5.42549
G1 X97.083 Y95.593 E5.46735
G1 X95.979 Y99.541 E5.54446
G1 X95.728 Y100 E5.5543
G0 F3600 X95.272 Y100
G1 F1800 X95.607 Y99.388 E5.56743
G1 X96.68 Y95.55 E5.64239
G1 X96.549 Y93.441 E5.68214
G1 X95.556 Y90.016 E5.74922
G1 X94.684 Y88.546 E5.78137
G1 X92.219 Y85.939 E5.84886
G1 X91.497 Y85.453 E5.86523
G1 X89.861 Y84.694 E5.89915
G1 X87.698 Y84.421 E5.94016
G1 X86.36 Y84.718 E5.96594
G1 X85.045 Y85.185 E5.99219
G1 X84.714 Y85.391 E5.99953
G1 X84.564 Y85.221 E6.00379
G1 X83.766 Y84.599 E6.02282
G1 X82.257 Y83.762 E6.05528
G1 X80.495 Y83.4 E6.08912
G1 X69.42 Y83.44 E6.29745
G1 X68.082 Y83.635 E6.32288
G1 X66.401 Y84.473 E6.35821
G1 X65.285 Y85.372 E6.38517
G1 X64.986 Y85.732 E6.39397
G1 X64.594 Y85.245 E6.40573
G1 X63.766 Y84.599 E6.42549
G1 X62.607 Y83.954 E6.45044
G1 X62.919 Y82.851 E6.472
G1 X62.914 Y81.199 E6.50308
G1 X62.513 Y79.562 E6.53478
G1 X61.629 Y77.97 E6.56903
G1 X59.437 Y75.648 E6.6291
G1 X57.604 Y74.678 E6.66811
G1 X53.877 Y73.636 E6.7409
G1 X51.819 Y73.763 E6.77969
G1 X48.178 Y74.776 E6.85078
G1 X46.496 Y75.857 E6.88839
G1 X44.258 Y78.227 E6.94971
G1 X43.449 Y79.998 E6.98633
G1 X43.165 Y81.663 E7.0181
G1 X43.243 Y83.374 E7.05032
G1 X44.144 Y85.586 E7.09525
G1 X44.652 Y86.138 E7.10936
G1 X43.762 Y87.743 E7.14388
G1 X43.4 Y89.503 E7.17768
G1 X43.4 Y100 E7.37514
G0 F3600 X43.8 Y100
G1 F1800 X43.8 Y89.545 E7.5718
G1 X44.142 Y87.883 E7.60372
G1 X44.949 Y86.428 E7.63502
G1 X45.184 Y86.125 E7.64223
G1 X44.488 Y85.37 E7.66155
G1 X43.64 Y83.286 E7.70387
G1 X43.567 Y81.684 E7.73403
G1 X43.834 Y80.118 E7.76392
G1 X44.594 Y78.454 E7.79833
G1 X46.756 Y76.165 E7.85755
G1 X48.343 Y75.145 E7.89304
G1 X51.885 Y74.159 E7.9622
G1 X53.834 Y74.039 E7.99893
G1 X57.453 Y75.051 E8.06962
G1 X59.191 Y75.971 E8.10661
G1 X61.304 Y78.209 E8.16451
G1 X62.138 Y79.712 E8.19684
G1 X62.514 Y81.246 E8.22655
G1 X62.519 Y82.796 E8.25571
G1 X62.136 Y84.15 E8.28218
G1 X63.572 Y84.949 E8.31309
G1 X64.311 Y85.531 E8.33078
G1 X64.988 Y86.371 E8.35108
G1 X65.536 Y85.683 E8.36762
G1 X66.617 Y84.812 E8.39373
G1 X68.202 Y84.022 E8.42705
G1 X69.478 Y83.836 E8.4513
G1 X80.454 Y83.8 E8.65777
G1 X82.117 Y84.142 E8.68971
G1 X83.572 Y84.949 E8.721
G1 X84.317 Y85.535 E8.73883
G1 X84.63 Y85.925 E8.74824
G1 X85.18 Y85.562 E8.76063
G1 X86.447 Y85.109 E8.78595
G1 X87.718 Y84.827 E8.81043
G1 X89.751 Y85.083 E8.84898
G1 X91.274 Y85.785 E8.88052
G1 X91.957 Y86.245 E8.89601
G1 X94.364 Y88.79 E8.96191
G1 X95.187 Y90.177 E8.99224
G1 X96.153 Y93.51 E9.05752
G1 X96.277 Y95.507 E9.09516
G1 X95.235 Y99.235 E9.16797
G1 X94.816 Y100 E9.18438
G0 F3600 X94.36 Y100
G1 F1800 X94.862 Y99.082 E9.20406
G1 X95.874 Y95.464 E9.27473
G1 X95.757 Y93.579 E9.31025
G1 X94.817 Y90.338 E9.37373
G1 X94.044 Y89.034 E9.40225
G1 X91.697 Y86.553 E9.46649
G1 X91.05 Y86.117 E9.48116
G1 X89.64 Y85.472 E9.51033
G1 X87.738 Y85.233 E9.54639
G1 X86.534 Y85.5 E9.56959
G1 X85.362 Y85.921 E9.59301
G1 X84.546 Y86.459 E9.6114
G1 X84.032 Y85.82 E9.62682
G1 X83.378 Y85.299 E9.64255
G1 X81.977 Y84.522 E9.67269
G1 X80.413 Y84.2 E9.70272
G1 X69.536 Y84.232 E9.90733
G1 X68.323 Y84.409 E9.93039
G1 X66.835 Y85.151 E9.96166
G1 X65.82 Y85.968 E9.98617
G1 X65.299 Y86.622 E10.0019
G1 X65.005 Y87.146 E10.0132
G1 X64.823 Y86.803 E10.02051
G1 X64.029 Y85.818 E10.04431
G1 X63.378 Y85.299 E10.05997
G1 X62.033 Y84.551 E10.08892
G1 X61.634 Y84.453 E10.09665
G1 X62.119 Y82.741 E10.13012
G1 X62.114 Y81.293 E10.15735
G1 X61.763 Y79.862 E10.18507
G1 X60.979 Y78.448 E10.21548
G1 X58.943 Y76.292 E10.27126
G1 X57.306 Y75.425 E10.30611
G1 X53.791 Y74.442 E10.37477
G1 X51.951 Y74.555 E10.40944
G1 X48.508 Y75.514 E10.47667
G1 X47.016 Y76.473 E10.51003
G1 X44.93 Y78.681 E10.56717
G1 X44.219 Y80.238 E10.59937
G1 X43.969 Y81.705 E10.62736
G1 X44.037 Y83.201 E10.65553
G1 X44.831 Y85.152 E10.69515
G1 X45.71 Y86.106 E10.71956
G1 X45.299 Y86.622 E10.73196
G1 X44.522 Y88.023 E10.7621
G1 X44.2 Y89.587 E10.79214
G1 X44.2 Y100 E10.98801
G0 F3600 X44.6 Y100
G1 F1800 X44.6 Y89.629 E11.1831
G1 X44.902 Y88.162 E11.21127
G1 X45.612 Y86.871 E11.23898
G1 X46.077 Y86.288 E11.25301
G1 X46.268 Y86.122 E11.25777
G1 X45.174 Y84.934 E11.28815
G1 X44.434 Y83.116 E11.32507
G1 X44.371 Y81.726 E11.35125
G1 X44.604 Y80.358 E11.37735
G1 X45.266 Y78.908 E11.40733
G1 X47.276 Y76.781 E11.46238
G1 X48.673 Y75.883 E11.49362
G1 X52.017 Y74.951 E11.55892
G1 X53.748 Y74.845 E11.59154
G1 X57.159 Y75.799 E11.65817
G1 X58.695 Y76.613 E11.69087
G1 X60.654 Y78.687 E11.74453
G1 X61.388 Y80.012 E11.77302
G1 X61.714 Y81.34 E11.79875
G1 X61.719 Y82.686 E11.82407
G1 X61.292 Y84.192 E11.85351
G1 X61.018 Y84.736 E11.86497
G1 X61.84 Y84.901 E11.88074
G1 X63.129 Y85.612 E11.90843
G1 X63.746 Y86.104 E11.92327
G1 X64.512 Y87.054 E11.94623
G1 X64.987 Y88.007 E11.96626
G1 X65.612 Y86.871 E11.99065
G1 X66.104 Y86.254 E12.00549
G1 X67.055 Y85.488 E12.02846
G1 X68.443 Y84.796 E12.05764
G1 X69.594 Y84.628 E12.07952
G1 X80.371 Y84.6 E12.28224
G1 X81.838 Y84.902 E12.31041
G1 X83.129 Y85.612 E12.33813
G1 X83.746 Y86.104 E12.35297
G1 X84.462 Y86.993 E12.37444
G1 X85.543 Y86.281 E12.39879
G1 X86.621 Y85.891 E12.42036
G1 X87.758 Y85.639 E12.44226
G1 X89.531 Y85.862 E12.47588
G1 X90.826 Y86.449 E12.50262
G1 X91.437 Y86.861 E12.51649
G1 X93.724 Y89.278 E12.57908
G1 X94.447 Y90.499 E12.60577
G1 X95.361 Y93.648 E12.66745
G1 X95.471 Y95.421 E12.70086
G1 X94.489 Y98.929 E12.76939
G1 X93.904 Y100 E12.79234
G0 F3600 X93.448 Y100
G1 F1800 X94.116 Y98.776 E12.81857
G1 X95.068 Y95.378 E12.88495
G1 X94.965 Y93.718 E12.91624
G1 X94.077 Y90.659 E12.97616
G1 X93.404 Y89.522 E13.00101
G1 X91.177 Y87.169 E13.06195
G1 X90.602 Y86.781 E13.075
G1 X89.421 Y86.251 E13.09935
G1 X87.778 Y86.045 E13.1305
G1 X86.708 Y86.282 E13.15111
G1 X85.723 Y86.642 E13.17084
G1 X84.659 Y87.342 E13.1948
G1 X84.355 Y87.636 E13.20275
G1 X84.148 Y87.24 E13.21116
G1 X83.463 Y86.39 E13.23169
G1 X82.88 Y85.925 E13.24572
G1 X81.7 Y85.282 E13.271
G1 X80.329 Y85 E13.29733
G1 X69.652 Y85.024 E13.49817
G1 X68.563 Y85.183 E13.51887
G1 X67.271 Y85.827 E13.54602
G1 X66.39 Y86.537 E13.56731
G1 X65.925 Y87.12 E13.58134
G1 X65.282 Y88.3 E13.60661
G1 X65 Y89.671 E13.63294
G1 X65 Y99.998 E13.8272
G1 X64.976 Y89.652 E14.02181
G1 X64.817 Y88.563 E14.04252
G1 X64.173 Y87.271 E14.06967
G1 X63.463 Y86.39 E14.09095
G1 X62.88 Y85.925 E14.10498
G1 X61.7 Y85.281 E14.13027
G1 X60.317 Y85.003 E14.1568
G1 X60.65 Y84.579 E14.16695
G1 X60.917 Y84.048 E14.17813
G1 X61.319 Y82.631 E14.20583
G1 X61.314 Y81.391 E14.22916
G1 X61.012 Y80.158 E14.25304
G1 X60.329 Y78.926 E14.27953
G1 X58.447 Y76.934 E14.33108
G1 X57.012 Y76.173 E14.36164
G1 X53.705 Y75.248 E14.42623
G1 X52.083 Y75.347 E14.4568
G1 X48.838 Y76.252 E14.52017
G1 X47.536 Y77.089 E14.54928
G1 X45.602 Y79.135 E14.60224
G1 X44.989 Y80.478 E14.63001
G1 X44.773 Y81.747 E14.65423
G1 X44.831 Y83.031 E14.6784
G1 X45.517 Y84.716 E14.71263
G1 X46.625 Y85.92 E14.7434
G1 X46.922 Y86.108 E14.75002
G1 X46.39 Y86.537 E14.76287
G1 X45.925 Y87.12 E14.7769
G1 X45.282 Y88.3 E14.80218
G1 X45 Y89.671 E14.82851
G1 X45 Y100 E15.0228
G0 F3600 X45.4 Y100
G1 F1800 X45.4 Y89.713 E15.21631
G1 X45.662 Y88.438 E15.24079
G1 X46.238 Y87.369 E15.26363
G1 X46.674 Y86.822 E15.27679
G1 X47.46 Y86.189 E15.29577
G1 X47.679 Y86.07 E15.30046
G1 X46.919 Y85.649 E15.3168
G1 X45.86 Y84.498 E15.34623
G1 X45.228 Y82.946 E15.37775
G1 X45.175 Y81.768 E15.39993
G1 X45.374 Y80.598 E15.42225
G1 X45.938 Y79.362 E15.44781
G1 X47.794 Y77.399 E15.49863
G1 X49.005 Y76.621 E15.5257
G1 X52.15 Y75.743 E15.58712
G1 X53.662 Y75.651 E15.61562
G1 X56.864 Y76.547 E15.67816
G1 X58.199 Y77.255 E15.70659
G1 X60.004 Y79.165 E15.75602
G1 X60.636 Y80.304 E15.78052
G1 X60.914 Y81.442 E15.80256
G1 X60.919 Y82.576 E15.82389
G1 X60.542 Y83.904 E15.84986
G1 X60.312 Y84.361 E15.85948
G1 X59.698 Y85.143 E15.87818
G1 X59.405 Y85.401 E15.88553
G1 X60.287 Y85.4 E15.90212
G1 X61.562 Y85.662 E15.9266
G1 X62.631 Y86.238 E15.94944
G1 X63.178 Y86.674 E15.9626
G1 X63.836 Y87.491 E15.98234
G1 X64.43 Y88.683 E16.00739
G1 X64.58 Y89.71 E16.02691
G1 X64.6 Y100 E16.22047
G0 F3600 X65.4 Y100
G1 F1800 X65.4 Y89.713 E16.41398
G1 X65.662 Y88.438 E16.43846
G1 X66.238 Y87.369 E16.4613
G1 X66.674 Y86.822 E16.47446
G1 X67.491 Y86.164 E16.49419
G1 X68.683 Y85.57 E16.51924
G1 X69.71 Y85.42 E16.53877
G1 X80.287 Y85.4 E16.73773
G1 X81.562 Y85.662 E16.76221
G1 X82.631 Y86.238 E16.78505
G1 X83.178 Y86.674 E16.79821
G1 X83.836 Y87.491 E16.81794
G1 X84.298 Y88.419 E16.83744
G1 X84.659 Y87.892 E16.84946
G1 X84.879 Y87.676 E16.85526
G1 X85.904 Y87.002 E16.87834
G1 X86.795 Y86.672 E16.89621
G1 X87.795 Y86.45 E16.91548
G1 X89.312 Y86.641 E16.94424
G1 X90.438 Y87.146 E16.96745
G1 X90.917 Y87.476 E16.97839
G1 X93.082 Y89.763 E17.03763
G1 X93.707 Y90.819 E17.06071
G1 X94.569 Y93.788 E17.11887
G1 X94.665 Y95.335 E17.14802
G1 X93.744 Y98.623 E17.21225
G1 X93.087 Y99.826 E17.23804
G1 X92.913 Y100 E17.24267
G0 F3600 X92.347 Y100
G1 F1800 X92.764 Y99.583 E17.25376
G1 X93.372 Y98.47 E17.27762
G1 X94.262 Y95.292 E17.3397
G1 X94.173 Y93.858 E17.36672
G1 X93.337 Y90.979 E17.42312
G1 X92.76 Y90.004 E17.44443
G1 X90.655 Y87.781 E17.50201
G1 X90.274 Y87.511 E17.5108
G1 X89.203 Y87.031 E17.53288
G1 X87.815 Y86.856 E17.55919
G1 X86.882 Y87.063 E17.57717
G1 X86.084 Y87.362 E17.5932
G1 X85.099 Y88.01 E17.61538
G1 X84.989 Y88.118 E17.61828
G1 X84.127 Y89.376 E17.64696
G1 X84.043 Y88.803 E17.65786
G1 X83.499 Y87.711 E17.68081
G1 X82.891 Y86.956 E17.69904
G1 X82.441 Y86.59 E17.70995
G1 X81.424 Y86.042 E17.73168
G1 X80.246 Y85.8 E17.7543
G1 X69.768 Y85.816 E17.9514
G1 X68.803 Y85.957 E17.96975
G1 X67.711 Y86.501 E17.99269
G1 X66.956 Y87.109 E18.01093
G1 X66.59 Y87.559 E18.02184
G1 X66.042 Y88.576 E18.04357
G1 X65.8 Y89.754 E18.06619
G1 X65.8 Y100 E18.25892
G0 F3600 X66.2 Y100
G1 F1800 X66.2 Y89.795 E18.45089
G1 X66.422 Y88.714 E18.47165
G1 X66.905 Y87.806 E18.49099
G1 X67.207 Y87.421 E18.5002
G1 X67.931 Y86.838 E18.51768
G1 X68.923 Y86.344 E18.53853
G1 X69.826 Y86.212 E18.55569
G1 X80.205 Y86.2 E18.75093
G1 X81.286 Y86.422 E18.77169
G1 X82.194 Y86.905 E18.79103
G1 X82.579 Y87.207 E18.80024
G1 X83.162 Y87.931 E18.81772
G1 X83.656 Y88.923 E18.83857
G1 X83.788 Y89.826 E18.85573
G1 X83.8 Y100 E19.04711
G0 F3600 X84.565 Y100
G1 F1800 X84.324 Y99.428 E19.05879
G1 X84.2 Y98.844 E19.07002
G1 X84.2 Y90.799 E19.22135
G1 X84.499 Y89.541 E19.24567
G1 X85.319 Y88.344 E19.27297
G1 X86.266 Y87.721 E19.29429
G1 X86.969 Y87.454 E19.30843
G1 X87.835 Y87.262 E19.32512
G1 X89.095 Y87.421 E19.34901
G1 X90.111 Y87.876 E19.36995
G1 X90.365 Y88.056 E19.37581
G1 X92.438 Y90.245 E19.43252
G1 X92.967 Y91.139 E19.45206
G1 X93.777 Y93.928 E19.50669
G1 X93.859 Y95.249 E19.53158
G1 X93 Y98.317 E19.59151
G1 X92.441 Y99.34 E19.61344
G1 X91.781 Y100 E19.631
G0 F3600 X91.215 Y100
G1 F1800 X92.118 Y99.097 E19.65502
G1 X92.628 Y98.164 E19.67502
G1 X93.456 Y95.206 E19.7328
G1 X93.381 Y93.998 E19.75557
G1 X92.597 Y91.299 E19.80844
G1 X92.116 Y90.486 E19.82621
G1 X90.075 Y88.331 E19.88204
G1 X89.948 Y88.241 E19.88497
G1 X88.987 Y87.811 E19.90477
G1 X87.855 Y87.668 E19.92623
G1 X87.056 Y87.845 E19.94163
G1 X86.45 Y88.079 E19.95385
G1 X85.605 Y88.635 E19.97287
G1 X84.871 Y89.706 E19.9973
G1 X84.6 Y90.846 E20.01934
G1 X84.6 Y98.804 E20.16903
G1 X84.693 Y99.272 E20.17801
G1 X84.985 Y99.964 E20.19214
G1 X85.008 Y100 E20.19294
G0 F3600 X85.486 Y100
G1 F1800 X85.354 Y99.808 E20.19732
G1 X85.062 Y99.116 E20.21145
G1 X85 Y98.804 E20.21744
G1 X85 Y90.893 E20.36625
G1 X85.243 Y89.871 E20.38601
G1 X85.891 Y88.926 E20.40756
G1 X86.633 Y88.438 E20.42427
G1 X87.142 Y88.236 E20.43457
G1 X87.874 Y88.074 E20.44867
G1 X88.879 Y88.201 E20.46772
G1 X89.785 Y88.606 E20.48639
G1 X91.794 Y90.727 E20.54134
G1 X92.227 Y91.459 E20.55734
G1 X92.985 Y94.068 E20.60845
G1 X93.053 Y95.163 E20.62909
G1 X92.256 Y98.011 E20.68472
G1 X91.795 Y98.854 E20.70279
G1 X90.649 Y100 E20.73328
G0 F3600 X90.083 Y100
G1 F1800 X91.472 Y98.611 E20.77023
G1 X91.884 Y97.858 E20.78637
G1 X92.65 Y95.12 E20.83985
G1 X92.589 Y94.138 E20.85836
G1 X91.856 Y91.617 E20.90775
G1 X91.474 Y90.97 E20.92188
G1 X89.55 Y88.939 E20.9745
G1 X88.771 Y88.591 E20.99055
G1 X87.893 Y88.48 E21.0072
G1 X87.228 Y88.627 E21.02001
G1 X86.818 Y88.795 E21.02835
G1 X86.176 Y89.217 E21.0428
G1 X85.615 Y90.036 E21.06147
G1 X85.4 Y90.94 E21.07895
G1 X85.4 Y98.804 E21.22688
G1 X85.431 Y98.96 E21.22987
G1 X85.723 Y99.652 E21.244
G1 X85.972 Y100 E21.25205
G0 F3600 X86.521 Y100
G1 F1800 X86.092 Y99.496 E21.2645
G1 X85.8 Y98.804 E21.27862
G1 X85.8 Y90.987 E21.42567
G1 X85.987 Y90.201 E21.44086
G1 X86.462 Y89.508 E21.45667
G1 X86.976 Y89.163 E21.46831
G1 X87.314 Y89.018 E21.47523
G1 X87.912 Y88.886 E21.48675
G1 X88.663 Y88.981 E21.50099
G1 X89.315 Y89.272 E21.51442
G1 X91.151 Y91.21 E21.56464
G1 X91.486 Y91.778 E21.57704
G1 X92.193 Y94.208 E21.62465
G1 X92.247 Y95.077 E21.64102
G1 X91.512 Y97.705 E21.69236
G1 X91.149 Y98.368 E21.70657
G1 X89.517 Y100 E21.74999
G0 F3600 X88.777 Y100
G1 F1800 X89.242 Y99.709 E21.76031
G1 X90.826 Y98.125 E21.80245
G1 X91.139 Y97.552 E21.81473
G1 X91.844 Y95.034 E21.86391
G1 X91.797 Y94.278 E21.87816
G1 X91.115 Y91.936 E21.92405
G1 X90.83 Y91.453 E21.9346
G1 X89.08 Y89.605 E21.98247
G1 X88.555 Y89.371 E21.99328
G1 X87.93 Y89.292 E22.00513
G1 X87.472 Y89.386 E22.01393
G1 X87.134 Y89.531 E22.02085
G1 X86.748 Y89.798 E22.02967
G1 X86.359 Y90.366 E22.04262
G1 X86.2 Y91.034 E22.05554
G1 X86.2 Y98.724 E22.20019
G1 X86.44 Y99.292 E22.21179
G1 X86.659 Y99.583 E22.21864
G1 X86.949 Y99.857 E22.22615
G1 X87.264 Y100 E22.23266
G0 F3600 X87.672 Y99.746
G1 F1800 X87.175 Y99.52 E22.24293
G1 X86.979 Y99.342 E22.24791
G1 X86.76 Y99.051 E22.25476
G1 X86.6 Y98.644 E22.26298
G1 X86.6 Y91.081 E22.40525
G1 X86.731 Y90.531 E22.41588
G1 X87.036 Y90.085 E22.42605
G1 X87.292 Y89.899 E22.432
G1 X87.63 Y89.754 E22.43892
G1 X87.946 Y89.697 E22.44496
G1 X88.505 Y89.768 E22.45556
G1 X88.845 Y89.938 E22.46271
G1 X90.507 Y91.693 E22.50817
G1 X90.745 Y92.097 E22.51699
G1 X91.401 Y94.348 E22.5611
G1 X91.441 Y94.991 E22.57322
G1 X90.767 Y97.399 E22.62025
G1 X90.503 Y97.882 E22.63061
G1 X88.99 Y99.395 E22.67086
G1 X88.451 Y99.732 E22.68281
G1 X88.155 Y99.786 E22.68847
G1 X87.672 Y99.746 E22.69759
G0 F3600 X87.825 Y99.376
G1 F1800 X87.433 Y99.214 E22.70557
G1 X87.299 Y99.101 E22.70887
G1 X87.08 Y98.81 E22.71572
G1 X87 Y98.569 E22.72049
G1 X87 Y91.081 E22.86135
G1 X87.07 Y90.743 E22.86784
G1 X87.286 Y90.398 E22.8755
G1 X87.45 Y90.267 E22.87944
G1 X87.788 Y90.122 E22.88636
G1 X87.999 Y90.094 E22.89037
G1 X88.366 Y90.143 E22.89733
G1 X88.555 Y90.213 E22.90112
G1 X90.189 Y91.938 E22.94582
G1 X90.361 Y92.209 E22.95185
G1 X91.017 Y94.46 E22.99596
G1 X91.037 Y94.949 E23.00517
G1 X90.382 Y97.291 E23.05091
G1 X90.22 Y97.599 E23.05746
G1 X88.707 Y99.112 E23.09771
G1 X88.304 Y99.353 E23.10654
G1 X88.167 Y99.386 E23.10919
G1 X87.825 Y99.376 E23.11562
G0 F3600 X87.907 Y98.582
G1 F1800 X87.8 Y98.471 E23.11852
G1 X87.8 Y91.081 E23.25753
G1 X87.839 Y90.962 E23.25989
G1 X87.941 Y90.89 E23.26224
G1 X88.097 Y90.892 E23.26517
G1 X89.609 Y92.488 E23.30653
G1 X90.249 Y94.684 E23.34955
G1 X90.25 Y94.794 E23.35162
G1 X89.612 Y97.075 E23.39618
G1 X88.141 Y98.546 E23.43531
G1 X88.03 Y98.603 E23.43766
G1 X87.907 Y98.582 E23.44
G0 F3600 X87.84 Y98.976
G1 F1800 X87.619 Y98.86 E23.4447
G1 X87.4 Y98.569 E23.45155
G1 X87.4 Y91.081 E23.5924
G1 X87.459 Y90.837 E23.59713
G1 X87.608 Y90.635 E23.60185
G1 X87.946 Y90.49 E23.60877
G1 X88.313 Y90.539 E23.61573
G1 X89.899 Y92.213 E23.65911
G1 X89.993 Y92.376 E23.66265
G1 X90.633 Y94.572 E23.70567
G1 X90.635 Y94.902 E23.71188
G1 X89.997 Y97.183 E23.75643
G1 X89.895 Y97.358 E23.76024
G1 X88.424 Y98.829 E23.79938
G1 X88.142 Y98.987 E23.80546
G1 X87.84 Y98.976 E23.81114
G1 F1500 E17.31114
G0 F3600 X83.4 Y100
G1 F1500 E23.81114
G1 F1800 X83.392 Y89.884 E24.00143
G1 X83.269 Y89.043 E24.01742
G1 X82.825 Y88.151 E24.03616
G1 X82.267 Y87.458 E24.0529
G1 X81.955 Y87.226 E24.06021
G1 X81.15 Y86.802 E24.07732
G1 X80.164 Y86.6 E24.09626
G1 X69.884 Y86.608 E24.28963
G1 X69.043 Y86.731 E24.30562
G1 X68.151 Y87.175 E24.32436
G1 X67.458 Y87.733 E24.3411
G1 X67.226 Y88.045 E24.34841
G1 X66.802 Y88.85 E24.36552
G1 X66.6 Y89.836 E24.38446
G1 X66.6 Y100 E24.57565
G0 F3600 X67 Y100
G1 F1800 X67 Y89.877 E24.76607
G1 X67.182 Y88.987 E24.78315
G1 X67.58 Y88.232 E24.79921
G1 X67.749 Y88.012 E24.80443
G1 X68.367 Y87.514 E24.81936
G1 X69.163 Y87.118 E24.83608
G1 X69.942 Y87.004 E24.85089
G1 X80.123 Y87 E25.0424
G1 X81.013 Y87.182 E25.05949
G1 X81.768 Y87.58 E25.07554
G1 X81.988 Y87.749 E25.08076
G1 X82.486 Y88.367 E25.09569
G1 X82.882 Y89.163 E25.11241
G1 X82.996 Y89.942 E25.12722
G1 X83 Y100 E25.31642
G0 F3600 X82.6 Y100
G1 F1800 X82.6 Y90 E25.50453
G1 X82.495 Y89.283 E25.51816
G1 X82.147 Y88.583 E25.53286
G1 X81.707 Y88.037 E25.54605
G1 X81.582 Y87.934 E25.5491
G1 X80.878 Y87.563 E25.56407
G1 X80.082 Y87.4 E25.57935
G1 X70 Y87.4 E25.769
G1 X69.283 Y87.505 E25.78263
G1 X68.583 Y87.853 E25.79734
G1 X68.037 Y88.293 E25.81053
G1 X67.934 Y88.418 E25.81357
G1 X67.563 Y89.122 E25.82854
G1 X67.4 Y89.918 E25.84383
G1 X67.4 Y100 E26.03347
G0 F3600 X67.8 Y100
G1 F1800 X67.8 Y89.959 E26.22235
G1 X67.944 Y89.257 E26.23583
G1 X68.288 Y88.604 E26.24971
G1 X68.799 Y88.192 E26.26206
G1 X69.405 Y87.891 E26.27479
G1 X70 Y87.8 E26.28611
G1 X80.041 Y87.8 E26.47499
G1 X80.743 Y87.944 E26.48847
G1 X81.396 Y88.288 E26.50235
G1 X81.808 Y88.799 E26.5147
G1 X82.109 Y89.405 E26.52743
G1 X82.2 Y90 E26.53875
G1 X82.2 Y100 E26.72685
G0 F3600 X81.8 Y100
G1 F1800 X81.8 Y90 E26.91496
G1 X81.723 Y89.526 E26.92399
G1 X81.45 Y88.977 E26.93553
G1 X81.138 Y88.605 E26.94466
G1 X80.606 Y88.324 E26.95598
G1 X80 Y88.2 E26.96761
G1 X70 Y88.2 E27.15572
G1 X69.526 Y88.277 E27.16475
G1 X68.977 Y88.55 E27.17628
G1 X68.605 Y88.862 E27.18542
G1 X68.324 Y89.394 E27.19673
G1 X68.2 Y90 E27.20837
G1 X68.2 Y100 E27.39648
G0 F3600 X68.6 Y100
G1 F1800 X68.6 Y90 E27.58458
G1 X68.678 Y89.581 E27.5926
G1 X68.923 Y89.117 E27.60247
G1 X69.155 Y88.908 E27.60834
G1 X69.649 Y88.662 E27.61872
G1 X70 Y88.6 E27.62543
G1 X80 Y88.6 E27.81353
G1 X80.419 Y88.678 E27.82155
G1 X80.883 Y88.923 E27.83142
G1 X81.092 Y89.155 E27.83729
G1 X81.338 Y89.649 E27.84767
G1 X81.4 Y90 E27.85438
G1 X81.4 Y100 E28.04249
G0 F3600 X81 Y100
G1 F1800 X81 Y90 E28.23059
G1 X80.946 Y89.727 E28.23583
G1 X80.74 Y89.345 E28.24399
G1 X80.601 Y89.207 E28.24767
G1 X80.338 Y89.07 E28.25325
G1 X80 Y89 E28.25974
G1 X70 Y89 E28.44785
G1 X69.727 Y89.054 E28.45309
G1 X69.345 Y89.26 E28.46125
G1 X69.207 Y89.399 E28.46493
G1 X69.07 Y89.662 E28.47051
G1 X69 Y90 E28.477
G1 X69 Y100 E28.66511
G0 F3600 X69.8 Y100
G1 F1800 X69.8 Y90 E28.85322
G1 X69.839 Y89.881 E28.85557
G1 X70 Y89.8 E28.85896
G1 X80 Y89.8 E29.04707
G1 X80.119 Y89.839 E29.04942
G1 X80.2 Y90 E29.05281
G1 X80.2 Y100 E29.24092
G0 F3600 X80.6 Y100
G1 F1800 X80.6 Y90 E29.42902
G1 X80.557 Y89.82 E29.43251
G1 X80.396 Y89.55 E29.43842
G1 X80.244 Y89.459 E29.44175
G1 X80 Y89.4 E29.44647
G1 X70 Y89.4 E29.63458
G1 X69.82 Y89.443 E29.63806
G1 X69.55 Y89.604 E29.64397
G1 X69.459 Y89.756 E29.64731
G1 X69.4 Y90 E29.65203
G1 X69.4 Y100 E29.84013
G1 F1500 E23.34013
G0 F3600 X69.335 Y100
G0 X64.2 Y100
G1 F1500 E29.84013
G1 F1800 X64.184 Y89.768 E30.0326
G1 X64.043 Y88.803 E30.05095
G1 X63.499 Y87.711 E30.0739
G1 X62.891 Y86.956 E30.09213
G1 X62.441 Y86.59 E30.10304
G1 X61.424 Y86.042 E30.12477
G1 X60.246 Y85.8 E30.14739
G1 X58.138 Y85.802 E30.18705
G1 X58.779 Y85.407 E30.20121
G1 X59.383 Y84.896 E30.21609
G1 X59.997 Y84.114 E30.23479
G1 X60.157 Y83.795 E30.24151
G1 X60.519 Y82.521 E30.26642
G1 X60.514 Y81.493 E30.28576
G1 X60.26 Y80.45 E30.30595
G1 X59.679 Y79.404 E30.32846
G1 X57.951 Y77.576 E30.37578
G1 X56.716 Y76.921 E30.40207
G1 X53.619 Y76.054 E30.46257
G1 X52.217 Y76.139 E30.48899
G1 X49.169 Y76.99 E30.54852
G1 X48.054 Y77.707 E30.57345
G1 X46.274 Y79.589 E30.62218
G1 X45.759 Y80.718 E30.64552
G1 X45.577 Y81.789 E30.66596
G1 X45.625 Y82.859 E30.6861
G1 X46.204 Y84.282 E30.715
G1 X47.169 Y85.33 E30.7418
G1 X48.226 Y85.916 E30.76453
G1 X48.654 Y86.031 E30.77287
G1 X47.711 Y86.501 E30.79269
G1 X46.956 Y87.109 E30.81092
G1 X46.59 Y87.559 E30.82184
G1 X46.042 Y88.576 E30.84357
G1 X45.8 Y89.754 E30.86619
G1 X45.8 Y100 E31.05892
G0 F3600 X46.2 Y100
G1 F1800 X46.2 Y89.795 E31.25088
G1 X46.422 Y88.714 E31.27164
G1 X46.905 Y87.806 E31.29099
G1 X47.207 Y87.421 E31.30019
G1 X47.931 Y86.838 E31.31768
G1 X48.923 Y86.344 E31.33852
G1 X49.826 Y86.212 E31.35569
G1 X60.205 Y86.2 E31.55092
G1 X61.286 Y86.422 E31.57168
G1 X62.194 Y86.905 E31.59103
G1 X62.579 Y87.207 E31.60023
G1 X63.162 Y87.931 E31.61772
G1 X63.656 Y88.923 E31.63856
G1 X63.788 Y89.826 E31.65573
G1 X63.8 Y100 E31.84711
G1 F1500 E25.34711
G0 F3600 X60.653 Y89.347
G0 X56.852 Y85.8
G1 F1500 E31.84711
G1 F1800 X49.423 Y85.799 E31.98685
G1 X48.42 Y85.566 E32.00622
G1 X47.419 Y85.011 E32.02775
G1 X46.547 Y84.064 E32.05197
G1 X46.022 Y82.774 E32.07817
G1 X45.979 Y81.81 E32.09632
G1 X46.144 Y80.838 E32.11486
G1 X46.61 Y79.816 E32.13599
G1 X48.312 Y78.017 E32.18258
G1 X49.336 Y77.359 E32.20547
G1 X52.284 Y76.535 E32.26305
G1 X53.576 Y76.457 E32.2874
G1 X56.568 Y77.295 E32.34585
G1 X57.703 Y77.897 E32.37001
G1 X59.354 Y79.643 E32.41521
G1 X59.884 Y80.597 E32.43574
G1 X60.114 Y81.543 E32.45406
G1 X60.119 Y82.467 E32.47144
G1 X59.794 Y83.626 E32.49408
G1 X59.682 Y83.867 E32.49908
G1 X59.092 Y84.618 E32.51704
G1 X58.569 Y85.067 E32.53001
G1 X57.878 Y85.493 E32.54528
G1 X56.852 Y85.8 E32.56542
G0 F3600 X56.794 Y85.4
G1 F1800 X49.47 Y85.399 E32.70319
G1 X48.565 Y85.189 E32.72067
G1 X47.669 Y84.692 E32.73994
G1 X46.89 Y83.846 E32.76157
G1 X46.419 Y82.689 E32.78507
G1 X46.381 Y81.831 E32.80123
G1 X46.529 Y80.958 E32.81788
G1 X46.946 Y80.043 E32.8368
G1 X48.57 Y78.327 E32.88124
G1 X49.503 Y77.728 E32.9021
G1 X52.351 Y76.931 E32.95773
G1 X53.533 Y76.86 E32.98
G1 X56.42 Y77.669 E33.0364
G1 X57.455 Y78.218 E33.05844
G1 X59.029 Y79.882 E33.10152
G1 X59.508 Y80.744 E33.12007
G1 X59.714 Y81.593 E33.13651
G1 X59.719 Y82.414 E33.15195
G1 X59.409 Y83.518 E33.17352
G1 X59.339 Y83.657 E33.17645
G1 X58.803 Y84.339 E33.19277
G1 X58.308 Y84.764 E33.20504
G1 X57.713 Y85.125 E33.21813
G1 X56.794 Y85.4 E33.23617
G0 F3600 X57.548 Y84.757
G1 F1800 X56.736 Y85 E33.25212
G1 X49.518 Y84.999 E33.38789
G1 X48.709 Y84.811 E33.40351
G1 X47.919 Y84.373 E33.42051
G1 X47.233 Y83.628 E33.43956
G1 X46.816 Y82.604 E33.46035
G1 X46.783 Y81.852 E33.47451
G1 X46.914 Y81.078 E33.48928
G1 X47.283 Y80.268 E33.50602
G1 X48.825 Y78.639 E33.54822
G1 X49.67 Y78.097 E33.5671
G1 X52.418 Y77.327 E33.62078
G1 X53.489 Y77.263 E33.64096
G1 X56.272 Y78.043 E33.69533
G1 X57.207 Y78.539 E33.71524
G1 X58.704 Y80.121 E33.75621
G1 X59.132 Y80.891 E33.77278
G1 X59.314 Y81.643 E33.78734
G1 X59.319 Y82.361 E33.80084
G1 X59.024 Y83.41 E33.82134
G1 X58.511 Y84.063 E33.83696
G1 X58.1 Y84.422 E33.84723
G1 X57.548 Y84.757 E33.85937
G0 F3600 X57.892 Y84.08
G1 F1800 X57.383 Y84.389 E33.87057
G1 X56.678 Y84.6 E33.88441
G1 X49.565 Y84.599 E34.01821
G1 X48.854 Y84.434 E34.03194
G1 X48.169 Y84.054 E34.04668
G1 X47.576 Y83.41 E34.06315
G1 X47.213 Y82.519 E34.08124
G1 X47.185 Y81.874 E34.09339
G1 X47.299 Y81.198 E34.10628
G1 X47.62 Y80.493 E34.12086
G1 X49.08 Y78.951 E34.1608
G1 X49.837 Y78.466 E34.17771
G1 X52.485 Y77.723 E34.22945
G1 X53.445 Y77.666 E34.24754
G1 X56.124 Y78.417 E34.29987
G1 X56.961 Y78.861 E34.31769
G1 X58.378 Y80.358 E34.35647
G1 X58.756 Y81.038 E34.3711
G1 X58.914 Y81.693 E34.38378
G1 X58.919 Y82.307 E34.39533
G1 X58.66 Y83.225 E34.41327
G1 X58.196 Y83.816 E34.4274
G1 X57.892 Y84.08 E34.43498
G0 F3600 X57.684 Y83.738
G1 F1800 X57.218 Y84.021 E34.44523
G1 X56.62 Y84.2 E34.45697
G1 X49.613 Y84.199 E34.58878
G1 X48.998 Y84.056 E34.60066
G1 X48.419 Y83.735 E34.61311
G1 X47.919 Y83.192 E34.62699
G1 X47.61 Y82.434 E34.64239
G1 X47.587 Y81.895 E34.65254
G1 X47.684 Y81.318 E34.66355
G1 X47.956 Y80.72 E34.6759
G1 X49.337 Y79.261 E34.71369
G1 X50.004 Y78.834 E34.72859
G1 X52.552 Y78.119 E34.77837
G1 X53.401 Y78.069 E34.79437
G1 X55.976 Y78.791 E34.84467
G1 X56.715 Y79.183 E34.86041
G1 X58.052 Y80.595 E34.89699
G1 X58.38 Y81.185 E34.90969
G1 X58.516 Y81.748 E34.92058
G1 X58.534 Y82.199 E34.92907
G1 X58.297 Y83.04 E34.94551
G1 X57.929 Y83.518 E34.95685
G1 X57.684 Y83.738 E34.96305
G0 F3600 X57.417 Y83.44
G1 F1800 X57.103 Y83.638 E34.97003
G1 X56.562 Y83.8 E34.98065
G1 X49.661 Y83.799 E35.11047
G1 X49.142 Y83.678 E35.12049
G1 X48.669 Y83.416 E35.13066
G1 X48.262 Y82.974 E35.14196
G1 X48.006 Y82.347 E35.1547
G1 X47.983 Y81.95 E35.16218
G1 X48.048 Y81.483 E35.17105
G1 X48.292 Y80.946 E35.18215
G1 X49.592 Y79.573 E35.21771
G1 X50.171 Y79.202 E35.23065
G1 X52.619 Y78.515 E35.27848
G1 X53.357 Y78.472 E35.29238
G1 X55.828 Y79.165 E35.34066
G1 X56.469 Y79.505 E35.35431
G1 X57.726 Y80.832 E35.38869
G1 X58.004 Y81.332 E35.39945
G1 X58.127 Y81.842 E35.40932
G1 X58.132 Y82.151 E35.41513
G1 X57.933 Y82.857 E35.42893
G1 X57.662 Y83.22 E35.43745
G1 X57.417 Y83.44 E35.44364
G0 F3600 X57.15 Y83.142
G1 F1800 X56.896 Y83.296 E35.44923
G1 X56.562 Y83.4 E35.45581
G1 X49.709 Y83.399 E35.58472
G1 X49.233 Y83.288 E35.59391
G1 X48.875 Y83.073 E35.60177
G1 X48.606 Y82.758 E35.60956
G1 X48.402 Y82.256 E35.61975
G1 X48.381 Y81.993 E35.62472
G1 X48.42 Y81.631 E35.63157
G1 X48.583 Y81.221 E35.63987
G1 X49.849 Y79.883 E35.67452
G1 X50.338 Y79.57 E35.68544
G1 X52.686 Y78.911 E35.73131
G1 X53.313 Y78.875 E35.74312
G1 X55.678 Y79.538 E35.78933
G1 X56.224 Y79.828 E35.80096
G1 X57.4 Y81.069 E35.83312
G1 X57.654 Y81.526 E35.84295
G1 X57.735 Y81.922 E35.85055
G1 X57.731 Y82.098 E35.85387
G1 X57.567 Y82.679 E35.86522
G1 X57.395 Y82.922 E35.87082
G1 X57.15 Y83.142 E35.87702
G0 F3600 X56.883 Y82.844
G1 F1800 X56.699 Y82.948 E35.88099
G1 X56.502 Y83 E35.88482
G1 X49.709 Y82.999 E36.0126
G1 X49.334 Y82.901 E36.01989
G1 X49.164 Y82.796 E36.02365
G1 X48.971 Y82.595 E36.0289
G1 X48.799 Y82.21 E36.03683
G1 X48.779 Y82.036 E36.04012
G1 X48.818 Y81.674 E36.04697
G1 X48.925 Y81.442 E36.05178
G1 X50.14 Y80.158 E36.08503
G1 X50.446 Y79.955 E36.09194
G1 X52.794 Y79.296 E36.13781
G1 X53.27 Y79.278 E36.14677
G1 X55.57 Y79.923 E36.1917
G1 X55.98 Y80.151 E36.20053
G1 X57.08 Y81.312 E36.23061
G1 X57.262 Y81.606 E36.23712
G1 X57.343 Y82.002 E36.24472
G1 X57.229 Y82.465 E36.25369
G1 X57.128 Y82.624 E36.25723
G1 X56.883 Y82.844 E36.26343
G0 F3600 X56.417 Y82.2
G1 F1800 X50.007 Y82.2 E36.384
G1 X49.653 Y82.173 E36.39068
G1 X49.577 Y82.074 E36.39303
G1 X49.575 Y81.92 E36.39593
G1 X50.722 Y80.708 E36.42731
G1 X53.01 Y80.066 E36.47202
G1 X53.118 Y80.066 E36.47405
G1 X55.354 Y80.693 E36.51773
G1 X55.445 Y80.748 E36.51973
G1 X56.5 Y81.862 E36.54859
G1 X56.553 Y81.975 E36.55094
G1 X56.529 Y82.098 E36.5533
G1 X56.417 Y82.2 E36.55614
G0 F3600 X56.502 Y82.6
G1 F1800 X49.709 Y82.599 E36.68393
G1 X49.453 Y82.519 E36.68897
G1 X49.26 Y82.318 E36.69421
G1 X49.177 Y82.079 E36.69897
G1 X49.216 Y81.717 E36.70582
G1 X50.431 Y80.433 E36.73907
G1 X50.614 Y80.323 E36.74309
G1 X52.902 Y79.681 E36.78779
G1 X53.162 Y79.663 E36.79269
G1 X55.462 Y80.308 E36.83762
G1 X55.69 Y80.426 E36.84245
G1 X56.79 Y81.587 E36.87254
G1 X56.915 Y81.805 E36.87727
G1 X56.946 Y82.052 E36.88195
G1 X56.85 Y82.337 E36.88761
G1 X56.686 Y82.496 E36.8919
G1 X56.502 Y82.6 E36.89588
G1 F1500 E30.39588
G0 F3600 X60.653 Y89.347
G0 X63.4 Y100
G1 F1500 E36.89588
G1 F1800 X63.392 Y89.884 E37.08617
G1 X63.269 Y89.043 E37.10215
G1 X62.825 Y88.151 E37.1209
G1 X62.267 Y87.458 E37.13763
G1 X61.955 Y87.226 E37.14495
G1 X61.15 Y86.802 E37.16206
G1 X60.164 Y86.6 E37.18099
G1 X49.884 Y86.608 E37.37437
G1 X49.043 Y86.731 E37.39035
G1 X48.151 Y87.175 E37.4091
G1 X47.458 Y87.733 E37.42583
G1 X47.226 Y88.045 E37.43315
G1 X46.802 Y88.85 E37.45026
G1 X46.6 Y89.836 E37.46919
G1 X46.6 Y100 E37.66038
G0 F3600 X47 Y100
G1 F1800 X47 Y89.877 E37.8508
G1 X47.182 Y88.987 E37.86789
G1 X47.58 Y88.232 E37.88394
G1 X47.749 Y88.012 E37.88916
G1 X48.367 Y87.514 E37.90409
G1 X49.163 Y87.118 E37.92082
G1 X49.942 Y87.004 E37.93563
G1 X60.123 Y87 E38.12714
G1 X61.013 Y87.182 E38.14422
G1 X61.768 Y87.58 E38.16028
G1 X61.988 Y87.749 E38.1655
G1 X62.486 Y88.367 E38.18043
G1 X62.882 Y89.163 E38.19715
G1 X62.996 Y89.942 E38.21196
G1 X63 Y100 E38.40116
G0 F3600 X62.6 Y100
G1 F1800 X62.6 Y90 E38.58926
G1 X62.495 Y89.283 E38.60289
G1 X62.147 Y88.583 E38.6176
G1 X61.707 Y88.037 E38.63079
G1 X61.582 Y87.934 E38.63384
G1 X60.878 Y87.563 E38.6488
G1 X60.082 Y87.4 E38.66409
G1 X50 Y87.4 E38.85374
G1 X49.283 Y87.505 E38.86737
G1 X48.583 Y87.853 E38.88207
G1 X48.037 Y88.293 E38.89526
G1 X47.934 Y88.418 E38.89831
G1 X47.563 Y89.122 E38.91328
G1 X47.4 Y89.918 E38.92856
G1 X47.4 Y100 E39.11821
G0 F3600 X47.8 Y100
G1 F1800 X47.8 Y89.959 E39.30709
G1 X47.944 Y89.257 E39.32057
G1 X48.288 Y88.604 E39.33445
G1 X48.799 Y88.192 E39.3468
G1 X49.405 Y87.891 E39.35953
G1 X50 Y87.8 E39.37085
G1 X60.041 Y87.8 E39.55972
G1 X60.743 Y87.944 E39.5732
G1 X61.396 Y88.288 E39.58709
G1 X61.808 Y88.799 E39.59944
G1 X62.109 Y89.405 E39.61216
G1 X62.2 Y90 E39.62349
G1 X62.2 Y100 E39.81159
G0 F3600 X61.8 Y100
G1 F1800 X61.8 Y90 E39.9997
G1 X61.723 Y89.526 E40.00873
G1 X61.45 Y88.977 E40.02026
G1 X61.138 Y88.605 E40.0294
G1 X60.606 Y88.324 E40.04071
G1 X60 Y88.2 E40.05235
G1 X50 Y88.2 E40.24045
G1 X49.526 Y88.277 E40.24949
G1 X48.977 Y88.55 E40.26102
G1 X48.605 Y88.862 E40.27015
G1 X48.324 Y89.394 E40.28147
G1 X48.2 Y90 E40.29311
G1 X48.2 Y100 E40.48121
G0 F3600 X48.6 Y100
G1 F1800 X48.6 Y90 E40.66932
G1 X48.678 Y89.581 E40.67733
G1 X48.923 Y89.117 E40.6872
G1 X49.155 Y88.908 E40.69308
G1 X49.649 Y88.662 E40.70346
G1 X50 Y88.6 E40.71016
G1 X60 Y88.6 E40.89827
G1 X60.419 Y88.678 E40.90629
G1 X60.883 Y88.923 E40.91616
G1 X61.092 Y89.155 E40.92203
G1 X61.338 Y89.649 E40.93241
G1 X61.4 Y90 E40.93912
G1 X61.4 Y100 E41.12722
G0 F3600 X61 Y100
G1 F1800 X61 Y90 E41.31533
G1 X60.946 Y89.727 E41.32056
G1 X60.74 Y89.345 E41.32873
G1 X60.601 Y89.207 E41.33241
G1 X60.338 Y89.07 E41.33799
G1 X60 Y89 E41.34448
G1 X50 Y89 E41.53259
G1 X49.727 Y89.054 E41.53782
G1 X49.345 Y89.26 E41.54599
G1 X49.207 Y89.399 E41.54967
G1 X49.07 Y89.662 E41.55525
G1 X49 Y90 E41.56174
G1 X49 Y100 E41.74985
G0 F3600 X49.8 Y100
G1 F1800 X49.8 Y90 E41.93795
G1 X49.839 Y89.881 E41.94031
G1 X50 Y89.8 E41.9437
G1 X60 Y89.8 E42.1318
G1 X60.119 Y89.839 E42.13416
G1 X60.2 Y90 E42.13755
G1 X60.2 Y100 E42.32565
G0 F3600 X60.6 Y100
G1 F1800 X60.6 Y90 E42.51376
G1 X60.557 Y89.82 E42.51724
G1 X60.396 Y89.55 E42.52315
G1 X60.244 Y89.459 E42.52649
G1 X60 Y89.4 E42.53121
G1 X50 Y89.4 E42.71931
G1 X49.82 Y89.443 E42.7228
G1 X49.55 Y89.604 E42.72871
G1 X49.459 Y89.756 E42.73204
G1 X49.4 Y90 E42.73676
G1 X49.4 Y100 E42.92487
G1 F1500 E36.42487
G0 F3600 X49.335 Y100
G0 X49.347 Y89.347
G0 X50.934 Y81.065
G1 F1500 E42.92487
G1 F1800 X53.064 Y80.468 E42.96648
G1 X55.194 Y81.065 E43.00809
G1 X55.89 Y81.8 E43.02713
G1 X50.238 Y81.8 E43.13345
G1 X50.934 Y81.065 E43.15249
G0 F3600 X51.221 Y81.4
G1 F1800 X53.064 Y80.883 E43.1885
G1 X54.907 Y81.4 E43.2245
G1 X51.221 Y81.4 E43.29384
G1 F1500 E36.79384
G0 F3600 X80.653 Y89.347
G0 X88.895 Y92.898
G1 F1500 E43.29384
G1 F1800 X89.433 Y94.742 E43.32997
G1 X88.896 Y96.661 E43.36745
G1 X88.6 Y96.957 E43.37533
G1 X88.6 Y92.587 E43.45753
G1 X88.895 Y92.898 E43.46559
G0 F3600 X89.252 Y92.693
G1 F1800 X89.849 Y94.739 E43.50569
G1 X89.253 Y96.87 E43.54731
G1 X88.2 Y97.923 E43.57532
G1 X88.2 Y91.582 E43.6946
G1 X89.252 Y92.693 E43.72338
G1 F1500 E37.22338
G0 F3600 X89.017 Y94.745
G1 F1500 E43.72338
G1 F1800 X89 Y94.806 E43.72457
G1 X89 Y94.687 E43.72681
G1 X89.017 Y94.745 E43.72795
G1 F1500 E37.22795
;MESH:test.stl
G0 F3600 X80.665 Y94.745
G0 X79.58 Y94.745
G0 X79.13 Y99.13
G0 X79.4 Y99.4
;TYPE:WALL-INNER
G1 F1500 E43.72795
G1 F1800 X79.4 Y90.6 E43.89348
G1 X70.6 Y90.6 E44.05901
G1 X70.6 Y99.4 E44.22454
G1 X79.4 Y99.4 E44.39008
G0 F3600 X79.8 Y99.8
;TYPE:WALL-OUTER
G1 F1800 X79.8 Y90.2 E44.57066
G1 X70.2 Y90.2 E44.75124
G1 X70.2 Y99.8 E44.93182
G1 X79.8 Y99.8 E45.1124
G0 F3600 X79.8 Y99.6
G0 X79.02 Y99.02
;TYPE:SKIN
G1 F1800 X70.98 Y99.02 E45.26364
G1 X70.98 Y90.98 E45.41488
G1 X79.02 Y90.98 E45.56611
G1 X79.02 Y99.02 E45.71735
G0 F3600 X78.735 Y91.18
G1 F1800 X78.82 Y91.265 E45.71961
G0 F3600 X78.82 Y91.831
G1 F1800 X78.169 Y91.18 E45.73693
G0 F3600 X77.604 Y91.18
G1 F1800 X78.82 Y92.396 E45.76928
G0 F3600 X78.82 Y92.962
G1 F1800 X77.038 Y91.18 E45.81668
G0 F3600 X76.472 Y91.18
G1 F1800 X78.82 Y93.528 E45.87914
G0 F3600 X78.82 Y94.093
G1 F1800 X75.906 Y91.18 E45.95665
G0 F3600 X75.341 Y91.18
G1 F1800 X78.82 Y94.659 E46.0492
G0 F3600 X78.82 Y95.225
G1 F1800 X74.775 Y91.18 E46.1568
G0 F3600 X74.209 Y91.18
G1 F1800 X78.82 Y95.79 E46.27945
G0 F3600 X78.82 Y96.356
G1 F1800 X73.644 Y91.18 E46.41715
G0 F3600 X73.078 Y91.18
G1 F1800 X78.82 Y96.922 E46.5699
G0 F3600 X78.82 Y97.487
G1 F1800 X72.512 Y91.18 E46.73769
G0 F3600 X71.947 Y91.18
G1 F1800 X78.82 Y98.053 E46.92053
G0 F3600 X78.82 Y98.619
G1 F1800 X71.381 Y91.18 E47.11842
G0 F3600 X71.18 Y91.545
G1 F1800 X78.455 Y98.82 E47.31195
G0 F3600 X77.889 Y98.82
G1 F1800 X71.18 Y92.111 E47.49042
G0 F3600 X71.18 Y92.676
G1 F1800 X77.324 Y98.82 E47.65387
G0 F3600 X76.758 Y98.82
G1 F1800 X71.18 Y93.242 E47.80225
G0 F3600 X71.18 Y93.808
G1 F1800 X76.192 Y98.82 E47.93558
G0 F3600 X75.626 Y98.82
G1 F1800 X71.18 Y94.373 E48.05387
G0 F3600 X71.18 Y94.939
G1 F1800 X75.061 Y98.82 E48.15711
G0 F3600 X74.495 Y98.82
G1 F1800 X71.18 Y95.505 E48.2453
G0 F3600 X71.18 Y96.07
G1 F1800 X73.929 Y98.82 E48.31844
G0 F3600 X73.364 Y98.82
G1 F1800 X71.18 Y96.636 E48.37654
G0 F3600 X71.18 Y97.202
G1 F1800 X72.798 Y98.82 E48.41958
G0 F3600 X72.232 Y98.82
G1 F1800 X71.18 Y97.767 E48.44758
G0 F3600 X71.18 Y98.333
G1 F1800 X71.667 Y98.82 E48.46054
G0 F3600 X71.667 Y98.8
G1 F1500 E41.96054
G0 F3600 X70.42 Y99.13
G0 X69.335 Y99.13
G0 X60.665 Y99.13
G0 X59.58 Y99.13
G0 X59.4 Y99.4
;TYPE:WALL-INNER
G1 F1500 E48.46054
G1 F1800 X59.4 Y90.6 E48.62607
G1 X50.6 Y90.6 E48.7916
G1 X50.6 Y99.4 E48.95714
G1 X59.4 Y99.4 E49.12267
G0 F3600 X59.8 Y99.8
;TYPE:WALL-OUTER
G1 F1800 X59.8 Y90.2 E49.30325
G1 X50.2 Y90.2 E49.48383
G1 X50.2 Y99.8 E49.66441
G1 X59.8 Y99.8 E49.84499
G0 F3600 X59.8 Y99.6
G0 X59.02 Y99.02
;TYPE:SKIN
G1 F1800 X50.98 Y99.02 E49.99623
G1 X50.98 Y90.98 E50.14747
G1 X59.02 Y90.98 E50.2987
G1 X59.02 Y99.02 E50.44994
G0 F3600 X58.37 Y91.18
G1 F1800 X58.82 Y91.63 E50.46191
G0 F3600 X58.82 Y92.195
G1 F1800 X57.805 Y91.18 E50.48891
G0 F3600 X57.239 Y91.18
G1 F1800 X58.82 Y92.761 E50.53097
G0 F3600 X58.82 Y93.327
G1 F1800 X56.673 Y91.18 E50.58809
G0 F3600 X56.108 Y91.18
G1 F1800 X58.82 Y93.892 E50.66023
G0 F3600 X58.82 Y94.458
G1 F1800 X55.542 Y91.18 E50.74743
G0 F3600 X54.976 Y91.18
G1 F1800 X58.82 Y95.024 E50.84969
G0 F3600 X58.82 Y95.59
G1 F1800 X54.41 Y91.18 E50.96701
G0 F3600 X53.845 Y91.18
G1 F1800 X58.82 Y96.155 E51.09935
G0 F3600 X58.82 Y96.721
G1 F1800 X53.279 Y91.18 E51.24676
G0 F3600 X52.713 Y91.18
G1 F1800 X58.82 Y97.287 E51.40921
G0 F3600 X58.82 Y97.852
G1 F1800 X52.148 Y91.18 E51.5867
G0 F3600 X51.582 Y91.18
G1 F1800 X58.82 Y98.418 E51.77925
G0 F3600 X58.656 Y98.82
G1 F1800 X51.18 Y91.343 E51.97814
G0 F3600 X51.18 Y91.909
G1 F1800 X58.09 Y98.82 E52.16198
G0 F3600 X57.525 Y98.82
G1 F1800 X51.18 Y92.475 E52.33077
G0 F3600 X51.18 Y93.04
G1 F1800 X56.959 Y98.82 E52.48451
G0 F3600 X56.393 Y98.82
G1 F1800 X51.18 Y93.606 E52.6232
G0 F3600 X51.18 Y94.172
M104 S210
G1 F1800 X55.827 Y98.82 E52.74684
G0 F3600 X55.262 Y98.82
G1 F1800 X51.18 Y94.737 E52.85544
G0 F3600 X51.18 Y95.303
G1 F1800 X54.696 Y98.82 E52.94899
G0 F3600 X54.13 Y98.82
G1 F1800 X51.18 Y95.869 E53.02748
G0 F3600 X51.18 Y96.435
G1 F1800 X53.565 Y98.82 E53.09092
G0 F3600 X52.999 Y98.82
G1 F1800 X51.18 Y97 E53.13933
G0 F3600 X51.18 Y97.566
G1 F1800 X52.433 Y98.82 E53.17267
G0 F3600 X51.868 Y98.82
G1 F1800 X51.18 Y98.132 E53.19097
G0 F3600 X51.18 Y98.697
G1 F1800 X51.302 Y98.82 E53.19423
G0 F3600 X51.302 Y98.8
G1 F1500 E46.69423
;MESH:NONMESH
G0 F600 X51.302 Y98.8 Z0.4
G0 F3600 X55.86 Y90.42
G0 X55.86 Y89.335
G0 X55.86 Y81.803
;TIME_ELAPSED:108.212199
;LAYER:1
M106 S255
;TYPE:SUPPORT
G1 F1500 E53.19423
G1 F2700 X55.86 Y87.714 E53.23129
G1 X56.716 Y86.858 E53.23889
G1 X57.309 Y84.739 E53.25268
G1 X56.715 Y82.705 E53.26597
G1 X55.182 Y81.086 E53.27995
G1 X53.2 Y80.531 E53.29285
G1 X53.2 Y88.946 E53.34562
G1 X53.065 Y88.983 E53.3465
G1 X51.031 Y88.388 E53.35978
G1 X49.414 Y86.771 E53.37412
G1 X48.819 Y84.738 E53.3874
G1 X49.413 Y82.705 E53.40068
G1 X50.54 Y81.514 E53.41097
G1 X50.54 Y87.897 E53.45099
G1 F1500 E46.95099
G0 F5400 X80.653 Y89.347
G0 X87.78 Y91.173
G1 F1500 E53.45099
G1 F2700 X89.231 Y92.705 E53.46422
G1 X89.825 Y94.739 E53.47751
G1 X89.232 Y96.858 E53.4913
G1 X87.78 Y98.31 E53.50418
G1 X87.78 Y91.173 E53.54893
G1 X87.698 Y91.086 E53.54968
G1 X85.58 Y90.492 E53.56347
G1 X85.12 Y90.621 E53.56647
G1 X85.12 Y98.848 E53.61805
G1 X83.547 Y98.388 E53.62833
G1 X81.93 Y96.771 E53.64267
G1 X81.335 Y94.738 E53.65595
G1 X81.929 Y92.705 E53.66923
G1 X82.46 Y92.144 E53.67407
G1 X82.46 Y97.301 E53.70641
G1 F1500 E47.20641
;MESH:test.stl
G0 F5400 X80.665 Y97.301
G0 X79.58 Y97.301
G0 X79.13 Y99.13
G0 X79.4 Y99.4
;TYPE:WALL-INNER
G1 F1500 E53.70641
G1 F2700 X79.4 Y90.6 E53.76158
G1 X70.6 Y90.6 E53.81676
G1 X70.6 Y99.4 E53.87194
G1 X79.4 Y99.4 E53.92712
G0 F5400 X79.8 Y99.8
;TYPE:WALL-OUTER
G1 F1800 X79.8 Y90.2 E53.98731
G1 X70.2 Y90.2 E54.0475
G1 X70.2 Y99.8 E54.1077
G1 X79.8 Y99.8 E54.16789
G0 F5400 X79.8 Y99.6
G0 X79.02 Y99.02
;TYPE:SKIN
G1 F1800 X70.98 Y99.02 E54.2183
G1 X70.98 Y90.98 E54.26872
G1 X79.02 Y90.98 E54.31913
G1 X79.02 Y99.02 E54.36954
G0 F5400 X78.24 Y98.82
G1 F1800 X78.82 Y98.24 E54.37468
G0 F5400 X78.82 Y97.674
G1 F1800 X77.674 Y98.82 E54.38485
G0 F5400 X77.109 Y98.82
G1 F1800 X78.82 Y97.108 E54.40002
G0 F5400 X78.82 Y96.543
G1 F1800 X76.543 Y98.82 E54.42021
G0 F5400 X75.977 Y98.82
G1 F1800 X78.82 Y95.977 E54.44542
G0 F5400 X78.82 Y95.411
G1 F1800 X75.412 Y98.82 E54.47565
G0 F5400 X74.846 Y98.82
G1 F1800 X78.82 Y94.846 E54.51089
G0 F5400 X78.82 Y94.28
G1 F1800 X74.28 Y98.82 E54.55115
G0 F5400 X73.714 Y98.82
G1 F1800 X78.82 Y93.714 E54.59642
G0 F5400 X78.82 Y93.149
G1 F1800 X73.149 Y98.82 E54.64671
G0 F5400 X72.583 Y98.82
G1 F1800 X78.82 Y92.583 E54.70201
G0 F5400 X78.82 Y92.017
G1 F1800 X72.017 Y98.82 E54.76234
G0 F5400 X71.452 Y98.82
G1 F1800 X78.82 Y91.452 E54.82767
G0 F5400 X78.526 Y91.18
G1 F1800 X71.18 Y98.525 E54.89281
G0 F5400 X71.18 Y97.96
G1 F1800 X77.96 Y91.18 E54.95293
G0 F5400 X77.394 Y91.18
G1 F1800 X71.18 Y97.394 E55.00803
G0 F5400 X71.18 Y96.828
G1 F1800 X76.829 Y91.18 E55.05812
G0 F5400 X76.263 Y91.18
G1 F1800 X71.18 Y96.263 E55.10319
G0 F5400 X71.18 Y95.697
G1 F1800 X75.697 Y91.18 E55.14325
G0 F5400 X75.132 Y91.18
G1 F1800 X71.18 Y95.131 E55.17829
G0 F5400 X71.18 Y94.566
G1 F1800 X74.566 Y91.18 E55.20831
G0 F5400 X74 Y91.18
G1 F1800 X71.18 Y94 E55.23332
G0 F5400 X71.18 Y93.434
G1 F1800 X73.434 Y91.18 E55.2533
G0 F5400 X72.869 Y91.18
G1 F1800 X71.18 Y92.869 E55.26828
G0 F5400 X71.18 Y92.303
G1 F1800 X72.303 Y91.18 E55.27824
G0 F5400 X71.737 Y91.18
G1 F1800 X71.18 Y91.737 E55.28318
G0 F5400 X71.2 Y91.737
G1 F1500 E48.78318
G0 F5400 X70.42 Y99.13
G0 X69.335 Y99.13
G0 X60.665 Y99.13
G0 X59.58 Y99.13
G0 X59.4 Y99.4
;TYPE:WALL-INNER
G1 F1500 E55.28318
G1 F2700 X59.4 Y90.6 E55.33836
G1 X50.6 Y90.6 E55.39353
G1 X50.6 Y99.4 E55.44871
G1 X59.4 Y99.4 E55.50389
G0 F5400 X59.8 Y99.8
;TYPE:WALL-OUTER
G1 F1800 X59.8 Y90.2 E55.56408
G1 X50.2 Y90.2 E55.62428
G1 X50.2 Y99.8 E55.68447
G1 X59.8 Y99.8 E55.74466
G0 F5400 X59.8 Y99.6
G0 X59.02 Y99.02
;TYPE:SKIN
G1 F1800 X50.98 Y99.02 E55.79508
G1 X50.98 Y90.98 E55.84549
G1 X59.02 Y90.98 E55.8959
G1 X59.02 Y99.02 E55.94631
G0 F5400 X58.82 Y98.441
G1 F1800 X58.44 Y98.82 E55.94968
G0 F5400 X57.875 Y98.82
G1 F1800 X58.82 Y97.875 E55.95806
G0 F5400 X58.82 Y97.309
G1 F1800 X57.309 Y98.82 E55.97146
G0 F5400 X56.743 Y98.82
G1 F1800 X58.82 Y96.744 E55.98987
G0 F5400 X58.82 Y96.178
G1 F1800 X56.178 Y98.82 E56.0133
G0 F5400 X55.612 Y98.82
G1 F1800 X58.82 Y95.612 E56.04174
G0 F5400 X58.82 Y95.046
G1 F1800 X55.046 Y98.82 E56.07521
G0 F5400 X54.48 Y98.82
G1 F1800 X58.82 Y94.481 E56.11369
G0 F5400 X58.82 Y93.915
G1 F1800 X53.915 Y98.82 E56.15718
G0 F5400 X53.349 Y98.82
G1 F1800 X58.82 Y93.349 E56.2057
G0 F5400 X58.82 Y92.784
G1 F1800 X52.783 Y98.82 E56.25923
G0 F5400 X52.218 Y98.82
G1 F1800 X58.82 Y92.218 E56.31777
G0 F5400 X58.82 Y91.652
G1 F1800 X51.652 Y98.82 E56.38133
G0 F5400 X51.18 Y98.726
G1 F1800 X58.727 Y91.18 E56.44825
G0 F5400 X58.161 Y91.18
G1 F1800 X51.18 Y98.161 E56.51015
G0 F5400 X51.18 Y97.595
G1 F1800 X57.595 Y91.18 E56.56703
G0 F5400 X57.03 Y91.18
G1 F1800 X51.18 Y97.029 E56.6189
G0 F5400 X51.18 Y96.464
G1 F1800 X56.464 Y91.18 E56.66576
G0 F5400 X55.898 Y91.18
G1 F1800 X51.18 Y95.898 E56.7076
G0 F5400 X51.18 Y95.332
G1 F1800 X55.333 Y91.18 E56.74442
G0 F5400 X54.767 Y91.18
G1 F1800 X51.18 Y94.766 E56.77622
G0 F5400 X51.18 Y94.201
G1 F1800 X54.201 Y91.18 E56.80301
G0 F5400 X53.635 Y91.18
G1 F1800 X51.18 Y93.635 E56.82478
G0 F5400 X51.18 Y93.069
G1 F1800 X53.07 Y91.18 E56.84153
G0 F5400 X52.504 Y91.18
G1 F1800 X51.18 Y92.504 E56.85327
G0 F5400 X51.18 Y91.938
G1 F1800 X51.938 Y91.18 E56.85999
G0 F5400 X51.373 Y91.18
G1 F1800 X51.18 Y91.372 E56.8617
G0 F5400 X51.2 Y91.372
G1 F1500 E50.3617
;MESH:NONMESH
G0 F600 X51.2 Y91.372 Z0.5
G0 F5400 X55.86 Y90.42
G0 X55.86 Y89.335
G0 X55.86 Y81.836
;TIME_ELAPSED:130.488915
;LAYER:2
;TYPE:SUPPORT
G1 F1500 E56.8617
G1 F3600 X55.86 Y87.681 E56.89835
G1 X56.694 Y86.847 E56.90575
G1 X57.284 Y84.739 E56.91947
G1 X56.693 Y82.715 E56.93269
G1 X55.171 Y81.108 E56.94657
G1 X53.2 Y80.556 E56.95941
G1 X53.2 Y88.921 E57.01186
G1 X53.065 Y88.958 E57.01273
G1 X51.043 Y88.367 E57.02594
G1 X49.435 Y86.759 E57.0402
G1 X48.844 Y84.738 E57.0534
G1 X49.435 Y82.715 E57.06662
G1 X50.54 Y81.548 E57.0767
G1 X50.54 Y87.864 E57.1163
G1 F1500 E50.6163
G0 F7200 X80.653 Y89.347
G0 X87.78 Y91.207
G1 F1500 E57.1163
G1 F3600 X89.209 Y92.715 E57.12932
G1 X89.8 Y94.739 E57.14254
G1 X89.21 Y96.847 E57.15627
G1 X87.78 Y98.277 E57.16895
G1 X87.78 Y91.207 E57.21328
G1 X87.687 Y91.108 E57.21413
G1 X85.58 Y90.517 E57.22785
G1 X85.12 Y90.646 E57.23085
G1 X85.12 Y98.823 E57.28212
G1 X83.559 Y98.367 E57.29232
G1 X81.951 Y96.759 E57.30658
G1 X81.36 Y94.738 E57.31978
G1 X81.951 Y92.715 E57.33299
G1 X82.46 Y92.177 E57.33764
G1 X82.46 Y97.268 E57.36956
G1 F1500 E50.86956
;MESH:test.stl
G0 F7200 X80.665 Y97.268
G0 X79.58 Y97.268
G0 X79.13 Y99.13
G0 X79.4 Y99.4
;TYPE:WALL-INNER
G1 F1500 E57.36956
G1 F3600 X79.4 Y90.6 E57.42474
G1 X70.6 Y90.6 E57.47991
G1 X70.6 Y99.4 E57.53509
G1 X79.4 Y99.4 E57.59027
G0 F7200 X79.8 Y99.8
;TYPE:WALL-OUTER
G1 F1800 X79.8 Y90.2 E57.65046
G1 X70.2 Y90.2 E57.71066
G1 X70.2 Y99.8 E57.77085
G1 X79.8 Y99.8 E57.83104
G0 F7200 X79.8 Y99.6
G0 X79.02 Y99.02
;TYPE:SKIN
G1 F1800 X70.98 Y99.02 E57.88146
G1 X70.98 Y90.98 E57.93187
G1 X79.02 Y90.98 E57.98228
G1 X79.02 Y99.02 E58.03269
G0 F7200 X78.735 Y91.18
G1 F1800 X78.82 Y91.265 E58.03345
G0 F7200 X78.82 Y91.831
G1 F1800 X78.169 Y91.18 E58.03922
G0 F7200 X77.604 Y91.18
G1 F1800 X78.82 Y92.396 E58.05
G0 F7200 X78.82 Y92.962
G1 F1800 X77.038 Y91.18 E58.0658
G0 F7200 X76.472 Y91.18
G1 F1800 X78.82 Y93.528 E58.08663
G0 F7200 X78.82 Y94.093
G1 F1800 X75.906 Y91.18 E58.11246
G0 F7200 X75.341 Y91.18
G1 F1800 X78.82 Y94.659 E58.14331
G0 F7200 X78.82 Y95.225
G1 F1800 X74.775 Y91.18 E58.17918
G0 F7200 X74.209 Y91.18
G1 F1800 X78.82 Y95.79 E58.22006
G0 F7200 X78.82 Y96.356
G1 F1800 X73.644 Y91.18 E58.26596
G0 F7200 X73.078 Y91.18
G1 F1800 X78.82 Y96.922 E58.31688
G0 F7200 X78.82 Y97.487
G1 F1800 X72.512 Y91.18 E58.37281
G0 F7200 X71.947 Y91.18
G1 F1800 X78.82 Y98.053 E58.43375
G0 F7200 X78.82 Y98.619
G1 F1800 X71.381 Y91.18 E58.49972
G0 F7200 X71.18 Y91.545
G1 F1800 X78.455 Y98.82 E58.56423
G0 F7200 X77.889 Y98.82
G1 F1800 X71.18 Y92.111 E58.62372
G0 F7200 X71.18 Y92.676
G1 F1800 X77.324 Y98.82 E58.6782
G0 F7200 X76.758 Y98.82
G1 F1800 X71.18 Y93.242 E58.72766
G0 F7200 X71.18 Y93.808
G1 F1800 X76.192 Y98.82 E58.7721
G0 F7200 X75.626 Y98.82
G1 F1800 X71.18 Y94.373 E58.81153
G0 F7200 X71.18 Y94.939
G1 F1800 X75.061 Y98.82 E58.84595
G0 F7200 X74.495 Y98.82
G1 F1800 X71.18 Y95.505 E58.87534
G0 F7200 X71.18 Y96.07
G1 F1800 X73.929 Y98.82 E58.89972
G0 F7200 X73.364 Y98.82
G1 F1800 X71.18 Y96.636 E58.91909
G0 F7200 X71.18 Y97.202
G1 F1800 X72.798 Y98.82 E58.93344
G0 F7200 X72.232 Y98.82
G1 F1800 X71.18 Y97.767 E58.94277
G0 F7200 X71.18 Y98.333
G1 F1800 X71.667 Y98.82 E58.94709
G0 F7200 X71.667 Y98.8
G1 F1500 E52.44709
G0 F7200 X70.42 Y99.13
G0 X69.335 Y99.13
G0 X60.665 Y99.13
G0 X59.58 Y99.13
G0 X59.4 Y99.4
;TYPE:WALL-INNER
G1 F1500 E58.94709
G1 F3600 X59.4 Y90.6 E59.00227
G1 X50.6 Y90.6 E59.05744
G1 X50.6 Y99.4 E59.11262
G1 X59.4 Y99.4 E59.1678
G0 F7200 X59.8 Y99.8
;TYPE:WALL-OUTER
G1 F1800 X59.8 Y90.2 E59.22799
G1 X50.2 Y90.2 E59.28819
G1 X50.2 Y99.8 E59.34838
G1 X59.8 Y99.8 E59.40858
G0 F7200 X59.8 Y99.6
G0 X59.02 Y99.02
;TYPE:SKIN
G1 F1800 X50.98 Y99.02 E59.45899
G1 X50.98 Y90.98 E59.5094
G1 X59.02 Y90.98 E59.55981
G1 X59.02 Y99.02 E59.61022
G0 F7200 X58.37 Y91.18
G1 F1800 X58.82 Y91.63 E59.61421
G0 F7200 X58.82 Y92.195
G1 F1800 X57.805 Y91.18 E59.62321
G0 F7200 X57.239 Y91.18
G1 F1800 X58.82 Y92.761 E59.63723
G0 F7200 X58.82 Y93.327
G1 F1800 X56.673 Y91.18 E59.65627
G0 F7200 X56.108 Y91.18
G1 F1800 X58.82 Y93.892 E59.68032
G0 F7200 X58.82 Y94.458
G1 F1800 X55.542 Y91.18 E59.70939
G0 F7200 X54.976 Y91.18
G1 F1800 X58.82 Y95.024 E59.74347
G0 F7200 X58.82 Y95.59
G1 F1800 X54.41 Y91.18 E59.78258
G0 F7200 X53.845 Y91.18
G1 F1800 X58.82 Y96.155 E59.82669
G0 F7200 X58.82 Y96.721
G1 F1800 X53.279 Y91.18 E59.87583
G0 F7200 X52.713 Y91.18
G1 F1800 X58.82 Y97.287 E59.92998
G0 F7200 X58.82 Y97.852
G1 F1800 X52.148 Y91.18 E59.98915
G0 F7200 X51.582 Y91.18
G1 F1800 X58.82 Y98.418 E60.05333
G0 F7200 X58.656 Y98.82
G1 F1800 X51.18 Y91.343 E60.11962
G0 F7200 X51.18 Y91.909
G1 F1800 X58.09 Y98.82 E60.1809
G0 F7200 X57.525 Y98.82
G1 F1800 X51.18 Y92.475 E60.23717
G0 F7200 X51.18 Y93.04
G1 F1800 X56.959 Y98.82 E60.28841
G0 F7200 X56.393 Y98.82
G1 F1800 X51.18 Y93.606 E60.33464
G0 F7200 X51.18 Y94.172
G1 F1800 X55.827 Y98.82 E60.37586
G0 F7200 X55.262 Y98.82
G1 F1800 X51.18 Y94.737 E60.41206
G0 F7200 X51.18 Y95.303
G1 F1800 X54.696 Y98.82 E60.44324
G0 F7200 X54.13 Y98.82
G1 F1800 X51.18 Y95.869 E60.4694
G0 F7200 X51.18 Y96.435
G1 F1800 X53.565 Y98.82 E60.49055
G0 F7200 X52.999 Y98.82
G1 F1800 X51.18 Y97 E60.50669
G0 F7200 X51.18 Y97.566
G1 F1800 X52.433 Y98.82 E60.5178
G0 F7200 X51.868 Y98.82
G1 F1800 X51.18 Y98.132 E60.5239
G0 F7200 X51.18 Y98.697
G1 F1800 X51.302 Y98.82 E60.52499
G0 F7200 X51.302 Y98.8
G1 F1500 E54.02499
;MESH:NONMESH
G0 F600 X51.302 Y98.8 Z0.6
G0 F7200 X55.86 Y90.42
G0 X55.86 Y89.335
G0 X55.86 Y81.869
;TIME_ELAPSED:151.997531
;LAYER:3
;TYPE:SUPPORT
G1 F1500 E60.52499
G1 F3600 X55.86 Y87.648 E60.56122
G1 X56.674 Y86.834 E60.56844
G1 X57.26 Y84.739 E60.58208
G1 X56.672 Y82.727 E60.59522
G1 X55.159 Y81.128 E60.60903
G1 X53.2 Y80.58 E60.62178
G1 X53.2 Y88.897 E60.67393
G1 X53.065 Y88.934 E60.67481
G1 X51.055 Y88.346 E60.68794
G1 X49.456 Y86.747 E60.70212
G1 X48.868 Y84.738 E60.71524
G1 X49.456 Y82.727 E60.72838
G1 X50.54 Y81.581 E60.73827
G1 X50.54 Y87.831 E60.77746
G1 F1500 E54.27746
G0 F7200 X80.653 Y89.347
G0 X87.78 Y91.239
G1 F1500 E60.77746
G1 F3600 X89.188 Y92.727 E60.79031
G1 X89.776 Y94.739 E60.80345
G1 X89.19 Y96.834 E60.81709
G1 X87.78 Y98.244 E60.82959
G1 X87.78 Y91.239 E60.87352
G1 X87.675 Y91.128 E60.87447
G1 X85.58 Y90.541 E60.88812
G1 X85.12 Y90.669 E60.89111
G1 X85.12 Y98.799 E60.94209
G1 X83.571 Y98.346 E60.95221
G1 X81.972 Y96.747 E60.96638
G1 X81.384 Y94.738 E60.97951
G1 X81.972 Y92.727 E60.99265
G1 X82.46 Y92.211 E60.9971
G1 X82.46 Y97.235 E61.0286
G1 F1500 E54.5286
;MESH:test.stl
G0 F7200 X80.665 Y97.235
G0 X79.58 Y97.235
G0 X79.13 Y99.13
G0 X79.4 Y99.4
;TYPE:WALL-INNER
G1 F1500 E61.0286
G1 F3600 X79.4 Y90.6 E61.08378
G1 X70.6 Y90.6 E61.13896
G1 X70.6 Y99.4 E61.19413
G1 X79.4 Y99.4 E61.24931
G0 F7200 X79.8 Y99.8
;TYPE:WALL-OUTER
G1 F1800 X79.8 Y90.2 E61.30951
G1 X70.2 Y90.2 E61.3697
G1 X70.2 Y99.8 E61.42989
G1 X79.8 Y99.8 E61.49009
G0 F7200 X79.8 Y99.6
G0 X79.02 Y99.02
;TYPE:SKIN
G1 F1800 X70.98 Y99.02 E61.5405
G1 X70.98 Y90.98 E61.59091
G1 X79.02 Y90.98 E61.64132
G1 X79.02 Y99.02 E61.69174
G0 F7200 X78.24 Y98.82
G1 F1800 X78.82 Y98.24 E61.69688
G0 F7200 X78.82 Y97.674
G1 F1800 X77.674 Y98.82 E61.70704
G0 F7200 X77.109 Y98.82
G1 F1800 X78.82 Y97.108 E61.72222
G0 F7200 X78.82 Y96.543
G1 F1800 X76.543 Y98.82 E61.74241
G0 F7200 X75.977 Y98.82
G1 F1800 X78.82 Y95.977 E61.76762
G0 F7200 X78.82 Y95.411
G1 F1800 X75.412 Y98.82 E61.79784
G0 F7200 X74.846 Y98.82
G1 F1800 X78.82 Y94.846 E61.83308
G0 F7200 X78.82 Y94.28
G1 F1800 X74.28 Y98.82 E61.87334
G0 F7200 X73.714 Y98.82
G1 F1800 X78.82 Y93.714 E61.91862
G0 F7200 X78.82 Y93.149
G1 F1800 X73.149 Y98.82 E61.9689
G0 F7200 X72.583 Y98.82
G1 F1800 X78.82 Y92.583 E62.02421
G0 F7200 X78.82 Y92.017
G1 F1800 X72.017 Y98.82 E62.08453
G0 F7200 X71.452 Y98.82
G1 F1800 X78.82 Y91.452 E62.14987
G0 F7200 X78.526 Y91.18
G1 F1800 X71.18 Y98.525 E62.21501
G0 F7200 X71.18 Y97.96
G1 F1800 X77.96 Y91.18 E62.27513
G0 F7200 X77.394 Y91.18
G1 F1800 X71.18 Y97.394 E62.33023
G0 F7200 X71.18 Y96.828
G1 F1800 X76.829 Y91.18 E62.38032
G0 F7200 X76.263 Y91.18
G1 F1800 X71.18 Y96.263 E62.42539
G0 F7200 X71.18 Y95.697
G1 F1800 X75.697 Y91.18 E62.46544
G0 F7200 X75.132 Y91.18
G1 F1800 X71.18 Y95.131 E62.50048
G0 F7200 X71.18 Y94.566
G1 F1800 X74.566 Y91.18 E62.53051
G0 F7200 X74 Y91.18
G1 F1800 X71.18 Y94 E62.55551
G0 F7200 X71.18 Y93.434
G1 F1800 X73.434 Y91.18 E62.5755
G0 F7200 X72.869 Y91.18
G1 F1800 X71.18 Y92.869 E62.59048
G0 F7200 X71.18 Y92.303
G1 F1800 X72.303 Y91.18 E62.60043
G0 F7200 X71.737 Y91.18
G1 F1800 X71.18 Y91.737 E62.60537
G0 F7200 X71.2 Y91.737
G1 F1500 E56.10537
G0 F7200 X70.42 Y99.13
G0 X69.335 Y99.13
G0 X60.665 Y99.13
G0 X59.58 Y99.13
G0 X59.4 Y99.4
;TYPE:WALL-INNER
G1 F1500 E62.60537
G1 F3600 X59.4 Y90.6 E62.66055
G1 X50.6 Y90.6 E62.71573
G1 X50.6 Y99.4 E62.77091
G1 X59.4 Y99.4 E62.82608
G0 F7200 X59.8 Y99.8
;TYPE:WALL-OUTER
G1 F1800 X59.8 Y90.2 E62.88628
G1 X50.2 Y90.2 E62.94647
G1 X50.2 Y99.8 E63.00667
G1 X59.8 Y99.8 E63.06686
G0 F7200 X59.8 Y99.6
G0 X59.02 Y99.02
;TYPE:SKIN
G1 F1800 X50.98 Y99.02 E63.11727
G1 X50.98 Y90.98 E63.16768
G1 X59.02 Y90.98 E63.2181
G1 X59.02 Y99.02 E63.26851
G0 F7200 X58.82 Y98.441
G1 F1800 X58.44 Y98.82 E63.27187
G0 F7200 X57.875 Y98.82
G1 F1800 X58.82 Y97.875 E63.28025
G0 F7200 X58.82 Y97.309
G1 F1800 X57.309 Y98.82 E63.29365
G0 F7200 X56.743 Y98.82
G1 F1800 X58.82 Y96.744 E63.31207
G0 F7200 X58.82 Y96.178
G1 F1800 X56.178 Y98.82 E63.33549
G0 F7200 X55.612 Y98.82
G1 F1800 X58.82 Y95.612 E63.36394
G0 F7200 X58.82 Y95.046
G1 F1800 X55.046 Y98.82 E63.3974
G0 F7200 X54.48 Y98.82
G1 F1800 X58.82 Y94.481 E63.43588
G0 F7200 X58.82 Y93.915
G1 F1800 X53.915 Y98.82 E63.47938
G0 F7200 X53.349 Y98.82
G1 F1800 X58.82 Y93.349 E63.52789
G0 F7200 X58.82 Y92.784
G1 F1800 X52.783 Y98.82 E63.58142
G0 F7200 X52.218 Y98.82
G1 F1800 X58.82 Y92.218 E63.63996
G0 F7200 X58.82 Y91.652
G1 F1800 X51.652 Y98.82 E63.70352
G0 F7200 X51.18 Y98.726
G1 F1800 X58.727 Y91.18 E63.77044
G0 F7200 X58.161 Y91.18
G1 F1800 X51.18 Y98.161 E63.83235
G0 F7200 X51.18 Y97.595
G1 F1800 X57.595 Y91.18 E63.88923
G0 F7200 X57.03 Y91.18
G1 F1800 X51.18 Y97.029 E63.9411
G0 F7200 X51.18 Y96.464
G1 F1800 X56.464 Y91.18 E63.98795
G0 F7200 X55.898 Y91.18
G1 F1800 X51.18 Y95.898 E64.02979
G0 F7200 X51.18 Y95.332
G1 F1800 X55.333 Y91.18 E64.06661
G0 F7200 X54.767 Y91.18
G1 F1800 X51.18 Y94.766 E64.09842
G0 F7200 X51.18 Y94.201
G1 F1800 X54.201 Y91.18 E64.1252
G0 F7200 X53.635 Y91.18
G1 F1800 X51.18 Y93.635 E64.14697
G0 F7200 X51.18 Y93.069
G1 F1800 X53.07 Y91.18 E64.16373
G0 F7200 X52.504 Y91.18
G1 F1800 X51.18 Y92.504 E64.17547
G0 F7200 X51.18 Y91.938
G1 F1800 X51.938 Y91.18 E64.18219
G0 F7200 X51.373 Y91.18
G1 F1800 X51.18 Y91.372 E64.1839
G0 F7200 X51.2 Y91.372
G1 F1500 E57.6839
;MESH:NONMESH
G0 F600 X51.2 Y91.372 Z0.7
G0 F7200 X55.86 Y90.42
G0 X55.86 Y89.335
G0 X55.86 Y81.902
;TIME_ELAPSED:173.377587
;LAYER:4
;TYPE:SUPPORT
G1 F1500 E64.1839
G1 F3600 X55.86 Y87.616 E64.21973
G1 X56.653 Y86.823 E64.22676
G1 X57.236 Y84.74 E64.24032
G1 X56.652 Y82.738 E64.2534
G1 X55.147 Y81.149 E64.26712
G1 X53.2 Y80.604 E64.2798
G1 X53.2 Y88.873 E64.33164
G1 X53.065 Y88.91 E64.33252
G1 X51.066 Y88.326 E64.34558
G1 X49.476 Y86.736 E64.35968
G1 X48.892 Y84.738 E64.37273
G1 X49.476 Y82.738 E64.3858
G1 X50.54 Y81.614 E64.3955
G1 X50.54 Y87.8 E64.43429
G1 F1500 E57.93429
G0 F7200 X80.653 Y89.347
G0 X87.78 Y91.273
G1 F1500 E64.43429
G1 F3600 X89.168 Y92.738 E64.44694
G1 X89.752 Y94.74 E64.46002
G1 X89.169 Y96.823 E64.47358
G1 X87.78 Y98.212 E64.4859
G1 X87.78 Y91.273 E64.52941
G1 X87.663 Y91.149 E64.53047
G1 X85.58 Y90.565 E64.54404
G1 X85.12 Y90.693 E64.54703
G1 X85.12 Y98.775 E64.59771
G1 X83.582 Y98.326 E64.60775
G1 X81.992 Y96.736 E64.62185
G1 X81.408 Y94.738 E64.63491
G1 X81.992 Y92.738 E64.64797
G1 X82.46 Y92.243 E64.65224
G1 X82.46 Y97.204 E64.68335
G1 F1500 E58.18335
;MESH:test.stl
G0 F7200 X80.665 Y97.204
G0 X79.58 Y97.204
G0 X79.13 Y99.13
G0 X79.4 Y99.4
;TYPE:WALL-INNER
G1 F1500 E64.68335
G1 F3600 X79.4 Y90.6 E64.73852
G1 X70.6 Y90.6 E64.7937
G1 X70.6 Y99.4 E64.84888
G1 X79.4 Y99.4 E64.90406
G0 F7200 X79.8 Y99.8
;TYPE:WALL-OUTER
G1 F1800 X79.8 Y90.2 E64.96425
G1 X70.2 Y90.2 E65.02445
G1 X70.2 Y99.8 E65.08464
G1 X79.8 Y99.8 E65.14483
G0 F7200 X79.8 Y99.6
G0 X79.02 Y99.02
;TYPE:SKIN
G1 F1800 X70.98 Y99.02 E65.19525
G1 X70.98 Y90.98 E65.24566
G1 X79.02 Y90.98 E65.29607
G1 X79.02 Y99.02 E65.34648
G0 F7200 X78.735 Y91.18
G1 F1800 X78.82 Y91.265 E65.34724
G0 F7200 X78.82 Y91.831
G1 F1800 X78.169 Y91.18 E65.35301
G0 F7200 X77.604 Y91.18
G1 F1800 X78.82 Y92.396 E65.36379
G0 F7200 X78.82 Y92.962
G1 F1800 X77.038 Y91.18 E65.37959
G0 F7200 X76.472 Y91.18
G1 F1800 X78.82 Y93.528 E65.40041
G0 F7200 X78.82 Y94.093
G1 F1800 X75.906 Y91.18 E65.42625
G0 F7200 X75.341 Y91.18
G1 F1800 X78.82 Y94.659 E65.4571
G0 F7200 X78.82 Y95.225
G1 F1800 X74.775 Y91.18 E65.49297
G0 F7200 X74.209 Y91.18
G1 F1800 X78.82 Y95.79 E65.53385
G0 F7200 X78.82 Y96.356
G1 F1800 X73.644 Y91.18 E65.57975
G0 F7200 X73.078 Y91.18
G1 F1800 X78.82 Y96.922 E65.63066
G0 F7200 X78.82 Y97.487
G1 F1800 X72.512 Y91.18 E65.68659
G0 F7200 X71.947 Y91.18
G1 F1800 X78.82 Y98.053 E65.74754
G0 F7200 X78.82 Y98.619
G1 F1800 X71.381 Y91.18 E65.8135
G0 F7200 X71.18 Y91.545
G1 F1800 X78.455 Y98.82 E65.87802
G0 F7200 X77.889 Y98.82
G1 F1800 X71.18 Y92.111 E65.93751
G0 F7200 X71.18 Y92.676
G1 F1800 X77.324 Y98.82 E65.99199
G0 F7200 X76.758 Y98.82
G1 F1800 X71.18 Y93.242 E66.04145
G0 F7200 X71.18 Y93.808
G1 F1800 X76.192 Y98.82 E66.08589
G0 F7200 X75.626 Y98.82
G1 F1800 X71.18 Y94.373 E66.12532
G0 F7200 X71.18 Y94.939
G1 F1800 X75.061 Y98.82 E66.15974
G0 F7200 X74.495 Y98.82
G1 F1800 X71.18 Y95.505 E66.18913
G0 F7200 X71.18 Y96.07
G1 F1800 X73.929 Y98.82 E66.21351
G0 F7200 X73.364 Y98.82
G1 F1800 X71.18 Y96.636 E66.23288
G0 F7200 X71.18 Y97.202
G1 F1800 X72.798 Y98.82 E66.24723
G0 F7200 X72.232 Y98.82
G1 F1800 X71.18 Y97.767 E66.25656
G0 F7200 X71.18 Y98.333
G1 F1800 X71.667 Y98.82 E66.26088
G0 F7200 X71.667 Y98.8
G1 F1500 E59.76088
G0 F7200 X70.42 Y99.13
G0 X69.335 Y99.13
G0 X60.665 Y99.13
G0 X59.58 Y99.13
G0 X59.4 Y99.4
;TYPE:WALL-INNER
G1 F1500 E66.26088
G1 F3600 X59.4 Y90.6 E66.31606
G1 X50.6 Y90.6 E66.37123
G1 X50.6 Y99.4 E66.42641
G1 X59.4 Y99.4 E66.48159
G0 F7200 X59.8 Y99.8
;TYPE:WALL-OUTER
G1 F1800 X59.8 Y90.2 E66.54178
G1 X50.2 Y90.2 E66.60198
G1 X50.2 Y99.8 E66.66217
G1 X59.8 Y99.8 E66.72236
G0 F7200 X59.8 Y99.6
G0 X59.02 Y99.02
;TYPE:SKIN
G1 F1800 X50.98 Y99.02 E66.77278
G1 X50.98 Y90.98 E66.82319
G1 X59.02 Y90.98 E66.8736
G1 X59.02 Y99.02 E66.92401
G0 F7200 X58.37 Y91.18
G1 F1800 X58.82 Y91.63 E66.928
G0 F7200 X58.82 Y92.195
G1 F1800 X57.805 Y91.18 E66.937
G0 F7200 X57.239 Y91.18
G1 F1800 X58.82 Y92.761 E66.95102
G0 F7200 X58.82 Y93.327
G1 F1800 X56.673 Y91.18 E66.97006
G0 F7200 X56.108 Y91.18
G1 F1800 X58.82 Y93.892 E66.99411
G0 F7200 X58.82 Y94.458
G1 F1800 X55.542 Y91.18 E67.02318
G0 F7200 X54.976 Y91.18
G1 F1800 X58.82 Y95.024 E67.05726
G0 F7200 X58.82 Y95.59
G1 F1800 X54.41 Y91.18 E67.09637
G0 F7200 X53.845 Y91.18
G1 F1800 X58.82 Y96.155 E67.14048
G0 F7200 X58.82 Y96.721
G1 F1800 X53.279 Y91.18 E67.18962
G0 F7200 X52.713 Y91.18
G1 F1800 X58.82 Y97.287 E67.24377
G0 F7200 X58.82 Y97.852
G1 F1800 X52.148 Y91.18 E67.30293
G0 F7200 X51.582 Y91.18
G1 F1800 X58.82 Y98.418 E67.36712
G0 F7200 X58.656 Y98.82
G1 F1800 X51.18 Y91.343 E67.43341
G0 F7200 X51.18 Y91.909
G1 F1800 X58.09 Y98.82 E67.49469
G0 F7200 X57.525 Y98.82
G1 F1800 X51.18 Y92.475 E67.55095
G0 F7200 X51.18 Y93.04
G1 F1800 X56.959 Y98.82 E67.6022
G0 F7200 X56.393 Y98.82
G1 F1800 X51.18 Y93.606 E67.64843
G0 F7200 X51.18 Y94.172
G1 F1800 X55.827 Y98.82 E67.68964
G0 F7200 X55.262 Y98.82
G1 F1800 X51.18 Y94.737 E67.72585
G0 F7200 X51.18 Y95.303
G1 F1800 X54.696 Y98.82 E67.75703
G0 F7200 X54.13 Y98.82
G1 F1800 X51.18 Y95.869 E67.78319
G0 F7200 X51.18 Y96.435
G1 F1800 X53.565 Y98.82 E67.80434
G0 F7200 X52.999 Y98.82
G1 F1800 X51.18 Y97 E67.82047
G0 F7200 X51.18 Y97.566
G1 F1800 X52.433 Y98.82 E67.83159
G0 F7200 X51.868 Y98.82
G1 F1800 X51.18 Y98.132 E67.83769
G0 F7200 X51.18 Y98.697
G1 F1800 X51.302 Y98.82 E67.83878
G0 F7200 X51.302 Y98.8
G1 F1500 E61.33878
;MESH:NONMESH
G0 F600 X51.302 Y98.8 Z0.8
G0 F7200 X55.86 Y90.42
G0 X55.86 Y89.335
G0 X55.86 Y81.939
;TIME_ELAPSED:194.864670
;LAYER:5
;TYPE:SUPPORT
G1 F1500 E67.83878
G1 F3600 X55.86 Y87.582 E67.87416
G1 X56.63 Y86.812 E67.88099
G1 X56.656 Y86.714 E67.88162
G1 X56.871 Y86.521 E67.88343
G1 X57.427 Y84.722 E67.89524
G1 X56.877 Y82.992 E67.90662
G1 X56.667 Y82.792 E67.90844
G1 X55.134 Y81.17 E67.92243
G1 X53.2 Y80.629 E67.93503
G1 X53.2 Y88.848 E67.98656
G1 X53.065 Y88.885 E67.98744
G1 X51.078 Y88.304 E68.00042
G1 X49.498 Y86.724 E68.01443
G1 X48.917 Y84.738 E68.0274
G1 X49.497 Y82.752 E68.04038
G1 X50.54 Y81.65 E68.04989
G1 X50.54 Y87.766 E68.08824
G1 F1500 E61.58824
G0 F7200 X80.653 Y89.347
G0 X87.78 Y91.309
G1 F1500 E68.08824
G1 F3600 X89.147 Y92.752 E68.1007
G1 X89.727 Y94.739 E68.11368
G1 X89.148 Y96.809 E68.12716
G1 X87.78 Y98.177 E68.13929
G1 X87.78 Y91.309 E68.18235
G1 X87.649 Y91.17 E68.18355
G1 X85.58 Y90.59 E68.19702
G1 X85.12 Y90.718 E68.20002
G1 X85.12 Y98.75 E68.25038
G1 X83.594 Y98.304 E68.26035
G1 X82.014 Y96.724 E68.27436
G1 X81.433 Y94.738 E68.28733
G1 X82.013 Y92.752 E68.30031
G1 X82.46 Y92.279 E68.30439
G1 X82.46 Y97.17 E68.33505
G1 F1500 E61.83505
;MESH:test.stl
G0 F7200 X80.665 Y97.17
G0 X79.58 Y97.17
G0 X79.13 Y99.13
G0 X79.4 Y99.4
;TYPE:WALL-INNER
G1 F1500 E68.33505
G1 F3600 X79.4 Y90.6 E68.39023
G1 X70.6 Y90.6 E68.44541
G1 X70.6 Y99.4 E68.50059
G1 X79.4 Y99.4 E68.55577
G0 F7200 X79.8 Y99.8
;TYPE:WALL-OUTER
G1 F1800 X79.8 Y90.2 E68.61596
G1 X70.2 Y90.2 E68.67615
G1 X70.2 Y99.8 E68.73635
G1 X79.8 Y99.8 E68.79654
G0 F7200 X79.8 Y99.6
G0 X79.02 Y99.02
;TYPE:SKIN
G1 F1800 X70.98 Y99.02 E68.84695
G1 X70.98 Y90.98 E68.89736
G1 X79.02 Y90.98 E68.94778
G1 X79.02 Y99.02 E68.99819
G0 F7200 X78.24 Y98.82
G1 F1800 X78.82 Y98.24 E69.00333
G0 F7200 X78.82 Y97.674
G1 F1800 X77.674 Y98.82 E69.01349
G0 F7200 X77.109 Y98.82
G1 F1800 X78.82 Y97.108 E69.02867
G0 F7200 X78.82 Y96.543
G1 F1800 X76.543 Y98.82 E69.04886
G0 F7200 X75.977 Y98.82
G1 F1800 X78.82 Y95.977 E69.07407
G0 F7200 X78.82 Y95.411
G1 F1800 X75.412 Y98.82 E69.1043
G0 F7200 X74.846 Y98.82
G1 F1800 X78.82 Y94.846 E69.13954
G0 F7200 X78.82 Y94.28
G1 F1800 X74.28 Y98.82 E69.17979
G0 F7200 X73.714 Y98.82
G1 F1800 X78.82 Y93.714 E69.22507
G0 F7200 X78.82 Y93.149
G1 F1800 X73.149 Y98.82 E69.27536
G0 F7200 X72.583 Y98.82
G1 F1800 X78.82 Y92.583 E69.33066
G0 F7200 X78.82 Y92.017
G1 F1800 X72.017 Y98.82 E69.39099
G0 F7200 X71.452 Y98.82
G1 F1800 X78.82 Y91.452 E69.45632
G0 F7200 X78.526 Y91.18
G1 F1800 X71.18 Y98.525 E69.52146
G0 F7200 X71.18 Y97.96
G1 F1800 X77.96 Y91.18 E69.58158
G0 F7200 X77.394 Y91.18
G1 F1800 X71.18 Y97.394 E69.63668
G0 F7200 X71.18 Y96.828
G1 F1800 X76.829 Y91.18 E69.68677
G0 F7200 X76.263 Y91.18
G1 F1800 X71.18 Y96.263 E69.73184
G0 F7200 X71.18 Y95.697
G1 F1800 X75.697 Y91.18 E69.7719
G0 F7200 X75.132 Y91.18
G1 F1800 X71.18 Y95.131 E69.80693
G0 F7200 X71.18 Y94.566
G1 F1800 X74.566 Y91.18 E69.83696
G0 F7200 X74 Y91.18
G1 F1800 X71.18 Y94 E69.86197
G0 F7200 X71.18 Y93.434
G1 F1800 X73.434 Y91.18 E69.88195
G0 F7200 X72.869 Y91.18
G1 F1800 X71.18 Y92.869 E69.89693
G0 F7200 X71.18 Y92.303
G1 F1800 X72.303 Y91.18 E69.90689
G0 F7200 X71.737 Y91.18
G1 F1800 X71.18 Y91.737 E69.91183
G0 F7200 X71.2 Y91.737
G1 F1500 E63.41183
G0 F7200 X70.42 Y99.13
G0 X69.335 Y99.13
G0 X60.665 Y99.13
G0 X59.58 Y99.13
G0 X59.4 Y99.4
;TYPE:WALL-INNER
G1 F1500 E69.91183
G1 F3600 X59.4 Y90.6 E69.967
G1 X50.6 Y90.6 E70.02218
G1 X50.6 Y99.4 E70.07736
G1 X59.4 Y99.4 E70.13254
G0 F7200 X59.8 Y99.8
;TYPE:WALL-OUTER
G1 F1800 X59.8 Y90.2 E70.19273
G1 X50.2 Y90.2 E70.25292
G1 X50.2 Y99.8 E70.31312
G1 X59.8 Y99.8 E70.37331
G0 F7200 X59.8 Y99.6
G0 X59.02 Y99.02
;TYPE:SKIN
G1 F1800 X50.98 Y99.02 E70.42372
G1 X50.98 Y90.98 E70.47414
G1 X59.02 Y90.98 E70.52455
G1 X59.02 Y99.02 E70.57496
G0 F7200 X58.82 Y98.441
G1 F1800 X58.44 Y98.82 E70.57833
G0 F7200 X57.875 Y98.82
G1 F1800 X58.82 Y97.875 E70.58671
G0 F7200 X58.82 Y97.309
G1 F1800 X57.309 Y98.82 E70.60011
G0 F7200 X56.743 Y98.82
G1 F1800 X58.82 Y96.744 E70.61852
G0 F7200 X58.82 Y96.178
G1 F1800 X56.178 Y98.82 E70.64195
G0 F7200 X55.612 Y98.82
G1 F1800 X58.82 Y95.612 E70.67039
G0 F7200 X58.82 Y95.046
G1 F1800 X55.046 Y98.82 E70.70386
G0 F7200 X54.48 Y98.82
G1 F1800 X58.82 Y94.481 E70.74234
G0 F7200 X58.82 Y93.915
G1 F1800 X53.915 Y98.82 E70.78583
G0 F7200 X53.349 Y98.82
G1 F1800 X58.82 Y93.349 E70.83435
G0 F7200 X58.82 Y92.784
G1 F1800 X52.783 Y98.82 E70.88787
G0 F7200 X52.218 Y98.82
G1 F1800 X58.82 Y92.218 E70.94642
G0 F7200 X58.82 Y91.652
G1 F1800 X51.652 Y98.82 E71.00998
G0 F7200 X51.18 Y98.726
G1 F1800 X58.727 Y91.18 E71.0769
G0 F7200 X58.161 Y91.18
G1 F1800 X51.18 Y98.161 E71.1388
G0 F7200 X51.18 Y97.595
G1 F1800 X57.595 Y91.18 E71.19568
G0 F7200 X57.03 Y91.18
G1 F1800 X51.18 Y97.029 E71.24755
G0 F7200 X51.18 Y96.464
G1 F1800 X56.464 Y91.18 E71.29441
G0 F7200 X55.898 Y91.18
G1 F1800 X51.18 Y95.898 E71.33624
G0 F7200 X51.18 Y95.332
G1 F1800 X55.333 Y91.18 E71.37307
G0 F7200 X54.767 Y91.18
G1 F1800 X51.18 Y94.766 E71.40487
G0 F7200 X51.18 Y94.201
G1 F1800 X54.201 Y91.18 E71.43166
G0 F7200 X53.635 Y91.18
G1 F1800 X51.18 Y93.635 E71.45343
G0 F7200 X51.18 Y93.069
G1 F1800 X53.07 Y91.18 E71.47018
G0 F7200 X52.504 Y91.18
G1 F1800 X51.18 Y92.504 E71.48192
G0 F7200 X51.18 Y91.938
G1 F1800 X51.938 Y91.18 E71.48864
G0 F7200 X51.373 Y91.18
G1 F1800 X51.18 Y91.372 E71.49035
G0 F7200 X51.2 Y91.372
G1 F1500 E64.99035
;MESH:NONMESH
G0 F600 X51.2 Y91.372 Z0.9
G0 F7200 X55.86 Y90.42
G0 X55.86 Y89.335
G0 X55.86 Y81.695
;TIME_ELAPSED:216.232507
;LAYER:6
;TYPE:SUPPORT
G1 F1500 E71.49035
G1 F3600 X55.86 Y87.789 E71.52856
G1 X57.16 Y86.527 E71.53992
G1 X57.673 Y84.738 E71.55159
G1 X57.152 Y83.018 E71.56286
G1 X55.814 Y81.647 E71.57487
G1 X55.461 Y81.549 E71.57717
G1 X55.121 Y81.191 E71.58026
G1 X53.2 Y80.653 E71.59277
G1 X53.2 Y88.824 E71.64401
G1 X53.065 Y88.861 E71.64488
G1 X51.09 Y88.283 E71.65779
G1 X49.519 Y86.712 E71.67172
G1 X48.941 Y84.738 E71.68461
G1 X49.519 Y82.762 E71.69752
G1 X50.54 Y81.683 E71.70684
G1 X50.54 Y87.733 E71.74477
G1 F1500 E65.24477
G0 F7200 X80.653 Y89.347
G0 X87.78 Y91.342
G1 F1500 E71.74477
G1 F3600 X89.125 Y92.762 E71.75704
G1 X89.703 Y94.739 E71.76995
G1 X89.127 Y96.797 E71.78335
G1 X87.78 Y98.144 E71.7953
G1 X87.78 Y91.342 E71.83795
G1 X87.638 Y91.191 E71.83924
G1 X85.58 Y90.614 E71.85265
G1 X85.12 Y90.742 E71.85564
G1 X85.12 Y98.726 E71.9057
G1 X83.606 Y98.283 E71.91559
G1 X82.035 Y96.712 E71.92952
G1 X81.457 Y94.738 E71.94242
G1 X82.035 Y92.762 E71.95533
G1 X82.46 Y92.312 E71.95921
G1 X82.46 Y97.137 E71.98946
G1 F1500 E65.48946
;MESH:test.stl
G0 F7200 X80.665 Y97.137
G0 X79.58 Y97.137
G0 X79.24 Y97.731
;TYPE:FILL
G1 F1500 E71.98946
G1 F3600 X77.731 Y99.24 E72.00285
G1 X77.725 Y99.24
G1 X70.76 Y92.275 E72.06461
G0 F7200 X70.76 Y92.068
G1 F3600 X72.068 Y90.76 E72.0762
G1 X72.074 Y90.76
G1 X79.24 Y97.926 E72.13975
G1 X79.268 Y97.954
G0 F7200 X79.1 Y97.954
G0 X79.1 Y95.097
G0 X79.24 Y95.097
G1 F3600 X74.902 Y90.76 E72.17821
G1 X74.897 Y90.76
G1 X70.76 Y94.897 E72.2149
G0 F7200 X70.76 Y95.103
G1 F3600 X74.897 Y99.24 E72.25158
G1 X74.902 Y99.24
G1 X79.24 Y94.902 E72.29005
G1 X79.268 Y94.874
G0 F7200 X79.1 Y94.874
G0 X79.1 Y92.269
G0 X79.24 Y92.269
G1 F3600 X77.731 Y90.76 E72.30343
G1 X77.725 Y90.76
G1 X70.76 Y97.725 E72.36519
G0 F7200 X70.76 Y97.931
G1 F3600 X72.068 Y99.24 E72.37679
G1 X72.074 Y99.24
G1 X79.24 Y92.074 E72.44034
G1 X79.268 Y92.046
G0 F7200 X79.1 Y92.046
G0 X79.13 Y99.13
G0 X79.4 Y99.4
;TYPE:WALL-INNER
G1 F3600 X79.4 Y90.6 E72.49551
G1 X70.6 Y90.6 E72.55069
G1 X70.6 Y99.4 E72.60587
G1 X79.4 Y99.4 E72.66105
G0 F7200 X79.8 Y99.8
;TYPE:WALL-OUTER
G1 F1800 X79.8 Y90.2 E72.72124
G1 X70.2 Y90.2 E72.78143
G1 X70.2 Y99.8 E72.84163
G1 X79.8 Y99.8 E72.90182
G0 F7200 X79.8 Y99.6
G0 X78.8 Y98.918
G1 F1500 E66.40182
G0 F7200 X70.42 Y97.931
G0 X69.335 Y97.931
G0 X60.665 Y97.931
G0 X59.58 Y97.931
G0 X59.24 Y97.931
;TYPE:FILL
G1 F1500 E72.90182
G1 F3600 X57.931 Y99.24 E72.91343
G1 X57.926 Y99.24
G1 X50.76 Y92.073 E72.97698
G1 X50.76 Y92.269
G1 X52.269 Y90.76 E72.99036
G1 X52.275 Y90.76
G1 X59.24 Y97.725 E73.05212
G1 X59.268 Y97.753
G0 F7200 X59.1 Y97.753
G0 X59.1 Y95.103
G0 X59.24 Y95.103
G1 F3600 X55.103 Y99.24 E73.0888
G1 X55.098 Y99.24
G1 X50.76 Y94.902 E73.12727
G1 X50.76 Y95.097
G1 X55.098 Y90.76 E73.16573
G1 X55.103 Y90.76
G1 X59.24 Y94.897 E73.20242
G1 X59.268 Y94.925
G0 F7200 X59.1 Y94.925
G0 X59.1 Y92.275
G0 X59.24 Y92.275
G1 F3600 X52.274 Y99.24 E73.26418
G1 X52.269 Y99.24
G1 X50.76 Y97.73 E73.27757
G1 X50.76 Y97.926
G1 X57.926 Y90.76 E73.34111
G1 X57.932 Y90.76
G1 X59.24 Y92.068 E73.35271
G1 X59.268 Y92.096
G0 F7200 X59.1 Y92.096
G0 X59.13 Y99.13
G0 X59.4 Y99.4
;TYPE:WALL-INNER
G1 F3600 X59.4 Y90.6 E73.40789
G1 X50.6 Y90.6 E73.46306
G1 X50.6 Y99.4 E73.51824
G1 X59.4 Y99.4 E73.57342
G0 F7200 X59.8 Y99.8
;TYPE:WALL-OUTER
G1 F1800 X59.8 Y90.2 E73.63361
G1 X50.2 Y90.2 E73.69381
G1 X50.2 Y99.8 E73.754
G1 X59.8 Y99.8 E73.81419
G0 F7200 X59.8 Y99.6
G0 X58.8 Y98.918
G1 F1500 E67.31419
;MESH:NONMESH
G0 F600 X58.8 Y98.918 Z1
G0 F7200 X55.86 Y90.42
G0 X55.86 Y89.335
G0 X55.86 Y81.6
;TIME_ELAPSED:227.613371
;LAYER:7
;TYPE:SUPPORT
G1 F1500 E73.81419
G1 F3600 X55.86 Y87.848 E73.85337
G1 X56.073 Y87.789 E73.85476
G1 X57.4 Y86.503 E73.86634
G1 X57.917 Y84.722 E73.87797
G1 X57.407 Y83.014 E73.88915
G1 X56.085 Y81.66 E73.90101
G1 X55.347 Y81.463 E73.9058
G1 X55.109 Y81.212 E73.90797
G1 X53.2 Y80.678 E73.9204
G1 X53.2 Y88.799 E73.97132
G1 X53.065 Y88.836 E73.9722
G1 X51.102 Y88.262 E73.98502
G1 X49.54 Y86.7 E73.99887
G1 X48.966 Y84.738 E74.01169
G1 X49.54 Y82.774 E74.02452
G1 X50.54 Y81.717 E74.03365
G1 X50.54 Y87.7 E74.07116
G1 F1500 E67.57116
G0 F7200 X80.653 Y89.347
G0 X87.78 Y91.376
G1 F1500 E74.07116
G1 F3600 X89.104 Y92.774 E74.08323
G1 X89.678 Y94.739 E74.09607
G1 X89.106 Y96.786 E74.1094
G1 X87.78 Y98.112 E74.12115
G1 X87.78 Y91.376 E74.16339
G1 X87.626 Y91.213 E74.1648
G1 X85.58 Y90.639 E74.17812
G1 X85.12 Y90.768 E74.18111
G1 X85.12 Y98.701 E74.23086
G1 X83.618 Y98.262 E74.24067
G1 X82.056 Y96.7 E74.25452
G1 X81.482 Y94.738 E74.26734
G1 X82.056 Y92.774 E74.28017
G1 X82.46 Y92.347 E74.28385
G1 X82.46 Y97.104 E74.31368
G1 F1500 E67.81368
;MESH:test.stl
G0 F7200 X80.665 Y97.104
G0 X79.58 Y97.104
G0 X79.24 Y97.731
;TYPE:FILL
G1 F1500 E74.31368
G1 F3600 X77.731 Y99.24 E74.32706
G1 X77.725 Y99.24
G1 X70.76 Y92.275 E74.38882
G0 F7200 X70.76 Y92.068
G1 F3600 X72.068 Y90.76 E74.40042
G1 X72.074 Y90.76
G1 X79.24 Y97.926 E74.46396
G1 X79.268 Y97.954
G0 F7200 X79.1 Y97.954
G0 X79.1 Y95.097
G0 X79.24 Y95.097
G1 F3600 X74.902 Y90.76 E74.50243
G1 X74.897 Y90.76
G1 X70.76 Y94.897 E74.53911
G0 F7200 X70.76 Y95.103
G1 F3600 X74.897 Y99.24 E74.5758
G1 X74.902 Y99.24
G1 X79.24 Y94.902 E74.61426
G1 X79.268 Y94.874
G0 F7200 X79.1 Y94.874
G0 X79.1 Y92.269
G0 X79.24 Y92.269
G1 F3600 X77.731 Y90.76 E74.62764
G1 X77.725 Y90.76
G1 X70.76 Y97.725 E74.6894
G0 F7200 X70.76 Y97.931
G1 F3600 X72.068 Y99.24 E74.70101
G1 X72.074 Y99.24
G1 X79.24 Y92.074 E74.76455
G1 X79.268 Y92.046
G0 F7200 X79.1 Y92.046
G0 X79.13 Y99.13
G0 X79.4 Y99.4
;TYPE:WALL-INNER
G1 F3600 X79.4 Y90.6 E74.81973
G1 X70.6 Y90.6 E74.87491
G1 X70.6 Y99.4 E74.93008
G1 X79.4 Y99.4 E74.98526
G0 F7200 X79.8 Y99.8
;TYPE:WALL-OUTER
G1 F1800 X79.8 Y90.2 E75.04545
G1 X70.2 Y90.2 E75.10565
G1 X70.2 Y99.8 E75.16584
G1 X79.8 Y99.8 E75.22604
G0 F7200 X79.8 Y99.6
G0 X78.8 Y98.918
G1 F1500 E68.72604
G0 F7200 X70.42 Y97.931
G0 X69.335 Y97.931
G0 X60.665 Y97.931
G0 X59.58 Y97.931
G0 X59.24 Y97.931
;TYPE:FILL
G1 F1500 E75.22604
G1 F3600 X57.931 Y99.24 E75.23764
G1 X57.926 Y99.24
G1 X50.76 Y92.073 E75.30119
G1 X50.76 Y92.269
G1 X52.269 Y90.76 E75.31457
G1 X52.275 Y90.76
G1 X59.24 Y97.725 E75.37633
G1 X59.268 Y97.753
G0 F7200 X59.1 Y97.753
G0 X59.1 Y95.103
G0 X59.24 Y95.103
G1 F3600 X55.103 Y99.24 E75.41302
G1 X55.098 Y99.24
G1 X50.76 Y94.902 E75.45148
G1 X50.76 Y95.097
G1 X55.098 Y90.76 E75.48995
G1 X55.103 Y90.76
G1 X59.24 Y94.897 E75.52663
G1 X59.268 Y94.925
G0 F7200 X59.1 Y94.925
G0 X59.1 Y92.275
G0 X59.24 Y92.275
G1 F3600 X52.274 Y99.24 E75.5884
G1 X52.269 Y99.24
G1 X50.76 Y97.73 E75.60178
G1 X50.76 Y97.926
G1 X57.926 Y90.76 E75.66533
G1 X57.932 Y90.76
G1 X59.24 Y92.068 E75.67692
G1 X59.268 Y92.096
G0 F7200 X59.1 Y92.096
G0 X59.13 Y99.13
G0 X59.4 Y99.4
;TYPE:WALL-INNER
G1 F3600 X59.4 Y90.6 E75.7321
G1 X50.6 Y90.6 E75.78728
G1 X50.6 Y99.4 E75.84246
G1 X59.4 Y99.4 E75.89764
G0 F7200 X59.8 Y99.8
;TYPE:WALL-OUTER
G1 F1800 X59.8 Y90.2 E75.95783
G1 X50.2 Y90.2 E76.01802
G1 X50.2 Y99.8 E76.07822
G1 X59.8 Y99.8 E76.13841
G0 F7200 X59.8 Y99.6
G0 X58.8 Y98.918
G1 F1500 E69.63841
;MESH:NONMESH
G0 F600 X58.8 Y98.918 Z1.1
G0 F7200 X55.86 Y90.42
G0 X55.86 Y89.335
G0 X55.86 Y81.561
;TIME_ELAPSED:238.996396
;LAYER:8
;TYPE:SUPPORT
G1 F1500 E76.13841
G1 F3600 X55.86 Y87.906 E76.17819
G1 X56.342 Y87.776 E76.18133
G1 X57.655 Y86.502 E76.1928
G1 X58.161 Y84.738 E76.2043
G1 X57.647 Y83.041 E76.21542
G1 X56.327 Y81.689 E76.22727
G1 X55.249 Y81.393 E76.23428
G1 X55.097 Y81.233 E76.23566
G1 X53.2 Y80.702 E76.24801
G1 X53.2 Y88.775 E76.29863
G1 X53.065 Y88.812 E76.29951
G1 X51.113 Y88.241 E76.31226
G1 X49.561 Y86.689 E76.32602
G1 X48.99 Y84.738 E76.33877
G1 X49.561 Y82.785 E76.35153
G1 X50.54 Y81.751 E76.36046
G1 X50.54 Y87.668 E76.39756
G1 F1500 E69.89756
G0 F7200 X80.653 Y89.347
G0 X87.78 Y91.41
G1 F1500 E76.39756
G1 F3600 X89.083 Y92.785 E76.40944
G1 X89.654 Y94.739 E76.4222
G1 X89.085 Y96.773 E76.43544
G1 X87.78 Y98.078 E76.44702
G1 X87.78 Y91.41 E76.48883
G1 X87.614 Y91.234 E76.49034
G1 X85.58 Y90.663 E76.50359
G1 X85.12 Y90.792 E76.50658
G1 X85.12 Y98.677 E76.55602
G1 X83.629 Y98.241 E76.56577
G1 X82.077 Y96.689 E76.57953
G1 X81.506 Y94.738 E76.59227
G1 X82.077 Y92.785 E76.60503
G1 X82.46 Y92.38 E76.60853
G1 X82.46 Y97.072 E76.63795
G1 F1500 E70.13795
;MESH:test.stl
G0 F7200 X80.665 Y97.072
G0 X79.58 Y97.072
G0 X79.24 Y97.731
;TYPE:FILL
G1 F1500 E76.63795
G1 F3600 X77.731 Y99.24 E76.65133
G1 X77.725 Y99.24
G1 X70.76 Y92.275 E76.71309
G0 F7200 X70.76 Y92.068
G1 F3600 X72.068 Y90.76 E76.72469
G1 X72.074 Y90.76
G1 X79.24 Y97.926 E76.78823
G1 X79.268 Y97.954
G0 F7200 X79.1 Y97.954
G0 X79.1 Y95.097
G0 X79.24 Y95.097
G1 F3600 X74.902 Y90.76 E76.82669
G1 X74.897 Y90.76
G1 X70.76 Y94.897 E76.86338
G0 F7200 X70.76 Y95.103
G1 F3600 X74.897 Y99.24 E76.90006
G1 X74.902 Y99.24
G1 X79.24 Y94.902 E76.93853
G1 X79.268 Y94.874
G0 F7200 X79.1 Y94.874
G0 X79.1 Y92.269
G0 X79.24 Y92.269
G1 F3600 X77.731 Y90.76 E76.95191
G1 X77.725 Y90.76
G1 X70.76 Y97.725 E77.01367
G0 F7200 X70.76 Y97.931
G1 F3600 X72.068 Y99.24 E77.02527
G1 X72.074 Y99.24
G1 X79.24 Y92.074 E77.08882
G1 X79.268 Y92.046
G0 F7200 X79.1 Y92.046
G0 X79.13 Y99.13
G0 X79.4 Y99.4
;TYPE:WALL-INNER
G1 F3600 X79.4 Y90.6 E77.144
G1 X70.6 Y90.6 E77.19917
G1 X70.6 Y99.4 E77.25435
G1 X79.4 Y99.4 E77.30953
G0 F7200 X79.8 Y99.8
;TYPE:WALL-OUTER
G1 F1800 X79.8 Y90.2 E77.36972
G1 X70.2 Y90.2 E77.42992
G1 X70.2 Y99.8 E77.49011
G1 X79.8 Y99.8 E77.5503
G0 F7200 X79.8 Y99.6
G0 X78.8 Y98.918
G1 F1500 E71.0503
G0 F7200 X70.42 Y97.931
G0 X69.335 Y97.931
G0 X60.665 Y97.931
G0 X59.58 Y97.931
G0 X59.24 Y97.931
;TYPE:FILL
G1 F1500 E77.5503
G1 F3600 X57.931 Y99.24 E77.56191
G1 X57.926 Y99.24
G1 X50.76 Y92.073 E77.62546
G1 X50.76 Y92.269
G1 X52.269 Y90.76 E77.63884
G1 X52.275 Y90.76
G1 X59.24 Y97.725 E77.7006
G1 X59.268 Y97.753
G0 F7200 X59.1 Y97.753
G0 X59.1 Y95.103
G0 X59.24 Y95.103
G1 F3600 X55.103 Y99.24 E77.73729
G1 X55.098 Y99.24
G1 X50.76 Y94.902 E77.77575
G1 X50.76 Y95.097
G1 X55.098 Y90.76 E77.81421
G1 X55.103 Y90.76
G1 X59.24 Y94.897 E77.8509
G1 X59.268 Y94.925
G0 F7200 X59.1 Y94.925
G0 X59.1 Y92.275
G0 X59.24 Y92.275
G1 F3600 X52.274 Y99.24 E77.91266
G1 X52.269 Y99.24
G1 X50.76 Y97.73 E77.92605
G1 X50.76 Y97.926
G1 X57.926 Y90.76 E77.98959
G1 X57.932 Y90.76
G1 X59.24 Y92.068 E78.00119
G1 X59.268 Y92.096
G0 F7200 X59.1 Y92.096
G0 X59.13 Y99.13
G0 X59.4 Y99.4
;TYPE:WALL-INNER
G1 F3600 X59.4 Y90.6 E78.05637
G1 X50.6 Y90.6 E78.11155
G1 X50.6 Y99.4 E78.16672
G1 X59.4 Y99.4 E78.2219
G0 F7200 X59.8 Y99.8
;TYPE:WALL-OUTER
G1 F1800 X59.8 Y90.2 E78.2821
G1 X50.2 Y90.2 E78.34229
G1 X50.2 Y99.8 E78.40248
G1 X59.8 Y99.8 E78.46268
G0 F7200 X59.8 Y99.6
G0 X58.8 Y98.918
G1 F1500 E71.96268
;MESH:NONMESH
G0 F600 X58.8 Y98.918 Z1.2
G0 F7200 X55.86 Y90.42
G0 X55.86 Y89.335
G0 X55.86 Y81.505
;TIME_ELAPSED:250.381623
;LAYER:9
;TYPE:SUPPORT
G1 F1500 E78.46268
G1 F3600 X55.86 Y87.945 E78.50306
G1 X56.585 Y87.746 E78.50777
G1 X57.895 Y86.478 E78.5192
G1 X58.406 Y84.722 E78.53067
G1 X57.902 Y83.038 E78.54169
G1 X56.598 Y81.702 E78.5534
G1 X55.141 Y81.312 E78.56286
G1 X55.085 Y81.253 E78.56337
G1 X53.2 Y80.726 E78.57564
G1 X53.2 Y88.751 E78.62596
G1 X53.065 Y88.788 E78.62683
G1 X51.125 Y88.221 E78.63951
G1 X49.581 Y86.677 E78.6532
G1 X49.014 Y84.738 E78.66586
G1 X49.581 Y82.797 E78.67854
G1 X50.54 Y81.784 E78.68729
G1 X50.54 Y87.636 E78.72398
G1 F1500 E72.22398
G0 F7200 X80.653 Y89.347
G0 X87.78 Y91.442
G1 F1500 E78.72398
G1 F3600 X89.063 Y92.797 E78.73568
G1 X89.63 Y94.74 E78.74838
G1 X89.064 Y96.762 E78.76154
G1 X87.78 Y98.046 E78.77293
G1 X87.78 Y91.442 E78.81433
G1 X87.602 Y91.254 E78.81596
G1 X85.58 Y90.687 E78.82913
G1 X85.12 Y90.815 E78.83212
G1 X85.12 Y98.653 E78.88127
G1 X83.641 Y98.221 E78.89093
G1 X82.097 Y96.677 E78.90462
G1 X81.53 Y94.738 E78.91728
G1 X82.097 Y92.797 E78.92996
G1 X82.46 Y92.413 E78.93328
G1 X82.46 Y97.04 E78.96229
G1 F1500 E72.46229
;MESH:test.stl
G0 F7200 X80.665 Y97.04
G0 X79.58 Y97.04
G0 X79.24 Y97.731
;TYPE:FILL
G1 F1500 E78.96229
G1 F3600 X77.731 Y99.24 E78.97567
G1 X77.725 Y99.24
G1 X70.76 Y92.275 E79.03743
G0 F7200 X70.76 Y92.068
G1 F3600 X72.068 Y90.76 E79.04903
G1 X72.074 Y90.76
G1 X79.24 Y97.926 E79.11257
G1 X79.268 Y97.954
G0 F7200 X79.1 Y97.954
G0 X79.1 Y95.097
G0 X79.24 Y95.097
G1 F3600 X74.902 Y90.76 E79.15104
G1 X74.897 Y90.76
G1 X70.76 Y94.897 E79.18772
G0 F7200 X70.76 Y95.103
G1 F3600 X74.897 Y99.24 E79.2244
G1 X74.902 Y99.24
G1 X79.24 Y94.902 E79.26287
G1 X79.268 Y94.874
G0 F7200 X79.1 Y94.874
G0 X79.1 Y92.269
G0 X79.24 Y92.269
G1 F3600 X77.731 Y90.76 E79.27625
G1 X77.725 Y90.76
G1 X70.76 Y97.725 E79.33801
G0 F7200 X70.76 Y97.931
G1 F3600 X72.068 Y99.24 E79.34962
G1 X72.074 Y99.24
G1 X79.24 Y92.074 E79.41316
G1 X79.268 Y92.046
G0 F7200 X79.1 Y92.046
G0 X79.13 Y99.13
G0 X79.4 Y99.4
;TYPE:WALL-INNER
G1 F3600 X79.4 Y90.6 E79.46834
G1 X70.6 Y90.6 E79.52352
G1 X70.6 Y99.4 E79.57869
G1 X79.4 Y99.4 E79.63387
G0 F7200 X79.8 Y99.8
;TYPE:WALL-OUTER
G1 F1800 X79.8 Y90.2 E79.69406
G1 X70.2 Y90.2 E79.75426
G1 X70.2 Y99.8 E79.81445
G1 X79.8 Y99.8 E79.87465
G0 F7200 X79.8 Y99.6
G0 X78.8 Y98.918
G1 F1500 E73.37465
G0 F7200 X70.42 Y97.931
G0 X69.335 Y97.931
G0 X60.665 Y97.931
G0 X59.58 Y97.931
G0 X59.24 Y97.931
;TYPE:FILL
G1 F1500 E79.87465
G1 F3600 X57.931 Y99.24 E79.88625
G1 X57.926 Y99.24
G1 X50.76 Y92.073 E79.9498
G1 X50.76 Y92.269
G1 X52.269 Y90.76 E79.96318
G1 X52.275 Y90.76
G1 X59.24 Y97.725 E80.02494
G1 X59.268 Y97.753
G0 F7200 X59.1 Y97.753
G0 X59.1 Y95.103
G0 X59.24 Y95.103
G1 F3600 X55.103 Y99.24 E80.06163
G1 X55.098 Y99.24
G1 X50.76 Y94.902 E80.10009
G1 X50.76 Y95.097
G1 X55.098 Y90.76 E80.13856
G1 X55.103 Y90.76
G1 X59.24 Y94.897 E80.17524
G1 X59.268 Y94.925
G0 F7200 X59.1 Y94.925
G0 X59.1 Y92.275
G0 X59.24 Y92.275
G1 F3600 X52.274 Y99.24 E80.23701
G1 X52.269 Y99.24
G1 X50.76 Y97.73 E80.25039
G1 X50.76 Y97.926
G1 X57.926 Y90.76 E80.31394
G1 X57.932 Y90.76
G1 X59.24 Y92.068 E80.32553
G1 X59.268 Y92.096
G0 F7200 X59.1 Y92.096
G0 X59.13 Y99.13
G0 X59.4 Y99.4
;TYPE:WALL-INNER
G1 F3600 X59.4 Y90.6 E80.38071
G1 X50.6 Y90.6 E80.43589
G1 X50.6 Y99.4 E80.49107
G1 X59.4 Y99.4 E80.54624
G0 F7200 X59.8 Y99.8
;TYPE:WALL-OUTER
G1 F1800 X59.8 Y90.2 E80.60644
G1 X50.2 Y90.2 E80.66663
G1 X50.2 Y99.8 E80.72683
G1 X59.8 Y99.8 E80.78702
G0 F7200 X59.8 Y99.6
G0 X58.8 Y98.918
G1 F1500 E74.28702
;MESH:NONMESH
G0 F600 X58.8 Y98.918 Z1.3
G0 F7200 X50.54 Y90.42
G0 X50.54 Y87.617
;TIME_ELAPSED:261.750741
;LAYER:10
;TYPE:SUPPORT
G1 F1500 E80.78702
G1 F3600 X50.54 Y81.761 E80.82374
G1 X49.544 Y82.805 E80.83279
G1 X48.985 Y84.72 E80.84529
G1 X49.552 Y86.637 E80.85783
G1 X51.121 Y88.194 E80.87169
G1 X53.065 Y88.763 E80.88439
G1 X53.2 Y88.726 E80.88527
G1 X53.2 Y80.751 E80.93527
G1 X54.868 Y81.219 E80.94613
G1 X54.914 Y81.205 E80.94644
G1 X55.86 Y81.464 E80.95259
G1 X55.86 Y88.002 E80.99358
G1 X56.855 Y87.734 E81.00004
G1 X58.15 Y86.477 E81.01136
G1 X58.52 Y85.188 E81.01977
G1 X58.52 Y84.313 E81.02525
G1 F1500 E74.52525
G0 F7200 X80.653 Y89.347
G0 X87.78 Y91.478
G1 F1500 E81.02525
G1 F3600 X89.041 Y92.809 E81.03675
G1 X89.605 Y94.739 E81.04936
G1 X89.043 Y96.748 E81.06244
G1 X87.78 Y98.011 E81.07364
G1 X87.78 Y91.478 E81.1146
G1 X87.589 Y91.276 E81.11634
G1 X85.58 Y90.712 E81.12943
G1 X85.12 Y90.841 E81.13242
G1 X85.12 Y98.628 E81.18125
G1 X83.653 Y98.199 E81.19083
G1 X82.119 Y96.665 E81.20443
G1 X81.555 Y94.738 E81.21702
G1 X82.119 Y92.809 E81.22962
G1 X82.46 Y92.448 E81.23274
G1 X82.46 Y97.006 E81.26132
G1 F1500 E74.76132
;MESH:test.stl
G0 F7200 X80.665 Y97.006
G0 X79.58 Y97.006
G0 X79.24 Y97.731
;TYPE:FILL
G1 F1500 E81.26132
G1 F3600 X77.731 Y99.24 E81.2747
G1 X77.725 Y99.24
G1 X70.76 Y92.275 E81.33646
G0 F7200 X70.76 Y92.068
G1 F3600 X72.068 Y90.76 E81.34806
G1 X72.074 Y90.76
G1 X79.24 Y97.926 E81.4116
G1 X79.268 Y97.954
G0 F7200 X79.1 Y97.954
G0 X79.1 Y95.097
G0 X79.24 Y95.097
G1 F3600 X74.902 Y90.76 E81.45006
G1 X74.897 Y90.76
G1 X70.76 Y94.897 E81.48675
G0 F7200 X70.76 Y95.103
G1 F3600 X74.897 Y99.24 E81.52343
G1 X74.902 Y99.24
G1 X79.24 Y94.902 E81.5619
G1 X79.268 Y94.874
G0 F7200 X79.1 Y94.874
G0 X79.1 Y92.269
G0 X79.24 Y92.269
G1 F3600 X77.731 Y90.76 E81.57528
G1 X77.725 Y90.76
G1 X70.76 Y97.725 E81.63704
G0 F7200 X70.76 Y97.931
G1 F3600 X72.068 Y99.24 E81.64865
G1 X72.074 Y99.24
G1 X79.24 Y92.074 E81.71219
G1 X79.268 Y92.046
G0 F7200 X79.1 Y92.046
G0 X79.13 Y99.13
G0 X79.4 Y99.4
;TYPE:WALL-INNER
G1 F3600 X79.4 Y90.6 E81.76737
G1 X70.6 Y90.6 E81.82254
G1 X70.6 Y99.4 E81.87772
G1 X79.4 Y99.4 E81.9329
G0 F7200 X79.8 Y99.8
;TYPE:WALL-OUTER
G1 F1800 X79.8 Y90.2 E81.99309
G1 X70.2 Y90.2 E82.05329
G1 X70.2 Y99.8 E82.11348
G1 X79.8 Y99.8 E82.17367
G0 F7200 X79.8 Y99.6
G0 X78.8 Y98.918
G1 F1500 E75.67367
G0 F7200 X70.42 Y97.931
G0 X69.335 Y97.931
G0 X60.665 Y97.931
G0 X59.58 Y97.931
G0 X59.24 Y97.931
;TYPE:FILL
G1 F1500 E82.17367
G1 F3600 X57.931 Y99.24 E82.18528
G1 X57.926 Y99.24
G1 X50.76 Y92.073 E82.24883
G1 X50.76 Y92.269
G1 X52.269 Y90.76 E82.26221
G1 X52.275 Y90.76
G1 X59.24 Y97.725 E82.32397
G1 X59.268 Y97.753
G0 F7200 X59.1 Y97.753
G0 X59.1 Y95.103
G0 X59.24 Y95.103
G1 F3600 X55.103 Y99.24 E82.36066
G1 X55.098 Y99.24
G1 X50.76 Y94.902 E82.39912
G1 X50.76 Y95.097
G1 X55.098 Y90.76 E82.43759
G1 X55.103 Y90.76
G1 X59.24 Y94.897 E82.47427
G1 X59.268 Y94.925
G0 F7200 X59.1 Y94.925
G0 X59.1 Y92.275
G0 X59.24 Y92.275
G1 F3600 X52.274 Y99.24 E82.53604
G1 X52.269 Y99.24
G1 X50.76 Y97.73 E82.54942
G1 X50.76 Y97.926
G1 X57.926 Y90.76 E82.61296
G1 X57.932 Y90.76
G1 X59.24 Y92.068 E82.62456
G1 X59.268 Y92.096
G0 F7200 X59.1 Y92.096
G0 X59.13 Y99.13
G0 X59.4 Y99.4
;TYPE:WALL-INNER
G1 F3600 X59.4 Y90.6 E82.67974
G1 X50.6 Y90.6 E82.73492
G1 X50.6 Y99.4 E82.7901
G1 X59.4 Y99.4 E82.84527
G0 F7200 X59.8 Y99.8
;TYPE:WALL-OUTER
G1 F1800 X59.8 Y90.2 E82.90547
G1 X50.2 Y90.2 E82.96566
G1 X50.2 Y99.8 E83.02585
G1 X59.8 Y99.8 E83.08605
G0 F7200 X59.8 Y99.6
G0 X58.8 Y98.918
G1 F1500 E76.58605
;MESH:NONMESH
G0 F600 X58.8 Y98.918 Z1.4
G0 F7200 X50.54 Y90.42
G0 X50.54 Y87.833
;TIME_ELAPSED:272.989019
;LAYER:11
;TYPE:SUPPORT
G1 F1500 E83.08605
G1 F3600 X50.54 Y81.577 E83.12527
G1 X49.323 Y82.828 E83.13622
G1 X48.748 Y84.735 E83.14871
G1 X49.315 Y86.642 E83.16118
G1 X50.866 Y88.151 E83.17475
G1 X52.973 Y88.745 E83.18848
G1 X53.2 Y88.683 E83.18995
G1 X53.2 Y80.78 E83.23951
G1 X54.915 Y81.258 E83.25067
G1 X55.298 Y81.255 E83.25307
G1 X55.86 Y81.407 E83.25672
G1 X55.86 Y88.042 E83.29832
G1 X57.097 Y87.704 E83.30636
G1 X58.389 Y86.453 E83.31764
G1 X58.52 Y86.003 E83.32058
G1 X58.52 Y83.475 E83.33643
G1 F1500 E76.83643
G0 F7200 X80.653 Y89.347
G0 X87.78 Y91.511
G1 F1500 E83.33643
G1 F3600 X89.022 Y92.822 E83.34775
G1 X89.581 Y94.74 E83.36028
G1 X89.022 Y96.737 E83.37328
G1 X87.78 Y97.979 E83.3843
G1 X87.78 Y91.511 E83.42485
G1 X87.576 Y91.295 E83.42671
G1 X85.58 Y90.736 E83.43971
G1 X85.12 Y90.864 E83.4427
G1 X85.12 Y98.604 E83.49124
G1 X83.664 Y98.179 E83.50075
G1 X82.139 Y96.654 E83.51427
G1 X81.579 Y94.738 E83.52679
G1 X82.138 Y92.822 E83.5393
G1 X82.46 Y92.481 E83.54224
G1 X82.46 Y96.975 E83.57042
G1 F1500 E77.07042
;MESH:test.stl
G0 F7200 X80.665 Y96.975
G0 X79.58 Y96.975
G0 X79.24 Y97.731
;TYPE:FILL
G1 F1500 E83.57042
G1 F3600 X77.731 Y99.24 E83.5838
G1 X77.725 Y99.24
G1 X70.76 Y92.275 E83.64556
G0 F7200 X70.76 Y92.068
G1 F3600 X72.068 Y90.76 E83.65716
G1 X72.074 Y90.76
G1 X79.24 Y97.926 E83.7207
G1 X79.268 Y97.954
G0 F7200 X79.1 Y97.954
G0 X79.1 Y95.097
G0 X79.24 Y95.097
G1 F3600 X74.902 Y90.76 E83.75917
G1 X74.897 Y90.76
G1 X70.76 Y94.897 E83.79585
G0 F7200 X70.76 Y95.103
G1 F3600 X74.897 Y99.24 E83.83253
G1 X74.902 Y99.24
G1 X79.24 Y94.902 E83.871
G1 X79.268 Y94.874
G0 F7200 X79.1 Y94.874
G0 X79.1 Y92.269
G0 X79.24 Y92.269
G1 F3600 X77.731 Y90.76 E83.88438
G1 X77.725 Y90.76
G1 X70.76 Y97.725 E83.94614
G0 F7200 X70.76 Y97.931
G1 F3600 X72.068 Y99.24 E83.95775
G1 X72.074 Y99.24
G1 X79.24 Y92.074 E84.02129
G1 X79.268 Y92.046
G0 F7200 X79.1 Y92.046
G0 X79.13 Y99.13
G0 X79.4 Y99.4
;TYPE:WALL-INNER
G1 F3600 X79.4 Y90.6 E84.07647
G1 X70.6 Y90.6 E84.13165
G1 X70.6 Y99.4 E84.18682
G1 X79.4 Y99.4 E84.242
G0 F7200 X79.8 Y99.8
;TYPE:WALL-OUTER
G1 F1800 X79.8 Y90.2 E84.30219
G1 X70.2 Y90.2 E84.36239
G1 X70.2 Y99.8 E84.42258
G1 X79.8 Y99.8 E84.48278
G0 F7200 X79.8 Y99.6
G0 X78.8 Y98.918
G1 F1500 E77.98278
G0 F7200 X70.42 Y97.931
G0 X69.335 Y97.931
G0 X60.665 Y97.931
G0 X59.58 Y97.931
G0 X59.24 Y97.931
;TYPE:FILL
G1 F1500 E84.48278
G1 F3600 X57.931 Y99.24 E84.49438
G1 X57.926 Y99.24
G1 X50.76 Y92.073 E84.55793
G1 X50.76 Y92.269
G1 X52.269 Y90.76 E84.57131
G1 X52.275 Y90.76
G1 X59.24 Y97.725 E84.63307
G1 X59.268 Y97.753
G0 F7200 X59.1 Y97.753
G0 X59.1 Y95.103
G0 X59.24 Y95.103
G1 F3600 X55.103 Y99.24 E84.66976
G1 X55.098 Y99.24
G1 X50.76 Y94.902 E84.70822
G1 X50.76 Y95.097
G1 X55.098 Y90.76 E84.74669
G1 X55.103 Y90.76
G1 X59.24 Y94.897 E84.78337
G1 X59.268 Y94.925
G0 F7200 X59.1 Y94.925
G0 X59.1 Y92.275
G0 X59.24 Y92.275
G1 F3600 X52.274 Y99.24 E84.84514
G1 X52.269 Y99.24
G1 X50.76 Y97.73 E84.85852
G1 X50.76 Y97.926
G1 X57.926 Y90.76 E84.92207
G1 X57.932 Y90.76
G1 X59.24 Y92.068 E84.93366
G1 X59.268 Y92.096
G0 F7200 X59.1 Y92.096
G0 X59.13 Y99.13
G0 X59.4 Y99.4
;TYPE:WALL-INNER
G1 F3600 X59.4 Y90.6 E84.98884
G1 X50.6 Y90.6 E85.04402
G1 X50.6 Y99.4 E85.0992
G1 X59.4 Y99.4 E85.15437
G0 F7200 X59.8 Y99.8
;TYPE:WALL-OUTER
G1 F1800 X59.8 Y90.2 E85.21457
G1 X50.2 Y90.2 E85.27476
G1 X50.2 Y99.8 E85.33496
G1 X59.8 Y99.8 E85.39515
G0 F7200 X59.8 Y99.6
G0 X58.8 Y98.918
G1 F1500 E78.89515
;MESH:NONMESH
G0 F600 X58.8 Y98.918 Z1.5
G0 F7200 X50.54 Y90.42
G0 X50.54 Y88.034
;TIME_ELAPSED:284.252404
;LAYER:12
;TYPE:SUPPORT
G1 F1500 E85.39515
G1 F3600 X50.54 Y81.306 E85.43734
G1 X49.065 Y82.82 E85.45059
G1 X48.502 Y84.714 E85.46298
G1 X49.075 Y86.609 E85.47539
G1 X50.628 Y88.12 E85.48898
G1 X52.746 Y88.728 E85.50279
G1 X53.2 Y88.604 E85.50575
G1 X53.2 Y80.845 E85.5544
G1 X55.027 Y81.339 E85.56626
G1 X55.442 Y81.25 E85.56892
G1 X55.86 Y81.365 E85.57164
G1 X55.86 Y88.097 E85.61385
G1 X57.367 Y87.692 E85.62364
G1 X58.52 Y86.575 E85.6337
G1 X58.52 Y82.971 E85.6563
G1 F1500 E79.1563
G0 F7200 X78.44 Y88.709
G0 X87.78 Y91.544
G1 F1500 E85.6563
G1 F3600 X89 Y92.832 E85.66743
G1 X89.557 Y94.739 E85.67988
G1 X89.002 Y96.724 E85.69281
G1 X87.78 Y97.946 E85.70364
G1 X87.78 Y91.544 E85.74378
G1 X87.565 Y91.317 E85.74574
G1 X85.58 Y90.76 E85.75867
G1 X85.12 Y90.889 E85.76167
G1 X85.12 Y98.58 E85.80989
G1 X83.676 Y98.158 E85.81932
G1 X82.16 Y96.642 E85.83277
G1 X81.603 Y94.738 E85.8452
G1 X82.16 Y92.832 E85.85766
G1 X82.46 Y92.515 E85.86039
G1 X82.46 Y96.942 E85.88815
G1 F1500 E79.38815
;MESH:test.stl
G0 F7200 X80.665 Y96.942
G0 X79.58 Y96.942
G0 X79.24 Y97.731
;TYPE:FILL
G1 F1500 E85.88815
G1 F3600 X77.731 Y99.24 E85.90153
G1 X77.725 Y99.24
G1 X70.76 Y92.275 E85.96329
G0 F7200 X70.76 Y92.068
G1 F3600 X72.068 Y90.76 E85.97489
G1 X72.074 Y90.76
G1 X79.24 Y97.926 E86.03843
G1 X79.268 Y97.954
G0 F7200 X79.1 Y97.954
G0 X79.1 Y95.097
G0 X79.24 Y95.097
G1 F3600 X74.902 Y90.76 E86.0769
G1 X74.897 Y90.76
G1 X70.76 Y94.897 E86.11358
G0 F7200 X70.76 Y95.103
G1 F3600 X74.897 Y99.24 E86.15027
G1 X74.902 Y99.24
G1 X79.24 Y94.902 E86.18873
G1 X79.268 Y94.874
G0 F7200 X79.1 Y94.874
G0 X79.1 Y92.269
G0 X79.24 Y92.269
G1 F3600 X77.731 Y90.76 E86.20211
G1 X77.725 Y90.76
G1 X70.76 Y97.725 E86.26387
G0 F7200 X70.76 Y97.931
G1 F3600 X72.068 Y99.24 E86.27548
G1 X72.074 Y99.24
G1 X79.24 Y92.074 E86.33902
G1 X79.268 Y92.046
G0 F7200 X79.1 Y92.046
G0 X79.13 Y99.13
G0 X79.4 Y99.4
;TYPE:WALL-INNER
G1 F3600 X79.4 Y90.6 E86.3942
G1 X70.6 Y90.6 E86.44938
G1 X70.6 Y99.4 E86.50455
G1 X79.4 Y99.4 E86.55973
G0 F7200 X79.8 Y99.8
;TYPE:WALL-OUTER
G1 F1800 X79.8 Y90.2 E86.61993
G1 X70.2 Y90.2 E86.68012
G1 X70.2 Y99.8 E86.74031
G1 X79.8 Y99.8 E86.80051
G0 F7200 X79.8 Y99.6
G0 X78.8 Y98.918
G1 F1500 E80.30051
G0 F7200 X70.42 Y97.931
G0 X69.335 Y97.931
G0 X60.665 Y97.931
G0 X59.58 Y97.931
G0 X59.24 Y97.931
;TYPE:FILL
G1 F1500 E86.80051
G1 F3600 X57.931 Y99.24 E86.81211
G1 X57.926 Y99.24
G1 X50.76 Y92.073 E86.87566
G1 X50.76 Y92.269
G1 X52.269 Y90.76 E86.88904
G1 X52.275 Y90.76
G1 X59.24 Y97.725 E86.9508
G1 X59.268 Y97.753
G0 F7200 X59.1 Y97.753
G0 X59.1 Y95.103
G0 X59.24 Y95.103
G1 F3600 X55.103 Y99.24 E86.98749
G1 X55.098 Y99.24
G1 X50.76 Y94.902 E87.02596
G1 X50.76 Y95.097
G1 X55.098 Y90.76 E87.06442
G1 X55.103 Y90.76
G1 X59.24 Y94.897 E87.1011
G1 X59.268 Y94.925
G0 F7200 X59.1 Y94.925
G0 X59.1 Y92.275
G0 X59.24 Y92.275
G1 F3600 X52.274 Y99.24 E87.16287
G1 X52.269 Y99.24
G1 X50.76 Y97.73 E87.17625
G1 X50.76 Y97.926
G1 X57.926 Y90.76 E87.2398
G1 X57.932 Y90.76
G1 X59.24 Y92.068 E87.2514
G1 X59.268 Y92.096
G0 F7200 X59.1 Y92.096
G0 X59.13 Y99.13
G0 X59.4 Y99.4
;TYPE:WALL-INNER
G1 F3600 X59.4 Y90.6 E87.30657
G1 X50.6 Y90.6 E87.36175
G1 X50.6 Y99.4 E87.41693
G1 X59.4 Y99.4 E87.47211
G0 F7200 X59.8 Y99.8
;TYPE:WALL-OUTER
G1 F1800 X59.8 Y90.2 E87.5323
G1 X50.2 Y90.2 E87.59249
G1 X50.2 Y99.8 E87.65269
G1 X59.8 Y99.8 E87.71288
G0 F7200 X59.8 Y99.6
G0 X58.8 Y98.918
G1 F1500 E81.21288
;MESH:NONMESH
G0 F600 X58.8 Y98.918 Z1.6
G0 F7200 X50.54 Y90.42
G0 X50.54 Y88.16
;TIME_ELAPSED:295.545795
;LAYER:13
;TYPE:SUPPORT
G1 F1500 E87.71288
G1 F3600 X50.54 Y81.282 E87.75601
G1 X50.292 Y81.351 E87.75762
G1 X48.83 Y82.852 E87.77076
G1 X48.261 Y84.735 E87.78309
G1 X48.821 Y86.619 E87.79542
G1 X50.353 Y88.108 E87.80881
G1 X52.324 Y88.664 E87.82165
G1 X52.563 Y88.683 E87.82316
G1 X53.2 Y88.512 E87.82729
G1 X53.2 Y80.948 E87.87472
G1 X54.592 Y81.331 E87.88377
G1 X54.763 Y81.503 E87.88529
G1 X55.586 Y81.283 E87.89064
G1 X55.86 Y81.313 E87.89236
G1 X55.86 Y88.14 E87.93517
G1 X57.609 Y87.664 E87.94654
G1 X58.884 Y86.43 E87.95766
G1 X59.381 Y84.722 E87.96881
G1 X58.891 Y83.084 E87.97954
G1 X58.52 Y82.705 E87.98286
G1 X58.52 Y86.783 E88.00843
G1 F1500 E81.50843
G0 F7200 X80.653 Y89.347
G0 X87.78 Y91.578
G1 F1500 E88.00843
G1 F3600 X88.978 Y92.844 E88.01936
G1 X89.532 Y94.739 E88.03174
G1 X88.98 Y96.712 E88.04458
G1 X87.78 Y97.912 E88.05523
G1 X87.78 Y91.578 E88.09494
G1 X87.553 Y91.338 E88.09701
G1 X85.58 Y90.785 E88.10986
G1 X85.12 Y90.913 E88.11285
G1 X85.12 Y98.555 E88.16077
G1 X83.688 Y98.136 E88.17013
G1 X82.182 Y96.63 E88.18348
G1 X81.628 Y94.738 E88.19584
G1 X82.182 Y92.844 E88.20821
G1 X82.46 Y92.55 E88.21075
G1 X82.46 Y96.908 E88.23808
G1 F1500 E81.73808
;MESH:test.stl
G0 F7200 X80.665 Y96.908
G0 X79.58 Y96.908
G0 X79.24 Y97.731
;TYPE:FILL
G1 F1500 E88.23808
G1 F3600 X77.731 Y99.24 E88.25146
G1 X77.725 Y99.24
G1 X70.76 Y92.275 E88.31322
G0 F7200 X70.76 Y92.068
G1 F3600 X72.068 Y90.76 E88.32482
G1 X72.074 Y90.76
G1 X79.24 Y97.926 E88.38836
G1 X79.268 Y97.954
G0 F7200 X79.1 Y97.954
G0 X79.1 Y95.097
G0 X79.24 Y95.097
G1 F3600 X74.902 Y90.76 E88.42682
G1 X74.897 Y90.76
G1 X70.76 Y94.897 E88.46351
G0 F7200 X70.76 Y95.103
G1 F3600 X74.897 Y99.24 E88.50019
G1 X74.902 Y99.24
G1 X79.24 Y94.902 E88.53866
G1 X79.268 Y94.874
G0 F7200 X79.1 Y94.874
G0 X79.1 Y92.269
G0 X79.24 Y92.269
G1 F3600 X77.731 Y90.76 E88.55204
G1 X77.725 Y90.76
G1 X70.76 Y97.725 E88.6138
G0 F7200 X70.76 Y97.931
G1 F3600 X72.068 Y99.24 E88.6254
G1 X72.074 Y99.24
G1 X79.24 Y92.074 E88.68895
G1 X79.268 Y92.046
G0 F7200 X79.1 Y92.046
G0 X79.13 Y99.13
G0 X79.4 Y99.4
;TYPE:WALL-INNER
G1 F3600 X79.4 Y90.6 E88.74413
G1 X70.6 Y90.6 E88.7993
G1 X70.6 Y99.4 E88.85448
G1 X79.4 Y99.4 E88.90966
G0 F7200 X79.8 Y99.8
;TYPE:WALL-OUTER
G1 F1800 X79.8 Y90.2 E88.96985
G1 X70.2 Y90.2 E89.03005
G1 X70.2 Y99.8 E89.09024
G1 X79.8 Y99.8 E89.15043
G0 F7200 X79.8 Y99.6
G0 X78.8 Y98.918
G1 F1500 E82.65043
G0 F7200 X70.42 Y97.931
G0 X69.335 Y97.931
G0 X60.665 Y97.931
G0 X59.58 Y97.931
G0 X59.24 Y97.931
;TYPE:FILL
G1 F1500 E89.15043
G1 F3600 X57.931 Y99.24 E89.16204
G1 X57.926 Y99.24
G1 X50.76 Y92.073 E89.22559
G1 X50.76 Y92.269
G1 X52.269 Y90.76 E89.23897
G1 X52.275 Y90.76
G1 X59.24 Y97.725 E89.30073
G1 X59.268 Y97.753
G0 F7200 X59.1 Y97.753
G0 X59.1 Y95.103
G0 X59.24 Y95.103
G1 F3600 X55.103 Y99.24 E89.33742
G1 X55.098 Y99.24
G1 X50.76 Y94.902 E89.37588
G1 X50.76 Y95.097
G1 X55.098 Y90.76 E89.41434
G1 X55.103 Y90.76
G1 X59.24 Y94.897 E89.45103
G1 X59.268 Y94.925
G0 F7200 X59.1 Y94.925
G0 X59.1 Y92.275
G0 X59.24 Y92.275
G1 F3600 X52.274 Y99.24 E89.5128
G1 X52.269 Y99.24
G1 X50.76 Y97.73 E89.52618
G1 X50.76 Y97.926
G1 X57.926 Y90.76 E89.58972
G1 X57.932 Y90.76
G1 X59.24 Y92.068 E89.60132
G1 X59.268 Y92.096
G0 F7200 X59.1 Y92.096
G0 X59.13 Y99.13
G0 X59.4 Y99.4
;TYPE:WALL-INNER
G1 F3600 X59.4 Y90.6 E89.6565
G1 X50.6 Y90.6 E89.71168
G1 X50.6 Y99.4 E89.76686
G1 X59.4 Y99.4 E89.82203
G0 F7200 X59.8 Y99.8
;TYPE:WALL-OUTER
G1 F1800 X59.8 Y90.2 E89.88223
G1 X50.2 Y90.2 E89.94242
G1 X50.2 Y99.8 E90.00261
G1 X59.8 Y99.8 E90.06281
G0 F7200 X59.8 Y99.6
G0 X58.8 Y98.918
G1 F1500 E83.56281
;MESH:NONMESH
G0 F600 X58.8 Y98.918 Z1.7
G0 F7200 X50.54 Y90.42
G0 X50.54 Y88.198
;TIME_ELAPSED:306.933741
;LAYER:14
;TYPE:SUPPORT
G1 F1500 E90.06281
G1 F3600 X50.54 Y81.218 E90.10657
G1 X50.014 Y81.361 E90.10999
G1 X48.571 Y82.842 E90.12296
G1 X48.016 Y84.712 E90.13519
G1 X48.582 Y86.584 E90.14745
G1 X50.117 Y88.077 E90.16088
G1 X52.206 Y88.678 E90.17451
G1 X53.2 Y88.405 E90.18097
G1 X53.2 Y81.036 E90.22718
G1 X54.332 Y81.341 E90.23453
G1 X54.628 Y81.646 E90.23719
G1 X55.86 Y81.308 E90.2452
G1 X55.86 Y88.149 E90.2881
G1 X56.094 Y88.13 E90.28957
G1 X57.878 Y87.65 E90.30115
G1 X59.139 Y86.429 E90.31216
G1 X59.625 Y84.738 E90.32319
G1 X59.131 Y83.111 E90.33385
G1 X58.52 Y82.487 E90.33933
G1 X58.52 Y87.029 E90.36781
G1 F1500 E83.86781
G0 F7200 X80.653 Y89.347
G0 X87.78 Y91.612
G1 F1500 E90.36781
G1 F3600 X88.958 Y92.855 E90.37854
G1 X89.508 Y94.74 E90.39086
G1 X88.959 Y96.701 E90.40362
G1 X87.78 Y97.88 E90.41408
G1 X87.78 Y91.612 E90.45338
G1 X87.541 Y91.359 E90.45556
G1 X85.58 Y90.809 E90.46833
G1 X85.12 Y90.938 E90.47133
G1 X85.12 Y98.531 E90.51894
G1 X83.699 Y98.116 E90.52822
G1 X82.202 Y96.619 E90.54149
G1 X81.652 Y94.738 E90.55378
G1 X82.202 Y92.855 E90.56608
G1 X82.46 Y92.582 E90.56844
G1 X82.46 Y96.877 E90.59537
G1 F1500 E84.09537
;MESH:test.stl
G0 F7200 X80.665 Y96.877
G0 X79.58 Y96.877
G0 X79.24 Y97.731
;TYPE:FILL
G1 F1500 E90.59537
G1 F3600 X77.731 Y99.24 E90.60875
G1 X77.725 Y99.24
G1 X70.76 Y92.275 E90.67051
G0 F7200 X70.76 Y92.068
G1 F3600 X72.068 Y90.76 E90.68211
G1 X72.074 Y90.76
G1 X79.24 Y97.926 E90.74565
G1 X79.268 Y97.954
G0 F7200 X79.1 Y97.954
G0 X79.1 Y95.097
G0 X79.24 Y95.097
G1 F3600 X74.902 Y90.76 E90.78412
G1 X74.897 Y90.76
G1 X70.76 Y94.897 E90.8208
G0 F7200 X70.76 Y95.103
G1 F3600 X74.897 Y99.24 E90.85748
G1 X74.902 Y99.24
G1 X79.24 Y94.902 E90.89595
G1 X79.268 Y94.874
G0 F7200 X79.1 Y94.874
G0 X79.1 Y92.269
G0 X79.24 Y92.269
G1 F3600 X77.731 Y90.76 E90.90933
G1 X77.725 Y90.76
G1 X70.76 Y97.725 E90.97109
G0 F7200 X70.76 Y97.931
G1 F3600 X72.068 Y99.24 E90.9827
G1 X72.074 Y99.24
G1 X79.24 Y92.074 E91.04624
G1 X79.268 Y92.046
G0 F7200 X79.1 Y92.046
G0 X79.13 Y99.13
G0 X79.4 Y99.4
;TYPE:WALL-INNER
G1 F3600 X79.4 Y90.6 E91.10142
G1 X70.6 Y90.6 E91.15659
G1 X70.6 Y99.4 E91.21177
G1 X79.4 Y99.4 E91.26695
G0 F7200 X79.8 Y99.8
;TYPE:WALL-OUTER
G1 F1800 X79.8 Y90.2 E91.32714
G1 X70.2 Y90.2 E91.38734
G1 X70.2 Y99.8 E91.44753
G1 X79.8 Y99.8 E91.50773
G0 F7200 X79.8 Y99.6
G0 X78.8 Y98.918
G1 F1500 E85.00773
G0 F7200 X70.42 Y97.931
G0 X69.335 Y97.931
G0 X60.665 Y97.931
G0 X59.58 Y97.931
G0 X59.24 Y97.931
;TYPE:FILL
G1 F1500 E91.50773
G1 F3600 X57.931 Y99.24 E91.51933
G1 X57.926 Y99.24
G1 X50.76 Y92.073 E91.58288
G1 X50.76 Y92.269
G1 X52.269 Y90.76 E91.59626
G1 X52.275 Y90.76
G1 X59.24 Y97.725 E91.65802
G1 X59.268 Y97.753
G0 F7200 X59.1 Y97.753
G0 X59.1 Y95.103
G0 X59.24 Y95.103
G1 F3600 X55.103 Y99.24 E91.69471
G1 X55.098 Y99.24
G1 X50.76 Y94.902 E91.73317
G1 X50.76 Y95.097
G1 X55.098 Y90.76 E91.77164
G1 X55.103 Y90.76
G1 X59.24 Y94.897 E91.80832
G1 X59.268 Y94.925
G0 F7200 X59.1 Y94.925
G0 X59.1 Y92.275
G0 X59.24 Y92.275
G1 F3600 X52.274 Y99.24 E91.87009
G1 X52.269 Y99.24
G1 X50.76 Y97.73 E91.88347
G1 X50.76 Y97.926
G1 X57.926 Y90.76 E91.94702
G1 X57.932 Y90.76
G1 X59.24 Y92.068 E91.95861
G1 X59.268 Y92.096
G0 F7200 X59.1 Y92.096
G0 X59.13 Y99.13
G0 X59.4 Y99.4
;TYPE:WALL-INNER
G1 F3600 X59.4 Y90.6 E92.01379
G1 X50.6 Y90.6 E92.06897
G1 X50.6 Y99.4 E92.12415
G1 X59.4 Y99.4 E92.17932
G0 F7200 X59.8 Y99.8
;TYPE:WALL-OUTER
G1 F1800 X59.8 Y90.2 E92.23952
G1 X50.2 Y90.2 E92.29971
G1 X50.2 Y99.8 E92.35991
G1 X59.8 Y99.8 E92.4201
G0 F7200 X59.8 Y99.6
G0 X58.8 Y98.918
G1 F1500 E85.9201
;MESH:NONMESH
G0 F600 X58.8 Y98.918 Z1.8
G0 F7200 X50.414 Y90.414
G0 X50.414 Y89.335
G0 X47.88 Y85.09
;TIME_ELAPSED:318.390551
;LAYER:15
;TYPE:SUPPORT
G1 F1500 E92.4201
G1 F3600 X47.88 Y84.382 E92.42454
G1 X48.336 Y82.874 E92.43442
G1 X49.78 Y81.391 E92.4474
G1 X50.54 Y81.181 E92.45234
G1 X50.54 Y88.261 E92.49673
G1 X51.788 Y88.613 E92.50486
G1 X52.029 Y88.633 E92.50638
G1 X53.2 Y88.318 E92.51398
G1 X53.2 Y81.144 E92.55897
G1 X54.033 Y81.372 E92.56438
G1 X54.434 Y81.786 E92.56799
G1 X55.86 Y81.402 E92.57725
G1 X55.86 Y88.047 E92.61892
G1 X56.2 Y88.144 E92.62114
G1 X58.122 Y87.621 E92.63363
G1 X59.379 Y86.405 E92.64459
G1 X59.869 Y84.722 E92.65558
G1 X59.386 Y83.108 E92.66615
G1 X58.52 Y82.223 E92.67391
G1 X58.52 Y87.236 E92.70534
G1 F1500 E86.20534
G0 F7200 X80.653 Y89.347
G0 X87.78 Y91.648
G1 F1500 E92.70534
G1 F3600 X88.937 Y92.869 E92.71589
G1 X89.483 Y94.739 E92.7281
G1 X88.938 Y96.687 E92.74079
G1 X87.78 Y97.845 E92.75106
G1 X87.78 Y91.648 E92.78991
G1 X87.527 Y91.38 E92.79222
G1 X85.58 Y90.834 E92.8049
G1 X85.12 Y90.962 E92.8079
G1 X85.12 Y98.506 E92.8552
G1 X83.711 Y98.094 E92.8644
G1 X82.224 Y96.607 E92.87759
G1 X81.677 Y94.738 E92.8898
G1 X82.223 Y92.869 E92.90201
G1 X82.46 Y92.618 E92.90417
G1 X82.46 Y96.843 E92.93066
G1 F1500 E86.43066
;MESH:test.stl
G0 F7200 X80.665 Y96.843
G0 X79.58 Y96.843
G0 X79.1 Y97.731
G0 X79.24 Y97.731
;TYPE:FILL
G1 F1500 E92.93066
G1 F3600 X77.731 Y99.24 E92.94405
G1 X77.725 Y99.24
G1 X70.76 Y92.275 E93.00581
G0 F7200 X70.76 Y92.068
G1 F3600 X72.068 Y90.76 E93.01741
G1 X72.074 Y90.76
G1 X79.24 Y97.926 E93.08095
G1 X79.268 Y97.954
G0 F7200 X79.1 Y97.954
G0 X79.1 Y95.097
G0 X79.24 Y95.097
G1 F3600 X74.902 Y90.76 E93.11941
G1 X74.897 Y90.76
G1 X70.76 Y94.897 E93.1561
G0 F7200 X70.76 Y95.103
G1 F3600 X74.897 Y99.24 E93.19278
G1 X74.902 Y99.24
G1 X79.24 Y94.902 E93.23125
G1 X79.268 Y94.874
G0 F7200 X79.1 Y94.874
G0 X79.1 Y92.269
G0 X79.24 Y92.269
G1 F3600 X77.731 Y90.76 E93.24463
G1 X77.725 Y90.76
G1 X70.76 Y97.725 E93.30639
G0 F7200 X70.76 Y97.931
G1 F3600 X72.068 Y99.24 E93.31799
G1 X72.074 Y99.24
G1 X79.24 Y92.074 E93.38154
G1 X79.268 Y92.046
G0 F7200 X79.1 Y92.046
G0 X79.13 Y99.13
G0 X79.4 Y99.4
;TYPE:WALL-INNER
G1 F3600 X79.4 Y90.6 E93.43671
G1 X70.6 Y90.6 E93.49189
G1 X70.6 Y99.4 E93.54707
G1 X79.4 Y99.4 E93.60225
G0 F7200 X79.8 Y99.8
;TYPE:WALL-OUTER
G1 F1800 X79.8 Y90.2 E93.66244
G1 X70.2 Y90.2 E93.72263
G1 X70.2 Y99.8 E93.78283
G1 X79.8 Y99.8 E93.84302
G0 F7200 X79.8 Y99.6
G0 X78.8 Y98.918
G1 F1500 E87.34302
G0 F7200 X70.42 Y97.931
G0 X69.335 Y97.931
G0 X60.665 Y97.931
G0 X59.58 Y97.931
G0 X59.24 Y97.931
;TYPE:FILL
G1 F1500 E93.84302
G1 F3600 X57.931 Y99.24 E93.85463
G1 X57.926 Y99.24
G1 X50.76 Y92.073 E93.91818
G1 X50.76 Y92.269
G1 X52.269 Y90.76 E93.93156
G1 X52.275 Y90.76
G1 X59.24 Y97.725 E93.99332
G1 X59.268 Y97.753
G0 F7200 X59.1 Y97.753
G0 X59.1 Y95.103
G0 X59.24 Y95.103
G1 F3600 X55.103 Y99.24 E94.03
G1 X55.098 Y99.24
G1 X50.76 Y94.902 E94.06847
G1 X50.76 Y95.097
G1 X55.098 Y90.76 E94.10693
G1 X55.103 Y90.76
G1 X59.24 Y94.897 E94.14362
G1 X59.268 Y94.925
G0 F7200 X59.1 Y94.925
G0 X59.1 Y92.275
G0 X59.24 Y92.275
G1 F3600 X52.274 Y99.24 E94.20538
G1 X52.269 Y99.24
G1 X50.76 Y97.73 E94.21877
G1 X50.76 Y97.926
G1 X57.926 Y90.76 E94.28231
G1 X57.932 Y90.76
G1 X59.24 Y92.068 E94.29391
G1 X59.268 Y92.096
G0 F7200 X59.1 Y92.096
G0 X59.13 Y99.13
G0 X59.4 Y99.4
;TYPE:WALL-INNER
G1 F3600 X59.4 Y90.6 E94.34909
G1 X50.6 Y90.6 E94.40426
G1 X50.6 Y99.4 E94.45944
G1 X59.4 Y99.4 E94.51462
G0 F7200 X59.8 Y99.8
;TYPE:WALL-OUTER
G1 F1800 X59.8 Y90.2 E94.57481
G1 X50.2 Y90.2 E94.63501
G1 X50.2 Y99.8 E94.6952
G1 X59.8 Y99.8 E94.7554
G0 F7200 X59.8 Y99.6
G0 X58.8 Y98.918
G1 F1500 E88.2554
;MESH:NONMESH
G0 F600 X58.8 Y98.918 Z1.9
G0 F7200 X50.414 Y90.414
G0 X50.414 Y89.335
G0 X47.88 Y85.871
;TIME_ELAPSED:329.793861
;LAYER:16
;TYPE:SUPPORT
G1 F1500 E94.7554
G1 F3600 X47.88 Y83.533 E94.77005
G1 X48.079 Y82.865 E94.77443
G1 X49.503 Y81.402 E94.78723
G1 X50.54 Y81.122 E94.79396
G1 X50.54 Y88.303 E94.83899
G1 X51.67 Y88.628 E94.84636
G1 X53.2 Y88.208 E94.85631
G1 X53.2 Y81.228 E94.90007
G1 X53.773 Y81.382 E94.90379
G1 X54.432 Y82.059 E94.90972
G1 X54.649 Y81.836 E94.91167
G1 X55.86 Y81.504 E94.91954
G1 X55.86 Y87.95 E94.95996
G1 X56.395 Y88.1 E94.96344
G1 X56.631 Y88.081 E94.96493
G1 X58.391 Y87.608 E94.97636
G1 X59.634 Y86.405 E94.9872
G1 X60.113 Y84.738 E94.99808
G1 X59.626 Y83.135 E95.00858
G1 X58.52 Y82.006 E95.01849
G1 X58.52 Y87.484 E95.05284
G1 F1500 E88.55284
G0 F7200 X80.653 Y89.347
G0 X87.78 Y91.68
G1 F1500 E95.05284
G1 F3600 X88.916 Y92.879 E95.0632
G1 X89.459 Y94.74 E95.07535
G1 X88.917 Y96.676 E95.08796
G1 X87.78 Y97.813 E95.09804
G1 X87.78 Y91.68 E95.1365
G1 X87.516 Y91.401 E95.1389
G1 X85.58 Y90.858 E95.15151
G1 X85.12 Y90.987 E95.15451
G1 X85.12 Y98.482 E95.2015
G1 X83.723 Y98.074 E95.21063
G1 X82.244 Y96.595 E95.22374
G1 X81.701 Y94.738 E95.23587
G1 X82.244 Y92.879 E95.24802
G1 X82.46 Y92.65 E95.24999
G1 X82.46 Y96.811 E95.27608
G1 F1500 E88.77608
;MESH:test.stl
G0 F7200 X80.665 Y96.811
G0 X79.58 Y96.811
G0 X79.1 Y97.731
G0 X79.24 Y97.731
;TYPE:FILL
G1 F1500 E95.27608
G1 F3600 X77.731 Y99.24 E95.28946
G1 X77.725 Y99.24
G1 X70.76 Y92.275 E95.35122
G0 F7200 X70.76 Y92.068
G1 F3600 X72.068 Y90.76 E95.36282
G1 X72.074 Y90.76
G1 X79.24 Y97.926 E95.42637
G1 X79.268 Y97.954
G0 F7200 X79.1 Y97.954
G0 X79.1 Y95.097
G0 X79.24 Y95.097
G1 F3600 X74.902 Y90.76 E95.46483
G1 X74.897 Y90.76
G1 X70.76 Y94.897 E95.50151
G0 F7200 X70.76 Y95.103
G1 F3600 X74.897 Y99.24 E95.5382
G1 X74.902 Y99.24
G1 X79.24 Y94.902 E95.57666
G1 X79.268 Y94.874
G0 F7200 X79.1 Y94.874
G0 X79.1 Y92.269
G0 X79.24 Y92.269
G1 F3600 X77.731 Y90.76 E95.59004
G1 X77.725 Y90.76
G1 X70.76 Y97.725 E95.65181
G0 F7200 X70.76 Y97.931
G1 F3600 X72.068 Y99.24 E95.66341
G1 X72.074 Y99.24
G1 X79.24 Y92.074 E95.72695
G1 X79.268 Y92.046
G0 F7200 X79.1 Y92.046
G0 X79.13 Y99.13
G0 X79.4 Y99.4
;TYPE:WALL-INNER
G1 F3600 X79.4 Y90.6 E95.78213
G1 X70.6 Y90.6 E95.83731
G1 X70.6 Y99.4 E95.89248
G1 X79.4 Y99.4 E95.94766
G0 F7200 X79.8 Y99.8
;TYPE:WALL-OUTER
G1 F1800 X79.8 Y90.2 E96.00786
G1 X70.2 Y90.2 E96.06805
G1 X70.2 Y99.8 E96.12824
G1 X79.8 Y99.8 E96.18844
G0 F7200 X79.8 Y99.6
G0 X78.8 Y98.918
G1 F1500 E89.68844
G0 F7200 X70.42 Y97.931
G0 X69.335 Y97.931
G0 X60.665 Y97.931
G0 X59.58 Y97.931
G0 X59.24 Y97.931
;TYPE:FILL
G1 F1500 E96.18844
G1 F3600 X57.931 Y99.24 E96.20004
G1 X57.926 Y99.24
G1 X50.76 Y92.073 E96.26359
G1 X50.76 Y92.269
G1 X52.269 Y90.76 E96.27697
G1 X52.275 Y90.76
G1 X59.24 Y97.725 E96.33874
G1 X59.268 Y97.753
G0 F7200 X59.1 Y97.753
G0 X59.1 Y95.103
G0 X59.24 Y95.103
G1 F3600 X55.103 Y99.24 E96.37542
G1 X55.098 Y99.24
G1 X50.76 Y94.902 E96.41389
G1 X50.76 Y95.097
G1 X55.098 Y90.76 E96.45235
G1 X55.103 Y90.76
G1 X59.24 Y94.897 E96.48903
G1 X59.268 Y94.925
G0 F7200 X59.1 Y94.925
G0 X59.1 Y92.275
G0 X59.24 Y92.275
G1 F3600 X52.274 Y99.24 E96.5508
G1 X52.269 Y99.24
G1 X50.76 Y97.73 E96.56418
G1 X50.76 Y97.926
G1 X57.926 Y90.76 E96.62773
G1 X57.932 Y90.76
G1 X59.24 Y92.068 E96.63933
G1 X59.268 Y92.096
G0 F7200 X59.1 Y92.096
G0 X59.13 Y99.13
G0 X59.4 Y99.4
;TYPE:WALL-INNER
G1 F3600 X59.4 Y90.6 E96.6945
G1 X50.6 Y90.6 E96.74968
G1 X50.6 Y99.4 E96.80486
G1 X59.4 Y99.4 E96.86004
G0 F7200 X59.8 Y99.8
;TYPE:WALL-OUTER
G1 F1800 X59.8 Y90.2 E96.92023
G1 X50.2 Y90.2 E96.98042
G1 X50.2 Y99.8 E97.04062
G1 X59.8 Y99.8 E97.10081
G0 F7200 X59.8 Y99.6
G0 X58.8 Y98.918
G1 F1500 E90.60081
;MESH:NONMESH
G0 F600 X58.8 Y98.918 Z2
G0 F7200 X50.414 Y90.414
G0 X50.414 Y89.335
G0 X47.88 Y86.614
;TIME_ELAPSED:341.226115
;LAYER:17
;TYPE:SUPPORT
G1 F1500 E97.10081
G1 F3600 X47.88 Y82.861 E97.12434
G1 X49.271 Y81.433 E97.13684
G1 X50.54 Y81.082 E97.1451
G1 X50.54 Y88.363 E97.19075
G1 X51.254 Y88.564 E97.1954
G1 X51.493 Y88.584 E97.19691
G1 X53.2 Y88.125 E97.20799
G1 X53.2 Y81.338 E97.25055
G1 X53.474 Y81.413 E97.25233
G1 X54.407 Y82.37 E97.26071
G1 X54.916 Y81.849 E97.26527
G1 X55.86 Y81.595 E97.2714
G1 X55.86 Y87.845 E97.31059
G1 X56.737 Y88.095 E97.31631
G1 X58.634 Y87.578 E97.32864
G1 X59.874 Y86.381 E97.33945
G1 X60.357 Y84.722 E97.35028
G1 X59.881 Y83.131 E97.36069
G1 X58.647 Y81.87 E97.37176
G1 X58.52 Y81.836 E97.37258
G1 X58.52 Y87.61 E97.40878
G1 F1500 E90.90878
G0 F7200 X80.653 Y89.347
G0 X87.78 Y91.714
G1 F1500 E97.40878
G1 F3600 X88.896 Y92.892 E97.41896
G1 X89.435 Y94.739 E97.43102
G1 X88.897 Y96.663 E97.44355
G1 X87.78 Y97.78 E97.45345
G1 X87.78 Y91.714 E97.49149
G1 X87.503 Y91.421 E97.49402
G1 X85.58 Y90.882 E97.50654
G1 X85.12 Y91.01 E97.50953
G1 X85.12 Y98.458 E97.55623
G1 X83.734 Y98.053 E97.56529
G1 X82.265 Y96.584 E97.57831
G1 X81.725 Y94.738 E97.59037
G1 X82.264 Y92.892 E97.60243
G1 X82.46 Y92.685 E97.60422
G1 X82.46 Y96.779 E97.62989
G1 F1500 E91.12989
;MESH:test.stl
G0 F7200 X80.665 Y96.779
G0 X79.58 Y96.779
G0 X79.1 Y97.731
G0 X79.24 Y97.731
;TYPE:FILL
G1 F1500 E97.62989
G1 F3600 X77.731 Y99.24 E97.64327
G1 X77.725 Y99.24
G1 X70.76 Y92.275 E97.70503
G0 F7200 X70.76 Y92.068
G1 F3600 X72.068 Y90.76 E97.71663
G1 X72.074 Y90.76
G1 X79.24 Y97.926 E97.78017
G1 X79.268 Y97.954
G0 F7200 X79.1 Y97.954
G0 X79.1 Y95.097
G0 X79.24 Y95.097
G1 F3600 X74.902 Y90.76 E97.81864
G1 X74.897 Y90.76
G1 X70.76 Y94.897 E97.85532
G0 F7200 X70.76 Y95.103
G1 F3600 X74.897 Y99.24 E97.892
G1 X74.902 Y99.24
G1 X79.24 Y94.902 E97.93047
G1 X79.268 Y94.874
G0 F7200 X79.1 Y94.874
G0 X79.1 Y92.269
G0 X79.24 Y92.269
G1 F3600 X77.731 Y90.76 E97.94385
G1 X77.725 Y90.76
G1 X70.76 Y97.725 E98.00561
G0 F7200 X70.76 Y97.931
G1 F3600 X72.068 Y99.24 E98.01722
G1 X72.074 Y99.24
G1 X79.24 Y92.074 E98.08076
G1 X79.268 Y92.046
G0 F7200 X79.1 Y92.046
G0 X79.13 Y99.13
G0 X79.4 Y99.4
;TYPE:WALL-INNER
G1 F3600 X79.4 Y90.6 E98.13594
G1 X70.6 Y90.6 E98.19112
G1 X70.6 Y99.4 E98.24629
G1 X79.4 Y99.4 E98.30147
G0 F7200 X79.8 Y99.8
;TYPE:WALL-OUTER
G1 F1800 X79.8 Y90.2 E98.36166
G1 X70.2 Y90.2 E98.42186
G1 X70.2 Y99.8 E98.48205
G1 X79.8 Y99.8 E98.54225
G0 F7200 X79.8 Y99.6
G0 X78.8 Y98.918
G1 F1500 E92.04225
G0 F7200 X70.42 Y97.931
G0 X69.335 Y97.931
G0 X60.665 Y97.931
G0 X59.58 Y97.931
G0 X59.24 Y97.931
;TYPE:FILL
G1 F1500 E98.54225
G1 F3600 X57.931 Y99.24 E98.55385
G1 X57.926 Y99.24
G1 X50.76 Y92.073 E98.6174
G1 X50.76 Y92.269
G1 X52.269 Y90.76 E98.63078
G1 X52.275 Y90.76
G1 X59.24 Y97.725 E98.69254
G1 X59.268 Y97.753
G0 F7200 X59.1 Y97.753
G0 X59.1 Y95.103
G0 X59.24 Y95.103
G1 F3600 X55.103 Y99.24 E98.72923
G1 X55.098 Y99.24
G1 X50.76 Y94.902 E98.76769
G1 X50.76 Y95.097
G1 X55.098 Y90.76 E98.80616
G1 X55.103 Y90.76
G1 X59.24 Y94.897 E98.84284
G1 X59.268 Y94.925
G0 F7200 X59.1 Y94.925
G0 X59.1 Y92.275
G0 X59.24 Y92.275
G1 F3600 X52.274 Y99.24 E98.90461
G1 X52.269 Y99.24
G1 X50.76 Y97.73 E98.91799
G1 X50.76 Y97.926
G1 X57.926 Y90.76 E98.98154
G1 X57.932 Y90.76
G1 X59.24 Y92.068 E98.99313
G1 X59.268 Y92.096
G0 F7200 X59.1 Y92.096
G0 X59.13 Y99.13
G0 X59.4 Y99.4
;TYPE:WALL-INNER
G1 F3600 X59.4 Y90.6 E99.04831
G1 X50.6 Y90.6 E99.10349
G1 X50.6 Y99.4 E99.15867
G1 X59.4 Y99.4 E99.21384
G0 F7200 X59.8 Y99.8
;TYPE:WALL-OUTER
G1 F1800 X59.8 Y90.2 E99.27404
G1 X50.2 Y90.2 E99.33423
G1 X50.2 Y99.8 E99.39443
G1 X59.8 Y99.8 E99.45462
G0 F7200 X59.8 Y99.6
G0 X58.8 Y98.918
G1 F1500 E92.95462
;MESH:NONMESH
G0 F600 X58.8 Y98.918 Z2.1
G0 F7200 X50.414 Y90.414
G0 X50.414 Y89.335
G0 X47.88 Y82.587
;TIME_ELAPSED:352.705047
;LAYER:18
;TYPE:SUPPORT
G1 F1500 E99.45462
G1 F3600 X47.88 Y86.814 E99.48112
G1 X47.596 Y86.538 E99.48361
G1 X47.043 Y84.713 E99.49556
G1 X47.586 Y82.889 E99.5075
G1 X48.993 Y81.444 E99.52014
G1 X50.54 Y81.026 E99.53019
G1 X50.54 Y88.408 E99.57648
G1 X51.135 Y88.579 E99.58036
G1 X53.2 Y88.009 E99.59379
G1 X53.2 Y81.411 E99.63516
G1 X54.431 Y82.674 E99.64622
G1 X55.213 Y81.879 E99.65321
G1 X55.86 Y81.701 E99.65742
G1 X55.86 Y87.751 E99.69535
G1 X56.932 Y88.051 E99.70233
G1 X57.168 Y88.032 E99.70382
G1 X58.903 Y87.566 E99.71508
G1 X60.129 Y86.38 E99.72578
G1 X60.601 Y84.738 E99.73649
G1 X60.121 Y83.158 E99.74685
G1 X58.888 Y81.899 E99.7579
G1 X58.52 Y81.799 E99.76029
G1 X58.52 Y87.669 E99.79709
G1 F1500 E93.29709
G0 F7200 X80.653 Y89.347
G0 X87.78 Y91.748
G1 F1500 E99.79709
G1 F3600 X88.873 Y92.902 E99.80706
G1 X89.41 Y94.739 E99.81906
G1 X88.875 Y96.651 E99.83151
G1 X87.78 Y97.746 E99.84122
G1 X87.78 Y91.748 E99.87883
G1 X87.492 Y91.443 E99.88146
G1 X85.58 Y90.907 E99.89391
G1 X85.12 Y91.035 E99.8969
G1 X85.12 Y98.433 E99.94329
G1 X83.746 Y98.031 E99.95226
G1 X82.287 Y96.572 E99.9652
G1 X81.75 Y94.738 E99.97718
G1 X82.287 Y92.902 E99.98918
G1 X82.46 Y92.719 E99.99076
G1 X82.46 Y96.745 E100.016
G1 F1500 E93.516
;MESH:test.stl
G0 F7200 X80.665 Y96.745
G0 X79.58 Y96.745
G0 X79.1 Y97.731
G0 X79.24 Y97.731
;TYPE:FILL
G1 F1500 E100.016
G1 F3600 X77.731 Y99.24 E100.02938
G1 X77.725 Y99.24
G1 X70.76 Y92.275 E100.09114
G0 F7200 X70.76 Y92.068
G1 F3600 X72.068 Y90.76 E100.10274
G1 X72.074 Y90.76
G1 X79.24 Y97.926 E100.16629
G1 X79.268 Y97.954
G0 F7200 X79.1 Y97.954
G0 X79.1 Y95.097
G0 X79.24 Y95.097
G1 F3600 X74.902 Y90.76 E100.20475
G1 X74.897 Y90.76
G1 X70.76 Y94.897 E100.24143
G0 F7200 X70.76 Y95.103
G1 F3600 X74.897 Y99.24 E100.27812
G1 X74.902 Y99.24
G1 X79.24 Y94.902 E100.31658
G1 X79.268 Y94.874
G0 F7200 X79.1 Y94.874
G0 X79.1 Y92.269
G0 X79.24 Y92.269
G1 F3600 X77.731 Y90.76 E100.32996
G1 X77.725 Y90.76
G1 X70.76 Y97.725 E100.39173
G0 F7200 X70.76 Y97.931
G1 F3600 X72.068 Y99.24 E100.40333
G1 X72.074 Y99.24
G1 X79.24 Y92.074 E100.46687
G1 X79.268 Y92.046
G0 F7200 X79.1 Y92.046
G0 X79.13 Y99.13
G0 X79.4 Y99.4
;TYPE:WALL-INNER
G1 F3600 X79.4 Y90.6 E100.52205
G1 X70.6 Y90.6 E100.57723
G1 X70.6 Y99.4 E100.6324
G1 X79.4 Y99.4 E100.68758
G0 F7200 X79.8 Y99.8
;TYPE:WALL-OUTER
G1 F1800 X79.8 Y90.2 E100.74778
G1 X70.2 Y90.2 E100.80797
G1 X70.2 Y99.8 E100.86816
G1 X79.8 Y99.8 E100.92836
G0 F7200 X79.8 Y99.6
G0 X78.8 Y98.918
G1 F1500 E94.42836
G0 F7200 X70.42 Y97.931
G0 X69.335 Y97.931
G0 X60.665 Y97.931
G0 X59.58 Y97.931
G0 X59.24 Y97.931
;TYPE:FILL
G1 F1500 E100.92836
G1 F3600 X57.931 Y99.24 E100.93997
G1 X57.926 Y99.24
G1 X50.76 Y92.073 E101.00351
G1 X50.76 Y92.269
G1 X52.269 Y90.76 E101.01689
G1 X52.275 Y90.76
G1 X59.24 Y97.725 E101.07866
G1 X59.268 Y97.753
G0 F7200 X59.1 Y97.753
G0 X59.1 Y95.103
G0 X59.24 Y95.103
G1 F3600 X55.103 Y99.24 E101.11534
G1 X55.098 Y99.24
G1 X50.76 Y94.902 E101.15381
G1 X50.76 Y95.097
G1 X55.098 Y90.76 E101.19227
G1 X55.103 Y90.76
G1 X59.24 Y94.897 E101.22895
G1 X59.268 Y94.925
G0 F7200 X59.1 Y94.925
G0 X59.1 Y92.275
G0 X59.24 Y92.275
G1 F3600 X52.274 Y99.24 E101.29072
G1 X52.269 Y99.24
G1 X50.76 Y97.73 E101.3041
G1 X50.76 Y97.926
G1 X57.926 Y90.76 E101.36765
G1 X57.932 Y90.76
G1 X59.24 Y92.068 E101.37925
G1 X59.268 Y92.096
G0 F7200 X59.1 Y92.096
G0 X59.13 Y99.13
G0 X59.4 Y99.4
;TYPE:WALL-INNER
G1 F3600 X59.4 Y90.6 E101.43442
G1 X50.6 Y90.6 E101.4896
G1 X50.6 Y99.4 E101.54478
G1 X59.4 Y99.4 E101.59996
G0 F7200 X59.8 Y99.8
;TYPE:WALL-OUTER
G1 F1800 X59.8 Y90.2 E101.66015
G1 X50.2 Y90.2 E101.72034
G1 X50.2 Y99.8 E101.78054
G1 X59.8 Y99.8 E101.84073
G0 F7200 X59.8 Y99.6
G0 X58.8 Y98.918
G1 F1500 E95.34073
;MESH:NONMESH
G0 F600 X58.8 Y98.918 Z2.2
G0 F7200 X50.414 Y90.414
G0 X50.414 Y89.335
G0 X47.88 Y82.377
;TIME_ELAPSED:364.283829
;LAYER:19
;TYPE:SUPPORT
G1 F1500 E101.84073
G1 F3600 X47.88 Y87.07 E101.87016
G1 X47.34 Y86.546 E101.87488
G1 X46.801 Y84.733 E101.88674
G1 X47.35 Y82.922 E101.8986
G1 X48.759 Y81.475 E101.91126
G1 X50.54 Y80.983 E101.92285
G1 X50.54 Y88.465 E101.96976
G1 X50.957 Y88.535 E101.97242
G1 X52.938 Y88.003 E101.98528
G1 X53.2 Y87.748 E101.98757
G1 X53.2 Y81.748 E102.02519
G1 X54.407 Y82.985 E102.03603
G1 X55.478 Y81.891 E102.04563
G1 X55.86 Y81.788 E102.04811
G1 X55.86 Y87.643 E102.08482
G1 X57.274 Y88.046 E102.09404
G1 X59.146 Y87.538 E102.1062
G1 X60.368 Y86.357 E102.11686
G1 X60.845 Y84.722 E102.12754
G1 X60.375 Y83.155 E102.13779
G1 X59.158 Y81.912 E102.1487
G1 X58.52 Y81.741 E102.15284
G1 X58.52 Y87.708 E102.19026
G1 F1500 E95.69026
G0 F7200 X80.653 Y89.347
G0 X87.78 Y91.781
G1 F1500 E102.19026
G1 F3600 X88.853 Y92.914 E102.20004
G1 X89.386 Y94.739 E102.21196
G1 X88.854 Y96.64 E102.22434
G1 X87.78 Y97.714 E102.23386
G1 X87.78 Y91.781 E102.27106
G1 X87.48 Y91.464 E102.2738
G1 X85.58 Y90.931 E102.28617
G1 X85.12 Y91.06 E102.28917
G1 X85.12 Y98.409 E102.33525
G1 X83.758 Y98.011 E102.34415
G1 X82.307 Y96.56 E102.35701
G1 X81.774 Y94.738 E102.36892
G1 X82.307 Y92.914 E102.38083
G1 X82.46 Y92.752 E102.38223
G1 X82.46 Y96.713 E102.40706
G1 F1500 E95.90706
;MESH:test.stl
G0 F7200 X80.665 Y96.713
G0 X79.58 Y96.713
G0 X79.1 Y97.731
G0 X79.24 Y97.731
;TYPE:FILL
G1 F1500 E102.40706
G1 F3600 X77.731 Y99.24 E102.42045
G1 X77.725 Y99.24
G1 X70.76 Y92.275 E102.48221
G0 F7200 X70.76 Y92.068
G1 F3600 X72.068 Y90.76 E102.4938
G1 X72.074 Y90.76
G1 X79.24 Y97.926 E102.55735
G1 X79.268 Y97.954
G0 F7200 X79.1 Y97.954
G0 X79.1 Y95.097
G0 X79.24 Y95.097
G1 F3600 X74.902 Y90.76 E102.59581
G1 X74.897 Y90.76
G1 X70.76 Y94.897 E102.6325
G0 F7200 X70.76 Y95.103
G1 F3600 X74.897 Y99.24 E102.66918
G1 X74.902 Y99.24
G1 X79.24 Y94.902 E102.70765
G1 X79.268 Y94.874
G0 F7200 X79.1 Y94.874
G0 X79.1 Y92.269
G0 X79.24 Y92.269
G1 F3600 X77.731 Y90.76 E102.72103
G1 X77.725 Y90.76
G1 X70.76 Y97.725 E102.78279
G0 F7200 X70.76 Y97.931
G1 F3600 X72.068 Y99.24 E102.79439
G1 X72.074 Y99.24
G1 X79.24 Y92.074 E102.85794
G1 X79.268 Y92.046
G0 F7200 X79.1 Y92.046
G0 X79.13 Y99.13
G0 X79.4 Y99.4
;TYPE:WALL-INNER
G1 F3600 X79.4 Y90.6 E102.91311
G1 X70.6 Y90.6 E102.96829
G1 X70.6 Y99.4 E103.02347
G1 X79.4 Y99.4 E103.07865
G0 F7200 X79.8 Y99.8
;TYPE:WALL-OUTER
G1 F1800 X79.8 Y90.2 E103.13884
G1 X70.2 Y90.2 E103.19903
G1 X70.2 Y99.8 E103.25923
G1 X79.8 Y99.8 E103.31942
G0 F7200 X79.8 Y99.6
G0 X78.8 Y98.918
G1 F1500 E96.81942
G0 F7200 X70.42 Y97.931
G0 X69.335 Y97.931
G0 X60.665 Y97.931
G0 X59.58 Y97.931
G0 X59.24 Y97.931
;TYPE:FILL
G1 F1500 E103.31942
G1 F3600 X57.931 Y99.24 E103.33103
G1 X57.926 Y99.24
G1 X50.76 Y92.073 E103.39458
G1 X50.76 Y92.269
G1 X52.269 Y90.76 E103.40796
G1 X52.275 Y90.76
G1 X59.24 Y97.725 E103.46972
G1 X59.268 Y97.753
G0 F7200 X59.1 Y97.753
G0 X59.1 Y95.103
G0 X59.24 Y95.103
G1 F3600 X55.103 Y99.24 E103.5064
G1 X55.098 Y99.24
G1 X50.76 Y94.902 E103.54487
G1 X50.76 Y95.097
G1 X55.098 Y90.76 E103.58333
G1 X55.103 Y90.76
G1 X59.24 Y94.897 E103.62002
G1 X59.268 Y94.925
G0 F7200 X59.1 Y94.925
G0 X59.1 Y92.275
G0 X59.24 Y92.275
G1 F3600 X52.274 Y99.24 E103.68178
G1 X52.269 Y99.24
G1 X50.76 Y97.73 E103.69517
G1 X50.76 Y97.926
G1 X57.926 Y90.76 E103.75871
G1 X57.932 Y90.76
G1 X59.24 Y92.068 E103.77031
G1 X59.268 Y92.096
G0 F7200 X59.1 Y92.096
G0 X59.13 Y99.13
G0 X59.4 Y99.4
;TYPE:WALL-INNER
G1 F3600 X59.4 Y90.6 E103.82549
G1 X50.6 Y90.6 E103.88066
G1 X50.6 Y99.4 E103.93584
G1 X59.4 Y99.4 E103.99102
G0 F7200 X59.8 Y99.8
;TYPE:WALL-OUTER
G1 F1800 X59.8 Y90.2 E104.05121
G1 X50.2 Y90.2 E104.11141
G1 X50.2 Y99.8 E104.1716
G1 X59.8 Y99.8 E104.23179
G0 F7200 X59.8 Y99.6
G0 X58.8 Y98.918
G1 F1500 E97.73179
;MESH:NONMESH
G0 F600 X58.8 Y98.918 Z2.3
G0 F7200 X50.414 Y90.414
G0 X50.414 Y89.335
G0 X47.88 Y82.105
;TIME_ELAPSED:375.878029
;LAYER:20
;TYPE:SUPPORT
G1 F1500 E104.23179
G1 F3600 X47.88 Y87.268 E104.26417
G1 X47.103 Y86.514 E104.27096
G1 X46.558 Y84.713 E104.28276
G1 X47.093 Y82.913 E104.29453
G1 X48.483 Y81.486 E104.30702
G1 X50.54 Y80.931 E104.32038
G1 X50.54 Y88.513 E104.36792
G1 X50.601 Y88.531 E104.36832
G1 X52.638 Y87.971 E104.38156
G1 X53.2 Y87.425 E104.38648
G1 X53.2 Y82.025 E104.42034
G1 X54.054 Y82.901 E104.42801
G1 X54.23 Y83.494 E104.43189
G1 X55.773 Y81.921 E104.4457
G1 X55.86 Y81.897 E104.44627
G1 X55.86 Y87.554 E104.48174
G1 X57.47 Y88.004 E104.49222
G1 X57.703 Y87.984 E104.49369
G1 X59.415 Y87.524 E104.5048
G1 X60.623 Y86.356 E104.51534
G1 X61.089 Y84.738 E104.5259
G1 X60.617 Y83.185 E104.53607
G1 X59.396 Y81.942 E104.547
G1 X58.52 Y81.703 E104.55269
G1 X58.52 Y87.765 E104.5907
G1 F1500 E98.0907
G0 F7200 X80.653 Y89.347
G0 X87.78 Y91.815
G1 F1500 E104.5907
G1 F3600 X88.832 Y92.925 E104.60029
G1 X89.362 Y94.739 E104.61214
G1 X88.834 Y96.627 E104.62443
G1 X87.78 Y97.681 E104.63378
G1 X87.78 Y91.815 E104.67056
G1 X87.468 Y91.485 E104.67341
G1 X85.58 Y90.955 E104.6857
G1 X85.12 Y91.084 E104.6887
G1 X85.12 Y98.385 E104.73448
G1 X83.769 Y97.99 E104.7433
G1 X82.46 Y96.681 E104.75491
G1 X82.46 Y92.785 E104.77934
G1 F1500 E98.27934
;MESH:test.stl
G0 F7200 X80.665 Y92.785
G0 X79.58 Y92.785
G0 X79.24 Y92.269
;TYPE:FILL
G1 F1500 E104.77934
G1 F3600 X77.731 Y90.76 E104.79272
G1 X77.725 Y90.76
G1 X70.76 Y97.725 E104.85448
G0 F7200 X70.76 Y97.931
G1 F3600 X72.068 Y99.24 E104.86608
G1 X72.074 Y99.24
G1 X79.24 Y92.074 E104.92963
G1 X79.268 Y92.046
G0 F7200 X79.1 Y92.046
G0 X79.1 Y94.902
G0 X79.24 Y94.902
G1 F3600 X74.902 Y99.24 E104.96809
G1 X74.897 Y99.24
G1 X70.76 Y95.103 E105.00478
G0 F7200 X70.76 Y94.897
G1 F3600 X74.897 Y90.76 E105.04146
G1 X74.902 Y90.76
G1 X79.24 Y95.097 E105.07993
G1 X79.268 Y95.125
G0 F7200 X79.1 Y95.125
G0 X79.1 Y97.731
G0 X79.24 Y97.731
G1 F3600 X77.731 Y99.24 E105.09331
G1 X77.725 Y99.24
G1 X70.76 Y92.275 E105.15507
G0 F7200 X70.76 Y92.068
G1 F3600 X72.068 Y90.76 E105.16667
G1 X72.074 Y90.76
G1 X79.24 Y97.926 E105.23021
G1 X79.268 Y97.954
G0 F7200 X79.1 Y97.954
G0 X79.13 Y99.13
G0 X79.4 Y99.4
;TYPE:WALL-INNER
G1 F3600 X79.4 Y90.6 E105.28539
G1 X70.6 Y90.6 E105.34056
G1 X70.6 Y99.4 E105.39574
G1 X79.4 Y99.4 E105.45092
G0 F7200 X79.8 Y99.8
;TYPE:WALL-OUTER
G1 F1800 X79.8 Y90.2 E105.51111
G1 X70.2 Y90.2 E105.57131
G1 X70.2 Y99.8 E105.6315
G1 X79.8 Y99.8 E105.6917
G0 F7200 X79.8 Y99.6
G0 X78.8 Y98.918
G1 F1500 E99.1917
G0 F7200 X70.42 Y97.931
G0 X69.335 Y97.931
G0 X60.665 Y97.931
G0 X59.58 Y97.931
G0 X59.24 Y97.931
;TYPE:FILL
G1 F1500 E105.6917
G1 F3600 X57.931 Y99.24 E105.7033
G1 X57.926 Y99.24
G1 X50.76 Y92.073 E105.76685
G1 X50.76 Y92.269
G1 X52.269 Y90.76 E105.78023
G1 X52.275 Y90.76
G1 X59.24 Y97.725 E105.84199
G1 X59.268 Y97.753
G0 F7200 X59.1 Y97.753
G0 X59.1 Y95.103
G0 X59.24 Y95.103
G1 F3600 X55.103 Y99.24 E105.87868
G1 X55.098 Y99.24
G1 X50.76 Y94.902 E105.91714
G1 X50.76 Y95.097
G1 X55.098 Y90.76 E105.95561
G1 X55.103 Y90.76
G1 X59.24 Y94.897 E105.99229
G1 X59.268 Y94.925
G0 F7200 X59.1 Y94.925
G0 X59.1 Y92.275
G0 X59.24 Y92.275
G1 F3600 X52.274 Y99.24 E106.05406
G1 X52.269 Y99.24
G1 X50.76 Y97.73 E106.06744
G1 X50.76 Y97.926
G1 X57.926 Y90.76 E106.13099
G1 X57.932 Y90.76
G1 X59.24 Y92.068 E106.14258
G1 X59.268 Y92.096
G0 F7200 X59.1 Y92.096
G0 X59.13 Y99.13
G0 X59.4 Y99.4
;TYPE:WALL-INNER
G1 F3600 X59.4 Y90.6 E106.19776
G1 X50.6 Y90.6 E106.25294
G1 X50.6 Y99.4 E106.30812
G1 X59.4 Y99.4 E106.36329
G0 F7200 X59.8 Y99.8
;TYPE:WALL-OUTER
G1 F1800 X59.8 Y90.2 E106.42349
G1 X50.2 Y90.2 E106.48368
G1 X50.2 Y99.8 E106.54388
G1 X59.8 Y99.8 E106.60407
G0 F7200 X59.8 Y99.6
G0 X58.8 Y98.918
G1 F1500 E100.10407
;MESH:NONMESH
G0 F600 X58.8 Y98.918 Z2.4
G0 F7200 X50.414 Y90.414
G0 X50.414 Y89.335
G0 X47.88 Y81.894
;TIME_ELAPSED:387.342272
;LAYER:21
;TYPE:SUPPORT
G1 F1500 E106.60407
G1 F3600 X47.88 Y87.525 E106.63938
G1 X46.846 Y86.522 E106.64841
G1 X46.315 Y84.733 E106.66011
G1 X46.857 Y82.945 E106.67183
G1 X48.248 Y81.517 E106.68432
G1 X50.335 Y80.941 E106.6979
G1 X50.54 Y80.998 E106.69923
G1 X50.54 Y88.455 E106.74599
G1 X52.379 Y87.961 E106.75793
G1 X53.2 Y87.163 E106.76511
G1 X53.2 Y82.364 E106.7952
G1 X53.756 Y82.934 E106.80019
G1 X54.149 Y84.229 E106.80868
G1 X54.513 Y84.229 E106.81096
G1 X54.83 Y83.167 E106.81791
G1 X55.86 Y82.114 E106.82715
G1 X55.86 Y87.263 E106.85943
G1 X56.122 Y87.517 E106.86172
G1 X57.811 Y87.998 E106.87273
G1 X58.52 Y87.807 E106.87733
G1 X58.52 Y81.648 E106.91595
G1 X59.669 Y81.957 E106.92341
G1 X60.869 Y83.183 E106.93417
G1 X61.18 Y84.22 E106.94096
G1 X61.18 Y85.249 E106.94741
G1 F1500 E100.44741
G0 F7200 X80.653 Y89.347
G0 X87.78 Y91.85
G1 F1500 E106.94741
G1 F3600 X88.812 Y92.939 E106.95682
G1 X89.337 Y94.739 E106.96857
G1 X88.812 Y96.615 E106.98079
G1 X87.78 Y97.647 E106.98994
G1 X87.78 Y91.85 E107.02629
G1 X87.454 Y91.505 E107.02926
G1 X85.58 Y90.98 E107.04147
G1 X85.12 Y91.108 E107.04446
G1 X85.12 Y98.36 E107.08993
G1 X83.781 Y97.969 E107.09868
G1 X82.46 Y96.648 E107.11039
G1 X82.46 Y92.82 E107.13439
G1 F1500 E100.63439
;MESH:test.stl
G0 F7200 X80.665 Y92.82
G0 X79.58 Y92.82
G0 X79.24 Y92.269
;TYPE:FILL
G1 F1500 E107.13439
G1 F3600 X77.731 Y90.76 E107.14778
G1 X77.725 Y90.76
G1 X70.76 Y97.725 E107.20954
G0 F7200 X70.76 Y97.931
G1 F3600 X72.068 Y99.24 E107.22114
G1 X72.074 Y99.24
G1 X79.24 Y92.074 E107.28468
G1 X79.268 Y92.046
G0 F7200 X79.1 Y92.046
G0 X79.1 Y94.902
G0 X79.24 Y94.902
G1 F3600 X74.902 Y99.24 E107.32315
G1 X74.897 Y99.24
G1 X70.76 Y95.103 E107.35983
G0 F7200 X70.76 Y94.897
G1 F3600 X74.897 Y90.76 E107.39652
G1 X74.902 Y90.76
G1 X79.24 Y95.097 E107.43498
G1 X79.268 Y95.125
G0 F7200 X79.1 Y95.125
G0 X79.1 Y97.731
G0 X79.24 Y97.731
G1 F3600 X77.731 Y99.24 E107.44836
G1 X77.725 Y99.24
G1 X70.76 Y92.275 E107.51012
G0 F7200 X70.76 Y92.068
G1 F3600 X72.068 Y90.76 E107.52172
G1 X72.074 Y90.76
G1 X79.24 Y97.926 E107.58527
G1 X79.268 Y97.954
G0 F7200 X79.1 Y97.954
G0 X79.13 Y99.13
G0 X79.4 Y99.4
;TYPE:WALL-INNER
G1 F3600 X79.4 Y90.6 E107.64044
G1 X70.6 Y90.6 E107.69562
G1 X70.6 Y99.4 E107.7508
G1 X79.4 Y99.4 E107.80598
G0 F7200 X79.8 Y99.8
;TYPE:WALL-OUTER
G1 F1800 X79.8 Y90.2 E107.86617
G1 X70.2 Y90.2 E107.92636
G1 X70.2 Y99.8 E107.98656
G1 X79.8 Y99.8 E108.04675
G0 F7200 X79.8 Y99.6
G0 X78.8 Y98.918
G1 F1500 E101.54675
G0 F7200 X70.42 Y97.931
G0 X69.335 Y97.931
G0 X60.665 Y97.931
G0 X59.58 Y97.931
G0 X59.24 Y97.931
;TYPE:FILL
G1 F1500 E108.04675
G1 F3600 X57.931 Y99.24 E108.05836
G1 X57.926 Y99.24
G1 X50.76 Y92.073 E108.12191
G1 X50.76 Y92.269
G1 X52.269 Y90.76 E108.13529
G1 X52.275 Y90.76
G1 X59.24 Y97.725 E108.19705
G1 X59.268 Y97.753
G0 F7200 X59.1 Y97.753
G0 X59.1 Y95.103
G0 X59.24 Y95.103
G1 F3600 X55.103 Y99.24 E108.23373
G1 X55.098 Y99.24
G1 X50.76 Y94.902 E108.2722
G1 X50.76 Y95.097
G1 X55.098 Y90.76 E108.31066
G1 X55.103 Y90.76
G1 X59.24 Y94.897 E108.34735
G1 X59.268 Y94.925
G0 F7200 X59.1 Y94.925
G0 X59.1 Y92.275
G0 X59.24 Y92.275
G1 F3600 X52.274 Y99.24 E108.40911
G1 X52.269 Y99.24
G1 X50.76 Y97.73 E108.4225
G1 X50.76 Y97.926
G1 X57.926 Y90.76 E108.48604
G1 X57.932 Y90.76
G1 X59.24 Y92.068 E108.49764
G1 X59.268 Y92.096
G0 F7200 X59.1 Y92.096
G0 X59.13 Y99.13
G0 X59.4 Y99.4
;TYPE:WALL-INNER
G1 F3600 X59.4 Y90.6 E108.55282
G1 X50.6 Y90.6 E108.608
G1 X50.6 Y99.4 E108.66317
G1 X59.4 Y99.4 E108.71835
G0 F7200 X59.8 Y99.8
;TYPE:WALL-OUTER
G1 F1800 X59.8 Y90.2 E108.77854
G1 X50.2 Y90.2 E108.83874
G1 X50.2 Y99.8 E108.89893
G1 X59.8 Y99.8 E108.95913
G0 F7200 X59.8 Y99.6
G0 X58.8 Y98.918
G1 F1500 E102.45913
;MESH:NONMESH
G0 F600 X58.8 Y98.918 Z2.5
G0 F7200 X50.414 Y90.414
G0 X50.414 Y89.335
G0 X47.88 Y81.624
;TIME_ELAPSED:398.749713
;LAYER:22
;TYPE:SUPPORT
G1 F1500 E108.95913
G1 F3600 X47.88 Y87.721 E108.99735
G1 X46.61 Y86.49 E109.00844
G1 X46.071 Y84.713 E109.02009
G1 X46.6 Y82.936 E109.03171
G1 X47.973 Y81.529 E109.04404
G1 X49.914 Y81.005 E109.05665
G1 X50.157 Y80.985 E109.05818
G1 X50.54 Y81.089 E109.06066
G1 X50.54 Y88.352 E109.1062
G1 X52.077 Y87.93 E109.1162
G1 X53.467 Y86.581 E109.12834
G1 X54.009 Y84.714 E109.14053
G1 X53.477 Y82.924 E109.15224
G1 X53.2 Y82.64 E109.15473
G1 X53.2 Y86.841 E109.18107
G1 F1500 E102.68107
G0 F7200 X55.86 Y86.994
G1 F1500 E109.18107
G1 F3600 X55.86 Y82.443 E109.20961
G1 X55.123 Y83.195 E109.21621
G1 X54.656 Y84.735 E109.2263
G1 X55.119 Y86.278 E109.2364
G1 X56.387 Y87.504 E109.24746
G1 X58.008 Y87.958 E109.25801
G1 X58.52 Y87.86 E109.26128
G1 X58.52 Y81.607 E109.30049
G1 X59.912 Y81.984 E109.30953
G1 X61.11 Y83.206 E109.32026
G1 X61.18 Y83.437 E109.32178
G1 X61.18 Y86.11 E109.33854
G1 F1500 E102.83854
G0 F7200 X80.653 Y89.347
G0 X87.78 Y91.883
G1 F1500 E109.33854
G1 F3600 X88.79 Y92.949 E109.34774
G1 X89.313 Y94.739 E109.35944
G1 X88.792 Y96.602 E109.37157
G1 X87.78 Y97.614 E109.38054
G1 X87.78 Y91.883 E109.41647
G1 X87.443 Y91.527 E109.41955
G1 X85.58 Y91.004 E109.43168
G1 X85.12 Y91.133 E109.43468
G1 X85.12 Y98.336 E109.47984
G1 X83.793 Y97.948 E109.48851
G1 X82.46 Y96.615 E109.50033
G1 X82.46 Y92.853 E109.52392
G1 F1500 E103.02392
;MESH:test.stl
G0 F7200 X80.665 Y92.853
G0 X79.58 Y92.853
G0 X79.24 Y92.269
;TYPE:FILL
G1 F1500 E109.52392
G1 F3600 X77.731 Y90.76 E109.5373
G1 X77.725 Y90.76
G1 X70.76 Y97.725 E109.59906
G0 F7200 X70.76 Y97.931
G1 F3600 X72.068 Y99.24 E109.61066
G1 X72.074 Y99.24
G1 X79.24 Y92.074 E109.67421
G1 X79.268 Y92.046
G0 F7200 X79.1 Y92.046
G0 X79.1 Y94.902
G0 X79.24 Y94.902
G1 F3600 X74.902 Y99.24 E109.71267
G1 X74.897 Y99.24
G1 X70.76 Y95.103 E109.74936
G0 F7200 X70.76 Y94.897
G1 F3600 X74.897 Y90.76 E109.78604
G1 X74.902 Y90.76
G1 X79.24 Y95.097 E109.8245
G1 X79.268 Y95.125
G0 F7200 X79.1 Y95.125
G0 X79.1 Y97.731
G0 X79.24 Y97.731
G1 F3600 X77.731 Y99.24 E109.83789
G1 X77.725 Y99.24
G1 X70.76 Y92.275 E109.89965
G0 F7200 X70.76 Y92.068
G1 F3600 X72.068 Y90.76 E109.91125
G1 X72.074 Y90.76
G1 X79.24 Y97.926 E109.97479
G1 X79.268 Y97.954
G0 F7200 X79.1 Y97.954
G0 X79.13 Y99.13
G0 X79.4 Y99.4
;TYPE:WALL-INNER
G1 F3600 X79.4 Y90.6 E110.02997
G1 X70.6 Y90.6 E110.08514
G1 X70.6 Y99.4 E110.14032
G1 X79.4 Y99.4 E110.1955
G0 F7200 X79.8 Y99.8
;TYPE:WALL-OUTER
G1 F1800 X79.8 Y90.2 E110.25569
G1 X70.2 Y90.2 E110.31589
G1 X70.2 Y99.8 E110.37608
G1 X79.8 Y99.8 E110.43627
G0 F7200 X79.8 Y99.6
G0 X78.8 Y98.918
G1 F1500 E103.93627
G0 F7200 X70.42 Y97.931
G0 X69.335 Y97.931
G0 X60.665 Y97.931
G0 X59.58 Y97.931
G0 X59.24 Y97.931
;TYPE:FILL
G1 F1500 E110.43627
G1 F3600 X57.931 Y99.24 E110.44788
G1 X57.926 Y99.24
G1 X50.76 Y92.073 E110.51143
G1 X50.76 Y92.269
G1 X52.269 Y90.76 E110.52481
G1 X52.275 Y90.76
G1 X59.24 Y97.725 E110.58657
G1 X59.268 Y97.753
G0 F7200 X59.1 Y97.753
G0 X59.1 Y95.103
G0 X59.24 Y95.103
G1 F3600 X55.103 Y99.24 E110.62326
G1 X55.098 Y99.24
G1 X50.76 Y94.902 E110.66172
G1 X50.76 Y95.097
G1 X55.098 Y90.76 E110.70019
G1 X55.103 Y90.76
G1 X59.24 Y94.897 E110.73687
G1 X59.268 Y94.925
G0 F7200 X59.1 Y94.925
G0 X59.1 Y92.275
G0 X59.24 Y92.275
G1 F3600 X52.274 Y99.24 E110.79864
G1 X52.269 Y99.24
G1 X50.76 Y97.73 E110.81202
G1 X50.76 Y97.926
G1 X57.926 Y90.76 E110.87556
G1 X57.932 Y90.76
G1 X59.24 Y92.068 E110.88716
G1 X59.268 Y92.096
G0 F7200 X59.1 Y92.096
G0 X59.13 Y99.13
G0 X59.4 Y99.4
;TYPE:WALL-INNER
G1 F3600 X59.4 Y90.6 E110.94234
G1 X50.6 Y90.6 E110.99752
G1 X50.6 Y99.4 E111.0527
G1 X59.4 Y99.4 E111.10787
G0 F7200 X59.8 Y99.8
;TYPE:WALL-OUTER
G1 F1800 X59.8 Y90.2 E111.16807
G1 X50.2 Y90.2 E111.22826
G1 X50.2 Y99.8 E111.28846
G1 X59.8 Y99.8 E111.34865
G0 F7200 X59.8 Y99.6
G0 X58.8 Y98.918
G1 F1500 E104.84865
;MESH:NONMESH
G0 F600 X58.8 Y98.918 Z2.6
G0 F7200 X50.414 Y90.414
G0 X50.414 Y89.335
G0 X47.88 Y81.52
;TIME_ELAPSED:410.814631
;LAYER:23
;TYPE:SUPPORT
G1 F1500 E111.34865
G1 F3600 X47.88 Y87.921 E111.38878
G1 X47.796 Y87.898 E111.38933
G1 X46.353 Y86.498 E111.40194
G1 X45.829 Y84.733 E111.41348
G1 X46.364 Y82.969 E111.42504
G1 X47.738 Y81.56 E111.43738
G1 X49.8 Y80.99 E111.45079
G1 X50.54 Y81.194 E111.45561
G1 X50.54 Y88.262 E111.49992
G1 X51.819 Y87.918 E111.50823
G1 X53.2 Y86.575 E111.52031
G1 X53.2 Y83.027 E111.54255
G1 F1500 E105.04255
G0 F7200 X55.86 Y86.686
G1 F1500 E111.54255
G1 F3600 X55.86 Y82.73 E111.56736
G1 X55.407 Y83.193 E111.57142
G1 X54.948 Y84.725 E111.58145
G1 X55.413 Y86.254 E111.59147
G1 X56.679 Y87.478 E111.60251
G1 X58.346 Y87.951 E111.61338
G1 X58.52 Y87.905 E111.6145
G1 X58.52 Y81.556 E111.65431
G1 X60.176 Y82 E111.66506
G1 X61.18 Y83.023 E111.67405
G1 X61.18 Y86.485 E111.69576
G1 F1500 E105.19576
G0 F7200 X80.653 Y89.347
G0 X87.78 Y91.917
G1 F1500 E111.69576
G1 F3600 X88.769 Y92.961 E111.70478
G1 X89.288 Y94.74 E111.71639
G1 X88.77 Y96.591 E111.72845
G1 X87.78 Y97.581 E111.73723
G1 X87.78 Y91.917 E111.77274
G1 X87.431 Y91.548 E111.77592
G1 X85.58 Y91.029 E111.78798
G1 X85.12 Y91.157 E111.79097
G1 X85.12 Y98.311 E111.83583
G1 X83.805 Y97.927 E111.84442
G1 X82.46 Y96.582 E111.85635
G1 X82.46 Y92.888 E111.87951
G1 F1500 E105.37951
;MESH:test.stl
G0 F7200 X80.665 Y92.888
G0 X79.58 Y92.888
G0 X79.24 Y92.269
;TYPE:FILL
G1 F1500 E111.87951
G1 F3600 X77.731 Y90.76 E111.89289
G1 X77.725 Y90.76
G1 X70.76 Y97.725 E111.95465
G0 F7200 X70.76 Y97.931
G1 F3600 X72.068 Y99.24 E111.96625
G1 X72.074 Y99.24
G1 X79.24 Y92.074 E112.0298
G1 X79.268 Y92.046
G0 F7200 X79.1 Y92.046
G0 X79.1 Y94.902
G0 X79.24 Y94.902
G1 F3600 X74.902 Y99.24 E112.06826
G1 X74.897 Y99.24
G1 X70.76 Y95.103 E112.10495
G0 F7200 X70.76 Y94.897
G1 F3600 X74.897 Y90.76 E112.14163
G1 X74.902 Y90.76
G1 X79.24 Y95.097 E112.18009
G1 X79.268 Y95.125
G0 F7200 X79.1 Y95.125
G0 X79.1 Y97.731
G0 X79.24 Y97.731
G1 F3600 X77.731 Y99.24 E112.19347
G1 X77.725 Y99.24
G1 X70.76 Y92.275 E112.25524
G0 F7200 X70.76 Y92.068
G1 F3600 X72.068 Y90.76 E112.26683
G1 X72.074 Y90.76
G1 X79.24 Y97.926 E112.33038
G1 X79.268 Y97.954
G0 F7200 X79.1 Y97.954
G0 X79.13 Y99.13
G0 X79.4 Y99.4
;TYPE:WALL-INNER
G1 F3600 X79.4 Y90.6 E112.38556
G1 X70.6 Y90.6 E112.44073
G1 X70.6 Y99.4 E112.49591
G1 X79.4 Y99.4 E112.55109
G0 F7200 X79.8 Y99.8
;TYPE:WALL-OUTER
G1 F1800 X79.8 Y90.2 E112.61128
G1 X70.2 Y90.2 E112.67148
G1 X70.2 Y99.8 E112.73167
G1 X79.8 Y99.8 E112.79186
G0 F7200 X79.8 Y99.6
G0 X78.8 Y98.918
G1 F1500 E106.29186
G0 F7200 X70.42 Y97.931
G0 X69.335 Y97.931
G0 X60.665 Y97.931
G0 X59.58 Y97.931
G0 X59.24 Y97.931
;TYPE:FILL
G1 F1500 E112.79186
G1 F3600 X57.931 Y99.24 E112.80347
G1 X57.926 Y99.24
G1 X50.76 Y92.073 E112.86702
G1 X50.76 Y92.269
G1 X52.269 Y90.76 E112.8804
G1 X52.275 Y90.76
G1 X59.24 Y97.725 E112.94216
G1 X59.268 Y97.753
G0 F7200 X59.1 Y97.753
G0 X59.1 Y95.103
G0 X59.24 Y95.103
G1 F3600 X55.103 Y99.24 E112.97885
G1 X55.098 Y99.24
G1 X50.76 Y94.902 E113.01731
G1 X50.76 Y95.097
G1 X55.098 Y90.76 E113.05577
G1 X55.103 Y90.76
G1 X59.24 Y94.897 E113.09246
G1 X59.268 Y94.925
G0 F7200 X59.1 Y94.925
G0 X59.1 Y92.275
G0 X59.24 Y92.275
G1 F3600 X52.274 Y99.24 E113.15422
G1 X52.269 Y99.24
G1 X50.76 Y97.73 E113.16761
G1 X50.76 Y97.926
G1 X57.926 Y90.76 E113.23115
G1 X57.932 Y90.76
G1 X59.24 Y92.068 E113.24275
G1 X59.268 Y92.096
G0 F7200 X59.1 Y92.096
G0 X59.13 Y99.13
G0 X59.4 Y99.4
;TYPE:WALL-INNER
G1 F3600 X59.4 Y90.6 E113.29793
G1 X50.6 Y90.6 E113.35311
G1 X50.6 Y99.4 E113.40829
G1 X59.4 Y99.4 E113.46346
G0 F7200 X59.8 Y99.8
;TYPE:WALL-OUTER
G1 F1800 X59.8 Y90.2 E113.52366
G1 X50.2 Y90.2 E113.58385
G1 X50.2 Y99.8 E113.64404
G1 X59.8 Y99.8 E113.70424
G0 F7200 X59.8 Y99.6
G0 X58.8 Y98.918
G1 F1500 E107.20424
;MESH:NONMESH
G0 F600 X58.8 Y98.918 Z2.7
G0 F7200 X50.414 Y90.414
G0 X50.414 Y89.335
G0 X47.88 Y81.456
;TIME_ELAPSED:422.800025
;LAYER:24
;TYPE:SUPPORT
G1 F1500 E113.70424
G1 F3600 X47.88 Y87.959 E113.74501
G1 X47.561 Y87.868 E113.74709
G1 X46.117 Y86.467 E113.75971
G1 X45.584 Y84.713 E113.7712
G1 X46.106 Y82.959 E113.78268
G1 X47.462 Y81.569 E113.79485
G1 X49.38 Y81.053 E113.80731
G1 X49.621 Y81.034 E113.80882
G1 X50.54 Y81.282 E113.81479
G1 X50.54 Y88.157 E113.8579
G1 X51.517 Y87.888 E113.86425
G1 X52.89 Y86.556 E113.87625
G1 X53.2 Y85.489 E113.88321
G1 X53.2 Y83.958 E113.89281
G1 F1500 E107.39281
G0 F7200 X61.18 Y82.799
G1 F1500 E113.89281
G1 F3600 X61.605 Y83.231 E113.89661
G1 X62.063 Y84.738 E113.90649
G1 X61.609 Y86.308 E113.91674
G1 X61.18 Y86.723 E113.92048
G1 X61.18 Y82.799 E113.94508
G1 X60.421 Y82.026 E113.95188
G1 X58.614 Y81.537 E113.96361
G1 X58.52 Y81.562 E113.96422
G1 X58.52 Y87.903 E114.00398
G1 X56.945 Y87.462 E114.01424
G1 X55.86 Y86.414 E114.0237
G1 X55.86 Y83.056 E114.04475
G1 F1500 E107.54475
G0 F7200 X80.653 Y89.347
G0 X87.78 Y91.951
G1 F1500 E114.04475
G1 F3600 X88.748 Y92.972 E114.05357
G1 X89.264 Y94.739 E114.06512
G1 X88.749 Y96.579 E114.0771
G1 X87.78 Y97.548 E114.08569
G1 X87.78 Y91.951 E114.12078
G1 X87.419 Y91.569 E114.12408
G1 X85.58 Y91.053 E114.13606
G1 X85.12 Y91.182 E114.13905
G1 X85.12 Y98.287 E114.1836
G1 X83.816 Y97.906 E114.19212
G1 X82.46 Y96.55 E114.20414
G1 X82.46 Y92.921 E114.2269
G1 F1500 E107.7269
;MESH:test.stl
G0 F7200 X80.665 Y92.921
G0 X79.58 Y92.921
G0 X79.24 Y92.269
;TYPE:FILL
G1 F1500 E114.2269
G1 F3600 X77.731 Y90.76 E114.24028
G1 X77.725 Y90.76
G1 X70.76 Y97.725 E114.30204
G0 F7200 X70.76 Y97.931
G1 F3600 X72.068 Y99.24 E114.31364
G1 X72.074 Y99.24
G1 X79.24 Y92.074 E114.37719
G1 X79.268 Y92.046
G0 F7200 X79.1 Y92.046
G0 X79.1 Y94.902
G0 X79.24 Y94.902
G1 F3600 X74.902 Y99.24 E114.41565
G1 X74.897 Y99.24
G1 X70.76 Y95.103 E114.45234
G0 F7200 X70.76 Y94.897
G1 F3600 X74.897 Y90.76 E114.48902
G1 X74.902 Y90.76
G1 X79.24 Y95.097 E114.52748
G1 X79.268 Y95.125
G0 F7200 X79.1 Y95.125
G0 X79.1 Y97.731
G0 X79.24 Y97.731
G1 F3600 X77.731 Y99.24 E114.54086
G1 X77.725 Y99.24
G1 X70.76 Y92.275 E114.60263
G0 F7200 X70.76 Y92.068
G1 F3600 X72.068 Y90.76 E114.61422
G1 X72.074 Y90.76
G1 X79.24 Y97.926 E114.67777
G1 X79.268 Y97.954
G0 F7200 X79.1 Y97.954
G0 X79.13 Y99.13
G0 X79.4 Y99.4
;TYPE:WALL-INNER
G1 F3600 X79.4 Y90.6 E114.73295
G1 X70.6 Y90.6 E114.78812
G1 X70.6 Y99.4 E114.8433
G1 X79.4 Y99.4 E114.89848
G0 F7200 X79.8 Y99.8
;TYPE:WALL-OUTER
G1 F1800 X79.8 Y90.2 E114.95867
G1 X70.2 Y90.2 E115.01887
G1 X70.2 Y99.8 E115.07906
G1 X79.8 Y99.8 E115.13925
G0 F7200 X79.8 Y99.6
G0 X78.8 Y98.918
G1 F1500 E108.63925
G0 F7200 X70.42 Y97.931
G0 X69.335 Y97.931
G0 X60.665 Y97.931
G0 X59.58 Y97.931
G0 X59.24 Y97.931
;TYPE:FILL
G1 F1500 E115.13925
G1 F3600 X57.931 Y99.24 E115.15086
G1 X57.926 Y99.24
G1 X50.76 Y92.073 E115.21441
G1 X50.76 Y92.269
G1 X52.269 Y90.76 E115.22779
G1 X52.275 Y90.76
G1 X59.24 Y97.725 E115.28955
G1 X59.268 Y97.753
G0 F7200 X59.1 Y97.753
G0 X59.1 Y95.103
G0 X59.24 Y95.103
G1 F3600 X55.103 Y99.24 E115.32624
G1 X55.098 Y99.24
G1 X50.76 Y94.902 E115.3647
G1 X50.76 Y95.097
G1 X55.098 Y90.76 E115.40317
G1 X55.103 Y90.76
G1 X59.24 Y94.897 E115.43985
G1 X59.268 Y94.925
G0 F7200 X59.1 Y94.925
G0 X59.1 Y92.275
G0 X59.24 Y92.275
G1 F3600 X52.274 Y99.24 E115.50162
G1 X52.269 Y99.24
G1 X50.76 Y97.73 E115.515
G1 X50.76 Y97.926
G1 X57.926 Y90.76 E115.57854
G1 X57.932 Y90.76
G1 X59.24 Y92.068 E115.59014
G1 X59.268 Y92.096
G0 F7200 X59.1 Y92.096
G0 X59.13 Y99.13
G0 X59.4 Y99.4
;TYPE:WALL-INNER
G1 F3600 X59.4 Y90.6 E115.64532
G1 X50.6 Y90.6 E115.7005
G1 X50.6 Y99.4 E115.75568
G1 X59.4 Y99.4 E115.81085
G0 F7200 X59.8 Y99.8
;TYPE:WALL-OUTER
G1 F1800 X59.8 Y90.2 E115.87105
G1 X50.2 Y90.2 E115.93124
G1 X50.2 Y99.8 E115.99143
G1 X59.8 Y99.8 E116.05163
G0 F7200 X59.8 Y99.6
G0 X58.8 Y98.918
G1 F1500 E109.55163
;MESH:NONMESH
G0 F600 X58.8 Y98.918 Z2.8
G0 F7200 X50.54 Y90.42
G0 X50.54 Y89.335
G0 X50.54 Y81.39
;TIME_ELAPSED:434.835545
;LAYER:25
;TYPE:SUPPORT
G1 F1500 E116.05163
G1 F3600 X51.237 Y81.581 E116.05616
G1 X52.602 Y82.98 E116.06842
G1 X53.136 Y84.736 E116.07992
G1 X52.613 Y86.562 E116.09183
G1 X51.26 Y87.877 E116.10366
G1 X50.54 Y88.071 E116.10834
G1 X50.54 Y81.39 E116.15023
G1 X49.265 Y81.038 E116.15852
G1 X47.228 Y81.602 E116.17178
G1 X45.871 Y82.994 E116.18397
G1 X45.343 Y84.735 E116.19537
G1 X45.86 Y86.476 E116.20676
G1 X47.284 Y87.857 E116.2192
G1 X47.88 Y88.024 E116.22308
G1 X47.88 Y81.421 E116.26448
G1 F1500 E109.76448
G0 F7200 X61.18 Y82.533
G1 F1500 E116.26448
G1 F3600 X61.853 Y83.22 E116.27051
G1 X62.3 Y84.717 E116.28031
G1 X61.844 Y86.278 E116.2905
G1 X61.18 Y86.92 E116.2963
G1 X61.18 Y82.533 E116.3238
G1 X60.691 Y82.033 E116.32819
G1 X59.043 Y81.594 E116.33888
G1 X58.809 Y81.577 E116.34035
G1 X58.52 Y81.654 E116.34223
G1 X58.52 Y87.8 E116.38077
G1 X57.237 Y87.437 E116.38913
G1 X55.99 Y86.233 E116.39999
G1 X55.86 Y85.805 E116.4028
G1 X55.86 Y83.638 E116.41639
G1 F1500 E109.91639
G0 F7200 X80.653 Y89.347
G0 X87.78 Y91.984
G1 F1500 E116.41639
G1 F3600 X88.727 Y92.984 E116.42502
G1 X89.24 Y94.739 E116.43649
G1 X88.729 Y96.566 E116.44838
G1 X87.78 Y97.515 E116.4568
G1 X87.78 Y91.984 E116.49148
G1 X87.407 Y91.589 E116.49488
G1 X85.58 Y91.077 E116.50678
G1 X85.12 Y91.205 E116.50977
G1 X85.12 Y98.263 E116.55403
G1 X83.828 Y97.885 E116.56247
G1 X82.46 Y96.517 E116.5746
G1 X82.46 Y92.955 E116.59694
G1 F1500 E110.09694
;MESH:test.stl
G0 F7200 X80.665 Y92.955
G0 X79.58 Y92.955
G0 X79.24 Y92.269
;TYPE:FILL
G1 F1500 E116.59694
G1 F3600 X77.731 Y90.76 E116.61032
G1 X77.725 Y90.76
G1 X70.76 Y97.725 E116.67208
G0 F7200 X70.76 Y97.931
G1 F3600 X72.068 Y99.24 E116.68368
G1 X72.074 Y99.24
G1 X79.24 Y92.074 E116.74722
G1 X79.268 Y92.046
G0 F7200 X79.1 Y92.046
G0 X79.1 Y94.902
G0 X79.24 Y94.902
G1 F3600 X74.902 Y99.24 E116.78569
G1 X74.897 Y99.24
G1 X70.76 Y95.103 E116.82238
G0 F7200 X70.76 Y94.897
G1 F3600 X74.897 Y90.76 E116.85906
G1 X74.902 Y90.76
G1 X79.24 Y95.097 E116.89752
G1 X79.268 Y95.125
G0 F7200 X79.1 Y95.125
G0 X79.1 Y97.731
G0 X79.24 Y97.731
G1 F3600 X77.731 Y99.24 E116.9109
G1 X77.725 Y99.24
G1 X70.76 Y92.275 E116.97266
G0 F7200 X70.76 Y92.068
G1 F3600 X72.068 Y90.76 E116.98426
G1 X72.074 Y90.76
G1 X79.24 Y97.926 E117.04781
G1 X79.268 Y97.954
G0 F7200 X79.1 Y97.954
G0 X79.13 Y99.13
G0 X79.4 Y99.4
;TYPE:WALL-INNER
G1 F3600 X79.4 Y90.6 E117.10298
G1 X70.6 Y90.6 E117.15816
G1 X70.6 Y99.4 E117.21334
G1 X79.4 Y99.4 E117.26852
G0 F7200 X79.8 Y99.8
;TYPE:WALL-OUTER
G1 F1800 X79.8 Y90.2 E117.32871
G1 X70.2 Y90.2 E117.3889
G1 X70.2 Y99.8 E117.4491
G1 X79.8 Y99.8 E117.50929
G0 F7200 X79.8 Y99.6
G0 X78.8 Y98.918
G1 F1500 E111.00929
G0 F7200 X70.42 Y97.931
G0 X69.335 Y97.931
G0 X60.665 Y97.931
G0 X59.58 Y97.931
G0 X59.24 Y97.931
;TYPE:FILL
G1 F1500 E117.50929
G1 F3600 X57.931 Y99.24 E117.5209
G1 X57.926 Y99.24
G1 X50.76 Y92.073 E117.58445
G1 X50.76 Y92.269
G1 X52.269 Y90.76 E117.59783
G1 X52.275 Y90.76
G1 X59.24 Y97.725 E117.65959
G1 X59.268 Y97.753
G0 F7200 X59.1 Y97.753
G0 X59.1 Y95.103
G0 X59.24 Y95.103
G1 F3600 X55.103 Y99.24 E117.69627
G1 X55.098 Y99.24
G1 X50.76 Y94.902 E117.73474
G1 X50.76 Y95.097
G1 X55.098 Y90.76 E117.7732
G1 X55.103 Y90.76
G1 X59.24 Y94.897 E117.80989
G1 X59.268 Y94.925
G0 F7200 X59.1 Y94.925
G0 X59.1 Y92.275
G0 X59.24 Y92.275
G1 F3600 X52.274 Y99.24 E117.87165
G1 X52.269 Y99.24
G1 X50.76 Y97.73 E117.88504
G1 X50.76 Y97.926
G1 X57.926 Y90.76 E117.94858
G1 X57.932 Y90.76
G1 X59.24 Y92.068 E117.96018
G1 X59.268 Y92.096
G0 F7200 X59.1 Y92.096
G0 X59.13 Y99.13
G0 X59.4 Y99.4
;TYPE:WALL-INNER
G1 F3600 X59.4 Y90.6 E118.01536
G1 X50.6 Y90.6 E118.07054
G1 X50.6 Y99.4 E118.12571
G1 X59.4 Y99.4 E118.18089
G0 F7200 X59.8 Y99.8
;TYPE:WALL-OUTER
G1 F1800 X59.8 Y90.2 E118.24108
G1 X50.2 Y90.2 E118.30128
G1 X50.2 Y99.8 E118.36147
G1 X59.8 Y99.8 E118.42167
G0 F7200 X59.8 Y99.6
G0 X58.8 Y98.918
G1 F1500 E111.92167
;MESH:NONMESH
G0 F600 X58.8 Y98.918 Z2.9
G0 F7200 X50.54 Y90.42
G0 X50.54 Y89.335
G0 X50.54 Y81.473
;TIME_ELAPSED:446.979660
;LAYER:26
;TYPE:SUPPORT
G1 F1500 E118.42167
G1 F3600 X50.977 Y81.59 E118.4245
G1 X52.323 Y82.971 E118.43659
G1 X52.841 Y84.713 E118.44799
G1 X52.312 Y86.531 E118.45986
G1 X50.957 Y87.846 E118.4717
G1 X50.54 Y87.961 E118.47441
G1 X50.54 Y81.473 E118.51509
G1 X49.087 Y81.083 E118.52453
G1 X48.842 Y81.102 E118.52607
G1 X47.88 Y81.36 E118.53231
G1 X47.88 Y88.063 E118.57434
G1 X47.048 Y87.825 E118.57977
G1 X45.622 Y86.443 E118.59222
G1 X45.22 Y85.117 E118.60091
G1 X45.22 Y84.298 E118.60604
G1 F1500 E112.10604
G0 F7200 X61.18 Y82.316
G1 F1500 E118.60604
G1 F3600 X62.093 Y83.244 E118.61421
G1 X62.544 Y84.727 E118.62392
G1 X62.097 Y86.272 E118.63401
G1 X61.18 Y87.158 E118.642
G1 X61.18 Y82.316 E118.67236
G1 X60.926 Y82.057 E118.67464
G1 X59.156 Y81.578 E118.68614
G1 X58.52 Y81.752 E118.69027
G1 X58.52 Y87.701 E118.72757
G1 X57.499 Y87.417 E118.73422
G1 X56.271 Y86.231 E118.74492
G1 X55.86 Y84.855 E118.75393
G1 X55.86 Y84.616 E118.75543
G1 F1500 E112.25543
G0 F7200 X80.653 Y89.347
G0 X87.78 Y92.019
G1 F1500 E118.75543
G1 F3600 X88.706 Y92.996 E118.76387
G1 X89.215 Y94.739 E118.77525
G1 X88.707 Y96.554 E118.78707
G1 X87.78 Y97.481 E118.79529
G1 X87.78 Y92.019 E118.82954
G1 X87.394 Y91.611 E118.83306
G1 X85.58 Y91.102 E118.84487
G1 X85.12 Y91.231 E118.84787
G1 X85.12 Y98.238 E118.8918
G1 X83.84 Y97.864 E118.90016
G1 X82.46 Y96.484 E118.9124
G1 X82.46 Y92.989 E118.93431
G1 F1500 E112.43431
;MESH:test.stl
G0 F7200 X80.665 Y92.989
G0 X79.58 Y92.989
G0 X79.24 Y92.269
;TYPE:FILL
G1 F1500 E118.93431
G1 F3600 X77.731 Y90.76 E118.9477
G1 X77.725 Y90.76
G1 X70.76 Y97.725 E119.00946
G0 F7200 X70.76 Y97.931
G1 F3600 X72.068 Y99.24 E119.02106
G1 X72.074 Y99.24
G1 X79.24 Y92.074 E119.0846
G1 X79.268 Y92.046
G0 F7200 X79.1 Y92.046
G0 X79.1 Y94.902
G0 X79.24 Y94.902
G1 F3600 X74.902 Y99.24 E119.12307
G1 X74.897 Y99.24
G1 X70.76 Y95.103 E119.15975
G0 F7200 X70.76 Y94.897
G1 F3600 X74.897 Y90.76 E119.19644
G1 X74.902 Y90.76
G1 X79.24 Y95.097 E119.2349
G1 X79.268 Y95.125
G0 F7200 X79.1 Y95.125
G0 X79.1 Y97.731
G0 X79.24 Y97.731
G1 F3600 X77.731 Y99.24 E119.24828
G1 X77.725 Y99.24
G1 X70.76 Y92.275 E119.31004
G0 F7200 X70.76 Y92.068
G1 F3600 X72.068 Y90.76 E119.32164
G1 X72.074 Y90.76
G1 X79.24 Y97.926 E119.38519
G1 X79.268 Y97.954
G0 F7200 X79.1 Y97.954
G0 X79.13 Y99.13
G0 X79.4 Y99.4
;TYPE:WALL-INNER
G1 F3600 X79.4 Y90.6 E119.44036
G1 X70.6 Y90.6 E119.49554
G1 X70.6 Y99.4 E119.55072
G1 X79.4 Y99.4 E119.6059
G0 F7200 X79.8 Y99.8
;TYPE:WALL-OUTER
G1 F1800 X79.8 Y90.2 E119.66609
G1 X70.2 Y90.2 E119.72628
G1 X70.2 Y99.8 E119.78648
G1 X79.8 Y99.8 E119.84667
G0 F7200 X79.8 Y99.6
G0 X78.8 Y98.918
G1 F1500 E113.34667
G0 F7200 X70.42 Y97.931
G0 X69.335 Y97.931
G0 X60.665 Y97.931
G0 X59.58 Y97.931
G0 X59.24 Y97.931
;TYPE:FILL
G1 F1500 E119.84667
G1 F3600 X57.931 Y99.24 E119.85828
G1 X57.926 Y99.24
G1 X50.76 Y92.073 E119.92183
G1 X50.76 Y92.269
G1 X52.269 Y90.76 E119.93521
G1 X52.275 Y90.76
G1 X59.24 Y97.725 E119.99697
G1 X59.268 Y97.753
G0 F7200 X59.1 Y97.753
G0 X59.1 Y95.103
G0 X59.24 Y95.103
G1 F3600 X55.103 Y99.24 E120.03365
G1 X55.098 Y99.24
G1 X50.76 Y94.902 E120.07212
G1 X50.76 Y95.097
G1 X55.098 Y90.76 E120.11058
G1 X55.103 Y90.76
G1 X59.24 Y94.897 E120.14727
G1 X59.268 Y94.925
G0 F7200 X59.1 Y94.925
G0 X59.1 Y92.275
G0 X59.24 Y92.275
G1 F3600 X52.274 Y99.24 E120.20903
G1 X52.269 Y99.24
G1 X50.76 Y97.73 E120.22242
G1 X50.76 Y97.926
G1 X57.926 Y90.76 E120.28596
G1 X57.932 Y90.76
G1 X59.24 Y92.068 E120.29756
G1 X59.268 Y92.096
G0 F7200 X59.1 Y92.096
G0 X59.13 Y99.13
G0 X59.4 Y99.4
;TYPE:WALL-INNER
G1 F3600 X59.4 Y90.6 E120.35274
G1 X50.6 Y90.6 E120.40792
G1 X50.6 Y99.4 E120.46309
G1 X59.4 Y99.4 E120.51827
G0 F7200 X59.8 Y99.8
;TYPE:WALL-OUTER
G1 F1800 X59.8 Y90.2 E120.57846
G1 X50.2 Y90.2 E120.63866
G1 X50.2 Y99.8 E120.69885
G1 X59.8 Y99.8 E120.75905
G0 F7200 X59.8 Y99.6
G0 X58.8 Y98.918
G1 F1500 E114.25905
;MESH:NONMESH
G0 F600 X58.8 Y98.918 Z3
G0 F7200 X50.54 Y90.42
G0 X50.54 Y89.335
G0 X50.54 Y81.587
;TIME_ELAPSED:459.058727
;LAYER:27
;TYPE:SUPPORT
G1 F1500 E120.75905
G1 F3600 X50.677 Y81.624 E120.75994
G1 X52.026 Y83.005 E120.77204
G1 X52.552 Y84.738 E120.7834
G1 X52.038 Y86.538 E120.79513
G1 X50.699 Y87.837 E120.80683
G1 X50.54 Y87.88 E120.80786
G1 X50.54 Y81.587 E120.84732
G1 X48.727 Y81.088 E120.85911
G1 X47.88 Y81.321 E120.86462
G1 X47.88 Y88.125 E120.90728
G1 X46.77 Y87.814 E120.91451
G1 X45.365 Y86.452 E120.92678
G1 X45.22 Y85.964 E120.92997
G1 X45.22 Y83.528 E120.94525
G1 F1500 E114.44525
G0 F7200 X61.18 Y82.089
G1 F1500 E120.94525
G1 F3600 X61.183 Y82.089 E120.94527
G1 X62.339 Y83.267 E120.95561
G1 X62.786 Y84.738 E120.96525
G1 X62.343 Y86.271 E120.97526
G1 X61.194 Y87.379 E120.98527
G1 X61.18 Y87.383 E120.98536
G1 X61.18 Y82.089 E121.01855
G1 X59.377 Y81.605 E121.03026
G1 X57.718 Y82.052 E121.04103
G1 X56.558 Y83.233 E121.05141
G1 X56.111 Y84.716 E121.06112
G1 X56.562 Y86.198 E121.07084
G1 X57.791 Y87.384 E121.08155
G1 X58.52 Y87.59 E121.0863
G1 X58.52 Y81.835 E121.12238
G1 F1500 E114.62238
G0 F7200 X80.653 Y89.347
G0 X87.78 Y92.053
G1 F1500 E121.12238
G1 F3600 X88.686 Y93.009 E121.13064
G1 X89.191 Y94.739 E121.14194
G1 X88.687 Y96.541 E121.15367
G1 X87.78 Y97.448 E121.16171
G1 X87.78 Y92.053 E121.19554
G1 X87.381 Y91.631 E121.19918
G1 X85.58 Y91.126 E121.21091
G1 X85.12 Y91.254 E121.21391
G1 X85.12 Y98.214 E121.25755
G1 X83.851 Y97.843 E121.26584
G1 X82.46 Y96.452 E121.27817
G1 X82.46 Y93.056 E121.29946
G1 F1500 E114.79946
;MESH:test.stl
G0 F7200 X80.665 Y93.056
G0 X79.58 Y93.056
G0 X79.24 Y92.269
;TYPE:FILL
G1 F1500 E121.29946
G1 F3600 X77.731 Y90.76 E121.31285
G1 X77.725 Y90.76
G1 X70.76 Y97.725 E121.37461
G0 F7200 X70.76 Y97.931
G1 F3600 X72.068 Y99.24 E121.38621
G1 X72.074 Y99.24
G1 X79.24 Y92.074 E121.44975
G1 X79.268 Y92.046
G0 F7200 X79.1 Y92.046
G0 X79.1 Y94.902
G0 X79.24 Y94.902
G1 F3600 X74.902 Y99.24 E121.48822
G1 X74.897 Y99.24
G1 X70.76 Y95.103 E121.5249
G0 F7200 X70.76 Y94.897
G1 F3600 X74.897 Y90.76 E121.56159
G1 X74.902 Y90.76
G1 X79.24 Y95.097 E121.60005
G1 X79.268 Y95.125
G0 F7200 X79.1 Y95.125
G0 X79.1 Y97.731
G0 X79.24 Y97.731
G1 F3600 X77.731 Y99.24 E121.61343
G1 X77.725 Y99.24
G1 X70.76 Y92.275 E121.67519
G0 F7200 X70.76 Y92.068
G1 F3600 X72.068 Y90.76 E121.68679
G1 X72.074 Y90.76
G1 X79.24 Y97.926 E121.75034
G1 X79.268 Y97.954
G0 F7200 X79.1 Y97.954
G0 X79.13 Y99.13
G0 X79.4 Y99.4
;TYPE:WALL-INNER
G1 F3600 X79.4 Y90.6 E121.80551
G1 X70.6 Y90.6 E121.86069
G1 X70.6 Y99.4 E121.91587
G1 X79.4 Y99.4 E121.97105
G0 F7200 X79.8 Y99.8
;TYPE:WALL-OUTER
G1 F1800 X79.8 Y90.2 E122.03124
G1 X70.2 Y90.2 E122.09143
G1 X70.2 Y99.8 E122.15163
G1 X79.8 Y99.8 E122.21182
G0 F7200 X79.8 Y99.6
G0 X78.8 Y98.918
G1 F1500 E115.71182
G0 F7200 X70.42 Y97.931
G0 X69.335 Y97.931
G0 X60.665 Y97.931
G0 X59.58 Y97.931
G0 X59.24 Y97.931
;TYPE:FILL
G1 F1500 E122.21182
G1 F3600 X57.931 Y99.24 E122.22343
G1 X57.926 Y99.24
G1 X50.76 Y92.073 E122.28698
G1 X50.76 Y92.269
G1 X52.269 Y90.76 E122.30036
G1 X52.275 Y90.76
G1 X59.24 Y97.725 E122.36212
G1 X59.268 Y97.753
G0 F7200 X59.1 Y97.753
G0 X59.1 Y95.103
G0 X59.24 Y95.103
G1 F3600 X55.103 Y99.24 E122.3988
G1 X55.098 Y99.24
G1 X50.76 Y94.902 E122.43727
G1 X50.76 Y95.097
G1 X55.098 Y90.76 E122.47573
G1 X55.103 Y90.76
G1 X59.24 Y94.897 E122.51242
G1 X59.268 Y94.925
G0 F7200 X59.1 Y94.925
G0 X59.1 Y92.275
G0 X59.24 Y92.275
G1 F3600 X52.274 Y99.24 E122.57418
G1 X52.269 Y99.24
G1 X50.76 Y97.73 E122.58757
G1 X50.76 Y97.926
G1 X57.926 Y90.76 E122.65111
G1 X57.932 Y90.76
G1 X59.24 Y92.068 E122.66271
G1 X59.268 Y92.096
G0 F7200 X59.1 Y92.096
G0 X59.13 Y99.13
G0 X59.4 Y99.4
;TYPE:WALL-INNER
G1 F3600 X59.4 Y90.6 E122.71789
G1 X50.6 Y90.6 E122.77306
G1 X50.6 Y99.4 E122.82824
G1 X59.4 Y99.4 E122.88342
G0 F7200 X59.8 Y99.8
;TYPE:WALL-OUTER
G1 F1800 X59.8 Y90.2 E122.94361
G1 X50.2 Y90.2 E123.00381
G1 X50.2 Y99.8 E123.064
G1 X59.8 Y99.8 E123.1242
G0 F7200 X59.8 Y99.6
G0 X58.8 Y98.918
G1 F1500 E116.6242
;MESH:NONMESH
G0 F600 X58.8 Y98.918 Z3.1
G0 F7200 X50.54 Y90.42
G0 X50.54 Y89.335
G0 X50.54 Y81.759
;TIME_ELAPSED:471.193538
;LAYER:28
;TYPE:SUPPORT
G1 F1500 E123.1242
G1 F3600 X51.746 Y82.994 E123.13502
G1 X52.258 Y84.714 E123.14627
G1 X51.734 Y86.508 E123.15799
G1 X50.54 Y87.668 E123.16843
G1 X50.54 Y81.759 E123.20548
G1 X50.417 Y81.632 E123.20659
G1 X48.551 Y81.131 E123.2187
G1 X48.306 Y81.151 E123.22024
G1 X47.88 Y81.265 E123.22301
G1 X47.88 Y88.168 E123.26629
G1 X46.535 Y87.782 E123.27506
G1 X45.22 Y86.508 E123.28655
G1 X45.22 Y82.901 E123.30916
G1 F1500 E116.80916
G0 F7200 X61.18 Y82.037
G1 F1500 E123.30916
G1 F3600 X61.446 Y82.108 E123.31089
G1 X62.589 Y83.273 E123.32112
G1 X63.03 Y84.729 E123.33066
G1 X62.585 Y86.255 E123.34063
G1 X61.443 Y87.355 E123.35057
G1 X61.18 Y87.426 E123.35228
G1 X61.18 Y82.037 E123.38607
G1 X59.735 Y81.647 E123.39545
G1 X59.614 Y81.65 E123.39621
G1 X57.997 Y82.085 E123.40671
G1 X56.844 Y83.259 E123.41703
G1 X56.401 Y84.729 E123.42665
G1 X56.848 Y86.199 E123.43629
G1 X58.068 Y87.376 E123.44692
G1 X58.52 Y87.504 E123.44986
G1 X58.52 Y81.944 E123.48473
G1 F1500 E116.98473
G0 F7200 X80.653 Y89.347
G0 X87.78 Y92.086
G1 F1500 E123.48473
G1 F3600 X88.664 Y93.019 E123.49278
G1 X89.167 Y94.739 E123.50402
G1 X88.666 Y96.529 E123.51568
G1 X87.78 Y97.415 E123.52353
G1 X87.78 Y92.086 E123.55695
G1 X87.37 Y91.652 E123.56069
G1 X85.58 Y91.15 E123.57235
G1 X85.12 Y91.279 E123.57534
G1 X85.12 Y98.19 E123.61868
G1 X83.863 Y97.822 E123.62689
G1 X82.496 Y96.455 E123.63901
G1 X82.46 Y96.332 E123.63981
G1 X82.46 Y93.142 E123.65981
G1 F1500 E117.15981
;MESH:test.stl
G0 F7200 X80.665 Y93.142
G0 X79.58 Y93.142
G0 X79.24 Y92.269
;TYPE:FILL
G1 F1500 E123.65981
G1 F3600 X77.731 Y90.76 E123.6732
G1 X77.725 Y90.76
G1 X70.76 Y97.725 E123.73496
G0 F7200 X70.76 Y97.931
G1 F3600 X72.068 Y99.24 E123.74656
G1 X72.074 Y99.24
G1 X79.24 Y92.074 E123.8101
G1 X79.268 Y92.046
G0 F7200 X79.1 Y92.046
G0 X79.1 Y94.902
G0 X79.24 Y94.902
G1 F3600 X74.902 Y99.24 E123.84857
G1 X74.897 Y99.24
G1 X70.76 Y95.103 E123.88525
G0 F7200 X70.76 Y94.897
G1 F3600 X74.897 Y90.76 E123.92194
G1 X74.902 Y90.76
G1 X79.24 Y95.097 E123.9604
G1 X79.268 Y95.125
G0 F7200 X79.1 Y95.125
G0 X79.1 Y97.731
G0 X79.24 Y97.731
G1 F3600 X77.731 Y99.24 E123.97378
G1 X77.725 Y99.24
G1 X70.76 Y92.275 E124.03554
G0 F7200 X70.76 Y92.068
G1 F3600 X72.068 Y90.76 E124.04714
G1 X72.074 Y90.76
G1 X79.24 Y97.926 E124.11069
G1 X79.268 Y97.954
G0 F7200 X79.1 Y97.954
G0 X79.13 Y99.13
G0 X79.4 Y99.4
;TYPE:WALL-INNER
G1 F3600 X79.4 Y90.6 E124.16586
G1 X70.6 Y90.6 E124.22104
G1 X70.6 Y99.4 E124.27622
G1 X79.4 Y99.4 E124.3314
G0 F7200 X79.8 Y99.8
;TYPE:WALL-OUTER
G1 F1800 X79.8 Y90.2 E124.39159
G1 X70.2 Y90.2 E124.45178
G1 X70.2 Y99.8 E124.51198
G1 X79.8 Y99.8 E124.57217
G0 F7200 X79.8 Y99.6
G0 X78.8 Y98.918
G1 F1500 E118.07217
G0 F7200 X70.42 Y97.931
G0 X69.335 Y97.931
G0 X60.665 Y97.931
G0 X59.58 Y97.931
G0 X59.24 Y97.931
;TYPE:FILL
G1 F1500 E124.57217
G1 F3600 X57.931 Y99.24 E124.58378
G1 X57.926 Y99.24
G1 X50.76 Y92.073 E124.64733
G1 X50.76 Y92.269
G1 X52.269 Y90.76 E124.66071
G1 X52.275 Y90.76
G1 X59.24 Y97.725 E124.72247
G1 X59.268 Y97.753
G0 F7200 X59.1 Y97.753
G0 X59.1 Y95.103
G0 X59.24 Y95.103
G1 F3600 X55.103 Y99.24 E124.75915
G1 X55.098 Y99.24
G1 X50.76 Y94.902 E124.79762
G1 X50.76 Y95.097
G1 X55.098 Y90.76 E124.83608
G1 X55.103 Y90.76
G1 X59.24 Y94.897 E124.87277
G1 X59.268 Y94.925
G0 F7200 X59.1 Y94.925
G0 X59.1 Y92.275
G0 X59.24 Y92.275
G1 F3600 X52.274 Y99.24 E124.93453
G1 X52.269 Y99.24
G1 X50.76 Y97.73 E124.94792
G1 X50.76 Y97.926
G1 X57.926 Y90.76 E125.01146
G1 X57.932 Y90.76
G1 X59.24 Y92.068 E125.02306
G1 X59.268 Y92.096
G0 F7200 X59.1 Y92.096
G0 X59.13 Y99.13
G0 X59.4 Y99.4
;TYPE:WALL-INNER
G1 F3600 X59.4 Y90.6 E125.07824
G1 X50.6 Y90.6 E125.13342
G1 X50.6 Y99.4 E125.18859
G1 X59.4 Y99.4 E125.24377
G0 F7200 X59.8 Y99.8
;TYPE:WALL-OUTER
G1 F1800 X59.8 Y90.2 E125.30396
G1 X50.2 Y90.2 E125.36416
G1 X50.2 Y99.8 E125.42435
G1 X59.8 Y99.8 E125.48455
G0 F7200 X59.8 Y99.6
G0 X58.8 Y98.918
G1 F1500 E118.98455
;MESH:NONMESH
G0 F600 X58.8 Y98.918 Z3.2
G0 F7200 X50.54 Y90.42
G0 X50.54 Y89.335
G0 X50.54 Y82.098
;TIME_ELAPSED:483.309180
;LAYER:29
;TYPE:SUPPORT
G1 F1500 E125.48455
G1 F3600 X51.448 Y83.027 E125.49269
G1 X51.968 Y84.736 E125.50389
G1 X51.459 Y86.513 E125.51548
G1 X50.54 Y87.406 E125.52352
G1 X50.54 Y82.098 E125.5568
G1 X50.117 Y81.665 E125.56059
G1 X48.193 Y81.136 E125.57311
G1 X47.88 Y81.222 E125.57514
G1 X47.88 Y88.226 E125.61906
G1 X46.257 Y87.773 E125.62962
G1 X44.871 Y86.428 E125.64173
G1 X44.367 Y84.733 E125.65282
G1 X44.882 Y83.039 E125.66392
G1 X45.22 Y82.693 E125.66695
G1 X45.22 Y86.766 E125.69249
G1 F1500 E119.19249
G0 F7200 X61.18 Y81.994
G1 F1500 E125.69249
G1 F3600 X61.692 Y82.133 E125.69582
G1 X62.832 Y83.291 E125.70601
G1 X63.272 Y84.738 E125.71549
G1 X62.835 Y86.248 E125.72535
G1 X61.704 Y87.338 E125.7352
G1 X61.18 Y87.48 E125.7386
G1 X61.18 Y81.994 E125.773
G1 X59.954 Y81.658 E125.78097
G1 X58.284 Y82.112 E125.79182
G1 X57.135 Y83.279 E125.80209
G1 X56.692 Y84.736 E125.81164
G1 X57.132 Y86.195 E125.82119
G1 X58.338 Y87.358 E125.8317
G1 X58.52 Y87.409 E125.83288
G1 X58.52 Y82.047 E125.86651
G1 F1500 E119.36651
G0 F7200 X80.653 Y89.347
G0 X87.78 Y92.12
G1 F1500 E125.86651
G1 F3600 X88.643 Y93.031 E125.87437
G1 X89.142 Y94.739 E125.88553
G1 X88.645 Y96.517 E125.89711
G1 X87.78 Y97.382 E125.90478
G1 X87.78 Y92.12 E125.93777
G1 X87.358 Y91.674 E125.94162
G1 X85.58 Y91.175 E125.9532
G1 X85.12 Y91.304 E125.95619
G1 X85.12 Y98.165 E125.99921
G1 X83.875 Y97.801 E126.00735
G1 X82.517 Y96.443 E126.01939
G1 X82.46 Y96.248 E126.02066
G1 X82.46 Y93.225 E126.03962
G1 F1500 E119.53962
;MESH:test.stl
G0 F7200 X80.665 Y93.225
G0 X79.58 Y93.225
G0 X79.1 Y92.269
G0 X79.24 Y92.269
;TYPE:FILL
G1 F1500 E126.03962
G1 F3600 X77.731 Y90.76 E126.053
G1 X77.725 Y90.76
G1 X70.76 Y97.725 E126.11476
G0 F7200 X70.76 Y97.931
G1 F3600 X72.068 Y99.24 E126.12636
G1 X72.074 Y99.24
G1 X79.24 Y92.074 E126.18991
G1 X79.268 Y92.046
G0 F7200 X79.1 Y92.046
G0 X79.1 Y94.902
G0 X79.24 Y94.902
G1 F3600 X74.902 Y99.24 E126.22837
G1 X74.897 Y99.24
G1 X70.76 Y95.103 E126.26506
G0 F7200 X70.76 Y94.897
G1 F3600 X74.897 Y90.76 E126.30174
G1 X74.902 Y90.76
G1 X79.24 Y95.097 E126.3402
G1 X79.268 Y95.125
G0 F7200 X79.1 Y95.125
G0 X79.1 Y97.731
G0 X79.24 Y97.731
G1 F3600 X77.731 Y99.24 E126.35359
G1 X77.725 Y99.24
G1 X70.76 Y92.275 E126.41535
G0 F7200 X70.76 Y92.068
G1 F3600 X72.068 Y90.76 E126.42695
G1 X72.074 Y90.76
G1 X79.24 Y97.926 E126.49049
G1 X79.268 Y97.954
G0 F7200 X79.1 Y97.954
G0 X79.13 Y99.13
G0 X79.4 Y99.4
;TYPE:WALL-INNER
G1 F3600 X79.4 Y90.6 E126.54567
G1 X70.6 Y90.6 E126.60084
G1 X70.6 Y99.4 E126.65602
G1 X79.4 Y99.4 E126.7112
G0 F7200 X79.8 Y99.8
;TYPE:WALL-OUTER
G1 F1800 X79.8 Y90.2 E126.77139
G1 X70.2 Y90.2 E126.83159
G1 X70.2 Y99.8 E126.89178
G1 X79.8 Y99.8 E126.95197
G0 F7200 X79.8 Y99.6
G0 X78.8 Y98.918
G1 F1500 E120.45197
G0 F7200 X70.42 Y97.931
G0 X69.335 Y97.931
G0 X60.665 Y97.931
G0 X59.58 Y97.931
G0 X59.24 Y97.931
;TYPE:FILL
G1 F1500 E126.95197
G1 F3600 X57.931 Y99.24 E126.96358
G1 X57.926 Y99.24
G1 X50.76 Y92.073 E127.02713
G1 X50.76 Y92.269
G1 X52.269 Y90.76 E127.04051
G1 X52.275 Y90.76
G1 X59.24 Y97.725 E127.10227
G1 X59.268 Y97.753
G0 F7200 X59.1 Y97.753
G0 X59.1 Y95.103
G0 X59.24 Y95.103
G1 F3600 X55.103 Y99.24 E127.13896
G1 X55.098 Y99.24
G1 X50.76 Y94.902 E127.17742
G1 X50.76 Y95.097
G1 X55.098 Y90.76 E127.21589
G1 X55.103 Y90.76
G1 X59.24 Y94.897 E127.25257
G1 X59.268 Y94.925
G0 F7200 X59.1 Y94.925
G0 X59.1 Y92.275
G0 X59.24 Y92.275
G1 F3600 X52.274 Y99.24 E127.31434
G1 X52.269 Y99.24
G1 X50.76 Y97.73 E127.32772
G1 X50.76 Y97.926
G1 X57.926 Y90.76 E127.39126
G1 X57.932 Y90.76
G1 X59.24 Y92.068 E127.40286
G1 X59.268 Y92.096
G0 F7200 X59.1 Y92.096
G0 X59.13 Y99.13
G0 X59.4 Y99.4
;TYPE:WALL-INNER
G1 F3600 X59.4 Y90.6 E127.45804
G1 X50.6 Y90.6 E127.51322
G1 X50.6 Y99.4 E127.5684
G1 X59.4 Y99.4 E127.62357
G0 F7200 X59.8 Y99.8
;TYPE:WALL-OUTER
G1 F1800 X59.8 Y90.2 E127.68377
G1 X50.2 Y90.2 E127.74396
G1 X50.2 Y99.8 E127.80416
G1 X59.8 Y99.8 E127.86435
G0 F7200 X59.8 Y99.6
G0 X58.8 Y98.918
G1 F1500 E121.36435
;MESH:NONMESH
G0 F600 X58.8 Y98.918 Z3.3
G0 F7200 X50.54 Y90.42
G0 X50.54 Y89.335
G0 X50.54 Y82.375
;TIME_ELAPSED:495.504057
;LAYER:30
;TYPE:SUPPORT
G1 F1500 E127.86435
G1 F3600 X51.168 Y83.018 E127.86998
G1 X51.673 Y84.714 E127.88108
G1 X51.157 Y86.483 E127.89263
G1 X50.54 Y87.082 E127.89803
G1 X50.54 Y82.375 E127.92754
G1 X49.857 Y81.674 E127.93368
G1 X48.015 Y81.18 E127.94563
G1 X47.88 Y81.191 E127.94648
G1 X47.88 Y88.274 E127.9909
G1 X46.023 Y87.741 E128.00301
G1 X44.634 Y86.395 E128.01514
G1 X44.122 Y84.713 E128.02616
G1 X44.624 Y83.03 E128.03717
G1 X45.22 Y82.419 E128.04253
G1 X45.22 Y86.962 E128.07101
G1 F1500 E121.57101
G0 F7200 X61.18 Y81.945
G1 F1500 E128.07101
G1 F3600 X61.951 Y82.153 E128.07602
G1 X63.08 Y83.3 E128.08611
G1 X63.514 Y84.734 E128.0955
G1 X63.078 Y86.235 E128.1053
G1 X61.953 Y87.318 E128.1151
G1 X61.18 Y87.528 E128.12012
G1 X61.18 Y81.945 E128.15512
G1 X60.266 Y81.698 E128.16106
G1 X60.149 Y81.7 E128.16179
G1 X58.557 Y82.129 E128.17213
G1 X57.421 Y83.285 E128.1823
G1 X56.985 Y84.73 E128.19176
G1 X57.425 Y86.176 E128.20124
G1 X58.52 Y87.232 E128.21078
G1 X58.52 Y82.166 E128.24254
G1 F1500 E121.74254
G0 F7200 X80.653 Y89.347
G0 X87.78 Y92.153
G1 F1500 E128.24254
G1 F3600 X88.622 Y93.042 E128.25022
G1 X89.118 Y94.739 E128.2613
G1 X88.624 Y96.505 E128.2728
G1 X87.78 Y97.349 E128.28029
G1 X87.78 Y92.153 E128.31287
G1 X87.346 Y91.694 E128.31683
G1 X85.58 Y91.199 E128.32833
G1 X85.12 Y91.327 E128.33132
G1 X85.12 Y98.141 E128.37404
G1 X83.886 Y97.78 E128.38211
G1 X82.538 Y96.432 E128.39406
G1 X82.46 Y96.165 E128.3958
G1 X82.46 Y93.308 E128.41372
G1 F1500 E121.91372
;MESH:test.stl
G0 F7200 X80.665 Y93.308
G0 X79.58 Y93.308
G0 X79.1 Y92.269
G0 X79.24 Y92.269
;TYPE:FILL
G1 F1500 E128.41372
G1 F3600 X77.731 Y90.76 E128.4271
G1 X77.725 Y90.76
G1 X70.76 Y97.725 E128.48886
G0 F7200 X70.76 Y97.931
G1 F3600 X72.068 Y99.24 E128.50046
G1 X72.074 Y99.24
G1 X79.24 Y92.074 E128.56401
G1 X79.268 Y92.046
G0 F7200 X79.1 Y92.046
G0 X79.1 Y94.902
G0 X79.24 Y94.902
G1 F3600 X74.902 Y99.24 E128.60247
G1 X74.897 Y99.24
G1 X70.76 Y95.103 E128.63916
G0 F7200 X70.76 Y94.897
G1 F3600 X74.897 Y90.76 E128.67584
G1 X74.902 Y90.76
G1 X79.24 Y95.097 E128.7143
G1 X79.268 Y95.125
G0 F7200 X79.1 Y95.125
G0 X79.1 Y97.731
G0 X79.24 Y97.731
G1 F3600 X77.731 Y99.24 E128.72769
G1 X77.725 Y99.24
G1 X70.76 Y92.275 E128.78945
G0 F7200 X70.76 Y92.068
G1 F3600 X72.068 Y90.76 E128.80105
G1 X72.074 Y90.76
G1 X79.24 Y97.926 E128.86459
G1 X79.268 Y97.954
G0 F7200 X79.1 Y97.954
G0 X79.13 Y99.13
G0 X79.4 Y99.4
;TYPE:WALL-INNER
G1 F3600 X79.4 Y90.6 E128.91977
G1 X70.6 Y90.6 E128.97494
G1 X70.6 Y99.4 E129.03012
G1 X79.4 Y99.4 E129.0853
G0 F7200 X79.8 Y99.8
;TYPE:WALL-OUTER
G1 F1800 X79.8 Y90.2 E129.14549
G1 X70.2 Y90.2 E129.20569
G1 X70.2 Y99.8 E129.26588
G1 X79.8 Y99.8 E129.32607
G0 F7200 X79.8 Y99.6
G0 X78.8 Y98.918
G1 F1500 E122.82607
G0 F7200 X70.42 Y97.931
G0 X69.335 Y97.931
G0 X60.665 Y97.931
G0 X59.58 Y97.931
G0 X59.24 Y97.931
;TYPE:FILL
G1 F1500 E129.32607
G1 F3600 X57.931 Y99.24 E129.33768
G1 X57.926 Y99.24
G1 X50.76 Y92.073 E129.40123
G1 X50.76 Y92.269
G1 X52.269 Y90.76 E129.41461
G1 X52.275 Y90.76
G1 X59.24 Y97.725 E129.47637
G1 X59.268 Y97.753
G0 F7200 X59.1 Y97.753
G0 X59.1 Y95.103
G0 X59.24 Y95.103
G1 F3600 X55.103 Y99.24 E129.51306
G1 X55.098 Y99.24
G1 X50.76 Y94.902 E129.55152
G1 X50.76 Y95.097
G1 X55.098 Y90.76 E129.58999
G1 X55.103 Y90.76
G1 X59.24 Y94.897 E129.62667
G1 X59.268 Y94.925
G0 F7200 X59.1 Y94.925
G0 X59.1 Y92.275
G0 X59.24 Y92.275
G1 F3600 X52.274 Y99.24 E129.68844
G1 X52.269 Y99.24
G1 X50.76 Y97.73 E129.70182
G1 X50.76 Y97.926
G1 X57.926 Y90.76 E129.76536
G1 X57.932 Y90.76
G1 X59.24 Y92.068 E129.77696
G1 X59.268 Y92.096
G0 F7200 X59.1 Y92.096
G0 X59.13 Y99.13
G0 X59.4 Y99.4
;TYPE:WALL-INNER
G1 F3600 X59.4 Y90.6 E129.83214
G1 X50.6 Y90.6 E129.88732
G1 X50.6 Y99.4 E129.9425
G1 X59.4 Y99.4 E129.99767
G0 F7200 X59.8 Y99.8
;TYPE:WALL-OUTER
G1 F1800 X59.8 Y90.2 E130.05787
G1 X50.2 Y90.2 E130.11806
G1 X50.2 Y99.8 E130.17825
G1 X59.8 Y99.8 E130.23845
G0 F7200 X59.8 Y99.6
G0 X58.8 Y98.918
G1 F1500 E123.73845
;MESH:NONMESH
G0 F600 X58.8 Y98.918 Z3.4
G0 F7200 X50.54 Y90.42
G0 X50.54 Y89.335
G0 X50.54 Y82.713
;TIME_ELAPSED:507.681041
;LAYER:31
;TYPE:SUPPORT
G1 F1500 E130.23845
G1 F3600 X50.54 Y86.82 E130.2642
G1 X50.882 Y86.488 E130.26719
G1 X51.383 Y84.736 E130.27861
G1 X50.871 Y83.051 E130.28966
G1 X49.557 Y81.707 E130.30144
G1 X47.88 Y81.247 E130.31235
G1 X47.88 Y88.206 E130.35598
G1 X47.745 Y88.242 E130.35686
G1 X47.506 Y88.224 E130.35836
G1 X45.746 Y87.732 E130.36982
G1 X44.378 Y86.406 E130.38176
G1 X43.882 Y84.735 E130.39269
G1 X44.39 Y83.064 E130.40364
G1 X45.22 Y82.213 E130.4111
G1 X45.22 Y87.222 E130.4425
G1 F1500 E123.9425
G0 F7200 X61.18 Y81.899
G1 F1500 E130.4425
G1 F3600 X62.205 Y82.177 E130.44916
G1 X63.324 Y83.314 E130.45917
G1 X63.757 Y84.737 E130.46849
G1 X63.326 Y86.226 E130.47821
G1 X62.212 Y87.297 E130.4879
G1 X61.18 Y87.576 E130.49461
G1 X61.18 Y81.899 E130.5302
G1 X60.484 Y81.709 E130.53472
G1 X58.84 Y82.155 E130.54541
G1 X57.709 Y83.303 E130.55551
G1 X57.275 Y84.736 E130.5649
G1 X57.709 Y86.173 E130.57431
G1 X58.52 Y86.955 E130.58137
G1 X58.52 Y82.479 E130.60944
G1 F1500 E124.10944
G0 F7200 X80.653 Y89.347
G0 X87.78 Y92.189
G1 F1500 E130.60944
G1 F3600 X88.602 Y93.056 E130.61693
G1 X89.093 Y94.739 E130.62792
G1 X88.603 Y96.492 E130.63934
G1 X87.78 Y97.315 E130.64663
G1 X87.78 Y92.189 E130.67878
G1 X87.332 Y91.715 E130.68286
G1 X85.58 Y91.224 E130.69427
G1 X85.12 Y91.352 E130.69727
G1 X85.12 Y98.116 E130.73968
G1 X83.898 Y97.759 E130.74766
G1 X82.559 Y96.42 E130.75953
G1 X82.46 Y96.081 E130.76175
G1 X82.46 Y93.391 E130.77862
G1 F1500 E124.27862
;MESH:test.stl
G0 F7200 X80.665 Y93.391
G0 X79.58 Y93.391
G0 X79.1 Y92.269
G0 X79.24 Y92.269
;TYPE:FILL
G1 F1500 E130.77862
G1 F3600 X77.731 Y90.76 E130.792
G1 X77.725 Y90.76
G1 X70.76 Y97.725 E130.85376
G0 F7200 X70.76 Y97.931
G1 F3600 X72.068 Y99.24 E130.86536
G1 X72.074 Y99.24
G1 X79.24 Y92.074 E130.9289
G1 X79.268 Y92.046
G0 F7200 X79.1 Y92.046
G0 X79.1 Y94.902
G0 X79.24 Y94.902
G1 F3600 X74.902 Y99.24 E130.96737
G1 X74.897 Y99.24
G1 X70.76 Y95.103 E131.00406
G0 F7200 X70.76 Y94.897
G1 F3600 X74.897 Y90.76 E131.04074
G1 X74.902 Y90.76
G1 X79.24 Y95.097 E131.0792
G1 X79.268 Y95.125
G0 F7200 X79.1 Y95.125
G0 X79.1 Y97.731
G0 X79.24 Y97.731
G1 F3600 X77.731 Y99.24 E131.09258
G1 X77.725 Y99.24
G1 X70.76 Y92.275 E131.15434
G0 F7200 X70.76 Y92.068
G1 F3600 X72.068 Y90.76 E131.16594
G1 X72.074 Y90.76
G1 X79.24 Y97.926 E131.22949
G1 X79.268 Y97.954
G0 F7200 X79.1 Y97.954
G0 X79.13 Y99.13
G0 X79.4 Y99.4
;TYPE:WALL-INNER
G1 F3600 X79.4 Y90.6 E131.28466
G1 X70.6 Y90.6 E131.33984
G1 X70.6 Y99.4 E131.39502
G1 X79.4 Y99.4 E131.4502
G0 F7200 X79.8 Y99.8
;TYPE:WALL-OUTER
G1 F1800 X79.8 Y90.2 E131.51039
G1 X70.2 Y90.2 E131.57059
G1 X70.2 Y99.8 E131.63078
G1 X79.8 Y99.8 E131.69097
G0 F7200 X79.8 Y99.6
G0 X78.8 Y98.918
G1 F1500 E125.19097
G0 F7200 X70.42 Y97.931
G0 X69.335 Y97.931
G0 X60.665 Y97.931
G0 X59.58 Y97.931
G0 X59.24 Y97.931
;TYPE:FILL
G1 F1500 E131.69097
G1 F3600 X57.931 Y99.24 E131.70258
G1 X57.926 Y99.24
G1 X50.76 Y92.073 E131.76613
G1 X50.76 Y92.269
G1 X52.269 Y90.76 E131.77951
G1 X52.275 Y90.76
G1 X59.24 Y97.725 E131.84127
G1 X59.268 Y97.753
G0 F7200 X59.1 Y97.753
G0 X59.1 Y95.103
G0 X59.24 Y95.103
G1 F3600 X55.103 Y99.24 E131.87795
G1 X55.098 Y99.24
G1 X50.76 Y94.902 E131.91642
G1 X50.76 Y95.097
G1 X55.098 Y90.76 E131.95488
G1 X55.103 Y90.76
G1 X59.24 Y94.897 E131.99157
G1 X59.268 Y94.925
G0 F7200 X59.1 Y94.925
G0 X59.1 Y92.275
G0 X59.24 Y92.275
G1 F3600 X52.274 Y99.24 E132.05333
G1 X52.269 Y99.24
G1 X50.76 Y97.73 E132.06672
G1 X50.76 Y97.926
G1 X57.926 Y90.76 E132.13026
G1 X57.932 Y90.76
G1 X59.24 Y92.068 E132.14186
G1 X59.268 Y92.096
G0 F7200 X59.1 Y92.096
G0 X59.13 Y99.13
G0 X59.4 Y99.4
;TYPE:WALL-INNER
G1 F3600 X59.4 Y90.6 E132.19704
G1 X50.6 Y90.6 E132.25222
G1 X50.6 Y99.4 E132.30739
G1 X59.4 Y99.4 E132.36257
G0 F7200 X59.8 Y99.8
;TYPE:WALL-OUTER
G1 F1800 X59.8 Y90.2 E132.42277
G1 X50.2 Y90.2 E132.48296
G1 X50.2 Y99.8 E132.54315
G1 X59.8 Y99.8 E132.60335
G0 F7200 X59.8 Y99.6
G0 X58.8 Y98.918
G1 F1500 E126.10335
;MESH:NONMESH
G0 F600 X58.8 Y98.918 Z3.5
G0 F7200 X50.414 Y90.414
G0 X49.335 Y90.414
G0 X45.22 Y87.417
;TIME_ELAPSED:519.830729
;LAYER:32
;TYPE:SUPPORT
G1 F1500 E132.60335
G1 F3600 X45.22 Y81.935 E132.63772
G1 X44.13 Y83.052 E132.64751
G1 X43.635 Y84.712 E132.65837
G1 X44.14 Y86.372 E132.66925
G1 X45.511 Y87.699 E132.68121
G1 X47.387 Y88.238 E132.69345
G1 X47.88 Y88.103 E132.69665
G1 X47.88 Y81.337 E132.73908
G1 X49.296 Y81.716 E132.74827
G1 X50.54 Y82.99 E132.75943
G1 X50.54 Y86.496 E132.78142
G1 F1500 E126.28142
G0 F7200 X58.52 Y82.778
G1 F1500 E132.78142
G1 F3600 X58.52 Y86.66 E132.80576
G1 X57.998 Y86.157 E132.8103
G1 X57.566 Y84.735 E132.81962
G1 X57.996 Y83.312 E132.82894
G1 X59.114 Y82.174 E132.83895
G1 X60.747 Y81.733 E132.84955
G1 X61.18 Y81.851 E132.85237
G1 X61.18 Y87.621 E132.88854
G1 X62.456 Y87.275 E132.89683
G1 X63.561 Y86.21 E132.90646
G1 X63.84 Y85.251 E132.91272
G1 X63.84 Y84.24 E132.91906
G1 F1500 E126.41906
G0 F7200 X80.653 Y89.347
G0 X87.78 Y92.221
G1 F1500 E132.91906
G1 F3600 X88.58 Y93.066 E132.92636
G1 X89.069 Y94.739 E132.93728
G1 X88.582 Y96.48 E132.94862
G1 X87.78 Y97.282 E132.95573
G1 X87.78 Y92.221 E132.98746
G1 X87.321 Y91.736 E132.99165
G1 X85.58 Y91.248 E133.00299
G1 X85.12 Y91.376 E133.00598
G1 X85.12 Y98.092 E133.04809
G1 X83.91 Y97.738 E133.056
G1 X82.58 Y96.408 E133.06779
G1 X82.46 Y95.998 E133.07047
G1 X82.46 Y93.476 E133.08628
G1 F1500 E126.58628
;MESH:test.stl
G0 F7200 X80.665 Y93.476
G0 X79.58 Y93.476
G0 X79.1 Y92.269
G0 X79.24 Y92.269
;TYPE:FILL
G1 F1500 E133.08628
G1 F3600 X77.731 Y90.76 E133.09966
G1 X77.725 Y90.76
G1 X70.76 Y97.725 E133.16143
G0 F7200 X70.76 Y97.931
G1 F3600 X72.068 Y99.24 E133.17303
G1 X72.074 Y99.24
G1 X79.24 Y92.074 E133.23657
G1 X79.268 Y92.046
G0 F7200 X79.1 Y92.046
G0 X79.1 Y94.902
G0 X79.24 Y94.902
G1 F3600 X74.902 Y99.24 E133.27504
G1 X74.897 Y99.24
G1 X70.76 Y95.103 E133.31172
G0 F7200 X70.76 Y94.897
G1 F3600 X74.897 Y90.76 E133.34841
G1 X74.902 Y90.76
G1 X79.24 Y95.097 E133.38687
G1 X79.268 Y95.125
G0 F7200 X79.1 Y95.125
G0 X79.1 Y97.731
G0 X79.24 Y97.731
G1 F3600 X77.731 Y99.24 E133.40025
G1 X77.725 Y99.24
G1 X70.76 Y92.275 E133.46201
G0 F7200 X70.76 Y92.068
G1 F3600 X72.068 Y90.76 E133.47361
G1 X72.074 Y90.76
G1 X79.24 Y97.926 E133.53715
G1 X79.268 Y97.954
G0 F7200 X79.1 Y97.954
G0 X79.13 Y99.13
G0 X79.4 Y99.4
;TYPE:WALL-INNER
G1 F3600 X79.4 Y90.6 E133.59233
G1 X70.6 Y90.6 E133.64751
G1 X70.6 Y99.4 E133.70269
G1 X79.4 Y99.4 E133.75787
G0 F7200 X79.8 Y99.8
;TYPE:WALL-OUTER
G1 F1800 X79.8 Y90.2 E133.81806
G1 X70.2 Y90.2 E133.87825
G1 X70.2 Y99.8 E133.93845
G1 X79.8 Y99.8 E133.99864
G0 F7200 X79.8 Y99.6
G0 X78.8 Y98.918
G1 F1500 E127.49864
G0 F7200 X70.42 Y97.931
G0 X69.335 Y97.931
G0 X60.665 Y97.931
G0 X59.58 Y97.931
G0 X59.24 Y97.931
;TYPE:FILL
G1 F1500 E133.99864
G1 F3600 X57.931 Y99.24 E134.01025
G1 X57.926 Y99.24
G1 X50.76 Y92.073 E134.0738
G1 X50.76 Y92.269
G1 X52.269 Y90.76 E134.08718
G1 X52.275 Y90.76
G1 X59.24 Y97.725 E134.14894
G1 X59.268 Y97.753
G0 F7200 X59.1 Y97.753
G0 X59.1 Y95.103
G0 X59.24 Y95.103
G1 F3600 X55.103 Y99.24 E134.18562
G1 X55.098 Y99.24
G1 X50.76 Y94.902 E134.22409
G1 X50.76 Y95.097
G1 X55.098 Y90.76 E134.26255
G1 X55.103 Y90.76
G1 X59.24 Y94.897 E134.29924
G1 X59.268 Y94.925
G0 F7200 X59.1 Y94.925
G0 X59.1 Y92.275
G0 X59.24 Y92.275
G1 F3600 X52.274 Y99.24 E134.361
G1 X52.269 Y99.24
G1 X50.76 Y97.73 E134.37439
G1 X50.76 Y97.926
G1 X57.926 Y90.76 E134.43793
G1 X57.932 Y90.76
G1 X59.24 Y92.068 E134.44953
G1 X59.268 Y92.096
G0 F7200 X59.1 Y92.096
G0 X59.13 Y99.13
G0 X59.4 Y99.4
;TYPE:WALL-INNER
G1 F3600 X59.4 Y90.6 E134.50471
G1 X50.6 Y90.6 E134.55988
G1 X50.6 Y99.4 E134.61506
G1 X59.4 Y99.4 E134.67024
G0 F7200 X59.8 Y99.8
;TYPE:WALL-OUTER
G1 F1800 X59.8 Y90.2 E134.73043
G1 X50.2 Y90.2 E134.79063
G1 X50.2 Y99.8 E134.85082
G1 X59.8 Y99.8 E134.91101
G0 F7200 X59.8 Y99.6
G0 X58.8 Y98.918
G1 F1500 E128.41101
;MESH:NONMESH
G0 F600 X58.8 Y98.918 Z3.6
G0 F7200 X50.414 Y90.414
G0 X49.335 Y90.414
G0 X45.22 Y87.677
;TIME_ELAPSED:531.698963
;LAYER:33
;TYPE:SUPPORT
G1 F1500 E134.91101
G1 F3600 X45.22 Y81.759 E134.94812
G1 X45.182 Y81.77 E134.94837
G1 X43.895 Y83.087 E134.95992
G1 X43.394 Y84.735 E134.97072
G1 X43.884 Y86.383 E134.9815
G1 X45.233 Y87.69 E134.99327
G1 X46.97 Y88.175 E135.00458
G1 X47.214 Y88.195 E135.00612
G1 X47.88 Y88.017 E135.01044
G1 X47.88 Y81.443 E135.05166
G1 X48.998 Y81.749 E135.05893
G1 X50.295 Y83.075 E135.07056
G1 X50.54 Y83.882 E135.07585
G1 X50.54 Y85.647 E135.08691
G1 F1500 E128.58691
G0 F7200 X58.52 Y86.376
G1 F1500 E135.08691
G1 F3600 X58.52 Y83.088 E135.10753
G1 X59.396 Y82.198 E135.11536
G1 X61.013 Y81.758 E135.12587
G1 X61.18 Y81.804 E135.12695
G1 X61.18 Y87.668 E135.16372
G1 X62.712 Y87.255 E135.17367
G1 X63.809 Y86.201 E135.18321
G1 X63.84 Y86.095 E135.1839
G1 X63.84 Y83.447 E135.2005
G1 F1500 E128.7005
G0 F7200 X80.653 Y89.347
G0 X87.78 Y92.255
G1 F1500 E135.2005
G1 F3600 X88.561 Y93.079 E135.20762
G1 X89.045 Y94.74 E135.21847
G1 X88.561 Y96.469 E135.22973
G1 X87.78 Y97.25 E135.23665
G1 X87.78 Y92.255 E135.26797
G1 X87.308 Y91.756 E135.27228
G1 X85.58 Y91.272 E135.28353
G1 X85.12 Y91.4 E135.28653
G1 X85.12 Y98.068 E135.32834
G1 X83.921 Y97.718 E135.33617
G1 X82.6 Y96.397 E135.34788
G1 X82.46 Y95.918 E135.35101
G1 X82.46 Y93.555 E135.36583
G1 F1500 E128.86583
;MESH:test.stl
G0 F7200 X80.665 Y93.555
G0 X79.58 Y93.555
G0 X79.1 Y92.269
G0 X79.24 Y92.269
;TYPE:FILL
G1 F1500 E135.36583
G1 F3600 X77.731 Y90.76 E135.37921
G1 X77.725 Y90.76
G1 X70.76 Y97.725 E135.44097
G0 F7200 X70.76 Y97.931
G1 F3600 X72.068 Y99.24 E135.45257
G1 X72.074 Y99.24
G1 X79.24 Y92.074 E135.51612
G1 X79.268 Y92.046
G0 F7200 X79.1 Y92.046
G0 X79.1 Y94.902
G0 X79.24 Y94.902
G1 F3600 X74.902 Y99.24 E135.55458
G1 X74.897 Y99.24
G1 X70.76 Y95.103 E135.59127
G0 F7200 X70.76 Y94.897
G1 F3600 X74.897 Y90.76 E135.62795
G1 X74.902 Y90.76
G1 X79.24 Y95.097 E135.66641
G1 X79.268 Y95.125
G0 F7200 X79.1 Y95.125
G0 X79.1 Y97.731
G0 X79.24 Y97.731
G1 F3600 X77.731 Y99.24 E135.67979
G1 X77.725 Y99.24
G1 X70.76 Y92.275 E135.74156
G0 F7200 X70.76 Y92.068
G1 F3600 X72.068 Y90.76 E135.75315
G1 X72.074 Y90.76
G1 X79.24 Y97.926 E135.8167
G1 X79.268 Y97.954
G0 F7200 X79.1 Y97.954
G0 X79.13 Y99.13
G0 X79.4 Y99.4
;TYPE:WALL-INNER
G1 F3600 X79.4 Y90.6 E135.87188
G1 X70.6 Y90.6 E135.92705
G1 X70.6 Y99.4 E135.98223
G1 X79.4 Y99.4 E136.03741
G0 F7200 X79.8 Y99.8
;TYPE:WALL-OUTER
G1 F1800 X79.8 Y90.2 E136.0976
G1 X70.2 Y90.2 E136.1578
G1 X70.2 Y99.8 E136.21799
G1 X79.8 Y99.8 E136.27818
G0 F7200 X79.8 Y99.6
G0 X78.8 Y98.918
G1 F1500 E129.77818
G0 F7200 X70.42 Y97.931
G0 X69.335 Y97.931
G0 X60.665 Y97.931
G0 X59.58 Y97.931
G0 X59.24 Y97.931
;TYPE:FILL
G1 F1500 E136.27818
G1 F3600 X57.931 Y99.24 E136.28979
G1 X57.926 Y99.24
G1 X50.76 Y92.073 E136.35334
G1 X50.76 Y92.269
G1 X52.269 Y90.76 E136.36672
G1 X52.275 Y90.76
G1 X59.24 Y97.725 E136.42848
G1 X59.268 Y97.753
G0 F7200 X59.1 Y97.753
G0 X59.1 Y95.103
G0 X59.24 Y95.103
G1 F3600 X55.103 Y99.24 E136.46517
G1 X55.098 Y99.24
G1 X50.76 Y94.902 E136.50363
G1 X50.76 Y95.097
G1 X55.098 Y90.76 E136.54209
G1 X55.103 Y90.76
G1 X59.24 Y94.897 E136.57878
G1 X59.268 Y94.925
G0 F7200 X59.1 Y94.925
G0 X59.1 Y92.275
G0 X59.24 Y92.275
G1 F3600 X52.274 Y99.24 E136.64054
G1 X52.269 Y99.24
G1 X50.76 Y97.73 E136.65393
G1 X50.76 Y97.926
G1 X57.926 Y90.76 E136.71747
G1 X57.932 Y90.76
G1 X59.24 Y92.068 E136.72907
G1 X59.268 Y92.096
G0 F7200 X59.1 Y92.096
G0 X59.13 Y99.13
G0 X59.4 Y99.4
;TYPE:WALL-INNER
G1 F3600 X59.4 Y90.6 E136.78425
G1 X50.6 Y90.6 E136.83943
G1 X50.6 Y99.4 E136.89461
G1 X59.4 Y99.4 E136.94978
G0 F7200 X59.8 Y99.8
;TYPE:WALL-OUTER
G1 F1800 X59.8 Y90.2 E137.00998
G1 X50.2 Y90.2 E137.07017
G1 X50.2 Y99.8 E137.13036
G1 X59.8 Y99.8 E137.19056
G0 F7200 X59.8 Y99.6
G0 X58.8 Y98.918
G1 F1500 E130.69056
;MESH:NONMESH
G0 F600 X58.8 Y98.918 Z3.7
G0 F7200 X50.414 Y90.414
G0 X49.335 Y90.414
G0 X45.22 Y87.727
;TIME_ELAPSED:543.470103
;LAYER:34
;TYPE:SUPPORT
G1 F1500 E137.19056
G1 F3600 X45.22 Y81.702 E137.22834
G1 X44.908 Y81.786 E137.23036
G1 X43.639 Y83.085 E137.24175
G1 X43.149 Y84.722 E137.25246
G1 X43.645 Y86.356 E137.26317
G1 X44.996 Y87.664 E137.27496
G1 X46.853 Y88.19 E137.28706
G1 X48.718 Y87.678 E137.29919
G1 X50.002 Y86.434 E137.3104
G1 X50.504 Y84.713 E137.32164
G1 X50.013 Y83.064 E137.33243
G1 X48.737 Y81.758 E137.34388
G1 X47.88 Y81.529 E137.34944
G1 X47.88 Y87.909 E137.38944
G1 F1500 E130.88944
G0 F7200 X58.52 Y85.985
G1 F1500 E137.38944
G1 F3600 X58.52 Y83.474 E137.40519
G1 X58.562 Y83.336 E137.40609
G1 X59.663 Y82.216 E137.41594
G1 X61.18 Y81.806 E137.42579
G1 X61.18 Y87.661 E137.4625
G1 X61.275 Y87.688 E137.46312
G1 X62.952 Y87.234 E137.47402
G1 X63.84 Y86.379 E137.48175
G1 X63.84 Y83.146 E137.50202
G1 F1500 E131.00202
G0 F7200 X80.653 Y89.347
G0 X87.78 Y92.29
G1 F1500 E137.50202
G1 F3600 X88.539 Y93.091 E137.50894
G1 X89.019 Y94.74 E137.5197
G1 X88.539 Y96.456 E137.53088
G1 X87.78 Y97.215 E137.53761
G1 X87.78 Y92.29 E137.56849
G1 X87.295 Y91.778 E137.57291
G1 X85.58 Y91.298 E137.58408
G1 X85.12 Y91.426 E137.58707
G1 X85.12 Y98.042 E137.62855
G1 X83.933 Y97.696 E137.63631
G1 X82.622 Y96.385 E137.64793
G1 X82.46 Y95.83 E137.65156
G1 X82.46 Y93.643 E137.66527
G1 F1500 E131.16527
;MESH:test.stl
G0 F7200 X80.665 Y93.643
G0 X79.58 Y93.643
G0 X79.1 Y94.902
G0 X79.24 Y94.902
;TYPE:FILL
G1 F1500 E137.66527
G1 F3600 X74.902 Y99.24 E137.70374
G1 X74.897 Y99.24
G1 X70.76 Y95.103 E137.74042
G0 F7200 X70.76 Y94.897
G1 F3600 X74.897 Y90.76 E137.77711
G1 X74.902 Y90.76
G1 X79.24 Y95.097 E137.81557
G1 X79.268 Y95.125
G0 F7200 X79.1 Y95.125
G0 X79.1 Y97.731
G0 X79.24 Y97.731
G1 F3600 X77.731 Y99.24 E137.82895
G1 X77.725 Y99.24
G1 X70.76 Y92.275 E137.89071
G0 F7200 X70.76 Y92.068
G1 F3600 X72.068 Y90.76 E137.90231
G1 X72.074 Y90.76
G1 X79.24 Y97.926 E137.96585
G1 X79.268 Y97.954
G0 F7200 X79.1 Y97.954
G0 X79.1 Y92.269
G0 X79.24 Y92.269
G1 F3600 X77.731 Y90.76 E137.97923
G1 X77.725 Y90.76
G1 X70.76 Y97.725 E138.04099
G0 F7200 X70.76 Y97.931
G1 F3600 X72.068 Y99.24 E138.0526
G1 X72.074 Y99.24
G1 X79.24 Y92.074 E138.11614
G1 X79.268 Y92.046
G0 F7200 X79.1 Y92.046
G0 X79.13 Y99.13
G0 X79.4 Y99.4
;TYPE:WALL-INNER
G1 F3600 X79.4 Y90.6 E138.17132
G1 X70.6 Y90.6 E138.2265
G1 X70.6 Y99.4 E138.28167
G1 X79.4 Y99.4 E138.33685
G0 F7200 X79.8 Y99.8
;TYPE:WALL-OUTER
G1 F1800 X79.8 Y90.2 E138.39705
G1 X70.2 Y90.2 E138.45724
G1 X70.2 Y99.8 E138.51743
G1 X79.8 Y99.8 E138.57763
G0 F7200 X79.8 Y99.6
G0 X78.8 Y98.918
G1 F1500 E132.07763
G0 F7200 X70.42 Y97.931
G0 X69.335 Y97.931
G0 X60.665 Y97.931
G0 X59.58 Y97.931
G0 X59.24 Y97.931
;TYPE:FILL
G1 F1500 E138.57763
G1 F3600 X57.931 Y99.24 E138.58923
G1 X57.926 Y99.24
G1 X50.76 Y92.073 E138.65278
G1 X50.76 Y92.269
G1 X52.269 Y90.76 E138.66616
G1 X52.275 Y90.76
G1 X59.24 Y97.725 E138.72792
G1 X59.268 Y97.753
G0 F7200 X59.1 Y97.753
G0 X59.1 Y95.103
G0 X59.24 Y95.103
G1 F3600 X55.103 Y99.24 E138.76461
G1 X55.098 Y99.24
G1 X50.76 Y94.902 E138.80308
G1 X50.76 Y95.097
G1 X55.098 Y90.76 E138.84154
G1 X55.103 Y90.76
G1 X59.24 Y94.897 E138.87822
G1 X59.268 Y94.925
G0 F7200 X59.1 Y94.925
G0 X59.1 Y92.275
G0 X59.24 Y92.275
G1 F3600 X52.274 Y99.24 E138.93999
G1 X52.269 Y99.24
G1 X50.76 Y97.73 E138.95337
G1 X50.76 Y97.926
G1 X57.926 Y90.76 E139.01692
G1 X57.932 Y90.76
G1 X59.24 Y92.068 E139.02852
G1 X59.268 Y92.096
G0 F7200 X59.1 Y92.096
G0 X59.13 Y99.13
G0 X59.4 Y99.4
;TYPE:WALL-INNER
G1 F3600 X59.4 Y90.6 E139.08369
G1 X50.6 Y90.6 E139.13887
G1 X50.6 Y99.4 E139.19405
G1 X59.4 Y99.4 E139.24923
G0 F7200 X59.8 Y99.8
;TYPE:WALL-OUTER
G1 F1800 X59.8 Y90.2 E139.30942
G1 X50.2 Y90.2 E139.36961
G1 X50.2 Y99.8 E139.42981
G1 X59.8 Y99.8 E139.49
G0 F7200 X59.8 Y99.6
G0 X58.8 Y98.918
G1 F1500 E132.99
;MESH:NONMESH
G0 F600 X58.8 Y98.918 Z3.8
G0 F7200 X50.414 Y90.414
G0 X49.335 Y90.414
G0 X45.22 Y87.789
;TIME_ELAPSED:555.396596
;LAYER:35
;TYPE:SUPPORT
G1 F1500 E139.49
G1 F3600 X45.22 Y81.663 E139.52841
G1 X44.665 Y81.815 E139.53202
G1 X43.397 Y83.111 E139.54339
G1 X42.904 Y84.734 E139.55402
G1 X43.391 Y86.359 E139.56466
G1 X44.723 Y87.65 E139.57629
G1 X46.439 Y88.13 E139.58746
G1 X46.674 Y88.15 E139.58894
G1 X48.456 Y87.672 E139.60051
G1 X49.725 Y86.442 E139.61159
G1 X50.215 Y84.738 E139.62271
G1 X49.718 Y83.101 E139.63344
G1 X48.441 Y81.795 E139.64489
G1 X47.88 Y81.642 E139.64854
G1 X47.88 Y87.827 E139.68732
G1 F1500 E133.18732
G0 F7200 X58.52 Y85.027
G1 F1500 E139.68732
G1 F3600 X58.52 Y84.444 E139.69097
G1 X58.851 Y83.35 E139.69814
G1 X59.944 Y82.24 E139.70791
G1 X61.18 Y81.903 E139.71594
G1 X61.18 Y87.565 E139.75144
G1 X61.534 Y87.665 E139.75375
G1 X63.205 Y87.214 E139.7646
G1 X64.285 Y86.177 E139.77399
G1 X64.703 Y84.737 E139.78339
G1 X64.284 Y83.361 E139.79241
G1 X63.84 Y82.911 E139.79637
G1 X63.84 Y86.605 E139.81954
G1 F1500 E133.31954
G0 F7200 X80.653 Y89.347
G0 X87.78 Y92.323
G1 F1500 E139.81954
G1 F3600 X88.517 Y93.101 E139.82626
G1 X88.996 Y94.739 E139.83696
G1 X88.519 Y96.444 E139.84806
G1 X87.78 Y97.183 E139.85461
G1 X87.78 Y92.323 E139.88508
G1 X87.285 Y91.799 E139.8896
G1 X85.58 Y91.321 E139.90071
G1 X85.12 Y91.449 E139.9037
G1 X85.12 Y98.019 E139.94489
G1 X83.945 Y97.675 E139.95257
G1 X82.643 Y96.373 E139.96412
G1 X82.46 Y95.748 E139.9682
G1 X82.46 Y93.726 E139.98088
G1 F1500 E133.48088
;MESH:test.stl
G0 F7200 X80.665 Y93.726
G0 X79.58 Y93.726
G0 X79.1 Y94.902
G0 X79.24 Y94.902
;TYPE:FILL
G1 F1500 E139.98088
G1 F3600 X74.902 Y99.24 E140.01935
G1 X74.897 Y99.24
G1 X70.76 Y95.103 E140.05603
G0 F7200 X70.76 Y94.897
G1 F3600 X74.897 Y90.76 E140.09271
G1 X74.902 Y90.76
G1 X79.24 Y95.097 E140.13118
G1 X79.268 Y95.125
G0 F7200 X79.1 Y95.125
G0 X79.1 Y97.731
G0 X79.24 Y97.731
G1 F3600 X77.731 Y99.24 E140.14456
G1 X77.725 Y99.24
G1 X70.76 Y92.275 E140.20632
G0 F7200 X70.76 Y92.068
G1 F3600 X72.068 Y90.76 E140.21792
G1 X72.074 Y90.76
G1 X79.24 Y97.926 E140.28146
G1 X79.268 Y97.954
G0 F7200 X79.1 Y97.954
G0 X79.1 Y92.269
G0 X79.24 Y92.269
G1 F3600 X77.731 Y90.76 E140.29484
G1 X77.725 Y90.76
G1 X70.76 Y97.725 E140.3566
G0 F7200 X70.76 Y97.931
G1 F3600 X72.068 Y99.24 E140.36821
G1 X72.074 Y99.24
G1 X79.24 Y92.074 E140.43175
G1 X79.268 Y92.046
G0 F7200 X79.1 Y92.046
G0 X79.13 Y99.13
G0 X79.4 Y99.4
;TYPE:WALL-INNER
G1 F3600 X79.4 Y90.6 E140.48693
G1 X70.6 Y90.6 E140.5421
G1 X70.6 Y99.4 E140.59728
G1 X79.4 Y99.4 E140.65246
G0 F7200 X79.8 Y99.8
;TYPE:WALL-OUTER
G1 F1800 X79.8 Y90.2 E140.71265
G1 X70.2 Y90.2 E140.77285
G1 X70.2 Y99.8 E140.83304
G1 X79.8 Y99.8 E140.89323
G0 F7200 X79.8 Y99.6
G0 X78.8 Y98.918
G1 F1500 E134.39323
G0 F7200 X70.42 Y97.931
G0 X69.335 Y97.931
G0 X60.665 Y97.931
G0 X59.58 Y97.931
G0 X59.24 Y97.931
;TYPE:FILL
G1 F1500 E140.89323
G1 F3600 X57.931 Y99.24 E140.90484
G1 X57.926 Y99.24
G1 X50.76 Y92.073 E140.96839
G1 X50.76 Y92.269
G1 X52.269 Y90.76 E140.98177
G1 X52.275 Y90.76
G1 X59.24 Y97.725 E141.04353
G1 X59.268 Y97.753
G0 F7200 X59.1 Y97.753
G0 X59.1 Y95.103
G0 X59.24 Y95.103
G1 F3600 X55.103 Y99.24 E141.08022
G1 X55.098 Y99.24
G1 X50.76 Y94.902 E141.11868
G1 X50.76 Y95.097
G1 X55.098 Y90.76 E141.15715
G1 X55.103 Y90.76
G1 X59.24 Y94.897 E141.19383
G1 X59.268 Y94.925
G0 F7200 X59.1 Y94.925
G0 X59.1 Y92.275
G0 X59.24 Y92.275
G1 F3600 X52.274 Y99.24 E141.2556
G1 X52.269 Y99.24
G1 X50.76 Y97.73 E141.26898
G1 X50.76 Y97.926
G1 X57.926 Y90.76 E141.33253
G1 X57.932 Y90.76
G1 X59.24 Y92.068 E141.34412
G1 X59.268 Y92.096
G0 F7200 X59.1 Y92.096
G0 X59.13 Y99.13
G0 X59.4 Y99.4
;TYPE:WALL-INNER
G1 F3600 X59.4 Y90.6 E141.3993
G1 X50.6 Y90.6 E141.45448
G1 X50.6 Y99.4 E141.50966
G1 X59.4 Y99.4 E141.56483
G0 F7200 X59.8 Y99.8
;TYPE:WALL-OUTER
G1 F1800 X59.8 Y90.2 E141.62503
G1 X50.2 Y90.2 E141.68522
G1 X50.2 Y99.8 E141.74542
G1 X59.8 Y99.8 E141.80561
G0 F7200 X59.8 Y99.6
G0 X58.8 Y98.918
G1 F1500 E135.30561
;MESH:NONMESH
G0 F600 X58.8 Y98.918 Z3.9
G0 F7200 X50.414 Y90.414
G0 X49.335 Y90.414
G0 X45.22 Y87.832
;TIME_ELAPSED:567.372410
;LAYER:36
;TYPE:SUPPORT
G1 F1500 E141.80561
G1 F3600 X45.22 Y81.617 E141.84458
G1 X44.416 Y81.836 E141.8498
G1 X43.166 Y83.116 E141.86102
G1 X42.682 Y84.73 E141.87159
G1 X43.169 Y86.341 E141.88214
G1 X44.495 Y87.628 E141.89373
G1 X46.327 Y88.145 E141.90566
G1 X48.163 Y87.642 E141.9176
G1 X49.429 Y86.418 E141.92864
G1 X49.922 Y84.723 E141.93971
G1 X49.435 Y83.097 E141.95035
G1 X48.174 Y81.807 E141.96166
G1 X47.88 Y81.728 E141.96357
G1 X47.88 Y87.72 E142.00114
G1 F1500 E135.50114
G0 F7200 X61.18 Y87.47
G1 F1500 E142.00114
G1 F3600 X61.18 Y81.996 E142.03546
G1 X60.206 Y82.259 E142.04179
G1 X59.122 Y83.36 E142.05148
G1 X58.706 Y84.734 E142.06048
G1 X59.125 Y86.112 E142.06951
G1 X60.267 Y87.214 E142.07946
G1 X61.787 Y87.641 E142.08936
G1 X63.457 Y87.191 E142.10021
G1 X64.529 Y86.16 E142.10953
G1 X64.946 Y84.734 E142.11885
G1 X64.533 Y83.37 E142.12778
G1 X63.84 Y82.667 E142.13397
G1 X63.84 Y86.823 E142.16003
G1 F1500 E135.66003
G0 F7200 X80.653 Y89.347
G0 X87.78 Y92.356
G1 F1500 E142.16003
G1 F3600 X88.497 Y93.112 E142.16656
G1 X88.972 Y94.739 E142.17719
G1 X88.498 Y96.433 E142.18822
G1 X87.78 Y97.152 E142.19459
G1 X87.78 Y92.356 E142.22466
G1 X87.273 Y91.82 E142.22929
G1 X85.58 Y91.345 E142.24032
G1 X85.12 Y91.474 E142.24331
G1 X85.12 Y97.995 E142.2842
G1 X83.956 Y97.655 E142.2918
G1 X82.663 Y96.362 E142.30327
G1 X82.46 Y95.667 E142.30781
G1 X82.46 Y93.806 E142.31948
G1 F1500 E135.81948
;MESH:test.stl
G0 F7200 X80.665 Y93.806
G0 X79.58 Y93.806
G0 X79.1 Y94.902
G0 X79.24 Y94.902
;TYPE:FILL
G1 F1500 E142.31948
G1 F3600 X74.902 Y99.24 E142.35794
G1 X74.897 Y99.24
G1 X70.76 Y95.103 E142.39463
G0 F7200 X70.76 Y94.897
G1 F3600 X74.897 Y90.76 E142.43131
G1 X74.902 Y90.76
G1 X79.24 Y95.097 E142.46978
G1 X79.268 Y95.125
G0 F7200 X79.1 Y95.125
G0 X79.1 Y97.731
G0 X79.24 Y97.731
G1 F3600 X77.731 Y99.24 E142.48316
G1 X77.725 Y99.24
G1 X70.76 Y92.275 E142.54492
G0 F7200 X70.76 Y92.068
G1 F3600 X72.068 Y90.76 E142.55652
G1 X72.074 Y90.76
G1 X79.24 Y97.926 E142.62006
G1 X79.268 Y97.954
G0 F7200 X79.1 Y97.954
G0 X79.1 Y92.269
G0 X79.24 Y92.269
G1 F3600 X77.731 Y90.76 E142.63344
G1 X77.725 Y90.76
G1 X70.76 Y97.725 E142.6952
G0 F7200 X70.76 Y97.931
G1 F3600 X72.068 Y99.24 E142.7068
G1 X72.074 Y99.24
G1 X79.24 Y92.074 E142.77035
G1 X79.268 Y92.046
G0 F7200 X79.1 Y92.046
G0 X79.13 Y99.13
G0 X79.4 Y99.4
;TYPE:WALL-INNER
G1 F3600 X79.4 Y90.6 E142.82553
G1 X70.6 Y90.6 E142.8807
G1 X70.6 Y99.4 E142.93588
G1 X79.4 Y99.4 E142.99106
G0 F7200 X79.8 Y99.8
;TYPE:WALL-OUTER
G1 F1800 X79.8 Y90.2 E143.05125
G1 X70.2 Y90.2 E143.11145
G1 X70.2 Y99.8 E143.17164
G1 X79.8 Y99.8 E143.23183
G0 F7200 X79.8 Y99.6
G0 X78.8 Y98.918
G1 F1500 E136.73183
G0 F7200 X70.42 Y97.931
G0 X69.335 Y97.931
G0 X60.665 Y97.931
G0 X59.58 Y97.931
G0 X59.24 Y97.931
;TYPE:FILL
G1 F1500 E143.23183
G1 F3600 X57.931 Y99.24 E143.24344
G1 X57.926 Y99.24
G1 X50.76 Y92.073 E143.30699
G1 X50.76 Y92.269
G1 X52.269 Y90.76 E143.32037
G1 X52.275 Y90.76
G1 X59.24 Y97.725 E143.38213
G1 X59.268 Y97.753
G0 F7200 X59.1 Y97.753
G0 X59.1 Y95.103
G0 X59.24 Y95.103
G1 F3600 X55.103 Y99.24 E143.41882
G1 X55.098 Y99.24
G1 X50.76 Y94.902 E143.45728
G1 X50.76 Y95.097
G1 X55.098 Y90.76 E143.49574
G1 X55.103 Y90.76
G1 X59.24 Y94.897 E143.53243
G1 X59.268 Y94.925
G0 F7200 X59.1 Y94.925
G0 X59.1 Y92.275
G0 X59.24 Y92.275
G1 F3600 X52.274 Y99.24 E143.5942
G1 X52.269 Y99.24
G1 X50.76 Y97.73 E143.60758
G1 X50.76 Y97.926
G1 X57.926 Y90.76 E143.67112
G1 X57.932 Y90.76
G1 X59.24 Y92.068 E143.68272
G1 X59.268 Y92.096
G0 F7200 X59.1 Y92.096
G0 X59.13 Y99.13
G0 X59.4 Y99.4
;TYPE:WALL-INNER
G1 F3600 X59.4 Y90.6 E143.7379
G1 X50.6 Y90.6 E143.79308
G1 X50.6 Y99.4 E143.84826
G1 X59.4 Y99.4 E143.90343
G0 F7200 X59.8 Y99.8
;TYPE:WALL-OUTER
G1 F1800 X59.8 Y90.2 E143.96363
G1 X50.2 Y90.2 E144.02382
G1 X50.2 Y99.8 E144.08401
G1 X59.8 Y99.8 E144.14421
G0 F7200 X59.8 Y99.6
G0 X58.8 Y98.918
G1 F1500 E137.64421
;MESH:NONMESH
G0 F600 X58.8 Y98.918 Z4
G0 F7200 X50.414 Y90.414
G0 X49.335 Y90.414
G0 X42.56 Y85.135
;TIME_ELAPSED:579.460836
;LAYER:37
;TYPE:SUPPORT
G1 F1500 E144.14421
G1 F3600 X42.56 Y84.339 E144.1492
G1 X42.924 Y83.137 E144.15707
G1 X44.173 Y81.859 E144.16828
G1 X45.22 Y81.577 E144.17508
G1 X45.22 Y87.888 E144.21465
G1 X45.978 Y88.102 E144.21959
G1 X46.138 Y88.106 E144.22059
G1 X47.898 Y87.629 E144.23202
G1 X49.146 Y86.417 E144.24293
G1 X49.63 Y84.737 E144.25389
G1 X49.142 Y83.124 E144.26446
G1 X47.88 Y81.837 E144.27576
G1 X47.88 Y87.634 E144.31211
G1 F1500 E137.81211
G0 F7200 X61.18 Y87.369
G1 F1500 E144.31211
G1 F3600 X61.18 Y82.092 E144.3452
G1 X60.489 Y82.28 E144.34969
G1 X59.412 Y83.373 E144.35931
G1 X58.997 Y84.737 E144.36825
G1 X59.41 Y86.101 E144.37719
G1 X60.542 Y87.191 E144.38704
G1 X62.032 Y87.609 E144.39674
G1 X63.705 Y87.153 E144.40762
G1 X64.77 Y86.13 E144.41688
G1 X65.185 Y84.717 E144.42611
G1 X64.778 Y83.361 E144.43499
G1 X63.84 Y82.408 E144.44337
G1 X63.84 Y87.024 E144.47231
G1 F1500 E137.97231
G0 F7200 X80.653 Y89.347
G0 X87.78 Y92.392
G1 F1500 E144.47231
G1 F3600 X88.476 Y93.126 E144.47866
G1 X88.947 Y94.739 E144.48919
G1 X88.477 Y96.419 E144.50013
G1 X87.78 Y97.116 E144.50631
G1 X87.78 Y92.392 E144.53593
G1 X87.259 Y91.841 E144.54069
G1 X85.58 Y91.37 E144.55162
G1 X85.12 Y91.499 E144.55462
G1 X85.12 Y97.97 E144.59519
G1 X83.968 Y97.633 E144.60272
G1 X82.685 Y96.35 E144.61409
G1 X82.46 Y95.581 E144.61912
G1 X82.46 Y93.892 E144.62971
G1 F1500 E138.12971
;MESH:test.stl
G0 F7200 X80.665 Y93.892
G0 X79.58 Y93.892
G0 X79.1 Y94.902
G0 X79.24 Y94.902
;TYPE:FILL
G1 F1500 E144.62971
G1 F3600 X74.902 Y99.24 E144.66817
G1 X74.897 Y99.24
G1 X70.76 Y95.103 E144.70486
G0 F7200 X70.76 Y94.897
G1 F3600 X74.897 Y90.76 E144.74154
G1 X74.902 Y90.76
G1 X79.24 Y95.097 E144.78001
G1 X79.268 Y95.125
G0 F7200 X79.1 Y95.125
G0 X79.1 Y97.731
G0 X79.24 Y97.731
G1 F3600 X77.731 Y99.24 E144.79339
G1 X77.725 Y99.24
G1 X70.76 Y92.275 E144.85515
G0 F7200 X70.76 Y92.068
G1 F3600 X72.068 Y90.76 E144.86675
G1 X72.074 Y90.76
G1 X79.24 Y97.926 E144.93029
G1 X79.268 Y97.954
G0 F7200 X79.1 Y97.954
G0 X79.1 Y92.269
G0 X79.24 Y92.269
G1 F3600 X77.731 Y90.76 E144.94367
G1 X77.725 Y90.76
G1 X70.76 Y97.725 E145.00543
G0 F7200 X70.76 Y97.931
G1 F3600 X72.068 Y99.24 E145.01704
G1 X72.074 Y99.24
G1 X79.24 Y92.074 E145.08058
G1 X79.268 Y92.046
G0 F7200 X79.1 Y92.046
G0 X79.13 Y99.13
G0 X79.4 Y99.4
;TYPE:WALL-INNER
G1 F3600 X79.4 Y90.6 E145.13576
G1 X70.6 Y90.6 E145.19093
G1 X70.6 Y99.4 E145.24611
G1 X79.4 Y99.4 E145.30129
G0 F7200 X79.8 Y99.8
;TYPE:WALL-OUTER
G1 F1800 X79.8 Y90.2 E145.36148
G1 X70.2 Y90.2 E145.42168
G1 X70.2 Y99.8 E145.48187
G1 X79.8 Y99.8 E145.54206
G0 F7200 X79.8 Y99.6
G0 X78.8 Y98.918
G1 F1500 E139.04206
G0 F7200 X70.42 Y97.931
G0 X69.335 Y97.931
G0 X60.665 Y97.931
G0 X59.58 Y97.931
G0 X59.24 Y97.931
;TYPE:FILL
G1 F1500 E145.54206
G1 F3600 X57.931 Y99.24 E145.55367
G1 X57.926 Y99.24
G1 X50.76 Y92.073 E145.61722
G1 X50.76 Y92.269
G1 X52.269 Y90.76 E145.6306
G1 X52.275 Y90.76
G1 X59.24 Y97.725 E145.69236
G1 X59.268 Y97.753
G0 F7200 X59.1 Y97.753
G0 X59.1 Y95.103
G0 X59.24 Y95.103
G1 F3600 X55.103 Y99.24 E145.72905
G1 X55.098 Y99.24
G1 X50.76 Y94.902 E145.76751
G1 X50.76 Y95.097
G1 X55.098 Y90.76 E145.80598
G1 X55.103 Y90.76
G1 X59.24 Y94.897 E145.84266
G1 X59.268 Y94.925
G0 F7200 X59.1 Y94.925
G0 X59.1 Y92.275
G0 X59.24 Y92.275
G1 F3600 X52.274 Y99.24 E145.90443
G1 X52.269 Y99.24
G1 X50.76 Y97.73 E145.91781
G1 X50.76 Y97.926
G1 X57.926 Y90.76 E145.98135
G1 X57.932 Y90.76
G1 X59.24 Y92.068 E145.99295
G1 X59.268 Y92.096
G0 F7200 X59.1 Y92.096
G0 X59.13 Y99.13
G0 X59.4 Y99.4
;TYPE:WALL-INNER
G1 F3600 X59.4 Y90.6 E146.04813
G1 X50.6 Y90.6 E146.10331
G1 X50.6 Y99.4 E146.15849
G1 X59.4 Y99.4 E146.21366
G0 F7200 X59.8 Y99.8
;TYPE:WALL-OUTER
G1 F1800 X59.8 Y90.2 E146.27386
G1 X50.2 Y90.2 E146.33405
G1 X50.2 Y99.8 E146.39424
G1 X59.8 Y99.8 E146.45444
G0 F7200 X59.8 Y99.6
G0 X58.8 Y98.918
G1 F1500 E139.95444
;MESH:NONMESH
G0 F600 X58.8 Y98.918 Z4.1
G0 F7200 X50.414 Y90.414
G0 X49.335 Y90.414
G0 X42.56 Y85.924
;TIME_ELAPSED:591.467723
;LAYER:38
;TYPE:SUPPORT
G1 F1500 E146.45444
G1 F3600 X42.56 Y83.521 E146.46951
G1 X42.675 Y83.139 E146.47201
G1 X43.91 Y81.877 E146.48308
G1 X45.22 Y81.523 E146.49159
G1 X45.22 Y87.93 E146.53176
G1 X45.819 Y88.098 E146.53566
G1 X47.626 Y87.606 E146.5474
G1 X48.873 Y86.4 E146.55828
G1 X49.357 Y84.73 E146.56918
G1 X48.876 Y83.127 E146.57968
G1 X47.88 Y82.11 E146.5886
G1 X47.88 Y87.361 E146.62153
G1 F1500 E140.12153
G0 F7200 X61.18 Y87.263
G1 F1500 E146.62153
G1 F3600 X61.18 Y82.181 E146.65339
G1 X60.773 Y82.293 E146.65604
G1 X59.705 Y83.376 E146.66558
G1 X59.29 Y84.73 E146.67446
G1 X59.697 Y86.086 E146.68333
G1 X60.816 Y87.163 E146.69307
G1 X62.281 Y87.569 E146.7026
G1 X63.949 Y87.111 E146.71345
G1 X65.003 Y86.094 E146.72263
G1 X65.416 Y84.691 E146.7318
G1 X65.013 Y83.349 E146.74059
G1 X63.964 Y82.28 E146.74998
G1 X63.84 Y82.247 E146.75078
G1 X63.84 Y87.141 E146.78147
G1 F1500 E140.28147
G0 F7200 X80.653 Y89.347
G0 X87.78 Y92.424
G1 F1500 E146.78147
G1 F3600 X88.456 Y93.138 E146.78764
G1 X88.923 Y94.739 E146.79809
G1 X88.456 Y96.408 E146.80896
G1 X87.78 Y97.085 E146.81496
G1 X87.78 Y92.424 E146.84418
G1 X87.247 Y91.861 E146.84904
G1 X85.58 Y91.394 E146.8599
G1 X85.12 Y91.522 E146.86289
G1 X85.12 Y97.946 E146.90317
G1 X83.98 Y97.613 E146.91062
G1 X82.705 Y96.338 E146.92193
G1 X82.46 Y95.5 E146.9274
G1 X82.46 Y93.973 E146.93697
G1 F1500 E140.43697
;MESH:test.stl
G0 F7200 X80.665 Y93.973
G0 X79.58 Y93.973
G0 X79.1 Y94.902
G0 X79.24 Y94.902
;TYPE:FILL
G1 F1500 E146.93697
G1 F3600 X74.902 Y99.24 E146.97544
G1 X74.897 Y99.24
G1 X70.76 Y95.103 E147.01213
G0 F7200 X70.76 Y94.897
G1 F3600 X74.897 Y90.76 E147.04881
G1 X74.902 Y90.76
G1 X79.24 Y95.097 E147.08727
G1 X79.268 Y95.125
G0 F7200 X79.1 Y95.125
G0 X79.1 Y97.731
G0 X79.24 Y97.731
G1 F3600 X77.731 Y99.24 E147.10065
G1 X77.725 Y99.24
G1 X70.76 Y92.275 E147.16241
G0 F7200 X70.76 Y92.068
G1 F3600 X72.068 Y90.76 E147.17401
G1 X72.074 Y90.76
G1 X79.24 Y97.926 E147.23756
G1 X79.268 Y97.954
G0 F7200 X79.1 Y97.954
G0 X79.1 Y92.269
G0 X79.24 Y92.269
G1 F3600 X77.731 Y90.76 E147.25094
G1 X77.725 Y90.76
G1 X70.76 Y97.725 E147.3127
G0 F7200 X70.76 Y97.931
G1 F3600 X72.068 Y99.24 E147.3243
G1 X72.074 Y99.24
G1 X79.24 Y92.074 E147.38785
G1 X79.268 Y92.046
G0 F7200 X79.1 Y92.046
G0 X79.13 Y99.13
G0 X79.4 Y99.4
;TYPE:WALL-INNER
G1 F3600 X79.4 Y90.6 E147.44302
G1 X70.6 Y90.6 E147.4982
G1 X70.6 Y99.4 E147.55338
G1 X79.4 Y99.4 E147.60856
G0 F7200 X79.8 Y99.8
;TYPE:WALL-OUTER
G1 F1800 X79.8 Y90.2 E147.66875
G1 X70.2 Y90.2 E147.72894
G1 X70.2 Y99.8 E147.78914
G1 X79.8 Y99.8 E147.84933
G0 F7200 X79.8 Y99.6
G0 X78.8 Y98.918
G1 F1500 E141.34933
G0 F7200 X70.42 Y97.931
G0 X69.335 Y97.931
G0 X60.665 Y97.931
G0 X59.58 Y97.931
G0 X59.24 Y97.931
;TYPE:FILL
G1 F1500 E147.84933
G1 F3600 X57.931 Y99.24 E147.86094
G1 X57.926 Y99.24
G1 X50.76 Y92.073 E147.92449
G1 X50.76 Y92.269
G1 X52.269 Y90.76 E147.93787
G1 X52.275 Y90.76
G1 X59.24 Y97.725 E147.99963
G1 X59.268 Y97.753
G0 F7200 X59.1 Y97.753
G0 X59.1 Y95.103
G0 X59.24 Y95.103
G1 F3600 X55.103 Y99.24 E148.03631
G1 X55.098 Y99.24
G1 X50.76 Y94.902 E148.07478
G1 X50.76 Y95.097
G1 X55.098 Y90.76 E148.11324
G1 X55.103 Y90.76
G1 X59.24 Y94.897 E148.14993
G1 X59.268 Y94.925
G0 F7200 X59.1 Y94.925
G0 X59.1 Y92.275
G0 X59.24 Y92.275
G1 F3600 X52.274 Y99.24 E148.21169
G1 X52.269 Y99.24
G1 X50.76 Y97.73 E148.22508
G1 X50.76 Y97.926
G1 X57.926 Y90.76 E148.28862
G1 X57.932 Y90.76
G1 X59.24 Y92.068 E148.30022
G1 X59.268 Y92.096
G0 F7200 X59.1 Y92.096
G0 X59.13 Y99.13
G0 X59.4 Y99.4
;TYPE:WALL-INNER
G1 F3600 X59.4 Y90.6 E148.3554
G1 X50.6 Y90.6 E148.41058
G1 X50.6 Y99.4 E148.46575
G1 X59.4 Y99.4 E148.52093
G0 F7200 X59.8 Y99.8
;TYPE:WALL-OUTER
G1 F1800 X59.8 Y90.2 E148.58112
G1 X50.2 Y90.2 E148.64132
G1 X50.2 Y99.8 E148.70151
G1 X59.8 Y99.8 E148.76171
G0 F7200 X59.8 Y99.6
G0 X58.8 Y98.918
G1 F1500 E142.26171
;MESH:NONMESH
G0 F600 X58.8 Y98.918 Z4.2
G0 F7200 X50.414 Y90.414
G0 X49.335 Y90.414
G0 X42.56 Y86.387
;TIME_ELAPSED:603.463901
;LAYER:39
;TYPE:SUPPORT
G1 F1500 E148.76171
G1 F3600 X42.56 Y83.011 E148.78287
G1 X43.666 Y81.877 E148.79281
G1 X45.22 Y81.459 E148.8029
G1 X45.22 Y87.966 E148.8437
G1 X45.574 Y88.068 E148.84601
G1 X47.354 Y87.589 E148.85756
G1 X48.589 Y86.393 E148.86834
G1 X49.067 Y84.738 E148.87915
G1 X48.584 Y83.148 E148.88956
G1 X47.88 Y82.429 E148.89587
G1 X47.88 Y87.08 E148.92504
G1 F1500 E142.42504
G0 F7200 X61.18 Y87.146
G1 F1500 E148.92504
G1 F3600 X61.18 Y82.255 E148.9557
G1 X61.049 Y82.291 E148.95656
G1 X59.99 Y83.366 E148.96602
G1 X59.578 Y84.711 E148.97484
G1 X59.981 Y86.054 E148.98363
G1 X61.087 Y87.121 E148.99327
G1 X62.511 Y87.515 E149.00253
G1 X62.748 Y87.507 E149.00402
G1 X64.229 Y87.118 E149.01362
G1 X65.261 Y86.123 E149.02261
G1 X65.654 Y84.738 E149.03163
G1 X65.241 Y83.399 E149.04042
G1 X64.172 Y82.314 E149.04997
G1 X63.84 Y82.222 E149.05213
G1 X63.84 Y87.221 E149.08348
G1 F1500 E142.58348
G0 F7200 X80.653 Y89.347
G0 X87.78 Y92.458
G1 F1500 E149.08348
G1 F3600 X88.433 Y93.148 E149.08943
G1 X88.898 Y94.739 E149.09983
G1 X88.435 Y96.395 E149.11061
G1 X87.78 Y97.05 E149.11641
G1 X87.78 Y92.458 E149.14521
G1 X87.236 Y91.883 E149.15017
G1 X85.58 Y91.419 E149.16095
G1 X85.12 Y91.547 E149.16395
G1 X85.12 Y97.921 E149.20391
G1 X83.992 Y97.591 E149.21128
G1 X82.727 Y96.326 E149.2225
G1 X82.46 Y95.414 E149.22846
G1 X82.46 Y94.06 E149.23695
G1 F1500 E142.73695
;MESH:test.stl
G0 F7200 X80.665 Y94.06
G0 X79.58 Y94.06
G0 X79.24 Y94.902
;TYPE:FILL
G1 F1500 E149.23695
G1 F3600 X74.902 Y99.24 E149.27542
G1 X74.897 Y99.24
G1 X70.76 Y95.103 E149.3121
G0 F7200 X70.76 Y94.897
G1 F3600 X74.897 Y90.76 E149.34878
G1 X74.902 Y90.76
G1 X79.24 Y95.097 E149.38725
G1 X79.268 Y95.125
G0 F7200 X79.1 Y95.125
G0 X79.1 Y97.731
G0 X79.24 Y97.731
G1 F3600 X77.731 Y99.24 E149.40063
G1 X77.725 Y99.24
G1 X70.76 Y92.275 E149.46239
G0 F7200 X70.76 Y92.068
G1 F3600 X72.068 Y90.76 E149.47399
G1 X72.074 Y90.76
G1 X79.24 Y97.926 E149.53753
G1 X79.268 Y97.954
G0 F7200 X79.1 Y97.954
G0 X79.1 Y92.269
G0 X79.24 Y92.269
G1 F3600 X77.731 Y90.76 E149.55091
G1 X77.725 Y90.76
G1 X70.76 Y97.725 E149.61267
G0 F7200 X70.76 Y97.931
G1 F3600 X72.068 Y99.24 E149.62428
G1 X72.074 Y99.24
G1 X79.24 Y92.074 E149.68782
G1 X79.268 Y92.046
G0 F7200 X79.1 Y92.046
G0 X79.13 Y99.13
G0 X79.4 Y99.4
;TYPE:WALL-INNER
G1 F3600 X79.4 Y90.6 E149.743
G1 X70.6 Y90.6 E149.79817
G1 X70.6 Y99.4 E149.85335
G1 X79.4 Y99.4 E149.90853
G0 F7200 X79.8 Y99.8
;TYPE:WALL-OUTER
G1 F1800 X79.8 Y90.2 E149.96872
G1 X70.2 Y90.2 E150.02892
G1 X70.2 Y99.8 E150.08911
G1 X79.8 Y99.8 E150.14931
G0 F7200 X79.8 Y99.6
G0 X78.8 Y98.918
G1 F1500 E143.64931
G0 F7200 X70.42 Y97.931
G0 X69.335 Y97.931
G0 X60.665 Y97.931
G0 X59.58 Y97.931
G0 X59.24 Y97.931
;TYPE:FILL
G1 F1500 E150.14931
G1 F3600 X57.931 Y99.24 E150.16091
G1 X57.926 Y99.24
G1 X50.76 Y92.073 E150.22446
G1 X50.76 Y92.269
G1 X52.269 Y90.76 E150.23784
G1 X52.275 Y90.76
G1 X59.24 Y97.725 E150.2996
G1 X59.268 Y97.753
G0 F7200 X59.1 Y97.753
G0 X59.1 Y95.103
G0 X59.24 Y95.103
G1 F3600 X55.103 Y99.24 E150.33629
G1 X55.098 Y99.24
G1 X50.76 Y94.902 E150.37475
G1 X50.76 Y95.097
G1 X55.098 Y90.76 E150.41322
G1 X55.103 Y90.76
G1 X59.24 Y94.897 E150.4499
G1 X59.268 Y94.925
G0 F7200 X59.1 Y94.925
G0 X59.1 Y92.275
G0 X59.24 Y92.275
G1 F3600 X52.274 Y99.24 E150.51167
G1 X52.269 Y99.24
G1 X50.76 Y97.73 E150.52505
G1 X50.76 Y97.926
G1 X57.926 Y90.76 E150.5886
G1 X57.932 Y90.76
G1 X59.24 Y92.068 E150.60019
G1 X59.268 Y92.096
G0 F7200 X59.1 Y92.096
G0 X59.13 Y99.13
G0 X59.4 Y99.4
;TYPE:WALL-INNER
G1 F3600 X59.4 Y90.6 E150.65537
G1 X50.6 Y90.6 E150.71055
G1 X50.6 Y99.4 E150.76573
G1 X59.4 Y99.4 E150.8209
G0 F7200 X59.8 Y99.8
;TYPE:WALL-OUTER
G1 F1800 X59.8 Y90.2 E150.8811
G1 X50.2 Y90.2 E150.94129
G1 X50.2 Y99.8 E151.00149
G1 X59.8 Y99.8 E151.06168
G0 F7200 X59.8 Y99.6
G0 X58.8 Y98.918
G1 F1500 E144.56168
;MESH:NONMESH
G0 F600 X58.8 Y98.918 Z4.3
G0 F7200 X50.414 Y90.414
G0 X49.335 Y90.414
G0 X42.56 Y82.817
;TIME_ELAPSED:615.456622
;LAYER:40
;TYPE:SUPPORT
G1 F1500 E151.06168
G1 F3600 X42.56 Y86.644 E151.08568
G1 X42.204 Y86.3 E151.08878
G1 X41.739 Y84.734 E151.09902
G1 X42.217 Y83.168 E151.10929
G1 X43.443 Y81.915 E151.12028
G1 X45.22 Y81.419 E151.13185
G1 X45.22 Y88.006 E151.17315
G1 X45.369 Y88.017 E151.17409
G1 X47.087 Y87.554 E151.18524
G1 X48.305 Y86.37 E151.19589
G1 X48.776 Y84.727 E151.20661
G1 X48.296 Y83.147 E151.21697
G1 X47.88 Y82.721 E151.2207
G1 X47.88 Y86.784 E151.24617
G1 F1500 E144.74617
G0 F7200 X61.18 Y86.899
G1 F1500 E151.24617
G1 F3600 X61.18 Y82.416 E151.27428
G1 X60.253 Y83.361 E151.28258
G1 X59.859 Y84.691 E151.29128
G1 X60.273 Y86.025 E151.30004
G1 X61.387 Y87.099 E151.30974
G1 X62.885 Y87.532 E151.31952
G1 X64.459 Y87.107 E151.32974
G1 X65.494 Y86.112 E151.33874
G1 X65.897 Y84.734 E151.34775
G1 X65.497 Y83.417 E151.35638
G1 X64.458 Y82.362 E151.36566
G1 X63.84 Y82.197 E151.36967
G1 X63.84 Y87.275 E151.40151
G1 F1500 E144.90151
G0 F7200 X80.653 Y89.347
G0 X87.78 Y92.494
G1 F1500 E151.40151
G1 F3600 X88.413 Y93.162 E151.40728
G1 X88.873 Y94.739 E151.41758
G1 X88.413 Y96.384 E151.42829
G1 X87.78 Y97.017 E151.43391
G1 X87.78 Y92.494 E151.46227
G1 X87.222 Y91.904 E151.46736
G1 X85.58 Y91.444 E151.47805
G1 X85.12 Y91.572 E151.48104
G1 X85.12 Y97.896 E151.5207
G1 X84.004 Y97.57 E151.52799
G1 X82.748 Y96.314 E151.53912
G1 X82.46 Y95.329 E151.54556
G1 X82.46 Y94.145 E151.55298
G1 F1500 E145.05298
;MESH:test.stl
G0 F7200 X80.665 Y94.145
G0 X79.58 Y94.145
G0 X79.24 Y94.902
;TYPE:FILL
G1 F1500 E151.55298
G1 F3600 X74.902 Y99.24 E151.59145
G1 X74.897 Y99.24
G1 X70.76 Y95.103 E151.62813
G0 F7200 X70.76 Y94.897
G1 F3600 X74.897 Y90.76 E151.66482
G1 X74.902 Y90.76
G1 X79.24 Y95.097 E151.70328
G1 X79.268 Y95.125
G0 F7200 X79.1 Y95.125
G0 X79.1 Y97.731
G0 X79.24 Y97.731
G1 F3600 X77.731 Y99.24 E151.71666
G1 X77.725 Y99.24
G1 X70.76 Y92.275 E151.77842
G0 F7200 X70.76 Y92.068
G1 F3600 X72.068 Y90.76 E151.79002
G1 X72.074 Y90.76
G1 X79.24 Y97.926 E151.85356
G1 X79.268 Y97.954
G0 F7200 X79.1 Y97.954
G0 X79.1 Y92.269
G0 X79.24 Y92.269
G1 F3600 X77.731 Y90.76 E151.86694
G1 X77.725 Y90.76
G1 X70.76 Y97.725 E151.92871
G0 F7200 X70.76 Y97.931
G1 F3600 X72.068 Y99.24 E151.94031
G1 X72.074 Y99.24
G1 X79.24 Y92.074 E152.00385
G1 X79.268 Y92.046
G0 F7200 X79.1 Y92.046
G0 X79.13 Y99.13
G0 X79.4 Y99.4
;TYPE:WALL-INNER
G1 F3600 X79.4 Y90.6 E152.05903
G1 X70.6 Y90.6 E152.11421
G1 X70.6 Y99.4 E152.16939
G1 X79.4 Y99.4 E152.22456
G0 F7200 X79.8 Y99.8
;TYPE:WALL-OUTER
G1 F1800 X79.8 Y90.2 E152.28476
G1 X70.2 Y90.2 E152.34495
G1 X70.2 Y99.8 E152.40514
G1 X79.8 Y99.8 E152.46534
G0 F7200 X79.8 Y99.6
G0 X78.8 Y98.918
G1 F1500 E145.96534
G0 F7200 X70.42 Y97.931
G0 X69.335 Y97.931
G0 X60.665 Y97.931
G0 X59.58 Y97.931
G0 X59.24 Y97.931
;TYPE:FILL
G1 F1500 E152.46534
G1 F3600 X57.931 Y99.24 E152.47695
G1 X57.926 Y99.24
G1 X50.76 Y92.073 E152.54049
G1 X50.76 Y92.269
G1 X52.269 Y90.76 E152.55387
G1 X52.275 Y90.76
G1 X59.24 Y97.725 E152.61564
G1 X59.268 Y97.753
G0 F7200 X59.1 Y97.753
G0 X59.1 Y95.103
G0 X59.24 Y95.103
G1 F3600 X55.103 Y99.24 E152.65232
G1 X55.098 Y99.24
G1 X50.76 Y94.902 E152.69079
G1 X50.76 Y95.097
G1 X55.098 Y90.76 E152.72925
G1 X55.103 Y90.76
G1 X59.24 Y94.897 E152.76593
G1 X59.268 Y94.925
G0 F7200 X59.1 Y94.925
G0 X59.1 Y92.275
G0 X59.24 Y92.275
G1 F3600 X52.274 Y99.24 E152.8277
G1 X52.269 Y99.24
G1 X50.76 Y97.73 E152.84108
G1 X50.76 Y97.926
G1 X57.926 Y90.76 E152.90463
G1 X57.932 Y90.76
G1 X59.24 Y92.068 E152.91623
G1 X59.268 Y92.096
G0 F7200 X59.1 Y92.096
G0 X59.13 Y99.13
G0 X59.4 Y99.4
;TYPE:WALL-INNER
G1 F3600 X59.4 Y90.6 E152.9714
G1 X50.6 Y90.6 E153.02658
G1 X50.6 Y99.4 E153.08176
G1 X59.4 Y99.4 E153.13694
G0 F7200 X59.8 Y99.8
;TYPE:WALL-OUTER
G1 F1800 X59.8 Y90.2 E153.19713
G1 X50.2 Y90.2 E153.25733
G1 X50.2 Y99.8 E153.31752
G1 X59.8 Y99.8 E153.37771
G0 F7200 X59.8 Y99.6
G0 X58.8 Y98.918
G1 F1500 E146.87771
;MESH:NONMESH
G0 F600 X58.8 Y98.918 Z4.4
G0 F7200 X50.414 Y90.414
G0 X49.335 Y90.414
G0 X42.56 Y82.631
;TIME_ELAPSED:627.505636
;LAYER:41
;TYPE:SUPPORT
G1 F1500 E153.37771
G1 F3600 X42.56 Y86.9 E153.40448
G1 X41.97 Y86.329 E153.40963
G1 X41.511 Y84.775 E153.41979
G1 X41.986 Y83.219 E153.42999
G1 X43.204 Y81.972 E153.44092
G1 X45.093 Y81.437 E153.45323
G1 X45.22 Y81.471 E153.45405
G1 X45.22 Y87.966 E153.49478
G1 X46.803 Y87.529 E153.50508
G1 X47.88 Y86.487 E153.51447
G1 X47.88 Y82.98 E153.53646
G1 F1500 E147.03646
G0 F7200 X61.18 Y86.665
G1 F1500 E153.53646
G1 F3600 X61.18 Y82.775 E153.56085
G1 X60.547 Y83.419 E153.56651
G1 X60.145 Y84.736 E153.57515
G1 X60.545 Y86.054 E153.58378
G1 X61.64 Y87.108 E153.59331
G1 X63.102 Y87.518 E153.60284
G1 X64.711 Y87.086 E153.61328
G1 X65.734 Y86.103 E153.62218
G1 X66.13 Y84.737 E153.63109
G1 X65.732 Y83.431 E153.63966
G1 X64.702 Y82.385 E153.64886
G1 X63.84 Y82.152 E153.65446
G1 X63.84 Y87.32 E153.68686
G1 F1500 E147.18686
G0 F7200 X80.653 Y89.347
G0 X87.78 Y92.525
G1 F1500 E153.68686
G1 F3600 X88.392 Y93.171 E153.69244
G1 X88.85 Y94.739 E153.70269
G1 X88.393 Y96.372 E153.71332
G1 X87.78 Y96.985 E153.71875
G1 X87.78 Y92.525 E153.74672
G1 X87.212 Y91.925 E153.7519
G1 X85.58 Y91.467 E153.76253
G1 X85.12 Y91.596 E153.76552
G1 X85.12 Y97.873 E153.80488
G1 X84.015 Y97.55 E153.8121
G1 X82.768 Y96.303 E153.82316
G1 X82.46 Y95.25 E153.83004
G1 X82.46 Y94.224 E153.83647
G1 F1500 E147.33647
;MESH:test.stl
G0 F7200 X80.665 Y94.224
G0 X79.58 Y94.224
G0 X79.24 Y94.902
;TYPE:FILL
G1 F1500 E153.83647
G1 F3600 X74.902 Y99.24 E153.87494
G1 X74.897 Y99.24
G1 X70.76 Y95.103 E153.91162
G0 F7200 X70.76 Y94.897
G1 F3600 X74.897 Y90.76 E153.9483
G1 X74.902 Y90.76
G1 X79.24 Y95.097 E153.98677
G1 X79.268 Y95.125
G0 F7200 X79.1 Y95.125
G0 X79.1 Y97.731
G0 X79.24 Y97.731
G1 F3600 X77.731 Y99.24 E154.00015
G1 X77.725 Y99.24
G1 X70.76 Y92.275 E154.06191
G0 F7200 X70.76 Y92.068
G1 F3600 X72.068 Y90.76 E154.07351
G1 X72.074 Y90.76
G1 X79.24 Y97.926 E154.13705
G1 X79.268 Y97.954
G0 F7200 X79.1 Y97.954
G0 X79.1 Y92.269
G0 X79.24 Y92.269
G1 F3600 X77.731 Y90.76 E154.15043
G1 X77.725 Y90.76
G1 X70.76 Y97.725 E154.21219
G0 F7200 X70.76 Y97.931
G1 F3600 X72.068 Y99.24 E154.2238
G1 X72.074 Y99.24
G1 X79.24 Y92.074 E154.28734
G1 X79.268 Y92.046
G0 F7200 X79.1 Y92.046
G0 X79.13 Y99.13
G0 X79.4 Y99.4
;TYPE:WALL-INNER
G1 F3600 X79.4 Y90.6 E154.34252
G1 X70.6 Y90.6 E154.3977
G1 X70.6 Y99.4 E154.45287
G1 X79.4 Y99.4 E154.50805
G0 F7200 X79.8 Y99.8
;TYPE:WALL-OUTER
G1 F1800 X79.8 Y90.2 E154.56824
G1 X70.2 Y90.2 E154.62844
G1 X70.2 Y99.8 E154.68863
G1 X79.8 Y99.8 E154.74883
G0 F7200 X79.8 Y99.6
G0 X78.8 Y98.918
G1 F1500 E148.24883
G0 F7200 X70.42 Y97.931
G0 X69.335 Y97.931
G0 X60.665 Y97.931
G0 X59.58 Y97.931
G0 X59.24 Y97.931
;TYPE:FILL
G1 F1500 E154.74883
G1 F3600 X57.931 Y99.24 E154.76043
G1 X57.926 Y99.24
G1 X50.76 Y92.073 E154.82398
G1 X50.76 Y92.269
G1 X52.269 Y90.76 E154.83736
G1 X52.275 Y90.76
G1 X59.24 Y97.725 E154.89912
G1 X59.268 Y97.753
G0 F7200 X59.1 Y97.753
G0 X59.1 Y95.103
G0 X59.24 Y95.103
G1 F3600 X55.103 Y99.24 E154.93581
G1 X55.098 Y99.24
G1 X50.76 Y94.902 E154.97427
G1 X50.76 Y95.097
G1 X55.098 Y90.76 E155.01274
G1 X55.103 Y90.76
G1 X59.24 Y94.897 E155.04942
G1 X59.268 Y94.925
G0 F7200 X59.1 Y94.925
G0 X59.1 Y92.275
G0 X59.24 Y92.275
G1 F3600 X52.274 Y99.24 E155.11119
G1 X52.269 Y99.24
G1 X50.76 Y97.73 E155.12457
G1 X50.76 Y97.926
G1 X57.926 Y90.76 E155.18812
G1 X57.932 Y90.76
G1 X59.24 Y92.068 E155.19971
G1 X59.268 Y92.096
G0 F7200 X59.1 Y92.096
G0 X59.13 Y99.13
G0 X59.4 Y99.4
;TYPE:WALL-INNER
G1 F3600 X59.4 Y90.6 E155.25489
G1 X50.6 Y90.6 E155.31007
G1 X50.6 Y99.4 E155.36525
G1 X59.4 Y99.4 E155.42042
G0 F7200 X59.8 Y99.8
;TYPE:WALL-OUTER
G1 F1800 X59.8 Y90.2 E155.48062
G1 X50.2 Y90.2 E155.54081
G1 X50.2 Y99.8 E155.60101
G1 X59.8 Y99.8 E155.6612
G0 F7200 X59.8 Y99.6
G0 X58.8 Y98.918
G1 F1500 E149.1612
;MESH:NONMESH
G0 F600 X58.8 Y98.918 Z4.5
G0 F7200 X50.414 Y90.414
G0 X49.335 Y90.414
G0 X42.56 Y82.577
;TIME_ELAPSED:639.460117
;LAYER:42
;TYPE:SUPPORT
G1 F1500 E155.6612
G1 F3600 X42.56 Y87.132 E155.68976
G1 X41.964 Y86.516 E155.69514
G1 X41.484 Y84.811 E155.70624
G1 X41.948 Y83.224 E155.71661
G1 X43.119 Y81.987 E155.72729
G1 X44.85 Y81.501 E155.73856
G1 X45.22 Y81.6 E155.74096
G1 X45.22 Y88.109 E155.78178
G1 X46.342 Y87.783 E155.7891
G1 X47.216 Y86.876 E155.797
G1 X47.743 Y86.367 E155.80159
G1 X47.88 Y85.9 E155.80465
G1 X47.88 Y83.597 E155.81909
G1 F1500 E149.31909
G0 F7200 X61.18 Y86.374
G1 F1500 E155.81909
G1 F3600 X61.18 Y83.072 E155.83979
G1 X60.829 Y83.429 E155.84293
G1 X60.435 Y84.734 E155.85148
G1 X60.832 Y86.039 E155.86003
G1 X62.121 Y87.28 E155.87125
G1 X63.457 Y87.694 E155.88002
G1 X64.805 Y87.31 E155.88881
G1 X65.775 Y86.304 E155.89757
G1 X66.166 Y84.816 E155.90722
G1 X65.761 Y83.429 E155.91628
G1 X64.774 Y82.386 E155.92528
G1 X63.84 Y82.125 E155.93136
G1 X63.84 Y87.585 E155.9656
G1 F1500 E149.4656
G0 F7200 X80.653 Y89.347
G0 X87.78 Y92.56
G1 F1500 E155.9656
G1 F3600 X88.37 Y93.183 E155.97098
G1 X88.825 Y94.739 E155.98114
G1 X88.372 Y96.358 E155.99168
G1 X87.78 Y96.95 E155.99693
G1 X87.78 Y92.56 E156.02446
G1 X87.199 Y91.946 E156.02976
G1 X85.58 Y91.492 E156.0403
G1 X85.12 Y91.62 E156.0433
G1 X85.12 Y97.848 E156.08235
G1 X84.027 Y97.528 E156.08949
G1 X82.79 Y96.291 E156.10046
G1 X82.46 Y95.164 E156.10782
G1 X82.46 Y94.31 E156.11317
G1 F1500 E149.61317
;MESH:test.stl
G0 F7200 X80.665 Y94.31
G0 X79.58 Y94.31
G0 X79.24 Y94.902
;TYPE:FILL
G1 F1500 E156.11317
G1 F3600 X74.902 Y99.24 E156.15164
G1 X74.897 Y99.24
G1 X70.76 Y95.103 E156.18833
G0 F7200 X70.76 Y94.897
G1 F3600 X74.897 Y90.76 E156.22501
G1 X74.902 Y90.76
G1 X79.24 Y95.097 E156.26347
G1 X79.268 Y95.125
G0 F7200 X79.1 Y95.125
G0 X79.1 Y97.731
G0 X79.24 Y97.731
G1 F3600 X77.731 Y99.24 E156.27685
G1 X77.725 Y99.24
G1 X70.76 Y92.275 E156.33861
G0 F7200 X70.76 Y92.068
G1 F3600 X72.068 Y90.76 E156.35021
G1 X72.074 Y90.76
G1 X79.24 Y97.926 E156.41376
G1 X79.268 Y97.954
G0 F7200 X79.1 Y97.954
G0 X79.1 Y92.269
G0 X79.24 Y92.269
G1 F3600 X77.731 Y90.76 E156.42714
G1 X77.725 Y90.76
G1 X70.76 Y97.725 E156.4889
G0 F7200 X70.76 Y97.931
G1 F3600 X72.068 Y99.24 E156.5005
G1 X72.074 Y99.24
G1 X79.24 Y92.074 E156.56404
G1 X79.268 Y92.046
G0 F7200 X79.1 Y92.046
G0 X79.13 Y99.13
G0 X79.4 Y99.4
;TYPE:WALL-INNER
G1 F3600 X79.4 Y90.6 E156.61922
G1 X70.6 Y90.6 E156.6744
G1 X70.6 Y99.4 E156.72958
G1 X79.4 Y99.4 E156.78476
G0 F7200 X79.8 Y99.8
;TYPE:WALL-OUTER
G1 F1800 X79.8 Y90.2 E156.84495
G1 X70.2 Y90.2 E156.90514
G1 X70.2 Y99.8 E156.96534
G1 X79.8 Y99.8 E157.02553
G0 F7200 X79.8 Y99.6
G0 X78.8 Y98.918
G1 F1500 E150.52553
G0 F7200 X70.42 Y97.931
G0 X69.335 Y97.931
G0 X60.665 Y97.931
G0 X59.58 Y97.931
G0 X59.24 Y97.931
;TYPE:FILL
G1 F1500 E157.02553
G1 F3600 X57.931 Y99.24 E157.03714
G1 X57.926 Y99.24
G1 X50.76 Y92.073 E157.10069
G1 X50.76 Y92.269
G1 X52.269 Y90.76 E157.11407
G1 X52.275 Y90.76
G1 X59.24 Y97.725 E157.17583
G1 X59.268 Y97.753
G0 F7200 X59.1 Y97.753
G0 X59.1 Y95.103
G0 X59.24 Y95.103
G1 F3600 X55.103 Y99.24 E157.21251
G1 X55.098 Y99.24
G1 X50.76 Y94.902 E157.25098
G1 X50.76 Y95.097
G1 X55.098 Y90.76 E157.28944
G1 X55.103 Y90.76
G1 X59.24 Y94.897 E157.32613
G1 X59.268 Y94.925
G0 F7200 X59.1 Y94.925
G0 X59.1 Y92.275
G0 X59.24 Y92.275
G1 F3600 X52.274 Y99.24 E157.38789
G1 X52.269 Y99.24
G1 X50.76 Y97.73 E157.40128
G1 X50.76 Y97.926
G1 X57.926 Y90.76 E157.46482
G1 X57.932 Y90.76
G1 X59.24 Y92.068 E157.47642
G1 X59.268 Y92.096
G0 F7200 X59.1 Y92.096
G0 X59.13 Y99.13
G0 X59.4 Y99.4
;TYPE:WALL-INNER
G1 F3600 X59.4 Y90.6 E157.5316
G1 X50.6 Y90.6 E157.58677
G1 X50.6 Y99.4 E157.64195
G1 X59.4 Y99.4 E157.69713
G0 F7200 X59.8 Y99.8
;TYPE:WALL-OUTER
G1 F1800 X59.8 Y90.2 E157.75732
G1 X50.2 Y90.2 E157.81752
G1 X50.2 Y99.8 E157.87771
G1 X59.8 Y99.8 E157.9379
G0 F7200 X59.8 Y99.6
G0 X58.8 Y98.918
G1 F1500 E151.4379
;MESH:NONMESH
G0 F600 X58.8 Y98.918 Z4.6
G0 F7200 X50.414 Y90.414
G0 X49.335 Y90.414
G0 X42.56 Y82.663
;TIME_ELAPSED:651.391418
;LAYER:43
;TYPE:SUPPORT
G1 F1500 E157.9379
G1 F3600 X42.56 Y87.374 E157.96744
G1 X41.977 Y86.771 E157.9727
G1 X41.483 Y85.014 E157.98415
G1 X41.965 Y83.312 E157.99524
G1 X43.13 Y82.042 E158.00604
G1 X44.74 Y81.574 E158.01656
G1 X45.22 Y81.713 E158.01969
G1 X45.22 Y88.349 E158.0613
G1 X46.323 Y88.028 E158.0685
G1 X47.477 Y86.835 E158.07891
G1 X47.88 Y85.345 E158.08859
G1 X47.88 Y84.641 E158.093
G1 F1500 E151.593
G0 F7200 X61.18 Y83.398
G1 F1500 E158.093
G1 F3600 X61.18 Y86.49 E158.11239
G1 X62.202 Y87.552 E158.12163
G1 X63.503 Y87.956 E158.13017
G1 X64.851 Y87.572 E158.13896
G1 X65.821 Y86.566 E158.14772
G1 X66.206 Y85.096 E158.15725
G1 X65.758 Y83.531 E158.16746
G1 X64.77 Y82.449 E158.17665
G1 X63.84 Y82.172 E158.18273
G1 X63.84 Y87.86 E158.2184
G1 F1500 E151.7184
G0 F7200 X80.653 Y89.347
G0 X87.78 Y92.594
G1 F1500 E158.2184
G1 F3600 X88.35 Y93.195 E158.22359
G1 X88.801 Y94.739 E158.23367
G1 X88.351 Y96.347 E158.24414
G1 X87.78 Y96.918 E158.24921
G1 X87.78 Y92.594 E158.27632
G1 X87.187 Y91.967 E158.28173
G1 X85.58 Y91.516 E158.2922
G1 X85.12 Y91.645 E158.29519
G1 X85.12 Y97.824 E158.33394
G1 X84.039 Y97.508 E158.341
G1 X82.81 Y96.279 E158.3519
G1 X82.46 Y95.083 E158.35971
G1 X82.46 Y94.392 E158.36404
G1 F1500 E151.86404
;MESH:test.stl
G0 F7200 X80.665 Y94.392
G0 X79.58 Y94.392
G0 X79.24 Y94.902
;TYPE:FILL
G1 F1500 E158.36404
G1 F3600 X74.902 Y99.24 E158.40251
G1 X74.897 Y99.24
G1 X70.76 Y95.103 E158.43919
G0 F7200 X70.76 Y94.897
G1 F3600 X74.897 Y90.76 E158.47588
G1 X74.902 Y90.76
G1 X79.24 Y95.097 E158.51434
G1 X79.268 Y95.125
G0 F7200 X79.1 Y95.125
G0 X79.1 Y97.731
G0 X79.24 Y97.731
G1 F3600 X77.731 Y99.24 E158.52772
G1 X77.725 Y99.24
G1 X70.76 Y92.275 E158.58948
G0 F7200 X70.76 Y92.068
G1 F3600 X72.068 Y90.76 E158.60108
G1 X72.074 Y90.76
G1 X79.24 Y97.926 E158.66462
G1 X79.268 Y97.954
G0 F7200 X79.1 Y97.954
G0 X79.1 Y92.269
G0 X79.24 Y92.269
G1 F3600 X77.731 Y90.76 E158.678
G1 X77.725 Y90.76
G1 X70.76 Y97.725 E158.73977
G0 F7200 X70.76 Y97.931
G1 F3600 X72.068 Y99.24 E158.75137
G1 X72.074 Y99.24
G1 X79.24 Y92.074 E158.81491
G1 X79.268 Y92.046
G0 F7200 X79.1 Y92.046
G0 X79.13 Y99.13
G0 X79.4 Y99.4
;TYPE:WALL-INNER
G1 F3600 X79.4 Y90.6 E158.87009
G1 X70.6 Y90.6 E158.92527
G1 X70.6 Y99.4 E158.98045
G1 X79.4 Y99.4 E159.03562
G0 F7200 X79.8 Y99.8
;TYPE:WALL-OUTER
G1 F1800 X79.8 Y90.2 E159.09582
G1 X70.2 Y90.2 E159.15601
G1 X70.2 Y99.8 E159.2162
G1 X79.8 Y99.8 E159.2764
G0 F7200 X79.8 Y99.6
G0 X78.8 Y98.918
G1 F1500 E152.7764
G0 F7200 X70.42 Y97.931
G0 X69.335 Y97.931
G0 X60.665 Y97.931
G0 X59.58 Y97.931
G0 X59.24 Y97.931
;TYPE:FILL
G1 F1500 E159.2764
G1 F3600 X57.931 Y99.24 E159.28801
G1 X57.926 Y99.24
G1 X50.76 Y92.073 E159.35155
G1 X50.76 Y92.269
G1 X52.269 Y90.76 E159.36493
G1 X52.275 Y90.76
G1 X59.24 Y97.725 E159.4267
G1 X59.268 Y97.753
G0 F7200 X59.1 Y97.753
G0 X59.1 Y95.103
G0 X59.24 Y95.103
G1 F3600 X55.103 Y99.24 E159.46338
G1 X55.098 Y99.24
G1 X50.76 Y94.902 E159.50185
G1 X50.76 Y95.097
G1 X55.098 Y90.76 E159.54031
G1 X55.103 Y90.76
G1 X59.24 Y94.897 E159.57699
G1 X59.268 Y94.925
G0 F7200 X59.1 Y94.925
G0 X59.1 Y92.275
G0 X59.24 Y92.275
G1 F3600 X52.274 Y99.24 E159.63876
G1 X52.269 Y99.24
G1 X50.76 Y97.73 E159.65214
G1 X50.76 Y97.926
G1 X57.926 Y90.76 E159.71569
G1 X57.932 Y90.76
G1 X59.24 Y92.068 E159.72729
G1 X59.268 Y92.096
G0 F7200 X59.1 Y92.096
G0 X59.13 Y99.13
G0 X59.4 Y99.4
;TYPE:WALL-INNER
G1 F3600 X59.4 Y90.6 E159.78246
G1 X50.6 Y90.6 E159.83764
G1 X50.6 Y99.4 E159.89282
G1 X59.4 Y99.4 E159.948
G0 F7200 X59.8 Y99.8
;TYPE:WALL-OUTER
G1 F1800 X59.8 Y90.2 E160.00819
G1 X50.2 Y90.2 E160.06839
G1 X50.2 Y99.8 E160.12858
G1 X59.8 Y99.8 E160.18877
G0 F7200 X59.8 Y99.6
G0 X58.8 Y98.918
G1 F1500 E153.68877
;MESH:NONMESH
G0 F600 X58.8 Y98.918 Z4.7
G0 F7200 X50.414 Y90.414
G0 X49.335 Y90.414
G0 X42.56 Y82.956
;TIME_ELAPSED:663.238642
;LAYER:44
;TYPE:SUPPORT
G1 F1500 E160.18877
G1 F3600 X42.56 Y87.616 E160.21799
G1 X41.991 Y87.027 E160.22313
G1 X41.501 Y85.282 E160.23449
G1 X41.978 Y83.59 E160.24551
G1 X43.135 Y82.33 E160.25624
G1 X44.733 Y81.864 E160.26668
G1 X45.22 Y82.005 E160.26986
G1 X45.22 Y88.592 E160.31116
G1 X46.304 Y88.276 E160.31824
G1 X47.448 Y87.089 E160.32857
G1 X47.88 Y85.496 E160.33892
G1 X47.88 Y85.017 E160.34193
G1 F1500 E153.84193
G0 F7200 X61.18 Y83.71
G1 F1500 E160.34193
G1 F3600 X61.18 Y86.705 E160.36071
G1 X62.248 Y87.814 E160.37036
G1 X63.549 Y88.218 E160.3789
G1 X64.898 Y87.834 E160.3877
G1 X65.867 Y86.828 E160.39645
G1 X66.252 Y85.358 E160.40598
G1 X65.804 Y83.793 E160.41619
G1 X64.816 Y82.711 E160.42538
G1 X63.84 Y82.421 E160.43176
G1 X63.84 Y88.136 E160.46759
G1 F1500 E153.96759
G0 F7200 X80.653 Y89.347
G0 X87.78 Y92.628
G1 F1500 E160.46759
G1 F3600 X88.33 Y93.208 E160.47261
G1 X88.777 Y94.739 E160.48261
G1 X88.331 Y96.334 E160.49299
G1 X87.78 Y96.885 E160.49788
G1 X87.78 Y92.628 E160.52457
G1 X87.174 Y91.987 E160.5301
G1 X85.58 Y91.54 E160.54048
G1 X85.12 Y91.668 E160.54347
G1 X85.12 Y97.8 E160.58192
G1 X84.05 Y97.487 E160.58891
G1 X82.831 Y96.268 E160.59972
G1 X82.46 Y95 E160.60801
G1 X82.46 Y94.474 E160.61131
G1 F1500 E154.11131
;MESH:test.stl
G0 F7200 X80.665 Y94.474
G0 X79.58 Y94.474
G0 X79.24 Y94.902
;TYPE:FILL
G1 F1500 E160.61131
G1 F3600 X74.902 Y99.24 E160.64977
G1 X74.897 Y99.24
G1 X70.76 Y95.103 E160.68646
G0 F7200 X70.76 Y94.897
G1 F3600 X74.897 Y90.76 E160.72314
G1 X74.902 Y90.76
G1 X79.24 Y95.097 E160.7616
G1 X79.268 Y95.125
G0 F7200 X79.1 Y95.125
G0 X79.1 Y97.731
G0 X79.24 Y97.731
G1 F3600 X77.731 Y99.24 E160.77498
G1 X77.725 Y99.24
G1 X70.76 Y92.275 E160.83675
G0 F7200 X70.76 Y92.068
G1 F3600 X72.068 Y90.76 E160.84834
G1 X72.074 Y90.76
G1 X79.24 Y97.926 E160.91189
G1 X79.268 Y97.954
G0 F7200 X79.1 Y97.954
G0 X79.1 Y92.269
G0 X79.24 Y92.269
G1 F3600 X77.731 Y90.76 E160.92527
G1 X77.725 Y90.76
G1 X70.76 Y97.725 E160.98703
G0 F7200 X70.76 Y97.931
G1 F3600 X72.068 Y99.24 E160.99863
G1 X72.074 Y99.24
G1 X79.24 Y92.074 E161.06218
G1 X79.268 Y92.046
G0 F7200 X79.1 Y92.046
G0 X79.13 Y99.13
G0 X79.4 Y99.4
;TYPE:WALL-INNER
G1 F3600 X79.4 Y90.6 E161.11735
G1 X70.6 Y90.6 E161.17253
G1 X70.6 Y99.4 E161.22771
G1 X79.4 Y99.4 E161.28289
G0 F7200 X79.8 Y99.8
;TYPE:WALL-OUTER
G1 F1800 X79.8 Y90.2 E161.34308
G1 X70.2 Y90.2 E161.40327
G1 X70.2 Y99.8 E161.46347
G1 X79.8 Y99.8 E161.52366
G0 F7200 X79.8 Y99.6
G0 X78.8 Y98.918
G1 F1500 E155.02366
G0 F7200 X70.42 Y97.931
G0 X69.335 Y97.931
G0 X60.665 Y97.931
G0 X59.58 Y97.931
G0 X59.24 Y97.931
;TYPE:FILL
G1 F1500 E161.52366
G1 F3600 X57.931 Y99.24 E161.53527
G1 X57.926 Y99.24
G1 X50.76 Y92.073 E161.59882
G1 X50.76 Y92.269
G1 X52.269 Y90.76 E161.6122
G1 X52.275 Y90.76
G1 X59.24 Y97.725 E161.67396
G1 X59.268 Y97.753
G0 F7200 X59.1 Y97.753
G0 X59.1 Y95.103
G0 X59.24 Y95.103
G1 F3600 X55.103 Y99.24 E161.71064
G1 X55.098 Y99.24
G1 X50.76 Y94.902 E161.74911
G1 X50.76 Y95.097
G1 X55.098 Y90.76 E161.78757
G1 X55.103 Y90.76
G1 X59.24 Y94.897 E161.82426
G1 X59.268 Y94.925
G0 F7200 X59.1 Y94.925
G0 X59.1 Y92.275
G0 X59.24 Y92.275
G1 F3600 X52.274 Y99.24 E161.88602
G1 X52.269 Y99.24
G1 X50.76 Y97.73 E161.89941
G1 X50.76 Y97.926
G1 X57.926 Y90.76 E161.96295
G1 X57.932 Y90.76
G1 X59.24 Y92.068 E161.97455
G1 X59.268 Y92.096
G0 F7200 X59.1 Y92.096
G0 X59.13 Y99.13
G0 X59.4 Y99.4
;TYPE:WALL-INNER
G1 F3600 X59.4 Y90.6 E162.02973
G1 X50.6 Y90.6 E162.08491
G1 X50.6 Y99.4 E162.14008
G1 X59.4 Y99.4 E162.19526
G0 F7200 X59.8 Y99.8
;TYPE:WALL-OUTER
G1 F1800 X59.8 Y90.2 E162.25545
G1 X50.2 Y90.2 E162.31565
G1 X50.2 Y99.8 E162.37584
G1 X59.8 Y99.8 E162.43604
G0 F7200 X59.8 Y99.6
G0 X58.8 Y98.918
G1 F1500 E155.93604
;MESH:NONMESH
G0 F600 X58.8 Y98.918 Z4.8
G0 F7200 X50.414 Y90.414
G0 X49.335 Y90.414
G0 X42.56 Y83.25
;TIME_ELAPSED:675.073187
;LAYER:45
;TYPE:SUPPORT
G1 F1500 E162.43604
G1 F3600 X42.56 Y87.856 E162.46492
G1 X42.005 Y87.282 E162.46992
G1 X41.518 Y85.55 E162.4812
G1 X41.993 Y83.869 E162.49216
G1 X43.14 Y82.617 E162.5028
G1 X44.723 Y82.155 E162.51314
G1 X45.22 Y82.3 E162.51639
G1 X45.22 Y88.831 E162.55734
G1 X46.285 Y88.522 E162.56429
G1 X47.42 Y87.344 E162.57455
G1 X47.88 Y85.646 E162.58558
G1 X47.88 Y85.399 E162.58713
G1 F1500 E156.08713
G0 F7200 X61.18 Y84.033
G1 F1500 E162.58713
G1 F3600 X61.18 Y86.751 E162.60417
G1 X61.249 Y86.991 E162.60574
G1 X62.295 Y88.076 E162.61519
G1 X63.596 Y88.481 E162.62373
G1 X64.945 Y88.097 E162.63253
G1 X65.914 Y87.091 E162.64128
G1 X66.299 Y85.621 E162.65081
G1 X65.851 Y84.056 E162.66102
G1 X64.863 Y82.974 E162.67021
G1 X63.84 Y82.67 E162.6769
G1 X63.84 Y88.412 E162.7129
G1 F1500 E156.2129
G0 F7200 X80.653 Y89.347
G0 X87.78 Y92.661
G1 F1500 E162.7129
G1 F3600 X88.308 Y93.218 E162.71771
G1 X88.752 Y94.74 E162.72765
G1 X88.309 Y96.323 E162.73796
G1 X87.78 Y96.852 E162.74265
G1 X87.78 Y92.661 E162.76893
G1 X87.163 Y92.009 E162.77456
G1 X85.58 Y91.565 E162.78487
G1 X85.12 Y91.694 E162.78786
G1 X85.12 Y97.775 E162.82599
G1 X84.062 Y97.466 E162.8329
G1 X82.852 Y96.256 E162.84363
G1 X82.46 Y94.915 E162.85239
G1 X82.46 Y94.559 E162.85462
G1 F1500 E156.35462
;MESH:test.stl
G0 F7200 X80.665 Y94.559
G0 X79.58 Y94.559
G0 X79.24 Y94.902
;TYPE:FILL
G1 F1500 E162.85462
G1 F3600 X74.902 Y99.24 E162.89309
G1 X74.897 Y99.24
G1 X70.76 Y95.103 E162.92978
G0 F7200 X70.76 Y94.897
G1 F3600 X74.897 Y90.76 E162.96646
G1 X74.902 Y90.76
G1 X79.24 Y95.097 E163.00492
G1 X79.268 Y95.125
G0 F7200 X79.1 Y95.125
G0 X79.1 Y97.731
G0 X79.24 Y97.731
G1 F3600 X77.731 Y99.24 E163.0183
G1 X77.725 Y99.24
G1 X70.76 Y92.275 E163.08006
G0 F7200 X70.76 Y92.068
G1 F3600 X72.068 Y90.76 E163.09166
G1 X72.074 Y90.76
G1 X79.24 Y97.926 E163.15521
G1 X79.268 Y97.954
G0 F7200 X79.1 Y97.954
G0 X79.1 Y92.269
G0 X79.24 Y92.269
G1 F3600 X77.731 Y90.76 E163.16859
G1 X77.725 Y90.76
G1 X70.76 Y97.725 E163.23035
G0 F7200 X70.76 Y97.931
G1 F3600 X72.068 Y99.24 E163.24195
G1 X72.074 Y99.24
G1 X79.24 Y92.074 E163.3055
G1 X79.268 Y92.046
G0 F7200 X79.1 Y92.046
G0 X79.13 Y99.13
G0 X79.4 Y99.4
;TYPE:WALL-INNER
G1 F3600 X79.4 Y90.6 E163.36067
G1 X70.6 Y90.6 E163.41585
G1 X70.6 Y99.4 E163.47103
G1 X79.4 Y99.4 E163.52621
G0 F7200 X79.8 Y99.8
;TYPE:WALL-OUTER
G1 F1800 X79.8 Y90.2 E163.5864
G1 X70.2 Y90.2 E163.64659
G1 X70.2 Y99.8 E163.70679
G1 X79.8 Y99.8 E163.76698
G0 F7200 X79.8 Y99.6
G0 X78.8 Y98.918
G1 F1500 E157.26698
G0 F7200 X70.42 Y97.931
G0 X69.335 Y97.931
G0 X60.665 Y97.931
G0 X59.58 Y97.931
G0 X59.24 Y97.931
;TYPE:FILL
G1 F1500 E163.76698
G1 F3600 X57.931 Y99.24 E163.77859
G1 X57.926 Y99.24
G1 X50.76 Y92.073 E163.84214
G1 X50.76 Y92.269
G1 X52.269 Y90.76 E163.85552
G1 X52.275 Y90.76
G1 X59.24 Y97.725 E163.91728
G1 X59.268 Y97.753
G0 F7200 X59.1 Y97.753
G0 X59.1 Y95.103
G0 X59.24 Y95.103
G1 F3600 X55.103 Y99.24 E163.95396
G1 X55.098 Y99.24
G1 X50.76 Y94.902 E163.99243
G1 X50.76 Y95.097
G1 X55.098 Y90.76 E164.03089
G1 X55.103 Y90.76
G1 X59.24 Y94.897 E164.06758
G1 X59.268 Y94.925
G0 F7200 X59.1 Y94.925
G0 X59.1 Y92.275
G0 X59.24 Y92.275
G1 F3600 X52.274 Y99.24 E164.12934
G1 X52.269 Y99.24
G1 X50.76 Y97.73 E164.14273
G1 X50.76 Y97.926
G1 X57.926 Y90.76 E164.20627
G1 X57.932 Y90.76
G1 X59.24 Y92.068 E164.21787
G1 X59.268 Y92.096
G0 F7200 X59.1 Y92.096
G0 X59.13 Y99.13
G0 X59.4 Y99.4
;TYPE:WALL-INNER
G1 F3600 X59.4 Y90.6 E164.27305
G1 X50.6 Y90.6 E164.32823
G1 X50.6 Y99.4 E164.3834
G1 X59.4 Y99.4 E164.43858
G0 F7200 X59.8 Y99.8
;TYPE:WALL-OUTER
G1 F1800 X59.8 Y90.2 E164.49877
G1 X50.2 Y90.2 E164.55897
G1 X50.2 Y99.8 E164.61916
G1 X59.8 Y99.8 E164.67936
G0 F7200 X59.8 Y99.6
G0 X58.8 Y98.918
G1 F1500 E158.17936
;MESH:NONMESH
G0 F600 X58.8 Y98.918 Z4.9
G0 F7200 X50.414 Y90.414
G0 X49.335 Y90.414
G0 X42.56 Y83.543
;TIME_ELAPSED:686.890724
;LAYER:46
;TYPE:SUPPORT
G1 F1500 E164.67936
G1 F3600 X42.56 Y88.098 E164.70792
G1 X42.019 Y87.538 E164.7128
G1 X41.536 Y85.818 E164.724
G1 X42.007 Y84.146 E164.73489
G1 X43.145 Y82.906 E164.74545
G1 X44.719 Y82.448 E164.75572
G1 X45.22 Y82.593 E164.75899
G1 X45.22 Y89.073 E164.79962
G1 X46.265 Y88.769 E164.80645
G1 X47.392 Y87.6 E164.81663
G1 X47.88 Y85.799 E164.82833
G1 F1500 E158.32833
G0 F7200 X61.18 Y84.467
G1 F1500 E164.82833
G1 F3600 X61.18 Y86.849 E164.84327
G1 X61.296 Y87.253 E164.8459
G1 X62.342 Y88.339 E164.85536
G1 X63.643 Y88.743 E164.8639
G1 X64.992 Y88.359 E164.87269
G1 X65.961 Y87.353 E164.88145
G1 X66.346 Y85.883 E164.89098
G1 X65.898 Y84.318 E164.90118
G1 X64.91 Y83.236 E164.91037
G1 X63.84 Y82.918 E164.91737
G1 X63.84 Y88.687 E164.95354
G1 F1500 E158.45354
G0 F7200 X80.653 Y89.347
G0 X87.78 Y92.694
G1 F1500 E164.95354
G1 F3600 X88.287 Y93.23 E164.95817
G1 X88.728 Y94.739 E164.96803
G1 X88.289 Y96.311 E164.97826
G1 X87.78 Y96.82 E164.98277
G1 X87.78 Y92.694 E165.00865
G1 X87.151 Y92.029 E165.01439
G1 X85.58 Y91.589 E165.02461
G1 X85.12 Y91.717 E165.02761
G1 X85.12 Y97.751 E165.06544
G1 X84.074 Y97.445 E165.07228
G1 X82.873 Y96.244 E165.08293
G1 X82.46 Y94.833 E165.09214
G1 X82.46 Y94.642 E165.09334
G1 F1500 E158.59334
;MESH:test.stl
G0 F7200 X80.665 Y94.642
G0 X79.58 Y94.642
G0 X79.24 Y94.902
;TYPE:FILL
G1 F1500 E165.09334
G1 F3600 X74.902 Y99.24 E165.13181
G1 X74.897 Y99.24
G1 X70.76 Y95.103 E165.16849
G0 F7200 X70.76 Y94.897
G1 F3600 X74.897 Y90.76 E165.20518
G1 X74.902 Y90.76
G1 X79.24 Y95.097 E165.24364
G1 X79.268 Y95.125
G0 F7200 X79.1 Y95.125
G0 X79.1 Y97.731
G0 X79.24 Y97.731
G1 F3600 X77.731 Y99.24 E165.25702
G1 X77.725 Y99.24
G1 X70.76 Y92.275 E165.31878
G0 F7200 X70.76 Y92.068
G1 F3600 X72.068 Y90.76 E165.33038
G1 X72.074 Y90.76
G1 X79.24 Y97.926 E165.39392
G1 X79.268 Y97.954
G0 F7200 X79.1 Y97.954
G0 X79.1 Y92.269
G0 X79.24 Y92.269
G1 F3600 X77.731 Y90.76 E165.40731
G1 X77.725 Y90.76
G1 X70.76 Y97.725 E165.46907
G0 F7200 X70.76 Y97.931
G1 F3600 X72.068 Y99.24 E165.48067
G1 X72.074 Y99.24
G1 X79.24 Y92.074 E165.54421
G1 X79.268 Y92.046
G0 F7200 X79.1 Y92.046
G0 X79.13 Y99.13
G0 X79.4 Y99.4
;TYPE:WALL-INNER
G1 F3600 X79.4 Y90.6 E165.59939
G1 X70.6 Y90.6 E165.65457
G1 X70.6 Y99.4 E165.70975
G1 X79.4 Y99.4 E165.76492
G0 F7200 X79.8 Y99.8
;TYPE:WALL-OUTER
G1 F1800 X79.8 Y90.2 E165.82512
G1 X70.2 Y90.2 E165.88531
G1 X70.2 Y99.8 E165.9455
G1 X79.8 Y99.8 E166.0057
G0 F7200 X79.8 Y99.6
G0 X78.8 Y98.918
G1 F1500 E159.5057
G0 F7200 X70.42 Y97.931
G0 X69.335 Y97.931
G0 X60.665 Y97.931
G0 X59.58 Y97.931
G0 X59.24 Y97.931
;TYPE:FILL
G1 F1500 E166.0057
G1 F3600 X57.931 Y99.24 E166.01731
G1 X57.926 Y99.24
G1 X50.76 Y92.073 E166.08085
G1 X50.76 Y92.269
G1 X52.269 Y90.76 E166.09423
G1 X52.275 Y90.76
G1 X59.24 Y97.725 E166.156
G1 X59.268 Y97.753
G0 F7200 X59.1 Y97.753
G0 X59.1 Y95.103
G0 X59.24 Y95.103
G1 F3600 X55.103 Y99.24 E166.19268
G1 X55.098 Y99.24
G1 X50.76 Y94.902 E166.23115
G1 X50.76 Y95.097
G1 X55.098 Y90.76 E166.26961
G1 X55.103 Y90.76
G1 X59.24 Y94.897 E166.30629
G1 X59.268 Y94.925
G0 F7200 X59.1 Y94.925
G0 X59.1 Y92.275
G0 X59.24 Y92.275
G1 F3600 X52.274 Y99.24 E166.36806
G1 X52.269 Y99.24
G1 X50.76 Y97.73 E166.38145
G1 X50.76 Y97.926
G1 X57.926 Y90.76 E166.44499
G1 X57.932 Y90.76
G1 X59.24 Y92.068 E166.45659
G1 X59.268 Y92.096
G0 F7200 X59.1 Y92.096
G0 X59.13 Y99.13
G0 X59.4 Y99.4
;TYPE:WALL-INNER
G1 F3600 X59.4 Y90.6 E166.51176
G1 X50.6 Y90.6 E166.56694
G1 X50.6 Y99.4 E166.62212
G1 X59.4 Y99.4 E166.6773
G0 F7200 X59.8 Y99.8
;TYPE:WALL-OUTER
G1 F1800 X59.8 Y90.2 E166.73749
G1 X50.2 Y90.2 E166.79769
G1 X50.2 Y99.8 E166.85788
G1 X59.8 Y99.8 E166.91807
G0 F7200 X59.8 Y99.6
G0 X58.8 Y98.918
G1 F1500 E160.41807
;MESH:NONMESH
G0 F600 X58.8 Y98.918 Z5
G0 F7200 X50.414 Y90.414
G0 X50.414 Y89.335
G0 X45.22 Y82.888
;TIME_ELAPSED:698.681066
;LAYER:47
;TYPE:SUPPORT
G1 F1500 E166.91807
G1 F3600 X46.266 Y83.19 E166.9249
G1 X47.393 Y84.422 E166.93537
G1 X47.851 Y86.055 E166.946
G1 X47.363 Y87.854 E166.95769
G1 X46.245 Y89.014 E166.96779
G1 X45.22 Y89.313 E166.97449
G1 X45.22 Y82.888 E167.01477
G1 X44.709 Y82.739 E167.01811
G1 X43.151 Y83.194 E167.02829
G1 X42.021 Y84.427 E167.03877
G1 X41.553 Y86.086 E167.04958
G1 X42.031 Y87.794 E167.0607
G1 X42.56 Y88.341 E167.06547
G1 X42.56 Y83.838 E167.09371
G1 F1500 E160.59371
G0 F7200 X61.18 Y84.902
G1 F1500 E167.09371
G1 F3600 X61.18 Y86.949 E167.10654
G1 X61.343 Y87.516 E167.11024
G1 X62.389 Y88.601 E167.11969
G1 X63.69 Y89.006 E167.12824
G1 X65.039 Y88.622 E167.13703
G1 X66.008 Y87.616 E167.14579
G1 X66.393 Y86.146 E167.15532
G1 X65.945 Y84.581 E167.16552
G1 X64.957 Y83.499 E167.17471
G1 X63.84 Y83.167 E167.18202
G1 X63.84 Y88.964 E167.21837
G1 F1500 E160.71837
G0 F7200 X80.653 Y89.347
G0 X87.78 Y92.73
G1 F1500 E167.21837
G1 F3600 X88.265 Y93.242 E167.22279
G1 X88.703 Y94.739 E167.23257
G1 X88.267 Y96.297 E167.24271
G1 X87.78 Y96.784 E167.24703
G1 X87.78 Y92.73 E167.27245
G1 X87.138 Y92.051 E167.27831
G1 X85.58 Y91.614 E167.28846
G1 X85.12 Y91.743 E167.29145
G1 X85.12 Y97.725 E167.32896
G1 X84.086 Y97.423 E167.33571
G1 X82.895 Y96.232 E167.34628
G1 X82.46 Y94.748 E167.35597
G1 F1500 E160.85597
;MESH:test.stl
G0 F7200 X80.665 Y94.748
G0 X79.58 Y94.748
G0 X79.24 Y94.902
;TYPE:FILL
G1 F1500 E167.35597
G1 F3600 X74.902 Y99.24 E167.39444
G1 X74.897 Y99.24
G1 X70.76 Y95.103 E167.43112
G0 F7200 X70.76 Y94.897
G1 F3600 X74.897 Y90.76 E167.46781
G1 X74.902 Y90.76
G1 X79.24 Y95.097 E167.50627
G1 X79.268 Y95.125
G0 F7200 X79.1 Y95.125
G0 X79.1 Y97.731
G0 X79.24 Y97.731
G1 F3600 X77.731 Y99.24 E167.51965
G1 X77.725 Y99.24
G1 X70.76 Y92.275 E167.58141
G0 F7200 X70.76 Y92.068
G1 F3600 X72.068 Y90.76 E167.59301
G1 X72.074 Y90.76
G1 X79.24 Y97.926 E167.65655
G1 X79.268 Y97.954
G0 F7200 X79.1 Y97.954
G0 X79.1 Y92.269
G0 X79.24 Y92.269
G1 F3600 X77.731 Y90.76 E167.66993
G1 X77.725 Y90.76
G1 X70.76 Y97.725 E167.7317
G0 F7200 X70.76 Y97.931
G1 F3600 X72.068 Y99.24 E167.7433
G1 X72.074 Y99.24
G1 X79.24 Y92.074 E167.80684
G1 X79.268 Y92.046
G0 F7200 X79.1 Y92.046
G0 X79.13 Y99.13
G0 X79.4 Y99.4
;TYPE:WALL-INNER
G1 F3600 X79.4 Y90.6 E167.86202
G1 X70.6 Y90.6 E167.9172
G1 X70.6 Y99.4 E167.97238
G1 X79.4 Y99.4 E168.02755
G0 F7200 X79.8 Y99.8
;TYPE:WALL-OUTER
G1 F1800 X79.8 Y90.2 E168.08775
G1 X70.2 Y90.2 E168.14794
G1 X70.2 Y99.8 E168.20813
G1 X79.8 Y99.8 E168.26833
G0 F7200 X79.8 Y99.6
G0 X78.8 Y98.918
G1 F1500 E161.76833
G0 F7200 X70.42 Y97.931
G0 X69.335 Y97.931
G0 X60.665 Y97.931
G0 X59.58 Y97.931
G0 X59.24 Y97.931
;TYPE:FILL
G1 F1500 E168.26833
G1 F3600 X57.931 Y99.24 E168.27994
G1 X57.926 Y99.24
G1 X50.76 Y92.073 E168.34348
G1 X50.76 Y92.269
G1 X52.269 Y90.76 E168.35686
G1 X52.275 Y90.76
G1 X59.24 Y97.725 E168.41863
G1 X59.268 Y97.753
G0 F7200 X59.1 Y97.753
G0 X59.1 Y95.103
G0 X59.24 Y95.103
G1 F3600 X55.103 Y99.24 E168.45531
G1 X55.098 Y99.24
G1 X50.76 Y94.902 E168.49378
G1 X50.76 Y95.097
G1 X55.098 Y90.76 E168.53224
G1 X55.103 Y90.76
G1 X59.24 Y94.897 E168.56892
G1 X59.268 Y94.925
G0 F7200 X59.1 Y94.925
G0 X59.1 Y92.275
G0 X59.24 Y92.275
G1 F3600 X52.274 Y99.24 E168.63069
G1 X52.269 Y99.24
G1 X50.76 Y97.73 E168.64407
G1 X50.76 Y97.926
G1 X57.926 Y90.76 E168.70762
G1 X57.932 Y90.76
G1 X59.24 Y92.068 E168.71922
G1 X59.268 Y92.096
G0 F7200 X59.1 Y92.096
G0 X59.13 Y99.13
G0 X59.4 Y99.4
;TYPE:WALL-INNER
G1 F3600 X59.4 Y90.6 E168.77439
G1 X50.6 Y90.6 E168.82957
G1 X50.6 Y99.4 E168.88475
G1 X59.4 Y99.4 E168.93993
G0 F7200 X59.8 Y99.8
;TYPE:WALL-OUTER
G1 F1800 X59.8 Y90.2 E169.00012
G1 X50.2 Y90.2 E169.06031
G1 X50.2 Y99.8 E169.12051
G1 X59.8 Y99.8 E169.1807
G0 F7200 X59.8 Y99.6
G0 X58.8 Y98.918
G1 F1500 E162.6807
;MESH:NONMESH
G0 F600 X58.8 Y98.918 Z5.1
G0 F7200 X50.414 Y90.414
G0 X50.414 Y89.335
G0 X45.22 Y83.182
;TIME_ELAPSED:710.579189
;LAYER:48
;TYPE:SUPPORT
G1 F1500 E169.1807
G1 F3600 X46.248 Y83.48 E169.18741
G1 X47.365 Y84.698 E169.19778
G1 X47.82 Y86.319 E169.20833
G1 X47.334 Y88.108 E169.21996
G1 X46.225 Y89.26 E169.22998
G1 X45.22 Y89.553 E169.23655
G1 X45.22 Y83.182 E169.27649
G1 X44.702 Y83.031 E169.27988
G1 X43.156 Y83.483 E169.28998
G1 X42.035 Y84.706 E169.30038
G1 X41.569 Y86.353 E169.31111
G1 X42.044 Y88.049 E169.32216
G1 X42.56 Y88.582 E169.32681
G1 X42.56 Y84.133 E169.3547
G1 F1500 E162.8547
G0 F7200 X61.18 Y85.336
G1 F1500 E169.3547
G1 F3600 X61.18 Y87.048 E169.36544
G1 X61.39 Y87.778 E169.3702
G1 X62.436 Y88.864 E169.37965
G1 X63.737 Y89.268 E169.3882
G1 X65.086 Y88.884 E169.39699
G1 X66.055 Y87.878 E169.40575
G1 X66.44 Y86.408 E169.41528
G1 X65.992 Y84.843 E169.42548
G1 X65.004 Y83.761 E169.43467
G1 X63.84 Y83.415 E169.44229
G1 X63.84 Y89.239 E169.4788
G1 F1500 E162.9788
G0 F7200 X80.653 Y89.347
G0 X87.78 Y92.763
G1 F1500 E169.4788
G1 F3600 X88.246 Y93.255 E169.48305
G1 X88.679 Y94.739 E169.49274
G1 X88.247 Y96.286 E169.50282
G1 X87.78 Y96.753 E169.50696
G1 X87.78 Y92.763 E169.53197
G1 X87.125 Y92.071 E169.53795
G1 X85.58 Y91.638 E169.54801
G1 X84.035 Y92.071 E169.55807
G1 X82.914 Y93.255 E169.56829
G1 X82.481 Y94.738 E169.57798
G1 X82.915 Y96.221 E169.58767
G1 X84.097 Y97.403 E169.59815
G1 X85.12 Y97.702 E169.60483
G1 X85.12 Y91.766 E169.64205
G1 F1500 E163.14205
;MESH:test.stl
G0 F7200 X80.665 Y91.766
G0 X79.58 Y91.766
G0 X79.24 Y92.074
;TYPE:FILL
G1 F1500 E169.64205
G1 F3600 X72.074 Y99.24 E169.7056
G1 X72.068 Y99.24
G1 X70.76 Y97.931 E169.7172
G0 F7200 X70.76 Y97.725
G1 F3600 X77.725 Y90.76 E169.77896
G1 X77.731 Y90.76
G1 X79.24 Y92.269 E169.79234
G1 X79.268 Y92.297
G0 F7200 X79.1 Y92.297
G0 X79.1 Y94.902
G0 X79.24 Y94.902
G1 F3600 X74.902 Y99.24 E169.83081
G1 X74.897 Y99.24
G1 X70.76 Y95.103 E169.86749
G0 F7200 X70.76 Y94.897
G1 F3600 X74.897 Y90.76 E169.90418
G1 X74.902 Y90.76
G1 X79.24 Y95.097 E169.94264
G1 X79.268 Y95.125
G0 F7200 X79.1 Y95.125
G0 X79.1 Y97.731
G0 X79.24 Y97.731
G1 F3600 X77.731 Y99.24 E169.95602
G1 X77.725 Y99.24
G1 X70.76 Y92.275 E170.01778
G0 F7200 X70.76 Y92.068
G1 F3600 X72.068 Y90.76 E170.02938
G1 X72.074 Y90.76
G1 X79.24 Y97.926 E170.09292
G1 X79.268 Y97.954
G0 F7200 X79.1 Y97.954
G0 X79.13 Y99.13
G0 X79.4 Y99.4
;TYPE:WALL-INNER
G1 F3600 X79.4 Y90.6 E170.1481
G1 X70.6 Y90.6 E170.20328
G1 X70.6 Y99.4 E170.25846
G1 X79.4 Y99.4 E170.31364
G0 F7200 X79.8 Y99.8
;TYPE:WALL-OUTER
G1 F1800 X79.8 Y90.2 E170.37383
G1 X70.2 Y90.2 E170.43402
G1 X70.2 Y99.8 E170.49422
G1 X79.8 Y99.8 E170.55441
G0 F7200 X79.8 Y99.6
G0 X78.8 Y98.918
G1 F1500 E164.05441
G0 F7200 X70.42 Y97.931
G0 X69.335 Y97.931
G0 X60.665 Y97.931
G0 X59.58 Y97.931
G0 X59.24 Y97.931
;TYPE:FILL
G1 F1500 E170.55441
G1 F3600 X57.931 Y99.24 E170.56602
G1 X57.926 Y99.24
G1 X50.76 Y92.073 E170.62957
G1 X50.76 Y92.269
G1 X52.269 Y90.76 E170.64295
G1 X52.275 Y90.76
G1 X59.24 Y97.725 E170.70471
G1 X59.268 Y97.753
G0 F7200 X59.1 Y97.753
G0 X59.1 Y95.103
G0 X59.24 Y95.103
G1 F3600 X55.103 Y99.24 E170.74139
G1 X55.098 Y99.24
G1 X50.76 Y94.902 E170.77986
G1 X50.76 Y95.097
G1 X55.098 Y90.76 E170.81832
G1 X55.103 Y90.76
G1 X59.24 Y94.897 E170.85501
G1 X59.268 Y94.925
G0 F7200 X59.1 Y94.925
G0 X59.1 Y92.275
G0 X59.24 Y92.275
G1 F3600 X52.274 Y99.24 E170.91677
G1 X52.269 Y99.24
G1 X50.76 Y97.73 E170.93016
G1 X50.76 Y97.926
G1 X57.926 Y90.76 E170.9937
G1 X57.932 Y90.76
G1 X59.24 Y92.068 E171.0053
G1 X59.268 Y92.096
G0 F7200 X59.1 Y92.096
G0 X59.13 Y99.13
G0 X59.4 Y99.4
;TYPE:WALL-INNER
G1 F3600 X59.4 Y90.6 E171.06048
G1 X50.6 Y90.6 E171.11565
G1 X50.6 Y99.4 E171.17083
G1 X59.4 Y99.4 E171.22601
G0 F7200 X59.8 Y99.8
;TYPE:WALL-OUTER
G1 F1800 X59.8 Y90.2 E171.2862
G1 X50.2 Y90.2 E171.3464
G1 X50.2 Y99.8 E171.40659
G1 X59.8 Y99.8 E171.46678
G0 F7200 X59.8 Y99.6
G0 X58.8 Y98.918
G1 F1500 E164.96678
;MESH:NONMESH
G0 F600 X58.8 Y98.918 Z5.2
G0 F7200 X50.414 Y90.414
G0 X50.414 Y89.335
G0 X45.22 Y83.474
;TIME_ELAPSED:722.485203
;LAYER:49
;TYPE:SUPPORT
G1 F1500 E171.46678
G1 F3600 X46.228 Y83.767 E171.47337
G1 X47.336 Y84.976 E171.48365
G1 X47.784 Y86.574 E171.49406
G1 X47.304 Y88.364 E171.50568
G1 X46.204 Y89.507 E171.51562
G1 X45.22 Y89.794 E171.52205
G1 X45.22 Y83.474 E171.56168
G1 X44.694 Y83.321 E171.56511
G1 X43.161 Y83.769 E171.57513
G1 X42.047 Y84.987 E171.58548
G1 X41.586 Y86.617 E171.5961
G1 X42.059 Y88.305 E171.60709
G1 X42.56 Y88.824 E171.61161
G1 X42.56 Y84.426 E171.63919
G1 F1500 E165.13919
G0 F7200 X61.18 Y85.771
G1 F1500 E171.63919
G1 F3600 X61.18 Y87.147 E171.64782
G1 X61.437 Y88.041 E171.65365
G1 X62.483 Y89.126 E171.6631
G1 X63.784 Y89.531 E171.67164
G1 X65.133 Y89.147 E171.68044
G1 X66.102 Y88.141 E171.68919
G1 X66.487 Y86.671 E171.69872
G1 X66.039 Y85.106 E171.70893
G1 X65.051 Y84.024 E171.71812
G1 X63.84 Y83.664 E171.72604
G1 X63.84 Y89.516 E171.76273
G1 F1500 E165.26273
G0 F7200 X69.347 Y89.347
G0 X80.653 Y89.347
G0 X87.78 Y92.796
G1 F1500 E171.76273
G1 F3600 X88.224 Y93.265 E171.76678
G1 X88.655 Y94.739 E171.77641
G1 X88.226 Y96.273 E171.7864
G1 X87.78 Y96.719 E171.79035
G1 X87.78 Y92.796 E171.81495
G1 X87.114 Y92.092 E171.82103
G1 X85.58 Y91.662 E171.83102
G1 X84.046 Y92.092 E171.841
G1 X82.936 Y93.265 E171.85113
G1 X82.505 Y94.738 E171.86075
G1 X82.936 Y96.209 E171.87037
G1 X84.109 Y97.382 E171.88077
G1 X85.12 Y97.678 E171.88737
G1 X85.12 Y91.79 E171.92429
G1 F1500 E165.42429
;MESH:test.stl
G0 F7200 X80.665 Y91.79
G0 X79.58 Y91.79
G0 X79.24 Y92.074
;TYPE:FILL
G1 F1500 E171.92429
G1 F3600 X72.074 Y99.24 E171.98783
G1 X72.068 Y99.24
G1 X70.76 Y97.931 E171.99944
G0 F7200 X70.76 Y97.725
G1 F3600 X77.725 Y90.76 E172.0612
G1 X77.731 Y90.76
G1 X79.24 Y92.269 E172.07458
G1 X79.268 Y92.297
G0 F7200 X79.1 Y92.297
G0 X79.1 Y94.902
G0 X79.24 Y94.902
G1 F3600 X74.902 Y99.24 E172.11305
G1 X74.897 Y99.24
G1 X70.76 Y95.103 E172.14973
G0 F7200 X70.76 Y94.897
G1 F3600 X74.897 Y90.76 E172.18641
G1 X74.902 Y90.76
G1 X79.24 Y95.097 E172.22488
G1 X79.268 Y95.125
G0 F7200 X79.1 Y95.125
G0 X79.1 Y97.731
G0 X79.24 Y97.731
G1 F3600 X77.731 Y99.24 E172.23826
G1 X77.725 Y99.24
G1 X70.76 Y92.275 E172.30002
G0 F7200 X70.76 Y92.068
G1 F3600 X72.068 Y90.76 E172.31162
G1 X72.074 Y90.76
G1 X79.24 Y97.926 E172.37516
G1 X79.268 Y97.954
G0 F7200 X79.1 Y97.954
G0 X79.13 Y99.13
G0 X79.4 Y99.4
;TYPE:WALL-INNER
G1 F3600 X79.4 Y90.6 E172.43034
G1 X70.6 Y90.6 E172.48552
G1 X70.6 Y99.4 E172.54069
G1 X79.4 Y99.4 E172.59587
G0 F7200 X79.8 Y99.8
;TYPE:WALL-OUTER
G1 F1800 X79.8 Y90.2 E172.65607
G1 X70.2 Y90.2 E172.71626
G1 X70.2 Y99.8 E172.77645
G1 X79.8 Y99.8 E172.83665
G0 F7200 X79.8 Y99.6
G0 X78.8 Y98.918
G1 F1500 E166.33665
G0 F7200 X70.42 Y97.931
G0 X69.335 Y97.931
G0 X60.665 Y97.931
G0 X59.58 Y97.931
G0 X59.24 Y97.931
;TYPE:FILL
G1 F1500 E172.83665
G1 F3600 X57.931 Y99.24 E172.84825
G1 X57.926 Y99.24
G1 X50.76 Y92.073 E172.9118
G1 X50.76 Y92.269
G1 X52.269 Y90.76 E172.92518
G1 X52.275 Y90.76
G1 X59.24 Y97.725 E172.98694
G1 X59.268 Y97.753
G0 F7200 X59.1 Y97.753
G0 X59.1 Y95.103
G0 X59.24 Y95.103
G1 F3600 X55.103 Y99.24 E173.02363
G1 X55.098 Y99.24
G1 X50.76 Y94.902 E173.0621
G1 X50.76 Y95.097
G1 X55.098 Y90.76 E173.10056
G1 X55.103 Y90.76
G1 X59.24 Y94.897 E173.13724
G1 X59.268 Y94.925
G0 F7200 X59.1 Y94.925
G0 X59.1 Y92.275
G0 X59.24 Y92.275
G1 F3600 X52.274 Y99.24 E173.19901
G1 X52.269 Y99.24
G1 X50.76 Y97.73 E173.21239
G1 X50.76 Y97.926
G1 X57.926 Y90.76 E173.27594
G1 X57.932 Y90.76
G1 X59.24 Y92.068 E173.28754
G1 X59.268 Y92.096
G0 F7200 X59.1 Y92.096
G0 X59.13 Y99.13
G0 X59.4 Y99.4
;TYPE:WALL-INNER
G1 F3600 X59.4 Y90.6 E173.34271
G1 X50.6 Y90.6 E173.39789
G1 X50.6 Y99.4 E173.45307
G1 X59.4 Y99.4 E173.50825
G0 F7200 X59.8 Y99.8
;TYPE:WALL-OUTER
G1 F1800 X59.8 Y90.2 E173.56844
G1 X50.2 Y90.2 E173.62863
G1 X50.2 Y99.8 E173.68883
G1 X59.8 Y99.8 E173.74902
G0 F7200 X59.8 Y99.6
G0 X58.8 Y98.918
G1 F1500 E167.24902
;MESH:NONMESH
G0 F600 X58.8 Y98.918 Z5.3
G0 F7200 X50.414 Y90.414
G0 X50.414 Y89.335
G0 X45.22 Y83.768
;TIME_ELAPSED:734.379222
;LAYER:50
;TYPE:SUPPORT
G1 F1500 E173.74902
G1 F3600 X46.207 Y84.054 E173.75546
G1 X47.307 Y85.257 E173.76569
G1 X47.755 Y86.854 E173.77609
G1 X47.276 Y88.619 E173.78755
G1 X46.184 Y89.753 E173.79742
G1 X45.22 Y90.035 E173.80372
G1 X45.22 Y83.768 E173.84302
G1 X44.686 Y83.613 E173.8465
G1 X43.165 Y84.058 E173.85644
G1 X42.061 Y85.263 E173.86669
G1 X41.602 Y86.887 E173.87727
G1 X42.071 Y88.56 E173.88816
G1 X42.56 Y89.066 E173.89258
G1 X42.56 Y84.718 E173.91984
G1 F1500 E167.41984
G0 F7200 X61.18 Y86.205
G1 F1500 E173.91984
G1 F3600 X61.18 Y87.24 E173.92633
G1 X61.485 Y88.302 E173.93326
G1 X62.532 Y89.388 E173.94271
G1 X63.84 Y89.792 E173.9513
G1 X63.84 Y83.912 E173.98817
G1 X65.098 Y84.286 E173.9964
G1 X66.086 Y85.368 E174.00558
G1 X66.5 Y86.813 E174.01501
G1 X66.5 Y87.069 E174.01661
G1 F1500 E167.51661
G0 F7200 X80.653 Y89.347
G0 X87.78 Y92.831
G1 F1500 E174.01661
G1 F3600 X88.203 Y93.277 E174.02047
G1 X88.63 Y94.74 E174.03002
G1 X88.204 Y96.262 E174.03993
G1 X87.78 Y96.686 E174.04369
G1 X87.78 Y92.831 E174.06787
G1 X87.102 Y92.114 E174.07405
G1 X85.58 Y91.687 E174.08396
G1 X84.058 Y92.114 E174.09388
G1 X82.957 Y93.277 E174.10392
G1 X82.53 Y94.738 E174.11346
G1 X82.957 Y96.197 E174.12299
G1 X84.121 Y97.361 E174.13332
G1 X85.12 Y97.653 E174.13984
G1 X85.12 Y91.816 E174.17644
G1 F1500 E167.67644
;MESH:test.stl
G0 F7200 X80.665 Y91.816
G0 X79.58 Y91.816
G0 X79.24 Y92.074
;TYPE:FILL
G1 F1500 E174.17644
G1 F3600 X72.074 Y99.24 E174.23998
G1 X72.068 Y99.24
G1 X70.76 Y97.931 E174.25159
G0 F7200 X70.76 Y97.725
G1 F3600 X77.725 Y90.76 E174.31335
G1 X77.731 Y90.76
G1 X79.24 Y92.269 E174.32673
G1 X79.268 Y92.297
G0 F7200 X79.1 Y92.297
G0 X79.1 Y94.902
G0 X79.24 Y94.902
G1 F3600 X74.902 Y99.24 E174.3652
G1 X74.897 Y99.24
G1 X70.76 Y95.103 E174.40188
G0 F7200 X70.76 Y94.897
G1 F3600 X74.897 Y90.76 E174.43856
G1 X74.902 Y90.76
G1 X79.24 Y95.097 E174.47703
G1 X79.268 Y95.125
G0 F7200 X79.1 Y95.125
G0 X79.1 Y97.731
G0 X79.24 Y97.731
G1 F3600 X77.731 Y99.24 E174.49041
G1 X77.725 Y99.24
G1 X70.76 Y92.275 E174.55217
G0 F7200 X70.76 Y92.068
G1 F3600 X72.068 Y90.76 E174.56377
G1 X72.074 Y90.76
G1 X79.24 Y97.926 E174.62731
G1 X79.268 Y97.954
G0 F7200 X79.1 Y97.954
G0 X79.13 Y99.13
G0 X79.4 Y99.4
;TYPE:WALL-INNER
G1 F3600 X79.4 Y90.6 E174.68249
G1 X70.6 Y90.6 E174.73767
G1 X70.6 Y99.4 E174.79284
G1 X79.4 Y99.4 E174.84802
G0 F7200 X79.8 Y99.8
;TYPE:WALL-OUTER
G1 F1800 X79.8 Y90.2 E174.90822
G1 X70.2 Y90.2 E174.96841
G1 X70.2 Y99.8 E175.0286
G1 X79.8 Y99.8 E175.0888
G0 F7200 X79.8 Y99.6
G0 X78.8 Y98.918
G1 F1500 E168.5888
G0 F7200 X70.42 Y97.931
G0 X69.335 Y97.931
G0 X60.665 Y97.931
G0 X59.58 Y97.931
G0 X59.24 Y97.931
;TYPE:FILL
G1 F1500 E175.0888
G1 F3600 X57.931 Y99.24 E175.1004
G1 X57.926 Y99.24
G1 X50.76 Y92.073 E175.16395
G1 X50.76 Y92.269
G1 X52.269 Y90.76 E175.17733
G1 X52.275 Y90.76
G1 X59.24 Y97.725 E175.23909
G1 X59.268 Y97.753
G0 F7200 X59.1 Y97.753
G0 X59.1 Y95.103
G0 X59.24 Y95.103
G1 F3600 X55.103 Y99.24 E175.27578
G1 X55.098 Y99.24
G1 X50.76 Y94.902 E175.31425
G1 X50.76 Y95.097
G1 X55.098 Y90.76 E175.35271
G1 X55.103 Y90.76
G1 X59.24 Y94.897 E175.38939
G1 X59.268 Y94.925
G0 F7200 X59.1 Y94.925
G0 X59.1 Y92.275
G0 X59.24 Y92.275
G1 F3600 X52.274 Y99.24 E175.45116
G1 X52.269 Y99.24
G1 X50.76 Y97.73 E175.46454
G1 X50.76 Y97.926
G1 X57.926 Y90.76 E175.52809
G1 X57.932 Y90.76
G1 X59.24 Y92.068 E175.53969
G1 X59.268 Y92.096
G0 F7200 X59.1 Y92.096
G0 X59.13 Y99.13
G0 X59.4 Y99.4
;TYPE:WALL-INNER
G1 F3600 X59.4 Y90.6 E175.59486
G1 X50.6 Y90.6 E175.65004
G1 X50.6 Y99.4 E175.70522
G1 X59.4 Y99.4 E175.7604
G0 F7200 X59.8 Y99.8
;TYPE:WALL-OUTER
G1 F1800 X59.8 Y90.2 E175.82059
G1 X50.2 Y90.2 E175.88078
G1 X50.2 Y99.8 E175.94098
G1 X59.8 Y99.8 E176.00117
G0 F7200 X59.8 Y99.6
G0 X58.8 Y98.918
G1 F1500 E169.50117
;MESH:NONMESH
G0 F600 X58.8 Y98.918 Z5.4
G0 F7200 X50.414 Y90.414
G0 X50.414 Y89.335
G0 X45.22 Y84.063
;TIME_ELAPSED:746.165425
;LAYER:51
;TYPE:SUPPORT
G1 F1500 E176.00117
G1 F3600 X46.187 Y84.343 E176.00748
G1 X47.279 Y85.537 E176.01763
G1 X47.722 Y87.121 E176.02794
G1 X47.248 Y88.874 E176.03933
G1 X46.164 Y89.999 E176.04912
G1 X45.22 Y90.275 E176.05529
G1 X45.22 Y84.063 E176.09424
G1 X44.678 Y83.905 E176.09778
G1 X43.17 Y84.346 E176.10763
G1 X42.074 Y85.545 E176.11782
G1 X41.618 Y87.155 E176.12831
G1 X42.083 Y88.815 E176.13912
G1 X42.56 Y89.309 E176.14343
G1 X42.56 Y85.013 E176.17036
G1 F1500 E169.67036
G0 F7200 X61.18 Y86.64
G1 F1500 E176.17036
G1 F3600 X61.18 Y87.333 E176.17471
G1 X61.533 Y88.564 E176.18274
G1 X62.58 Y89.65 E176.1922
G1 X63.84 Y90.042 E176.20047
G1 X63.84 Y84.16 E176.23735
G1 X65.144 Y84.548 E176.24588
G1 X66.133 Y85.631 E176.25508
G1 X66.5 Y86.915 E176.26345
G1 X66.5 Y87.514 E176.26721
G1 F1500 E169.76721
G0 F7200 X80.653 Y89.347
G0 X87.78 Y92.864
G1 F1500 E176.26721
G1 F3600 X88.182 Y93.288 E176.27087
G1 X88.606 Y94.739 E176.28035
G1 X88.184 Y96.249 E176.29018
G1 X87.78 Y96.653 E176.29376
G1 X87.78 Y92.864 E176.31752
G1 X87.09 Y92.135 E176.32381
G1 X85.58 Y91.711 E176.33365
G1 X84.07 Y92.135 E176.34348
G1 X82.978 Y93.288 E176.35344
G1 X82.554 Y94.738 E176.36291
G1 X82.978 Y96.186 E176.37237
G1 X84.132 Y97.34 E176.3826
G1 X85.12 Y97.629 E176.38906
G1 X85.12 Y91.84 E176.42536
G1 F1500 E169.92536
;MESH:test.stl
G0 F7200 X80.665 Y91.84
G0 X79.58 Y91.84
G0 X79.24 Y92.074
;TYPE:FILL
G1 F1500 E176.42536
G1 F3600 X72.074 Y99.24 E176.4889
G1 X72.068 Y99.24
G1 X70.76 Y97.931 E176.5005
G0 F7200 X70.76 Y97.725
G1 F3600 X77.725 Y90.76 E176.56227
G1 X77.731 Y90.76
G1 X79.24 Y92.269 E176.57565
G1 X79.268 Y92.297
G0 F7200 X79.1 Y92.297
G0 X79.1 Y94.902
G0 X79.24 Y94.902
G1 F3600 X74.902 Y99.24 E176.61411
G1 X74.897 Y99.24
G1 X70.76 Y95.103 E176.6508
G0 F7200 X70.76 Y94.897
G1 F3600 X74.897 Y90.76 E176.68748
G1 X74.902 Y90.76
G1 X79.24 Y95.097 E176.72594
G1 X79.268 Y95.125
G0 F7200 X79.1 Y95.125
G0 X79.1 Y97.731
G0 X79.24 Y97.731
G1 F3600 X77.731 Y99.24 E176.73932
G1 X77.725 Y99.24
G1 X70.76 Y92.275 E176.80109
G0 F7200 X70.76 Y92.068
G1 F3600 X72.068 Y90.76 E176.81268
G1 X72.074 Y90.76
G1 X79.24 Y97.926 E176.87623
G1 X79.268 Y97.954
G0 F7200 X79.1 Y97.954
G0 X79.13 Y99.13
G0 X79.4 Y99.4
;TYPE:WALL-INNER
G1 F3600 X79.4 Y90.6 E176.93141
G1 X70.6 Y90.6 E176.98658
G1 X70.6 Y99.4 E177.04176
G1 X79.4 Y99.4 E177.09694
G0 F7200 X79.8 Y99.8
;TYPE:WALL-OUTER
G1 F1800 X79.8 Y90.2 E177.15713
G1 X70.2 Y90.2 E177.21733
G1 X70.2 Y99.8 E177.27752
G1 X79.8 Y99.8 E177.33771
G0 F7200 X79.8 Y99.6
G0 X78.8 Y98.918
G1 F1500 E170.83771
G0 F7200 X70.42 Y97.931
G0 X69.335 Y97.931
G0 X60.665 Y97.931
G0 X59.58 Y97.931
G0 X59.24 Y97.931
;TYPE:FILL
G1 F1500 E177.33771
G1 F3600 X57.931 Y99.24 E177.34932
G1 X57.926 Y99.24
G1 X50.76 Y92.073 E177.41287
G1 X50.76 Y92.269
G1 X52.269 Y90.76 E177.42625
G1 X52.275 Y90.76
G1 X59.24 Y97.725 E177.48801
G1 X59.268 Y97.753
G0 F7200 X59.1 Y97.753
G0 X59.1 Y95.103
G0 X59.24 Y95.103
G1 F3600 X55.103 Y99.24 E177.5247
G1 X55.098 Y99.24
G1 X50.76 Y94.902 E177.56316
G1 X50.76 Y95.097
G1 X55.098 Y90.76 E177.60163
G1 X55.103 Y90.76
G1 X59.24 Y94.897 E177.63831
G1 X59.268 Y94.925
G0 F7200 X59.1 Y94.925
G0 X59.1 Y92.275
G0 X59.24 Y92.275
G1 F3600 X52.274 Y99.24 E177.70008
G1 X52.269 Y99.24
G1 X50.76 Y97.73 E177.71346
G1 X50.76 Y97.926
G1 X57.926 Y90.76 E177.777
G1 X57.932 Y90.76
G1 X59.24 Y92.068 E177.7886
G1 X59.268 Y92.096
G0 F7200 X59.1 Y92.096
G0 X59.13 Y99.13
G0 X59.4 Y99.4
;TYPE:WALL-INNER
G1 F3600 X59.4 Y90.6 E177.84378
G1 X50.6 Y90.6 E177.89896
G1 X50.6 Y99.4 E177.95414
G1 X59.4 Y99.4 E178.00931
G0 F7200 X59.8 Y99.8
;TYPE:WALL-OUTER
G1 F1800 X59.8 Y90.2 E178.06951
G1 X50.2 Y90.2 E178.1297
G1 X50.2 Y99.8 E178.18989
G1 X59.8 Y99.8 E178.25009
G0 F7200 X59.8 Y99.6
G0 X58.8 Y98.918
G1 F1500 E171.75009
;MESH:NONMESH
G0 F600 X58.8 Y98.918 Z5.5
G0 F7200 X50.414 Y90.414
G0 X50.414 Y89.335
G0 X45.22 Y84.356
;TIME_ELAPSED:757.942008
;LAYER:52
;TYPE:SUPPORT
G1 F1500 E178.25009
G1 F3600 X46.167 Y84.63 E178.25627
G1 X47.25 Y85.815 E178.26634
G1 X47.687 Y87.375 E178.27649
G1 X47.217 Y89.131 E178.28789
G1 X46.144 Y90.245 E178.29759
G1 X45.22 Y90.515 E178.30363
G1 X45.22 Y84.356 E178.34224
G1 X44.67 Y84.196 E178.34584
G1 X43.174 Y84.633 E178.35561
G1 X42.086 Y85.823 E178.36572
G1 X41.635 Y87.418 E178.37611
G1 X42.097 Y89.071 E178.38687
G1 X42.56 Y89.551 E178.39105
G1 X42.56 Y85.304 E178.41768
G1 F1500 E171.91768
G0 F7200 X61.18 Y87.078
G1 F1500 E178.41768
G1 F3600 X61.18 Y87.428 E178.41988
G1 X61.581 Y88.826 E178.429
G1 X62.628 Y89.912 E178.43846
G1 X63.84 Y90.289 E178.44641
G1 X63.84 Y84.408 E178.48329
G1 X65.192 Y84.81 E178.49213
G1 X66.181 Y85.893 E178.50133
G1 X66.5 Y87.009 E178.50861
G1 X66.5 Y87.959 E178.51456
G1 F1500 E172.01456
G0 F7200 X80.653 Y89.347
G0 X87.78 Y92.898
G1 F1500 E178.51456
G1 F3600 X88.161 Y93.3 E178.51804
G1 X88.582 Y94.739 E178.52744
G1 X88.163 Y96.237 E178.53719
G1 X87.78 Y96.62 E178.54059
G1 X87.78 Y92.898 E178.56393
G1 X87.078 Y92.155 E178.57033
G1 X85.58 Y91.735 E178.58009
G1 X84.082 Y92.155 E178.58984
G1 X82.999 Y93.3 E178.59973
G1 X82.578 Y94.738 E178.60912
G1 X82.999 Y96.174 E178.6185
G1 X84.144 Y97.319 E178.62866
G1 X85.12 Y97.604 E178.63503
G1 X85.12 Y91.863 E178.67103
G1 F1500 E172.17103
;MESH:test.stl
G0 F7200 X80.665 Y91.863
G0 X79.58 Y91.863
G0 X79.24 Y92.074
;TYPE:FILL
G1 F1500 E178.67103
G1 F3600 X72.074 Y99.24 E178.73457
G1 X72.068 Y99.24
G1 X70.76 Y97.931 E178.74618
G0 F7200 X70.76 Y97.725
G1 F3600 X77.725 Y90.76 E178.80794
G1 X77.731 Y90.76
G1 X79.24 Y92.269 E178.82132
G1 X79.268 Y92.297
G0 F7200 X79.1 Y92.297
G0 X79.1 Y94.902
G0 X79.24 Y94.902
G1 F3600 X74.902 Y99.24 E178.85979
G1 X74.897 Y99.24
G1 X70.76 Y95.103 E178.89647
G0 F7200 X70.76 Y94.897
G1 F3600 X74.897 Y90.76 E178.93315
G1 X74.902 Y90.76
G1 X79.24 Y95.097 E178.97162
G1 X79.268 Y95.125
G0 F7200 X79.1 Y95.125
G0 X79.1 Y97.731
G0 X79.24 Y97.731
G1 F3600 X77.731 Y99.24 E178.985
G1 X77.725 Y99.24
G1 X70.76 Y92.275 E179.04676
G0 F7200 X70.76 Y92.068
G1 F3600 X72.068 Y90.76 E179.05836
G1 X72.074 Y90.76
G1 X79.24 Y97.926 E179.1219
G1 X79.268 Y97.954
G0 F7200 X79.1 Y97.954
G0 X79.13 Y99.13
G0 X79.4 Y99.4
;TYPE:WALL-INNER
G1 F3600 X79.4 Y90.6 E179.17708
G1 X70.6 Y90.6 E179.23226
G1 X70.6 Y99.4 E179.28743
G1 X79.4 Y99.4 E179.34261
G0 F7200 X79.8 Y99.8
;TYPE:WALL-OUTER
G1 F1800 X79.8 Y90.2 E179.40281
G1 X70.2 Y90.2 E179.463
G1 X70.2 Y99.8 E179.52319
G1 X79.8 Y99.8 E179.58339
G0 F7200 X79.8 Y99.6
G0 X78.8 Y98.918
G1 F1500 E173.08339
G0 F7200 X70.42 Y97.931
G0 X69.335 Y97.931
G0 X60.665 Y97.931
G0 X59.58 Y97.931
G0 X59.24 Y97.931
;TYPE:FILL
G1 F1500 E179.58339
G1 F3600 X57.931 Y99.24 E179.59499
G1 X57.926 Y99.24
G1 X50.76 Y92.073 E179.65854
G1 X50.76 Y92.269
G1 X52.269 Y90.76 E179.67192
G1 X52.275 Y90.76
G1 X59.24 Y97.725 E179.73368
G1 X59.268 Y97.753
G0 F7200 X59.1 Y97.753
G0 X59.1 Y95.103
G0 X59.24 Y95.103
G1 F3600 X55.103 Y99.24 E179.77037
G1 X55.098 Y99.24
G1 X50.76 Y94.902 E179.80884
G1 X50.76 Y95.097
G1 X55.098 Y90.76 E179.8473
G1 X55.103 Y90.76
G1 X59.24 Y94.897 E179.88398
G1 X59.268 Y94.925
G0 F7200 X59.1 Y94.925
G0 X59.1 Y92.275
G0 X59.24 Y92.275
G1 F3600 X52.274 Y99.24 E179.94575
G1 X52.269 Y99.24
G1 X50.76 Y97.73 E179.95913
G1 X50.76 Y97.926
G1 X57.926 Y90.76 E180.02268
G1 X57.932 Y90.76
G1 X59.24 Y92.068 E180.03427
G1 X59.268 Y92.096
G0 F7200 X59.1 Y92.096
G0 X59.13 Y99.13
G0 X59.4 Y99.4
;TYPE:WALL-INNER
G1 F3600 X59.4 Y90.6 E180.08945
G1 X50.6 Y90.6 E180.14463
G1 X50.6 Y99.4 E180.19981
G1 X59.4 Y99.4 E180.25499
G0 F7200 X59.8 Y99.8
;TYPE:WALL-OUTER
G1 F1800 X59.8 Y90.2 E180.31518
G1 X50.2 Y90.2 E180.37537
G1 X50.2 Y99.8 E180.43557
G1 X59.8 Y99.8 E180.49576
G0 F7200 X59.8 Y99.6
G0 X58.8 Y98.918
G1 F1500 E173.99576
;MESH:NONMESH
G0 F600 X58.8 Y98.918 Z5.6
G0 F7200 X50.414 Y90.414
G0 X50.414 Y89.335
G0 X45.22 Y84.649
;TIME_ELAPSED:769.708929
;LAYER:53
;TYPE:SUPPORT
G1 F1500 E180.49576
G1 F3600 X46.146 Y84.917 E180.50181
G1 X47.221 Y86.093 E180.5118
G1 X47.658 Y87.655 E180.52197
G1 X47.189 Y89.383 E180.53319
G1 X46.124 Y90.491 E180.54283
G1 X45.22 Y90.755 E180.54873
G1 X45.22 Y84.649 E180.58702
G1 X44.662 Y84.487 E180.59066
G1 X43.178 Y84.921 E180.60036
G1 X42.1 Y86.101 E180.61038
G1 X41.651 Y87.688 E180.62072
G1 X42.11 Y89.327 E180.63139
G1 X42.56 Y89.794 E180.63546
G1 X42.56 Y85.597 E180.66177
G1 F1500 E174.16177
G0 F7200 X61.18 Y87.523
G1 F1500 E180.66177
G1 F3600 X61.629 Y89.088 E180.67198
G1 X62.676 Y90.174 E180.68144
G1 X63.84 Y90.536 E180.68909
G1 X63.84 Y84.655 E180.72596
G1 X65.24 Y85.072 E180.73512
G1 X66.229 Y86.155 E180.74432
G1 X66.5 Y87.103 E180.7505
G1 X66.5 Y88.405 E180.75866
G1 F1500 E174.25866
G0 F7200 X80.653 Y89.347
G0 X87.78 Y92.932
G1 F1500 E180.75866
G1 F3600 X88.14 Y93.312 E180.76194
G1 X88.557 Y94.739 E180.77127
G1 X88.142 Y96.224 E180.78093
G1 X87.78 Y96.586 E180.78414
G1 X87.78 Y92.932 E180.80705
G1 X87.065 Y92.177 E180.81357
G1 X85.58 Y91.76 E180.82325
G1 X84.095 Y92.177 E180.83292
G1 X83.02 Y93.312 E180.84272
G1 X82.603 Y94.738 E180.85204
G1 X83.02 Y96.162 E180.86134
G1 X84.156 Y97.298 E180.87141
G1 X85.12 Y97.58 E180.87771
G1 X85.12 Y91.889 E180.91339
G1 F1500 E174.41339
;MESH:test.stl
G0 F7200 X80.665 Y91.889
G0 X79.58 Y91.889
G0 X79.24 Y92.074
;TYPE:FILL
G1 F1500 E180.91339
G1 F3600 X72.074 Y99.24 E180.97694
G1 X72.068 Y99.24
G1 X70.76 Y97.931 E180.98854
G0 F7200 X70.76 Y97.725
G1 F3600 X77.725 Y90.76 E181.0503
G1 X77.731 Y90.76
G1 X79.24 Y92.269 E181.06368
G1 X79.268 Y92.297
G0 F7200 X79.1 Y92.297
G0 X79.1 Y94.902
G0 X79.24 Y94.902
G1 F3600 X74.902 Y99.24 E181.10215
G1 X74.897 Y99.24
G1 X70.76 Y95.103 E181.13883
G0 F7200 X70.76 Y94.897
G1 F3600 X74.897 Y90.76 E181.17552
G1 X74.902 Y90.76
G1 X79.24 Y95.097 E181.21398
G1 X79.268 Y95.125
G0 F7200 X79.1 Y95.125
G0 X79.1 Y97.731
G0 X79.24 Y97.731
G1 F3600 X77.731 Y99.24 E181.22736
G1 X77.725 Y99.24
G1 X70.76 Y92.275 E181.28912
G0 F7200 X70.76 Y92.068
G1 F3600 X72.068 Y90.76 E181.30072
G1 X72.074 Y90.76
G1 X79.24 Y97.926 E181.36426
G1 X79.268 Y97.954
G0 F7200 X79.1 Y97.954
G0 X79.13 Y99.13
G0 X79.4 Y99.4
;TYPE:WALL-INNER
G1 F3600 X79.4 Y90.6 E181.41944
G1 X70.6 Y90.6 E181.47462
G1 X70.6 Y99.4 E181.5298
G1 X79.4 Y99.4 E181.58498
G0 F7200 X79.8 Y99.8
;TYPE:WALL-OUTER
G1 F1800 X79.8 Y90.2 E181.64517
G1 X70.2 Y90.2 E181.70536
G1 X70.2 Y99.8 E181.76556
G1 X79.8 Y99.8 E181.82575
G0 F7200 X79.8 Y99.6
G0 X78.8 Y98.918
G1 F1500 E175.32575
G0 F7200 X70.42 Y97.931
G0 X69.335 Y97.931
G0 X60.665 Y97.931
G0 X59.58 Y97.931
G0 X59.24 Y97.931
;TYPE:FILL
G1 F1500 E181.82575
G1 F3600 X57.931 Y99.24 E181.83736
G1 X57.926 Y99.24
G1 X50.76 Y92.073 E181.90091
G1 X50.76 Y92.269
G1 X52.269 Y90.76 E181.91429
G1 X52.275 Y90.76
G1 X59.24 Y97.725 E181.97605
G1 X59.268 Y97.753
G0 F7200 X59.1 Y97.753
G0 X59.1 Y95.103
G0 X59.24 Y95.103
G1 F3600 X55.103 Y99.24 E182.01273
G1 X55.098 Y99.24
G1 X50.76 Y94.902 E182.0512
G1 X50.76 Y95.097
G1 X55.098 Y90.76 E182.08966
G1 X55.103 Y90.76
G1 X59.24 Y94.897 E182.12635
G1 X59.268 Y94.925
G0 F7200 X59.1 Y94.925
G0 X59.1 Y92.275
G0 X59.24 Y92.275
G1 F3600 X52.274 Y99.24 E182.18811
G1 X52.269 Y99.24
G1 X50.76 Y97.73 E182.2015
G1 X50.76 Y97.926
G1 X57.926 Y90.76 E182.26504
G1 X57.932 Y90.76
G1 X59.24 Y92.068 E182.27664
G1 X59.268 Y92.096
G0 F7200 X59.1 Y92.096
G0 X59.13 Y99.13
G0 X59.4 Y99.4
;TYPE:WALL-INNER
G1 F3600 X59.4 Y90.6 E182.33182
G1 X50.6 Y90.6 E182.38699
G1 X50.6 Y99.4 E182.44217
G1 X59.4 Y99.4 E182.49735
G0 F7200 X59.8 Y99.8
;TYPE:WALL-OUTER
G1 F1800 X59.8 Y90.2 E182.55754
G1 X50.2 Y90.2 E182.61774
G1 X50.2 Y99.8 E182.67793
G1 X59.8 Y99.8 E182.73812
G0 F7200 X59.8 Y99.6
G0 X58.8 Y98.918
G1 F1500 E176.23812
;MESH:NONMESH
G0 F600 X58.8 Y98.918 Z5.7
G0 F7200 X50.414 Y90.414
G0 X50.414 Y89.335
G0 X45.22 Y84.944
;TIME_ELAPSED:781.465762
;LAYER:54
;TYPE:SUPPORT
G1 F1500 E182.73812
G1 F3600 X46.126 Y85.206 E182.74404
G1 X47.191 Y86.372 E182.75394
G1 X47.621 Y87.91 E182.76395
G1 X47.158 Y89.64 E182.77518
G1 X46.102 Y90.737 E182.78473
G1 X45.22 Y90.995 E182.79049
G1 X45.22 Y84.944 E182.82843
G1 X44.654 Y84.779 E182.83213
G1 X43.181 Y85.21 E182.84175
G1 X42.112 Y86.381 E182.85169
G1 X41.667 Y87.954 E182.86194
G1 X42.122 Y89.582 E182.87254
G1 X42.56 Y90.036 E182.8765
G1 X42.56 Y85.89 E182.9025
G1 F1500 E176.4025
G0 F7200 X63.84 Y84.954
G1 F1500 E182.9025
G1 F3600 X63.84 Y90.783 E182.93904
G1 X62.724 Y90.436 E182.94637
G1 X61.677 Y89.35 E182.95583
G1 X61.227 Y87.782 E182.96606
G1 X61.61 Y86.379 E182.97518
G1 X62.583 Y85.31 E182.98424
G1 X63.929 Y84.929 E182.99301
G1 X65.288 Y85.334 E183.0019
G1 X66.277 Y86.417 E183.0111
G1 X66.5 Y87.197 E183.01619
G1 X66.5 Y88.85 E183.02655
G1 F1500 E176.52655
G0 F7200 X80.653 Y89.347
G0 X87.78 Y92.966
G1 F1500 E183.02655
G1 F3600 X88.12 Y93.325 E183.02965
G1 X88.533 Y94.739 E183.03889
G1 X88.121 Y96.212 E183.04848
G1 X87.78 Y96.553 E183.0515
G1 X87.78 Y92.966 E183.07399
G1 X87.052 Y92.197 E183.08063
G1 X85.58 Y91.784 E183.09022
G1 X84.108 Y92.197 E183.09981
G1 X83.04 Y93.325 E183.10955
G1 X82.627 Y94.738 E183.11878
G1 X83.041 Y96.151 E183.12801
G1 X84.167 Y97.277 E183.13799
G1 X85.12 Y97.556 E183.14422
G1 X85.12 Y91.913 E183.1796
G1 F1500 E176.6796
;MESH:test.stl
G0 F7200 X80.665 Y91.913
G0 X79.58 Y91.913
G0 X79.24 Y92.074
;TYPE:FILL
G1 F1500 E183.1796
G1 F3600 X72.074 Y99.24 E183.24315
G1 X72.068 Y99.24
G1 X70.76 Y97.931 E183.25475
G0 F7200 X70.76 Y97.725
G1 F3600 X77.725 Y90.76 E183.31651
G1 X77.731 Y90.76
G1 X79.24 Y92.269 E183.32989
G1 X79.268 Y92.297
G0 F7200 X79.1 Y92.297
G0 X79.1 Y94.902
G0 X79.24 Y94.902
G1 F3600 X74.902 Y99.24 E183.36836
G1 X74.897 Y99.24
G1 X70.76 Y95.103 E183.40504
G0 F7200 X70.76 Y94.897
G1 F3600 X74.897 Y90.76 E183.44173
G1 X74.902 Y90.76
G1 X79.24 Y95.097 E183.48019
G1 X79.268 Y95.125
G0 F7200 X79.1 Y95.125
G0 X79.1 Y97.731
G0 X79.24 Y97.731
G1 F3600 X77.731 Y99.24 E183.49357
G1 X77.725 Y99.24
G1 X70.76 Y92.275 E183.55533
G0 F7200 X70.76 Y92.068
G1 F3600 X72.068 Y90.76 E183.56693
G1 X72.074 Y90.76
G1 X79.24 Y97.926 E183.63047
G1 X79.268 Y97.954
G0 F7200 X79.1 Y97.954
G0 X79.13 Y99.13
G0 X79.4 Y99.4
;TYPE:WALL-INNER
G1 F3600 X79.4 Y90.6 E183.68565
G1 X70.6 Y90.6 E183.74083
G1 X70.6 Y99.4 E183.79601
G1 X79.4 Y99.4 E183.85118
G0 F7200 X79.8 Y99.8
;TYPE:WALL-OUTER
G1 F1800 X79.8 Y90.2 E183.91138
G1 X70.2 Y90.2 E183.97157
G1 X70.2 Y99.8 E184.03177
G1 X79.8 Y99.8 E184.09196
G0 F7200 X79.8 Y99.6
G0 X78.8 Y98.918
G1 F1500 E177.59196
G0 F7200 X70.42 Y97.931
G0 X69.335 Y97.931
G0 X60.665 Y97.931
G0 X59.58 Y97.931
G0 X59.24 Y97.931
;TYPE:FILL
G1 F1500 E184.09196
G1 F3600 X57.931 Y99.24 E184.10357
G1 X57.926 Y99.24
G1 X50.76 Y92.073 E184.16711
G1 X50.76 Y92.269
G1 X52.269 Y90.76 E184.1805
G1 X52.275 Y90.76
G1 X59.24 Y97.725 E184.24226
G1 X59.268 Y97.753
G0 F7200 X59.1 Y97.753
G0 X59.1 Y95.103
G0 X59.24 Y95.103
G1 F3600 X55.103 Y99.24 E184.27894
G1 X55.098 Y99.24
G1 X50.76 Y94.902 E184.31741
G1 X50.76 Y95.097
G1 X55.098 Y90.76 E184.35587
G1 X55.103 Y90.76
G1 X59.24 Y94.897 E184.39255
G1 X59.268 Y94.925
G0 F7200 X59.1 Y94.925
G0 X59.1 Y92.275
G0 X59.24 Y92.275
G1 F3600 X52.274 Y99.24 E184.45432
G1 X52.269 Y99.24
G1 X50.76 Y97.73 E184.46771
G1 X50.76 Y97.926
G1 X57.926 Y90.76 E184.53125
G1 X57.932 Y90.76
G1 X59.24 Y92.068 E184.54285
G1 X59.268 Y92.096
G0 F7200 X59.1 Y92.096
G0 X59.13 Y99.13
G0 X59.4 Y99.4
;TYPE:WALL-INNER
G1 F3600 X59.4 Y90.6 E184.59803
G1 X50.6 Y90.6 E184.6532
G1 X50.6 Y99.4 E184.70838
G1 X59.4 Y99.4 E184.76356
G0 F7200 X59.8 Y99.8
;TYPE:WALL-OUTER
G1 F1800 X59.8 Y90.2 E184.82375
G1 X50.2 Y90.2 E184.88395
G1 X50.2 Y99.8 E184.94414
G1 X59.8 Y99.8 E185.00433
G0 F7200 X59.8 Y99.6
G0 X58.8 Y98.918
G1 F1500 E178.50433
;MESH:NONMESH
G0 F600 X58.8 Y98.918 Z5.8
G0 F7200 X50.414 Y90.414
G0 X49.335 Y90.414
G0 X45.22 Y85.238
;TIME_ELAPSED:793.304953
;LAYER:55
;TYPE:SUPPORT
G1 F1500 E185.00433
G1 F3600 X46.104 Y85.494 E185.0101
G1 X47.161 Y86.651 E185.01993
G1 X47.591 Y88.19 E185.02995
G1 X47.129 Y89.893 E185.04101
G1 X46.081 Y90.983 E185.05049
G1 X45.22 Y91.235 E185.05612
G1 X45.22 Y85.238 E185.09372
G1 X44.645 Y85.071 E185.09748
G1 X43.185 Y85.498 E185.10701
G1 X42.124 Y86.66 E185.11688
G1 X41.704 Y88.145 E185.12656
G1 X41.7 Y88.287 E185.12745
G1 X42.134 Y89.837 E185.13754
G1 X42.56 Y90.279 E185.14139
G1 X42.56 Y86.182 E185.16708
G1 F1500 E178.66708
G0 F7200 X63.84 Y85.229
G1 F1500 E185.16708
G1 F3600 X63.84 Y91.03 E185.20345
G1 X62.772 Y90.698 E185.21046
G1 X61.725 Y89.612 E185.21992
G1 X61.275 Y88.044 E185.23015
G1 X61.658 Y86.641 E185.23927
G1 X62.631 Y85.572 E185.24833
G1 X63.977 Y85.191 E185.25711
G1 X65.336 Y85.596 E185.266
G1 X66.325 Y86.679 E185.27519
G1 X66.5 Y87.291 E185.27918
G1 X66.5 Y89.295 E185.29175
G1 F1500 E178.79175
G0 F7200 X80.653 Y89.347
G0 X87.78 Y93
G1 F1500 E185.29175
G1 F3600 X88.098 Y93.335 E185.29465
G1 X88.508 Y94.74 E185.30382
G1 X88.099 Y96.201 E185.31334
G1 X87.78 Y96.52 E185.31616
G1 X87.78 Y93 E185.33824
G1 X87.041 Y92.219 E185.34498
G1 X85.58 Y91.809 E185.35449
G1 X84.119 Y92.219 E185.36401
G1 X83.062 Y93.335 E185.37364
G1 X82.652 Y94.738 E185.38281
G1 X83.062 Y96.139 E185.39196
G1 X84.179 Y97.256 E185.40187
G1 X85.12 Y97.531 E185.40801
G1 X85.12 Y91.938 E185.44308
G1 F1500 E178.94308
;MESH:test.stl
G0 F7200 X80.665 Y91.938
G0 X79.58 Y91.938
G0 X79.24 Y92.074
;TYPE:FILL
G1 F1500 E185.44308
G1 F3600 X72.074 Y99.24 E185.50663
G1 X72.068 Y99.24
G1 X70.76 Y97.931 E185.51823
G0 F7200 X70.76 Y97.725
G1 F3600 X77.725 Y90.76 E185.57999
G1 X77.731 Y90.76
G1 X79.24 Y92.269 E185.59337
G1 X79.268 Y92.297
G0 F7200 X79.1 Y92.297
G0 X79.1 Y94.902
G0 X79.24 Y94.902
G1 F3600 X74.902 Y99.24 E185.63184
G1 X74.897 Y99.24
G1 X70.76 Y95.103 E185.66852
G0 F7200 X70.76 Y94.897
G1 F3600 X74.897 Y90.76 E185.70521
G1 X74.902 Y90.76
G1 X79.24 Y95.097 E185.74367
G1 X79.268 Y95.125
G0 F7200 X79.1 Y95.125
G0 X79.1 Y97.731
G0 X79.24 Y97.731
G1 F3600 X77.731 Y99.24 E185.75705
G1 X77.725 Y99.24
G1 X70.76 Y92.275 E185.81881
G0 F7200 X70.76 Y92.068
G1 F3600 X72.068 Y90.76 E185.83041
G1 X72.074 Y90.76
G1 X79.24 Y97.926 E185.89395
G1 X79.268 Y97.954
G0 F7200 X79.1 Y97.954
G0 X79.13 Y99.13
G0 X79.4 Y99.4
;TYPE:WALL-INNER
G1 F3600 X79.4 Y90.6 E185.94913
G1 X70.6 Y90.6 E186.00431
G1 X70.6 Y99.4 E186.05949
G1 X79.4 Y99.4 E186.11467
G0 F7200 X79.8 Y99.8
;TYPE:WALL-OUTER
G1 F1800 X79.8 Y90.2 E186.17486
G1 X70.2 Y90.2 E186.23505
G1 X70.2 Y99.8 E186.29525
G1 X79.8 Y99.8 E186.35544
G0 F7200 X79.8 Y99.6
G0 X78.8 Y98.918
G1 F1500 E179.85544
G0 F7200 X70.42 Y97.931
G0 X69.335 Y97.931
G0 X60.665 Y97.931
G0 X59.58 Y97.931
G0 X59.24 Y97.931
;TYPE:FILL
G1 F1500 E186.35544
G1 F3600 X57.931 Y99.24 E186.36705
G1 X57.926 Y99.24
G1 X50.76 Y92.073 E186.4306
G1 X50.76 Y92.269
G1 X52.269 Y90.76 E186.44398
G1 X52.275 Y90.76
G1 X59.24 Y97.725 E186.50574
G1 X59.268 Y97.753
G0 F7200 X59.1 Y97.753
G0 X59.1 Y95.103
G0 X59.24 Y95.103
G1 F3600 X55.103 Y99.24 E186.54242
G1 X55.098 Y99.24
G1 X50.76 Y94.902 E186.58089
G1 X50.76 Y95.097
G1 X55.098 Y90.76 E186.61935
G1 X55.103 Y90.76
G1 X59.24 Y94.897 E186.65604
G1 X59.268 Y94.925
G0 F7200 X59.1 Y94.925
G0 X59.1 Y92.275
G0 X59.24 Y92.275
G1 F3600 X52.274 Y99.24 E186.7178
G1 X52.269 Y99.24
G1 X50.76 Y97.73 E186.73119
G1 X50.76 Y97.926
G1 X57.926 Y90.76 E186.79473
G1 X57.932 Y90.76
G1 X59.24 Y92.068 E186.80633
G1 X59.268 Y92.096
G0 F7200 X59.1 Y92.096
G0 X59.13 Y99.13
G0 X59.4 Y99.4
;TYPE:WALL-INNER
G1 F3600 X59.4 Y90.6 E186.86151
G1 X50.6 Y90.6 E186.91668
G1 X50.6 Y99.4 E186.97186
G1 X59.4 Y99.4 E187.02704
G0 F7200 X59.8 Y99.8
;TYPE:WALL-OUTER
G1 F1800 X59.8 Y90.2 E187.08723
G1 X50.2 Y90.2 E187.14743
G1 X50.2 Y99.8 E187.20762
G1 X59.8 Y99.8 E187.26781
G0 F7200 X59.8 Y99.6
G0 X58.8 Y98.918
G1 F1500 E180.76781
;MESH:NONMESH
G0 F600 X58.8 Y98.918 Z5.9
G0 F7200 X50.414 Y90.414
G0 X49.335 Y90.414
G0 X45.22 Y85.532
;TIME_ELAPSED:805.132144
;LAYER:56
;TYPE:SUPPORT
G1 F1500 E187.26781
G1 F3600 X46.083 Y85.782 E187.27345
G1 X47.131 Y86.93 E187.28319
G1 X47.557 Y88.456 E187.29313
G1 X47.1 Y90.148 E187.30412
G1 X46.06 Y91.229 E187.31352
G1 X45.22 Y91.475 E187.31901
G1 X45.22 Y85.532 E187.35628
G1 X44.636 Y85.362 E187.36009
G1 X43.188 Y85.786 E187.36955
G1 X42.136 Y86.939 E187.37934
G1 X41.719 Y88.412 E187.38894
G1 X41.715 Y88.555 E187.38983
G1 X42.145 Y90.093 E187.39985
G1 X42.56 Y90.523 E187.40359
G1 X42.56 Y86.474 E187.42898
G1 F1500 E180.92898
G0 F7200 X63.84 Y85.505
G1 F1500 E187.42898
G1 F3600 X63.84 Y91.277 E187.46517
G1 X62.82 Y90.96 E187.47187
G1 X61.773 Y89.874 E187.48133
G1 X61.323 Y88.306 E187.49156
G1 X61.706 Y86.903 E187.50068
G1 X62.679 Y85.834 E187.50974
G1 X64.025 Y85.453 E187.51851
G1 X65.384 Y85.858 E187.5274
G1 X66.373 Y86.941 E187.5366
G1 X66.5 Y87.386 E187.5395
G1 X66.5 Y89.74 E187.55426
G1 F1500 E181.05426
G0 F7200 X69.347 Y89.347
G0 X80.653 Y89.347
G0 X87.78 Y93.033
G1 F1500 E187.55426
G1 F3600 X88.077 Y93.347 E187.55697
G1 X88.484 Y94.739 E187.56606
G1 X88.079 Y96.188 E187.5755
G1 X87.78 Y96.487 E187.57815
G1 X87.78 Y93.033 E187.59981
G1 X87.029 Y92.239 E187.60666
G1 X85.58 Y91.833 E187.61609
G1 X84.131 Y92.239 E187.62553
G1 X83.083 Y93.347 E187.63509
G1 X82.676 Y94.738 E187.64418
G1 X83.083 Y96.127 E187.65325
G1 X84.191 Y97.235 E187.66308
G1 X85.12 Y97.507 E187.66915
G1 X85.12 Y91.961 E187.70392
G1 F1500 E181.20392
;MESH:test.stl
G0 F7200 X80.665 Y91.961
G0 X79.58 Y91.961
G0 X79.24 Y92.074
;TYPE:FILL
G1 F1500 E187.70392
G1 F3600 X72.074 Y99.24 E187.76747
G1 X72.068 Y99.24
G1 X70.76 Y97.931 E187.77907
G0 F7200 X70.76 Y97.725
G1 F3600 X77.725 Y90.76 E187.84083
G1 X77.731 Y90.76
G1 X79.24 Y92.269 E187.85421
G1 X79.268 Y92.297
G0 F7200 X79.1 Y92.297
G0 X79.1 Y94.902
G0 X79.24 Y94.902
G1 F3600 X74.902 Y99.24 E187.89268
G1 X74.897 Y99.24
G1 X70.76 Y95.103 E187.92936
G0 F7200 X70.76 Y94.897
G1 F3600 X74.897 Y90.76 E187.96605
G1 X74.902 Y90.76
G1 X79.24 Y95.097 E188.00451
G1 X79.268 Y95.125
G0 F7200 X79.1 Y95.125
G0 X79.1 Y97.731
G0 X79.24 Y97.731
G1 F3600 X77.731 Y99.24 E188.01789
G1 X77.725 Y99.24
G1 X70.76 Y92.275 E188.07965
G0 F7200 X70.76 Y92.068
G1 F3600 X72.068 Y90.76 E188.09125
G1 X72.074 Y90.76
G1 X79.24 Y97.926 E188.15479
G1 X79.268 Y97.954
G0 F7200 X79.1 Y97.954
G0 X79.13 Y99.13
G0 X79.4 Y99.4
;TYPE:WALL-INNER
G1 F3600 X79.4 Y90.6 E188.20997
G1 X70.6 Y90.6 E188.26515
G1 X70.6 Y99.4 E188.32033
G1 X79.4 Y99.4 E188.37551
G0 F7200 X79.8 Y99.8
;TYPE:WALL-OUTER
G1 F1800 X79.8 Y90.2 E188.4357
G1 X70.2 Y90.2 E188.49589
G1 X70.2 Y99.8 E188.55609
G1 X79.8 Y99.8 E188.61628
G0 F7200 X79.8 Y99.6
G0 X78.8 Y98.918
G1 F1500 E182.11628
G0 F7200 X70.42 Y97.931
G0 X69.335 Y97.931
G0 X60.665 Y97.931
G0 X59.58 Y97.931
G0 X59.24 Y97.931
;TYPE:FILL
G1 F1500 E188.61628
G1 F3600 X57.931 Y99.24 E188.62789
G1 X57.926 Y99.24
G1 X50.76 Y92.073 E188.69144
G1 X50.76 Y92.269
G1 X52.269 Y90.76 E188.70482
G1 X52.275 Y90.76
G1 X59.24 Y97.725 E188.76658
G1 X59.268 Y97.753
G0 F7200 X59.1 Y97.753
G0 X59.1 Y95.103
G0 X59.24 Y95.103
G1 F3600 X55.103 Y99.24 E188.80326
G1 X55.098 Y99.24
G1 X50.76 Y94.902 E188.84173
G1 X50.76 Y95.097
G1 X55.098 Y90.76 E188.88019
G1 X55.103 Y90.76
G1 X59.24 Y94.897 E188.91688
G1 X59.268 Y94.925
G0 F7200 X59.1 Y94.925
G0 X59.1 Y92.275
G0 X59.24 Y92.275
G1 F3600 X52.274 Y99.24 E188.97864
G1 X52.269 Y99.24
G1 X50.76 Y97.73 E188.99203
G1 X50.76 Y97.926
G1 X57.926 Y90.76 E189.05557
G1 X57.932 Y90.76
G1 X59.24 Y92.068 E189.06717
G1 X59.268 Y92.096
G0 F7200 X59.1 Y92.096
G0 X59.13 Y99.13
G0 X59.4 Y99.4
;TYPE:WALL-INNER
G1 F3600 X59.4 Y90.6 E189.12235
G1 X50.6 Y90.6 E189.17752
G1 X50.6 Y99.4 E189.2327
G1 X59.4 Y99.4 E189.28788
G0 F7200 X59.8 Y99.8
;TYPE:WALL-OUTER
G1 F1800 X59.8 Y90.2 E189.34807
G1 X50.2 Y90.2 E189.40827
G1 X50.2 Y99.8 E189.46846
G1 X59.8 Y99.8 E189.52865
G0 F7200 X59.8 Y99.6
G0 X58.8 Y98.918
G1 F1500 E183.02865
;MESH:NONMESH
G0 F600 X58.8 Y98.918 Z6
G0 F7200 X50.414 Y90.414
G0 X49.335 Y90.414
G0 X45.22 Y85.825
;TIME_ELAPSED:816.950319
;LAYER:57
;TYPE:SUPPORT
G1 F1500 E189.52865
G1 F3600 X46.062 Y86.069 E189.53415
G1 X47.102 Y87.208 E189.54382
G1 X47.521 Y88.711 E189.55361
G1 X47.068 Y90.404 E189.56459
G1 X46.039 Y91.475 E189.57391
G1 X45.22 Y91.715 E189.57926
G1 X45.22 Y85.825 E189.61619
G1 X44.627 Y85.653 E189.62006
G1 X43.191 Y86.074 E189.62944
G1 X42.148 Y87.215 E189.63914
G1 X41.714 Y88.756 E189.64918
G1 X42.158 Y90.348 E189.65954
G1 X42.56 Y90.765 E189.66317
G1 X42.56 Y86.764 E189.68826
G1 F1500 E183.18826
G0 F7200 X63.84 Y85.78
G1 F1500 E189.68826
G1 F3600 X63.84 Y91.524 E189.72427
G1 X62.868 Y91.222 E189.73066
G1 X61.821 Y90.136 E189.74011
G1 X61.371 Y88.568 E189.75034
G1 X61.754 Y87.165 E189.75946
G1 X62.727 Y86.096 E189.76853
G1 X64.073 Y85.715 E189.7773
G1 X65.432 Y86.12 E189.78619
G1 X66.421 Y87.203 E189.79538
G1 X66.5 Y87.48 E189.79719
G1 X66.5 Y90.185 E189.81415
G1 F1500 E183.31415
G0 F7200 X69.347 Y89.347
G0 X80.653 Y89.347
G0 X87.78 Y93.067
G1 F1500 E189.81415
G1 F3600 X88.056 Y93.358 E189.81667
G1 X88.46 Y94.739 E189.82569
G1 X88.058 Y96.176 E189.83504
G1 X87.78 Y96.454 E189.83751
G1 X87.78 Y93.067 E189.85875
G1 X87.017 Y92.26 E189.86571
G1 X85.58 Y91.857 E189.87507
G1 X84.143 Y92.26 E189.88443
G1 X83.104 Y93.358 E189.8939
G1 X82.7 Y94.738 E189.90292
G1 X83.104 Y96.116 E189.91192
G1 X84.202 Y97.214 E189.92166
G1 X85.12 Y97.482 E189.92766
G1 X85.12 Y91.986 E189.96212
G1 F1500 E183.46212
;MESH:test.stl
G0 F7200 X80.665 Y91.986
G0 X79.58 Y91.986
G0 X79.24 Y92.074
;TYPE:FILL
G1 F1500 E189.96212
G1 F3600 X72.074 Y99.24 E190.02566
G1 X72.068 Y99.24
G1 X70.76 Y97.931 E190.03726
G0 F7200 X70.76 Y97.725
G1 F3600 X77.725 Y90.76 E190.09903
G1 X77.731 Y90.76
G1 X79.24 Y92.269 E190.11241
G1 X79.268 Y92.297
G0 F7200 X79.1 Y92.297
G0 X79.1 Y94.902
G0 X79.24 Y94.902
G1 F3600 X74.902 Y99.24 E190.15087
G1 X74.897 Y99.24
G1 X70.76 Y95.103 E190.18756
G0 F7200 X70.76 Y94.897
G1 F3600 X74.897 Y90.76 E190.22424
G1 X74.902 Y90.76
G1 X79.24 Y95.097 E190.2627
G1 X79.268 Y95.125
G0 F7200 X79.1 Y95.125
G0 X79.1 Y97.731
G0 X79.24 Y97.731
G1 F3600 X77.731 Y99.24 E190.27608
G1 X77.725 Y99.24
G1 X70.76 Y92.275 E190.33785
G0 F7200 X70.76 Y92.068
G1 F3600 X72.068 Y90.76 E190.34944
G1 X72.074 Y90.76
G1 X79.24 Y97.926 E190.41299
G1 X79.268 Y97.954
G0 F7200 X79.1 Y97.954
G0 X79.13 Y99.13
G0 X79.4 Y99.4
;TYPE:WALL-INNER
G1 F3600 X79.4 Y90.6 E190.46817
G1 X70.6 Y90.6 E190.52334
G1 X70.6 Y99.4 E190.57852
G1 X79.4 Y99.4 E190.6337
G0 F7200 X79.8 Y99.8
;TYPE:WALL-OUTER
G1 F1800 X79.8 Y90.2 E190.69389
G1 X70.2 Y90.2 E190.75409
G1 X70.2 Y99.8 E190.81428
G1 X79.8 Y99.8 E190.87447
G0 F7200 X79.8 Y99.6
G0 X78.8 Y98.918
G1 F1500 E184.37447
G0 F7200 X70.42 Y97.931
G0 X69.335 Y97.931
G0 X60.665 Y97.931
G0 X59.58 Y97.931
G0 X59.24 Y97.931
;TYPE:FILL
G1 F1500 E190.87447
G1 F3600 X57.931 Y99.24 E190.88608
G1 X57.926 Y99.24
G1 X50.76 Y92.073 E190.94963
G1 X50.76 Y92.269
G1 X52.269 Y90.76 E190.96301
G1 X52.275 Y90.76
G1 X59.24 Y97.725 E191.02477
G1 X59.268 Y97.753
G0 F7200 X59.1 Y97.753
G0 X59.1 Y95.103
G0 X59.24 Y95.103
G1 F3600 X55.103 Y99.24 E191.06146
G1 X55.098 Y99.24
G1 X50.76 Y94.902 E191.09992
G1 X50.76 Y95.097
G1 X55.098 Y90.76 E191.13839
G1 X55.103 Y90.76
G1 X59.24 Y94.897 E191.17507
G1 X59.268 Y94.925
G0 F7200 X59.1 Y94.925
G0 X59.1 Y92.275
G0 X59.24 Y92.275
G1 F3600 X52.274 Y99.24 E191.23684
G1 X52.269 Y99.24
G1 X50.76 Y97.73 E191.25022
G1 X50.76 Y97.926
G1 X57.926 Y90.76 E191.31376
G1 X57.932 Y90.76
G1 X59.24 Y92.068 E191.32536
G1 X59.268 Y92.096
G0 F7200 X59.1 Y92.096
G0 X59.13 Y99.13
G0 X59.4 Y99.4
;TYPE:WALL-INNER
G1 F3600 X59.4 Y90.6 E191.38054
G1 X50.6 Y90.6 E191.43572
G1 X50.6 Y99.4 E191.4909
G1 X59.4 Y99.4 E191.54607
G0 F7200 X59.8 Y99.8
;TYPE:WALL-OUTER
G1 F1800 X59.8 Y90.2 E191.60627
G1 X50.2 Y90.2 E191.66646
G1 X50.2 Y99.8 E191.72665
G1 X59.8 Y99.8 E191.78685
G0 F7200 X59.8 Y99.6
G0 X58.8 Y98.918
G1 F1500 E185.28685
;MESH:NONMESH
G0 F600 X58.8 Y98.918 Z6.1
G0 F7200 X50.414 Y90.414
G0 X49.335 Y90.414
G0 X45.22 Y86.12
;TIME_ELAPSED:828.767498
;LAYER:58
;TYPE:SUPPORT
G1 F1500 E191.78685
G1 F3600 X46.041 Y86.358 E191.79221
G1 X47.071 Y87.487 E191.80179
G1 X47.487 Y88.978 E191.8115
G1 X47.037 Y90.659 E191.82241
G1 X46.016 Y91.721 E191.83164
G1 X45.22 Y91.954 E191.83685
G1 X45.22 Y86.12 E191.87343
G1 X44.618 Y85.945 E191.87736
G1 X43.193 Y86.362 E191.88667
G1 X42.16 Y87.495 E191.89628
G1 X41.75 Y88.946 E191.90573
G1 X41.746 Y89.092 E191.90665
G1 X42.168 Y90.604 E191.91649
G1 X42.56 Y91.011 E191.92004
G1 X42.56 Y87.056 E191.94483
G1 F1500 E185.44483
G0 F7200 X63.84 Y86.056
G1 F1500 E191.94483
G1 F3600 X63.84 Y91.781 E191.98073
G1 X62.9 Y91.491 E191.9869
G1 X61.858 Y90.409 E191.99632
G1 X61.446 Y88.963 E192.00575
G1 X61.428 Y88.792 E192.00682
G1 X61.802 Y87.427 E192.0157
G1 X62.775 Y86.358 E192.02476
G1 X64.121 Y85.977 E192.03353
G1 X65.48 Y86.382 E192.04242
G1 X66.469 Y87.465 E192.05162
G1 X66.5 Y87.574 E192.05233
G1 X66.5 Y90.515 E192.07077
G1 F1500 E185.57077
G0 F7200 X69.347 Y89.347
G0 X80.653 Y89.347
G0 X85.12 Y92.01
G1 F1500 E192.07077
G1 F3600 X85.12 Y97.458 E192.10493
G1 X84.214 Y97.193 E192.11085
G1 X83.125 Y96.104 E192.12051
G1 X82.725 Y94.738 E192.12943
G1 X83.124 Y93.372 E192.13835
G1 X84.157 Y92.281 E192.14778
G1 X85.58 Y91.882 E192.15704
G1 X87.003 Y92.281 E192.16631
G1 X87.78 Y93.102 E192.1734
G1 X87.78 Y96.42 E192.1942
G1 F1500 E185.6942
;MESH:test.stl
G0 F7200 X80.665 Y96.42
G0 X79.58 Y96.42
G0 X79.1 Y97.731
G0 X79.24 Y97.731
;TYPE:FILL
G1 F1500 E192.1942
G1 F3600 X77.731 Y99.24 E192.20758
G1 X77.725 Y99.24
G1 X70.76 Y92.275 E192.26934
G0 F7200 X70.76 Y92.068
G1 F3600 X72.068 Y90.76 E192.28094
G1 X72.074 Y90.76
G1 X79.24 Y97.926 E192.34449
G1 X79.268 Y97.954
G0 F7200 X79.1 Y97.954
G0 X79.1 Y95.097
G0 X79.24 Y95.097
G1 F3600 X74.902 Y90.76 E192.38295
G1 X74.897 Y90.76
G1 X70.76 Y94.897 E192.41963
G0 F7200 X70.76 Y95.103
G1 F3600 X74.897 Y99.24 E192.45632
G1 X74.902 Y99.24
G1 X79.24 Y94.902 E192.49478
G1 X79.268 Y94.874
G0 F7200 X79.1 Y94.874
G0 X79.1 Y92.269
G0 X79.24 Y92.269
G1 F3600 X77.731 Y90.76 E192.50816
G1 X77.725 Y90.76
G1 X70.76 Y97.725 E192.56993
G0 F7200 X70.76 Y97.931
G1 F3600 X72.068 Y99.24 E192.58153
G1 X72.074 Y99.24
G1 X79.24 Y92.074 E192.64507
G1 X79.268 Y92.046
G0 F7200 X79.1 Y92.046
G0 X79.13 Y99.13
G0 X79.4 Y99.4
;TYPE:WALL-INNER
G1 F3600 X79.4 Y90.6 E192.70025
G1 X70.6 Y90.6 E192.75543
G1 X70.6 Y99.4 E192.8106
G1 X79.4 Y99.4 E192.86578
G0 F7200 X79.8 Y99.8
;TYPE:WALL-OUTER
G1 F1800 X79.8 Y90.2 E192.92598
G1 X70.2 Y90.2 E192.98617
G1 X70.2 Y99.8 E193.04636
G1 X79.8 Y99.8 E193.10656
G0 F7200 X79.8 Y99.6
G0 X78.8 Y98.918
G1 F1500 E186.60656
G0 F7200 X70.42 Y97.931
G0 X69.335 Y97.931
G0 X60.665 Y97.931
G0 X59.58 Y97.931
G0 X59.24 Y97.931
;TYPE:FILL
G1 F1500 E193.10656
G1 F3600 X57.931 Y99.24 E193.11816
G1 X57.926 Y99.24
G1 X50.76 Y92.073 E193.18171
G1 X50.76 Y92.269
G1 X52.269 Y90.76 E193.19509
G1 X52.275 Y90.76
G1 X59.24 Y97.725 E193.25686
G1 X59.268 Y97.753
G0 F7200 X59.1 Y97.753
G0 X59.1 Y95.103
G0 X59.24 Y95.103
G1 F3600 X55.103 Y99.24 E193.29354
G1 X55.098 Y99.24
G1 X50.76 Y94.902 E193.33201
G1 X50.76 Y95.097
G1 X55.098 Y90.76 E193.37047
G1 X55.103 Y90.76
G1 X59.24 Y94.897 E193.40715
G1 X59.268 Y94.925
G0 F7200 X59.1 Y94.925
G0 X59.1 Y92.275
G0 X59.24 Y92.275
G1 F3600 X52.274 Y99.24 E193.46892
G1 X52.269 Y99.24
G1 X50.76 Y97.73 E193.4823
G1 X50.76 Y97.926
G1 X57.926 Y90.76 E193.54585
G1 X57.932 Y90.76
G1 X59.24 Y92.068 E193.55745
G1 X59.268 Y92.096
G0 F7200 X59.1 Y92.096
G0 X59.13 Y99.13
G0 X59.4 Y99.4
;TYPE:WALL-INNER
G1 F3600 X59.4 Y90.6 E193.61262
G1 X50.6 Y90.6 E193.6678
G1 X50.6 Y99.4 E193.72298
G1 X59.4 Y99.4 E193.77816
G0 F7200 X59.8 Y99.8
;TYPE:WALL-OUTER
G1 F1800 X59.8 Y90.2 E193.83835
G1 X50.2 Y90.2 E193.89854
G1 X50.2 Y99.8 E193.95874
G1 X59.8 Y99.8 E194.01893
G0 F7200 X59.8 Y99.6
G0 X58.8 Y98.918
G1 F1500 E187.51893
;MESH:NONMESH
G0 F600 X58.8 Y98.918 Z6.2
G0 F7200 X50.414 Y90.414
G0 X49.335 Y90.414
G0 X45.22 Y86.414
;TIME_ELAPSED:840.589663
;LAYER:59
;TYPE:SUPPORT
G1 F1500 E194.01893
G1 F3600 X46.02 Y86.645 E194.02415
G1 X47.042 Y87.765 E194.03366
G1 X47.454 Y89.243 E194.04328
G1 X47.007 Y90.914 E194.05413
G1 X45.994 Y91.967 E194.06329
G1 X45.22 Y92.194 E194.06835
G1 X45.22 Y86.414 E194.10459
G1 X44.609 Y86.236 E194.10858
G1 X43.197 Y86.65 E194.1178
G1 X42.172 Y87.774 E194.12734
G1 X41.765 Y89.213 E194.13672
G1 X41.76 Y89.358 E194.13763
G1 X42.179 Y90.859 E194.1474
G1 X42.56 Y91.254 E194.15084
G1 X42.56 Y87.348 E194.17533
G1 F1500 E187.67533
G0 F7200 X63.84 Y86.332
G1 F1500 E194.17533
G1 F3600 X63.84 Y92.048 E194.21117
G1 X62.913 Y91.765 E194.21725
G1 X61.875 Y90.685 E194.22664
G1 X61.484 Y89.293 E194.23571
G1 X61.467 Y89.071 E194.2371
G1 X61.847 Y87.697 E194.24604
G1 X62.823 Y86.625 E194.25513
G1 X64.167 Y86.239 E194.2639
G1 X65.526 Y86.64 E194.27279
G1 X66.5 Y87.711 E194.28186
G1 X66.5 Y90.791 E194.30117
G1 F1500 E187.80117
G0 F7200 X69.347 Y89.347
G0 X80.653 Y89.347
G0 X85.12 Y92.035
G1 F1500 E194.30117
G1 F3600 X85.12 Y97.433 E194.33502
G1 X84.226 Y97.172 E194.34086
G1 X83.146 Y96.092 E194.35044
G1 X82.749 Y94.738 E194.35928
G1 X83.146 Y93.382 E194.36814
G1 X84.168 Y92.302 E194.37747
G1 X85.58 Y91.906 E194.38666
G1 X86.992 Y92.302 E194.39586
G1 X87.78 Y93.135 E194.40305
G1 X87.78 Y96.387 E194.42344
G1 F1500 E187.92344
;MESH:test.stl
G0 F7200 X80.665 Y96.387
G0 X79.58 Y96.387
G0 X79.1 Y95.097
G0 X79.24 Y95.097
;TYPE:FILL
G1 F1500 E194.42344
G1 F3600 X74.902 Y90.76 E194.4619
G1 X74.897 Y90.76
G1 X70.76 Y94.897 E194.49858
G0 F7200 X70.76 Y95.103
G1 F3600 X74.897 Y99.24 E194.53527
G1 X74.902 Y99.24
G1 X79.24 Y94.902 E194.57374
G1 X79.268 Y94.874
G0 F7200 X79.1 Y94.874
G0 X79.1 Y92.269
G0 X79.24 Y92.269
G1 F3600 X77.731 Y90.76 E194.58712
G1 X77.725 Y90.76
G1 X70.76 Y97.725 E194.64888
G0 F7200 X70.76 Y97.931
G1 F3600 X72.068 Y99.24 E194.66048
G1 X72.074 Y99.24
G1 X79.24 Y92.074 E194.72402
G1 X79.268 Y92.046
G0 F7200 X79.1 Y92.046
G0 X79.1 Y97.731
G0 X79.24 Y97.731
G1 F3600 X77.731 Y99.24 E194.7374
G1 X77.725 Y99.24
G1 X70.76 Y92.275 E194.79917
G0 F7200 X70.76 Y92.068
G1 F3600 X72.068 Y90.76 E194.81076
G1 X72.074 Y90.76
G1 X79.24 Y97.926 E194.87431
G1 X79.268 Y97.954
G0 F7200 X79.1 Y97.954
G0 X79.13 Y99.13
G0 X79.4 Y99.4
;TYPE:WALL-INNER
G1 F3600 X79.4 Y90.6 E194.92949
G1 X70.6 Y90.6 E194.98466
G1 X70.6 Y99.4 E195.03984
G1 X79.4 Y99.4 E195.09502
G0 F7200 X79.8 Y99.8
;TYPE:WALL-OUTER
G1 F1800 X79.8 Y90.2 E195.15521
G1 X70.2 Y90.2 E195.21541
G1 X70.2 Y99.8 E195.2756
G1 X79.8 Y99.8 E195.33579
G0 F7200 X79.8 Y99.6
G0 X78.8 Y98.918
G1 F1500 E188.83579
G0 F7200 X70.42 Y97.931
G0 X69.335 Y97.931
G0 X60.665 Y97.931
G0 X59.58 Y97.931
G0 X59.24 Y97.931
;TYPE:FILL
G1 F1500 E195.33579
G1 F3600 X57.931 Y99.24 E195.3474
G1 X57.926 Y99.24
G1 X50.76 Y92.073 E195.41095
G1 X50.76 Y92.269
G1 X52.269 Y90.76 E195.42433
G1 X52.275 Y90.76
G1 X59.24 Y97.725 E195.48609
G1 X59.268 Y97.753
G0 F7200 X59.1 Y97.753
G0 X59.1 Y95.103
G0 X59.24 Y95.103
G1 F3600 X55.103 Y99.24 E195.52278
G1 X55.098 Y99.24
G1 X50.76 Y94.902 E195.56124
G1 X50.76 Y95.097
G1 X55.098 Y90.76 E195.5997
G1 X55.103 Y90.76
G1 X59.24 Y94.897 E195.63639
G1 X59.268 Y94.925
G0 F7200 X59.1 Y94.925
G0 X59.1 Y92.275
G0 X59.24 Y92.275
G1 F3600 X52.274 Y99.24 E195.69815
G1 X52.269 Y99.24
G1 X50.76 Y97.73 E195.71154
G1 X50.76 Y97.926
G1 X57.926 Y90.76 E195.77508
G1 X57.932 Y90.76
G1 X59.24 Y92.068 E195.78668
G1 X59.268 Y92.096
G0 F7200 X59.1 Y92.096
G0 X59.13 Y99.13
G0 X59.4 Y99.4
;TYPE:WALL-INNER
G1 F3600 X59.4 Y90.6 E195.84186
G1 X50.6 Y90.6 E195.89704
G1 X50.6 Y99.4 E195.95222
G1 X59.4 Y99.4 E196.00739
G0 F7200 X59.8 Y99.8
;TYPE:WALL-OUTER
G1 F1800 X59.8 Y90.2 E196.06759
G1 X50.2 Y90.2 E196.12778
G1 X50.2 Y99.8 E196.18797
G1 X59.8 Y99.8 E196.24817
G0 F7200 X59.8 Y99.6
G0 X58.8 Y98.918
G1 F1500 E189.74817
;MESH:NONMESH
G0 F600 X58.8 Y98.918 Z6.3
G0 F7200 X50.414 Y90.414
G0 X49.335 Y90.414
G0 X45.22 Y86.707
;TIME_ELAPSED:852.378499
;LAYER:60
;TYPE:SUPPORT
G1 F1500 E196.24817
G1 F3600 X45.998 Y86.932 E196.25325
G1 X47.011 Y88.043 E196.26267
G1 X47.42 Y89.509 E196.27222
G1 X46.972 Y91.162 E196.28296
G1 X45.968 Y92.209 E196.29205
G1 X45.22 Y92.429 E196.29694
G1 X45.22 Y86.707 E196.33282
G1 X44.599 Y86.526 E196.33687
G1 X43.199 Y86.937 E196.34602
G1 X42.183 Y88.051 E196.35548
G1 X41.78 Y89.484 E196.36481
G1 X41.773 Y89.632 E196.36574
G1 X42.186 Y91.114 E196.37538
G1 X42.56 Y91.502 E196.37876
G1 X42.56 Y87.637 E196.403
G1 F1500 E189.903
G0 F7200 X63.84 Y86.607
G1 F1500 E196.403
G1 F3600 X63.84 Y92.314 E196.43878
G1 X62.923 Y92.034 E196.44479
G1 X61.885 Y90.954 E196.45419
G1 X61.495 Y89.569 E196.46321
G1 X61.487 Y89.351 E196.46458
G1 X61.871 Y87.969 E196.47357
G1 X62.849 Y86.896 E196.48267
G1 X64.199 Y86.503 E196.49149
G1 X65.55 Y86.9 E196.50032
G1 X66.5 Y87.945 E196.50917
G1 X66.5 Y91.07 E196.52877
G1 F1500 E190.02877
G0 F7200 X69.347 Y89.347
G0 X80.653 Y89.347
G0 X85.12 Y92.058
G1 F1500 E196.52877
G1 F3600 X85.12 Y97.41 E196.56233
G1 X84.237 Y97.152 E196.56809
G1 X83.166 Y96.081 E196.57759
G1 X82.773 Y94.738 E196.58637
G1 X83.165 Y93.395 E196.59514
G1 X84.181 Y92.322 E196.6044
G1 X85.58 Y91.93 E196.61351
G1 X86.979 Y92.322 E196.62262
G1 X87.78 Y93.168 E196.62993
G1 X87.78 Y96.355 E196.64991
G1 F1500 E190.14991
;MESH:test.stl
G0 F7200 X80.665 Y96.355
G0 X79.58 Y96.355
G0 X79.1 Y95.097
G0 X79.24 Y95.097
;TYPE:FILL
G1 F1500 E196.64991
G1 F3600 X74.902 Y90.76 E196.68837
G1 X74.897 Y90.76
G1 X70.76 Y94.897 E196.72506
G0 F7200 X70.76 Y95.103
G1 F3600 X74.897 Y99.24 E196.76174
G1 X74.902 Y99.24
G1 X79.24 Y94.902 E196.80021
G1 X79.268 Y94.874
G0 F7200 X79.1 Y94.874
G0 X79.1 Y92.269
G0 X79.24 Y92.269
G1 F3600 X77.731 Y90.76 E196.81359
G1 X77.725 Y90.76
G1 X70.76 Y97.725 E196.87535
G0 F7200 X70.76 Y97.931
G1 F3600 X72.068 Y99.24 E196.88695
G1 X72.074 Y99.24
G1 X79.24 Y92.074 E196.9505
G1 X79.268 Y92.046
G0 F7200 X79.1 Y92.046
G0 X79.1 Y97.731
G0 X79.24 Y97.731
G1 F3600 X77.731 Y99.24 E196.96388
G1 X77.725 Y99.24
G1 X70.76 Y92.275 E197.02564
G0 F7200 X70.76 Y92.068
G1 F3600 X72.068 Y90.76 E197.03724
G1 X72.074 Y90.76
G1 X79.24 Y97.926 E197.10078
G1 X79.268 Y97.954
G0 F7200 X79.1 Y97.954
G0 X79.13 Y99.13
G0 X79.4 Y99.4
;TYPE:WALL-INNER
G1 F3600 X79.4 Y90.6 E197.15596
G1 X70.6 Y90.6 E197.21114
G1 X70.6 Y99.4 E197.26631
G1 X79.4 Y99.4 E197.32149
G0 F7200 X79.8 Y99.8
;TYPE:WALL-OUTER
G1 F1800 X79.8 Y90.2 E197.38169
G1 X70.2 Y90.2 E197.44188
G1 X70.2 Y99.8 E197.50207
G1 X79.8 Y99.8 E197.56227
G0 F7200 X79.8 Y99.6
G0 X78.8 Y98.918
G1 F1500 E191.06227
G0 F7200 X70.42 Y97.931
G0 X69.335 Y97.931
G0 X60.665 Y97.931
G0 X59.58 Y97.931
G0 X59.24 Y97.931
;TYPE:FILL
G1 F1500 E197.56227
G1 F3600 X57.931 Y99.24 E197.57387
G1 X57.926 Y99.24
G1 X50.76 Y92.073 E197.63742
G1 X50.76 Y92.269
G1 X52.269 Y90.76 E197.6508
G1 X52.275 Y90.76
G1 X59.24 Y97.725 E197.71256
G1 X59.268 Y97.753
G0 F7200 X59.1 Y97.753
G0 X59.1 Y95.103
G0 X59.24 Y95.103
G1 F3600 X55.103 Y99.24 E197.74925
G1 X55.098 Y99.24
G1 X50.76 Y94.902 E197.78772
G1 X50.76 Y95.097
G1 X55.098 Y90.76 E197.82618
G1 X55.103 Y90.76
G1 X59.24 Y94.897 E197.86286
G1 X59.268 Y94.925
G0 F7200 X59.1 Y94.925
G0 X59.1 Y92.275
G0 X59.24 Y92.275
G1 F3600 X52.274 Y99.24 E197.92463
G1 X52.269 Y99.24
G1 X50.76 Y97.73 E197.93801
G1 X50.76 Y97.926
G1 X57.926 Y90.76 E198.00156
G1 X57.932 Y90.76
G1 X59.24 Y92.068 E198.01316
G1 X59.268 Y92.096
G0 F7200 X59.1 Y92.096
G0 X59.13 Y99.13
G0 X59.4 Y99.4
;TYPE:WALL-INNER
G1 F3600 X59.4 Y90.6 E198.06833
G1 X50.6 Y90.6 E198.12351
G1 X50.6 Y99.4 E198.17869
G1 X59.4 Y99.4 E198.23387
G0 F7200 X59.8 Y99.8
;TYPE:WALL-OUTER
G1 F1800 X59.8 Y90.2 E198.29406
G1 X50.2 Y90.2 E198.35425
G1 X50.2 Y99.8 E198.41445
G1 X59.8 Y99.8 E198.47464
G0 F7200 X59.8 Y99.6
G0 X58.8 Y98.918
G1 F1500 E191.97464
;MESH:NONMESH
G0 F600 X58.8 Y98.918 Z6.4
G0 F7200 X50.414 Y90.414
G0 X49.335 Y90.414
G0 X45.22 Y87.001
;TIME_ELAPSED:864.160640
;LAYER:61
;TYPE:SUPPORT
G1 F1500 E198.47464
G1 F3600 X45.975 Y87.219 E198.47957
G1 X46.978 Y88.319 E198.4889
G1 X47.381 Y89.763 E198.4983
G1 X46.929 Y91.406 E198.50899
G1 X45.929 Y92.443 E198.51802
G1 X45.22 Y92.652 E198.52265
G1 X45.22 Y87.001 E198.55809
G1 X44.589 Y86.817 E198.56221
G1 X43.2 Y87.226 E198.57129
G1 X42.192 Y88.332 E198.58067
G1 X41.792 Y89.748 E198.5899
G1 X41.794 Y89.965 E198.59126
G1 X42.182 Y91.366 E198.60037
G1 X42.56 Y91.758 E198.60379
G1 X42.56 Y87.928 E198.6278
G1 F1500 E192.1278
G0 F7200 X63.84 Y86.879
G1 F1500 E198.6278
G1 F3600 X63.84 Y92.58 E198.66355
G1 X62.933 Y92.303 E198.66949
G1 X61.895 Y91.223 E198.67889
G1 X61.505 Y89.838 E198.68791
G1 X61.497 Y89.62 E198.68928
G1 X61.881 Y88.238 E198.69827
G1 X62.859 Y87.165 E198.70737
G1 X64.209 Y86.772 E198.71619
G1 X65.56 Y87.169 E198.72502
G1 X66.5 Y88.203 E198.73378
G1 X66.5 Y91.35 E198.75351
G1 F1500 E192.25351
G0 F7200 X69.347 Y89.347
G0 X80.653 Y89.347
G0 X85.12 Y92.083
G1 F1500 E198.75351
G1 F3600 X85.12 Y97.385 E198.78676
G1 X84.249 Y97.13 E198.79245
G1 X83.188 Y96.069 E198.80186
G1 X82.798 Y94.738 E198.81055
G1 X83.188 Y93.405 E198.81926
G1 X84.192 Y92.344 E198.82842
G1 X85.58 Y91.955 E198.83746
G1 X86.968 Y92.344 E198.8465
G1 X87.78 Y93.203 E198.85391
G1 X87.78 Y96.321 E198.87346
G1 F1500 E192.37346
;MESH:test.stl
G0 F7200 X80.665 Y96.321
G0 X79.58 Y96.321
G0 X79.1 Y95.097
G0 X79.24 Y95.097
;TYPE:FILL
G1 F1500 E198.87346
G1 F3600 X74.902 Y90.76 E198.91192
G1 X74.897 Y90.76
G1 X70.76 Y94.897 E198.94861
G0 F7200 X70.76 Y95.103
G1 F3600 X74.897 Y99.24 E198.98529
G1 X74.902 Y99.24
G1 X79.24 Y94.902 E199.02376
G1 X79.268 Y94.874
G0 F7200 X79.1 Y94.874
G0 X79.1 Y92.269
G0 X79.24 Y92.269
G1 F3600 X77.731 Y90.76 E199.03714
G1 X77.725 Y90.76
G1 X70.76 Y97.725 E199.0989
G0 F7200 X70.76 Y97.931
G1 F3600 X72.068 Y99.24 E199.1105
G1 X72.074 Y99.24
G1 X79.24 Y92.074 E199.17405
G1 X79.268 Y92.046
G0 F7200 X79.1 Y92.046
G0 X79.1 Y97.731
G0 X79.24 Y97.731
G1 F3600 X77.731 Y99.24 E199.18743
G1 X77.725 Y99.24
G1 X70.76 Y92.275 E199.24919
G0 F7200 X70.76 Y92.068
G1 F3600 X72.068 Y90.76 E199.26079
G1 X72.074 Y90.76
G1 X79.24 Y97.926 E199.32433
G1 X79.268 Y97.954
G0 F7200 X79.1 Y97.954
G0 X79.13 Y99.13
G0 X79.4 Y99.4
;TYPE:WALL-INNER
G1 F3600 X79.4 Y90.6 E199.37951
G1 X70.6 Y90.6 E199.43469
G1 X70.6 Y99.4 E199.48986
G1 X79.4 Y99.4 E199.54504
G0 F7200 X79.8 Y99.8
;TYPE:WALL-OUTER
G1 F1800 X79.8 Y90.2 E199.60524
G1 X70.2 Y90.2 E199.66543
G1 X70.2 Y99.8 E199.72562
G1 X79.8 Y99.8 E199.78582
G0 F7200 X79.8 Y99.6
G0 X78.8 Y98.918
G1 F1500 E193.28582
G0 F7200 X70.42 Y97.931
G0 X69.335 Y97.931
G0 X60.665 Y97.931
G0 X59.58 Y97.931
G0 X59.24 Y97.931
;TYPE:FILL
G1 F1500 E199.78582
G1 F3600 X57.931 Y99.24 E199.79742
G1 X57.926 Y99.24
G1 X50.76 Y92.073 E199.86097
G1 X50.76 Y92.269
G1 X52.269 Y90.76 E199.87435
G1 X52.275 Y90.76
G1 X59.24 Y97.725 E199.93611
G1 X59.268 Y97.753
G0 F7200 X59.1 Y97.753
G0 X59.1 Y95.103
G0 X59.24 Y95.103
G1 F3600 X55.103 Y99.24 E199.9728
G1 X55.098 Y99.24
G1 X50.76 Y94.902 E200.01127
G1 X50.76 Y95.097
G1 X55.098 Y90.76 E200.04973
G1 X55.103 Y90.76
G1 X59.24 Y94.897 E200.08641
G1 X59.268 Y94.925
G0 F7200 X59.1 Y94.925
G0 X59.1 Y92.275
G0 X59.24 Y92.275
G1 F3600 X52.274 Y99.24 E200.14818
G1 X52.269 Y99.24
G1 X50.76 Y97.73 E200.16156
G1 X50.76 Y97.926
G1 X57.926 Y90.76 E200.22511
G1 X57.932 Y90.76
G1 X59.24 Y92.068 E200.2367
G1 X59.268 Y92.096
G0 F7200 X59.1 Y92.096
G0 X59.13 Y99.13
G0 X59.4 Y99.4
;TYPE:WALL-INNER
G1 F3600 X59.4 Y90.6 E200.29188
G1 X50.6 Y90.6 E200.34706
G1 X50.6 Y99.4 E200.40224
G1 X59.4 Y99.4 E200.45742
G0 F7200 X59.8 Y99.8
;TYPE:WALL-OUTER
G1 F1800 X59.8 Y90.2 E200.51761
G1 X50.2 Y90.2 E200.5778
G1 X50.2 Y99.8 E200.638
G1 X59.8 Y99.8 E200.69819
G0 F7200 X59.8 Y99.6
G0 X58.8 Y98.918
G1 F1500 E194.19819
;MESH:NONMESH
G0 F600 X58.8 Y98.918 Z6.5
G0 F7200 X50.414 Y90.414
G0 X49.335 Y90.414
G0 X45.22 Y87.293
;TIME_ELAPSED:875.935348
;LAYER:62
;TYPE:SUPPORT
G1 F1500 E200.69819
G1 F3600 X45.945 Y87.5 E200.70292
G1 X46.937 Y88.588 E200.71215
G1 X47.332 Y90.011 E200.72141
G1 X46.873 Y91.647 E200.73206
G1 X45.882 Y92.678 E200.74103
G1 X45.22 Y92.874 E200.74536
G1 X45.22 Y87.293 E200.78035
G1 X44.575 Y87.107 E200.78456
G1 X43.194 Y87.514 E200.79359
G1 X42.192 Y88.611 E200.80291
G1 X41.78 Y90.061 E200.81236
G1 X41.785 Y90.226 E200.81339
G1 X42.168 Y91.616 E200.82243
G1 X42.56 Y92.023 E200.82598
G1 X42.56 Y88.208 E200.8499
G1 F1500 E194.3499
G0 F7200 X63.84 Y87.151
G1 F1500 E200.8499
G1 F3600 X63.84 Y92.845 E200.8856
G1 X62.945 Y92.571 E200.89147
G1 X61.906 Y91.491 E200.90086
G1 X61.517 Y90.105 E200.90989
G1 X61.507 Y89.888 E200.91125
G1 X61.891 Y88.507 E200.92024
G1 X62.869 Y87.434 E200.92934
G1 X64.219 Y87.041 E200.93816
G1 X65.57 Y87.438 E200.94699
G1 X66.5 Y88.461 E200.95566
G1 X66.5 Y91.632 E200.97554
G1 F1500 E194.47554
G0 F7200 X69.347 Y89.347
G0 X80.653 Y89.347
G0 X85.12 Y92.108
G1 F1500 E200.97554
G1 F3600 X85.12 Y97.361 E201.00848
G1 X84.261 Y97.11 E201.01409
G1 X83.208 Y96.057 E201.02343
G1 X82.822 Y94.738 E201.03204
G1 X83.208 Y93.417 E201.04067
G1 X84.204 Y92.365 E201.04976
G1 X85.58 Y91.979 E201.05872
G1 X86.956 Y92.365 E201.06768
G1 X87.78 Y93.236 E201.0752
G1 X87.78 Y96.289 E201.09434
G1 F1500 E194.59434
;MESH:test.stl
G0 F7200 X80.665 Y96.289
G0 X79.58 Y96.289
G0 X79.1 Y95.097
G0 X79.24 Y95.097
;TYPE:FILL
G1 F1500 E201.09434
G1 F3600 X74.902 Y90.76 E201.1328
G1 X74.897 Y90.76
G1 X70.76 Y94.897 E201.16949
G0 F7200 X70.76 Y95.103
G1 F3600 X74.897 Y99.24 E201.20617
G1 X74.902 Y99.24
G1 X79.24 Y94.902 E201.24464
G1 X79.268 Y94.874
G0 F7200 X79.1 Y94.874
G0 X79.1 Y92.269
G0 X79.24 Y92.269
G1 F3600 X77.731 Y90.76 E201.25802
G1 X77.725 Y90.76
G1 X70.76 Y97.725 E201.31978
G0 F7200 X70.76 Y97.931
G1 F3600 X72.068 Y99.24 E201.33138
G1 X72.074 Y99.24
G1 X79.24 Y92.074 E201.39493
G1 X79.268 Y92.046
G0 F7200 X79.1 Y92.046
G0 X79.1 Y97.731
G0 X79.24 Y97.731
G1 F3600 X77.731 Y99.24 E201.40831
G1 X77.725 Y99.24
G1 X70.76 Y92.275 E201.47007
G0 F7200 X70.76 Y92.068
G1 F3600 X72.068 Y90.76 E201.48167
G1 X72.074 Y90.76
G1 X79.24 Y97.926 E201.54521
G1 X79.268 Y97.954
G0 F7200 X79.1 Y97.954
G0 X79.13 Y99.13
G0 X79.4 Y99.4
;TYPE:WALL-INNER
G1 F3600 X79.4 Y90.6 E201.60039
G1 X70.6 Y90.6 E201.65557
G1 X70.6 Y99.4 E201.71074
G1 X79.4 Y99.4 E201.76592
G0 F7200 X79.8 Y99.8
;TYPE:WALL-OUTER
G1 F1800 X79.8 Y90.2 E201.82611
G1 X70.2 Y90.2 E201.88631
G1 X70.2 Y99.8 E201.9465
G1 X79.8 Y99.8 E202.0067
G0 F7200 X79.8 Y99.6
G0 X78.8 Y98.918
G1 F1500 E195.5067
G0 F7200 X70.42 Y97.931
G0 X69.335 Y97.931
G0 X60.665 Y97.931
G0 X59.58 Y97.931
G0 X59.24 Y97.931
;TYPE:FILL
G1 F1500 E202.0067
G1 F3600 X57.931 Y99.24 E202.0183
G1 X57.926 Y99.24
G1 X50.76 Y92.073 E202.08185
G1 X50.76 Y92.269
G1 X52.269 Y90.76 E202.09523
G1 X52.275 Y90.76
G1 X59.24 Y97.725 E202.15699
G1 X59.268 Y97.753
G0 F7200 X59.1 Y97.753
G0 X59.1 Y95.103
G0 X59.24 Y95.103
G1 F3600 X55.103 Y99.24 E202.19368
G1 X55.098 Y99.24
G1 X50.76 Y94.902 E202.23214
G1 X50.76 Y95.097
G1 X55.098 Y90.76 E202.27061
G1 X55.103 Y90.76
G1 X59.24 Y94.897 E202.30729
G1 X59.268 Y94.925
G0 F7200 X59.1 Y94.925
G0 X59.1 Y92.275
G0 X59.24 Y92.275
G1 F3600 X52.274 Y99.24 E202.36906
G1 X52.269 Y99.24
G1 X50.76 Y97.73 E202.38244
G1 X50.76 Y97.926
G1 X57.926 Y90.76 E202.44599
G1 X57.932 Y90.76
G1 X59.24 Y92.068 E202.45758
G1 X59.268 Y92.096
G0 F7200 X59.1 Y92.096
G0 X59.13 Y99.13
G0 X59.4 Y99.4
;TYPE:WALL-INNER
G1 F3600 X59.4 Y90.6 E202.51276
G1 X50.6 Y90.6 E202.56794
G1 X50.6 Y99.4 E202.62312
G1 X59.4 Y99.4 E202.6783
G0 F7200 X59.8 Y99.8
;TYPE:WALL-OUTER
G1 F1800 X59.8 Y90.2 E202.73849
G1 X50.2 Y90.2 E202.79868
G1 X50.2 Y99.8 E202.85888
G1 X59.8 Y99.8 E202.91907
G0 F7200 X59.8 Y99.6
G0 X58.8 Y98.918
G1 F1500 E196.41907
;MESH:NONMESH
G0 F600 X58.8 Y98.918 Z6.6
G0 F7200 X50.414 Y90.414
G0 X49.335 Y90.414
G0 X45.22 Y87.581
;TIME_ELAPSED:887.703124
;LAYER:63
;TYPE:SUPPORT
G1 F1500 E202.91907
G1 F3600 X45.905 Y87.775 E202.92353
G1 X46.888 Y88.854 E202.93269
G1 X47.274 Y90.256 E202.9418
G1 X46.814 Y91.897 E202.95249
G1 X45.832 Y92.921 E202.96139
G1 X45.22 Y93.103 E202.96539
G1 X45.22 Y87.581 E203.00001
G1 X44.548 Y87.389 E203.0044
G1 X43.177 Y87.794 E203.01336
G1 X42.183 Y88.884 E203.02261
G1 X41.748 Y90.4 E203.0325
G1 X42.151 Y91.867 E203.04204
G1 X42.56 Y92.291 E203.04573
G1 X42.56 Y88.47 E203.06969
G1 F1500 E196.56969
G0 F7200 X63.84 Y87.422
G1 F1500 E203.06969
G1 F3600 X63.84 Y93.11 E203.10535
G1 X62.957 Y92.84 E203.11114
G1 X61.918 Y91.76 E203.12054
G1 X61.529 Y90.373 E203.12957
G1 X61.518 Y90.156 E203.13094
G1 X61.902 Y88.775 E203.13992
G1 X62.878 Y87.702 E203.14902
G1 X64.229 Y87.31 E203.15784
G1 X65.58 Y87.708 E203.16667
G1 X66.5 Y88.719 E203.17524
G1 X66.5 Y91.914 E203.19527
G1 F1500 E196.69527
G0 F7200 X69.347 Y89.347
G0 X80.653 Y89.347
G0 X85.12 Y92.132
G1 F1500 E203.19527
G1 F3600 X85.12 Y97.336 E203.2279
G1 X84.273 Y97.088 E203.23344
G1 X83.23 Y96.045 E203.24269
G1 X82.847 Y94.738 E203.25123
G1 X83.23 Y93.429 E203.25978
G1 X84.217 Y92.386 E203.26878
G1 X85.58 Y92.004 E203.27766
G1 X86.943 Y92.386 E203.28653
G1 X87.78 Y93.271 E203.29417
G1 X87.78 Y96.254 E203.31287
G1 F1500 E196.81287
;MESH:test.stl
G0 F7200 X80.665 Y96.254
G0 X79.58 Y96.254
G0 X79.1 Y95.097
G0 X79.24 Y95.097
;TYPE:FILL
G1 F1500 E203.31287
G1 F3600 X74.902 Y90.76 E203.35134
G1 X74.897 Y90.76
G1 X70.76 Y94.897 E203.38802
G0 F7200 X70.76 Y95.103
G1 F3600 X74.897 Y99.24 E203.42471
G1 X74.902 Y99.24
G1 X79.24 Y94.902 E203.46317
G1 X79.268 Y94.874
G0 F7200 X79.1 Y94.874
G0 X79.1 Y92.269
G0 X79.24 Y92.269
G1 F3600 X77.731 Y90.76 E203.47655
G1 X77.725 Y90.76
G1 X70.76 Y97.725 E203.53831
G0 F7200 X70.76 Y97.931
G1 F3600 X72.068 Y99.24 E203.54992
G1 X72.074 Y99.24
G1 X79.24 Y92.074 E203.61346
G1 X79.268 Y92.046
G0 F7200 X79.1 Y92.046
G0 X79.1 Y97.731
G0 X79.24 Y97.731
G1 F3600 X77.731 Y99.24 E203.62684
G1 X77.725 Y99.24
G1 X70.76 Y92.275 E203.6886
G0 F7200 X70.76 Y92.068
G1 F3600 X72.068 Y90.76 E203.7002
G1 X72.074 Y90.76
G1 X79.24 Y97.926 E203.76375
G1 X79.268 Y97.954
G0 F7200 X79.1 Y97.954
G0 X79.13 Y99.13
G0 X79.4 Y99.4
;TYPE:WALL-INNER
G1 F3600 X79.4 Y90.6 E203.81892
G1 X70.6 Y90.6 E203.8741
G1 X70.6 Y99.4 E203.92928
G1 X79.4 Y99.4 E203.98446
G0 F7200 X79.8 Y99.8
;TYPE:WALL-OUTER
G1 F1800 X79.8 Y90.2 E204.04465
G1 X70.2 Y90.2 E204.10484
G1 X70.2 Y99.8 E204.16504
G1 X79.8 Y99.8 E204.22523
G0 F7200 X79.8 Y99.6
G0 X78.8 Y98.918
G1 F1500 E197.72523
G0 F7200 X70.42 Y97.931
G0 X69.335 Y97.931
G0 X60.665 Y97.931
G0 X59.58 Y97.931
G0 X59.24 Y97.931
;TYPE:FILL
G1 F1500 E204.22523
G1 F3600 X57.931 Y99.24 E204.23684
G1 X57.926 Y99.24
G1 X50.76 Y92.073 E204.30039
G1 X50.76 Y92.269
G1 X52.269 Y90.76 E204.31377
G1 X52.275 Y90.76
G1 X59.24 Y97.725 E204.37553
G1 X59.268 Y97.753
G0 F7200 X59.1 Y97.753
G0 X59.1 Y95.103
G0 X59.24 Y95.103
G1 F3600 X55.103 Y99.24 E204.41221
G1 X55.098 Y99.24
G1 X50.76 Y94.902 E204.45068
G1 X50.76 Y95.097
G1 X55.098 Y90.76 E204.48914
G1 X55.103 Y90.76
G1 X59.24 Y94.897 E204.52583
G1 X59.268 Y94.925
G0 F7200 X59.1 Y94.925
G0 X59.1 Y92.275
G0 X59.24 Y92.275
G1 F3600 X52.274 Y99.24 E204.58759
G1 X52.269 Y99.24
G1 X50.76 Y97.73 E204.60098
G1 X50.76 Y97.926
G1 X57.926 Y90.76 E204.66452
G1 X57.932 Y90.76
G1 X59.24 Y92.068 E204.67612
G1 X59.268 Y92.096
G0 F7200 X59.1 Y92.096
G0 X59.13 Y99.13
G0 X59.4 Y99.4
;TYPE:WALL-INNER
G1 F3600 X59.4 Y90.6 E204.7313
G1 X50.6 Y90.6 E204.78647
G1 X50.6 Y99.4 E204.84165
G1 X59.4 Y99.4 E204.89683
G0 F7200 X59.8 Y99.8
;TYPE:WALL-OUTER
G1 F1800 X59.8 Y90.2 E204.95702
G1 X50.2 Y90.2 E205.01722
G1 X50.2 Y99.8 E205.07741
G1 X59.8 Y99.8 E205.13761
G0 F7200 X59.8 Y99.6
G0 X58.8 Y98.918
G1 F1500 E198.63761
;MESH:NONMESH
G0 F600 X58.8 Y98.918 Z6.7
G0 F7200 X50.414 Y90.414
G0 X49.335 Y90.414
G0 X45.22 Y87.873
;TIME_ELAPSED:899.466722
;LAYER:64
;TYPE:SUPPORT
G1 F1500 E205.13761
G1 F3600 X45.856 Y88.054 E205.14175
G1 X46.831 Y89.126 E205.15084
G1 X47.212 Y90.515 E205.15987
G1 X46.756 Y92.151 E205.17052
G1 X45.783 Y93.165 E205.17933
G1 X45.22 Y93.333 E205.18301
G1 X45.22 Y87.873 E205.21725
G1 X44.511 Y87.671 E205.22187
G1 X43.153 Y88.074 E205.23075
G1 X42.167 Y89.156 E205.23993
G1 X41.734 Y90.664 E205.24977
G1 X42.135 Y92.119 E205.25923
G1 X42.56 Y92.561 E205.26308
G1 X42.56 Y88.724 E205.28714
G1 F1500 E198.78714
G0 F7200 X63.84 Y87.695
G1 F1500 E205.28714
G1 F3600 X63.84 Y93.352 E205.32261
G1 X62.978 Y93.089 E205.32826
G1 X61.952 Y92.019 E205.33755
G1 X61.563 Y90.633 E205.34658
G1 X61.533 Y90.413 E205.34797
G1 X61.914 Y89.044 E205.35688
G1 X62.89 Y87.971 E205.36598
G1 X64.241 Y87.579 E205.3748
G1 X65.592 Y87.977 E205.38363
G1 X66.5 Y88.975 E205.39209
G1 X66.5 Y92.162 E205.41207
G1 F1500 E198.91207
G0 F7200 X69.347 Y89.347
G0 X80.653 Y89.347
G0 X85.12 Y92.157
G1 F1500 E205.41207
G1 F3600 X85.12 Y97.311 E205.44439
G1 X84.284 Y97.067 E205.44985
G1 X83.251 Y96.034 E205.45901
G1 X82.872 Y94.738 E205.46747
G1 X83.25 Y93.442 E205.47594
G1 X84.23 Y92.407 E205.48488
G1 X85.58 Y92.029 E205.49367
G1 X86.93 Y92.407 E205.50246
G1 X87.78 Y93.305 E205.51021
G1 X87.78 Y96.221 E205.52849
G1 F1500 E199.02849
;MESH:test.stl
G0 F7200 X80.665 Y96.221
G0 X79.58 Y96.221
G0 X79.1 Y95.097
G0 X79.24 Y95.097
;TYPE:FILL
G1 F1500 E205.52849
G1 F3600 X74.902 Y90.76 E205.56696
G1 X74.897 Y90.76
G1 X70.76 Y94.897 E205.60364
G0 F7200 X70.76 Y95.103
G1 F3600 X74.897 Y99.24 E205.64032
G1 X74.902 Y99.24
G1 X79.24 Y94.902 E205.67879
G1 X79.268 Y94.874
G0 F7200 X79.1 Y94.874
G0 X79.1 Y92.269
G0 X79.24 Y92.269
G1 F3600 X77.731 Y90.76 E205.69217
G1 X77.725 Y90.76
G1 X70.76 Y97.725 E205.75393
G0 F7200 X70.76 Y97.931
G1 F3600 X72.068 Y99.24 E205.76554
G1 X72.074 Y99.24
G1 X79.24 Y92.074 E205.82908
G1 X79.268 Y92.046
G0 F7200 X79.1 Y92.046
G0 X79.1 Y97.731
G0 X79.24 Y97.731
G1 F3600 X77.731 Y99.24 E205.84246
G1 X77.725 Y99.24
G1 X70.76 Y92.275 E205.90422
G0 F7200 X70.76 Y92.068
G1 F3600 X72.068 Y90.76 E205.91582
G1 X72.074 Y90.76
G1 X79.24 Y97.926 E205.97936
G1 X79.268 Y97.954
G0 F7200 X79.1 Y97.954
G0 X79.13 Y99.13
G0 X79.4 Y99.4
;TYPE:WALL-INNER
G1 F3600 X79.4 Y90.6 E206.03454
G1 X70.6 Y90.6 E206.08972
G1 X70.6 Y99.4 E206.1449
G1 X79.4 Y99.4 E206.20007
G0 F7200 X79.8 Y99.8
;TYPE:WALL-OUTER
G1 F1800 X79.8 Y90.2 E206.26027
G1 X70.2 Y90.2 E206.32046
G1 X70.2 Y99.8 E206.38066
G1 X79.8 Y99.8 E206.44085
G0 F7200 X79.8 Y99.6
G0 X78.8 Y98.918
G1 F1500 E199.94085
G0 F7200 X70.42 Y97.931
G0 X69.335 Y97.931
G0 X60.665 Y97.931
G0 X59.58 Y97.931
G0 X59.24 Y97.931
;TYPE:FILL
G1 F1500 E206.44085
G1 F3600 X57.931 Y99.24 E206.45246
G1 X57.926 Y99.24
G1 X50.76 Y92.073 E206.516
G1 X50.76 Y92.269
G1 X52.269 Y90.76 E206.52939
G1 X52.275 Y90.76
G1 X59.24 Y97.725 E206.59115
G1 X59.268 Y97.753
G0 F7200 X59.1 Y97.753
G0 X59.1 Y95.103
G0 X59.24 Y95.103
G1 F3600 X55.103 Y99.24 E206.62783
G1 X55.098 Y99.24
G1 X50.76 Y94.902 E206.6663
G1 X50.76 Y95.097
G1 X55.098 Y90.76 E206.70476
G1 X55.103 Y90.76
G1 X59.24 Y94.897 E206.74144
G1 X59.268 Y94.925
G0 F7200 X59.1 Y94.925
G0 X59.1 Y92.275
G0 X59.24 Y92.275
G1 F3600 X52.274 Y99.24 E206.80321
G1 X52.269 Y99.24
G1 X50.76 Y97.73 E206.8166
G1 X50.76 Y97.926
G1 X57.926 Y90.76 E206.88014
G1 X57.932 Y90.76
G1 X59.24 Y92.068 E206.89174
G1 X59.268 Y92.096
G0 F7200 X59.1 Y92.096
G0 X59.13 Y99.13
G0 X59.4 Y99.4
;TYPE:WALL-INNER
G1 F3600 X59.4 Y90.6 E206.94692
G1 X50.6 Y90.6 E207.00209
G1 X50.6 Y99.4 E207.05727
G1 X59.4 Y99.4 E207.11245
G0 F7200 X59.8 Y99.8
;TYPE:WALL-OUTER
G1 F1800 X59.8 Y90.2 E207.17264
G1 X50.2 Y90.2 E207.23284
G1 X50.2 Y99.8 E207.29303
G1 X59.8 Y99.8 E207.35322
G0 F7200 X59.8 Y99.6
G0 X58.8 Y98.918
G1 F1500 E200.85322
;MESH:NONMESH
G0 F600 X58.8 Y98.918 Z6.8
G0 F7200 X50.414 Y90.414
G0 X49.335 Y90.414
G0 X45.22 Y88.173
;TIME_ELAPSED:911.222327
;LAYER:65
;TYPE:SUPPORT
G1 F1500 E207.35322
G1 F3600 X45.805 Y88.339 E207.35704
G1 X46.772 Y89.402 E207.36605
G1 X47.157 Y90.8 E207.37514
G1 X46.719 Y92.42 E207.38566
G1 X45.76 Y93.422 E207.39436
G1 X45.22 Y93.58 E207.39789
G1 X45.22 Y88.173 E207.43179
G1 X44.473 Y87.959 E207.43666
G1 X43.127 Y88.359 E207.44547
G1 X42.149 Y89.431 E207.45456
G1 X41.732 Y90.89 E207.46408
G1 X42.145 Y92.367 E207.47369
G1 X42.56 Y92.799 E207.47745
G1 X42.56 Y88.98 E207.5014
G1 F1500 E201.0014
G0 F7200 X63.84 Y87.991
G1 F1500 E207.5014
G1 F3600 X63.84 Y93.598 E207.53655
G1 X62.986 Y93.339 E207.54215
G1 X61.971 Y92.282 E207.55134
G1 X61.563 Y90.818 E207.56087
G1 X61.565 Y90.7 E207.56161
G1 X61.946 Y89.325 E207.57055
G1 X62.914 Y88.261 E207.57957
G1 X64.253 Y87.872 E207.58832
G1 X65.592 Y88.266 E207.59707
G1 X66.5 Y89.265 E207.60553
G1 X66.5 Y92.383 E207.62508
G1 F1500 E201.12508
G0 F7200 X69.347 Y89.347
G0 X80.653 Y89.347
G0 X85.12 Y92.181
G1 F1500 E207.62508
G1 F3600 X85.12 Y97.288 E207.6571
G1 X84.296 Y97.047 E207.66249
G1 X83.271 Y96.022 E207.67158
G1 X82.895 Y94.738 E207.67997
G1 X83.271 Y93.452 E207.68837
G1 X84.241 Y92.428 E207.69721
G1 X85.58 Y92.052 E207.70593
G1 X86.919 Y92.428 E207.71465
G1 X87.78 Y93.337 E207.7225
G1 X87.78 Y96.189 E207.74038
G1 F1500 E201.24038
;MESH:test.stl
G0 F7200 X80.665 Y96.189
G0 X79.58 Y96.189
G0 X79.1 Y95.097
G0 X79.24 Y95.097
;TYPE:FILL
G1 F1500 E207.74038
G1 F3600 X74.902 Y90.76 E207.77885
G1 X74.897 Y90.76
G1 X70.76 Y94.897 E207.81553
G0 F7200 X70.76 Y95.103
G1 F3600 X74.897 Y99.24 E207.85222
G1 X74.902 Y99.24
G1 X79.24 Y94.902 E207.89068
G1 X79.268 Y94.874
G0 F7200 X79.1 Y94.874
G0 X79.1 Y92.269
G0 X79.24 Y92.269
G1 F3600 X77.731 Y90.76 E207.90406
G1 X77.725 Y90.76
G1 X70.76 Y97.725 E207.96582
G0 F7200 X70.76 Y97.931
G1 F3600 X72.068 Y99.24 E207.97743
G1 X72.074 Y99.24
G1 X79.24 Y92.074 E208.04097
G1 X79.268 Y92.046
G0 F7200 X79.1 Y92.046
G0 X79.1 Y97.731
G0 X79.24 Y97.731
G1 F3600 X77.731 Y99.24 E208.05435
G1 X77.725 Y99.24
G1 X70.76 Y92.275 E208.11611
G0 F7200 X70.76 Y92.068
G1 F3600 X72.068 Y90.76 E208.12771
G1 X72.074 Y90.76
G1 X79.24 Y97.926 E208.19126
G1 X79.268 Y97.954
G0 F7200 X79.1 Y97.954
G0 X79.13 Y99.13
G0 X79.4 Y99.4
;TYPE:WALL-INNER
G1 F3600 X79.4 Y90.6 E208.24643
G1 X70.6 Y90.6 E208.30161
G1 X70.6 Y99.4 E208.35679
G1 X79.4 Y99.4 E208.41197
G0 F7200 X79.8 Y99.8
;TYPE:WALL-OUTER
G1 F1800 X79.8 Y90.2 E208.47216
G1 X70.2 Y90.2 E208.53235
G1 X70.2 Y99.8 E208.59255
G1 X79.8 Y99.8 E208.65274
G0 F7200 X79.8 Y99.6
G0 X78.8 Y98.918
G1 F1500 E202.15274
G0 F7200 X70.42 Y97.931
G0 X69.335 Y97.931
G0 X60.665 Y97.931
G0 X59.58 Y97.931
G0 X59.24 Y97.931
;TYPE:FILL
G1 F1500 E208.65274
G1 F3600 X57.931 Y99.24 E208.66435
G1 X57.926 Y99.24
G1 X50.76 Y92.073 E208.7279
G1 X50.76 Y92.269
G1 X52.269 Y90.76 E208.74128
G1 X52.275 Y90.76
G1 X59.24 Y97.725 E208.80304
G1 X59.268 Y97.753
G0 F7200 X59.1 Y97.753
G0 X59.1 Y95.103
G0 X59.24 Y95.103
G1 F3600 X55.103 Y99.24 E208.83972
G1 X55.098 Y99.24
G1 X50.76 Y94.902 E208.87819
G1 X50.76 Y95.097
G1 X55.098 Y90.76 E208.91665
G1 X55.103 Y90.76
G1 X59.24 Y94.897 E208.95334
G1 X59.268 Y94.925
G0 F7200 X59.1 Y94.925
G0 X59.1 Y92.275
G0 X59.24 Y92.275
G1 F3600 X52.274 Y99.24 E209.0151
G1 X52.269 Y99.24
G1 X50.76 Y97.73 E209.02849
G1 X50.76 Y97.926
G1 X57.926 Y90.76 E209.09203
G1 X57.932 Y90.76
G1 X59.24 Y92.068 E209.10363
G1 X59.268 Y92.096
G0 F7200 X59.1 Y92.096
G0 X59.13 Y99.13
G0 X59.4 Y99.4
;TYPE:WALL-INNER
G1 F3600 X59.4 Y90.6 E209.15881
G1 X50.6 Y90.6 E209.21399
G1 X50.6 Y99.4 E209.26916
G1 X59.4 Y99.4 E209.32434
G0 F7200 X59.8 Y99.8
;TYPE:WALL-OUTER
G1 F1800 X59.8 Y90.2 E209.38453
G1 X50.2 Y90.2 E209.44473
G1 X50.2 Y99.8 E209.50492
G1 X59.8 Y99.8 E209.56512
G0 F7200 X59.8 Y99.6
G0 X58.8 Y98.918
G1 F1500 E203.06512
;MESH:NONMESH
G0 F600 X58.8 Y98.918 Z6.9
G0 F7200 X50.414 Y90.414
G0 X49.335 Y90.414
G0 X45.22 Y88.478
;TIME_ELAPSED:922.966532
;LAYER:66
;TYPE:SUPPORT
G1 F1500 E209.56512
G1 F3600 X45.762 Y88.635 E209.56865
G1 X46.719 Y89.69 E209.57758
G1 X47.1 Y91.051 E209.58645
G1 X47.097 Y91.217 E209.58749
G1 X46.706 Y92.686 E209.59702
G1 X45.756 Y93.678 E209.60563
G1 X45.22 Y93.834 E209.60913
G1 X45.22 Y88.478 E209.64271
G1 X44.434 Y88.248 E209.64785
G1 X43.106 Y88.637 E209.65653
G1 X42.147 Y89.694 E209.66548
G1 X41.768 Y91.043 E209.67426
G1 X41.79 Y91.263 E209.67565
G1 X42.172 Y92.62 E209.68449
G1 X42.56 Y93.024 E209.688
G1 X42.56 Y89.238 E209.71174
G1 F1500 E203.21174
G0 F7200 X63.84 Y88.29
G1 F1500 E209.71174
G1 F3600 X63.84 Y93.841 E209.74654
G1 X63 Y93.585 E209.75205
G1 X61.99 Y92.533 E209.76119
G1 X61.572 Y91.043 E209.7709
G1 X61.974 Y89.614 E209.78021
G1 X62.936 Y88.556 E209.78917
G1 X64.263 Y88.166 E209.79784
G1 X65.589 Y88.552 E209.8065
G1 X66.5 Y89.554 E209.81499
G1 X66.5 Y92.625 E209.83425
G1 F1500 E203.33425
G0 F7200 X69.347 Y89.347
G0 X80.653 Y89.347
G0 X85.12 Y92.205
G1 F1500 E209.83425
G1 F3600 X85.12 Y97.262 E209.86596
G1 X84.308 Y97.025 E209.87126
G1 X83.293 Y96.01 E209.88026
G1 X82.92 Y94.738 E209.88857
G1 X83.293 Y93.464 E209.8969
G1 X84.253 Y92.449 E209.90566
G1 X85.58 Y92.077 E209.9143
G1 X86.907 Y92.449 E209.92294
G1 X87.78 Y93.373 E209.93091
G1 X87.78 Y96.155 E209.94835
G1 F1500 E203.44835
;MESH:test.stl
G0 F7200 X80.665 Y96.155
G0 X79.58 Y96.155
G0 X79.1 Y95.097
G0 X79.24 Y95.097
;TYPE:FILL
G1 F1500 E209.94835
G1 F3600 X74.902 Y90.76 E209.98682
G1 X74.897 Y90.76
G1 X70.76 Y94.897 E210.0235
G0 F7200 X70.76 Y95.103
G1 F3600 X74.897 Y99.24 E210.06019
G1 X74.902 Y99.24
G1 X79.24 Y94.902 E210.09865
G1 X79.268 Y94.874
G0 F7200 X79.1 Y94.874
G0 X79.1 Y92.269
G0 X79.24 Y92.269
G1 F3600 X77.731 Y90.76 E210.11203
G1 X77.725 Y90.76
G1 X70.76 Y97.725 E210.17379
G0 F7200 X70.76 Y97.931
G1 F3600 X72.068 Y99.24 E210.1854
G1 X72.074 Y99.24
G1 X79.24 Y92.074 E210.24894
G1 X79.268 Y92.046
G0 F7200 X79.1 Y92.046
G0 X79.1 Y97.731
G0 X79.24 Y97.731
G1 F3600 X77.731 Y99.24 E210.26232
G1 X77.725 Y99.24
G1 X70.76 Y92.275 E210.32408
G0 F7200 X70.76 Y92.068
G1 F3600 X72.068 Y90.76 E210.33568
G1 X72.074 Y90.76
G1 X79.24 Y97.926 E210.39923
G1 X79.268 Y97.954
G0 F7200 X79.1 Y97.954
G0 X79.13 Y99.13
G0 X79.4 Y99.4
;TYPE:WALL-INNER
G1 F3600 X79.4 Y90.6 E210.4544
G1 X70.6 Y90.6 E210.50958
G1 X70.6 Y99.4 E210.56476
G1 X79.4 Y99.4 E210.61994
G0 F7200 X79.8 Y99.8
;TYPE:WALL-OUTER
G1 F1800 X79.8 Y90.2 E210.68013
G1 X70.2 Y90.2 E210.74032
G1 X70.2 Y99.8 E210.80052
G1 X79.8 Y99.8 E210.86071
G0 F7200 X79.8 Y99.6
G0 X78.8 Y98.918
G1 F1500 E204.36071
G0 F7200 X70.42 Y97.931
G0 X69.335 Y97.931
G0 X60.665 Y97.931
G0 X59.58 Y97.931
G0 X59.24 Y97.931
;TYPE:FILL
G1 F1500 E210.86071
G1 F3600 X57.931 Y99.24 E210.87232
G1 X57.926 Y99.24
G1 X50.76 Y92.073 E210.93587
G1 X50.76 Y92.269
G1 X52.269 Y90.76 E210.94925
G1 X52.275 Y90.76
G1 X59.24 Y97.725 E211.01101
G1 X59.268 Y97.753
G0 F7200 X59.1 Y97.753
G0 X59.1 Y95.103
G0 X59.24 Y95.103
G1 F3600 X55.103 Y99.24 E211.04769
G1 X55.098 Y99.24
G1 X50.76 Y94.902 E211.08616
G1 X50.76 Y95.097
G1 X55.098 Y90.76 E211.12462
G1 X55.103 Y90.76
G1 X59.24 Y94.897 E211.16131
G1 X59.268 Y94.925
G0 F7200 X59.1 Y94.925
G0 X59.1 Y92.275
G0 X59.24 Y92.275
G1 F3600 X52.274 Y99.24 E211.22307
G1 X52.269 Y99.24
G1 X50.76 Y97.73 E211.23646
G1 X50.76 Y97.926
G1 X57.926 Y90.76 E211.3
G1 X57.932 Y90.76
G1 X59.24 Y92.068 E211.3116
G1 X59.268 Y92.096
G0 F7200 X59.1 Y92.096
G0 X59.13 Y99.13
G0 X59.4 Y99.4
;TYPE:WALL-INNER
G1 F3600 X59.4 Y90.6 E211.36678
G1 X50.6 Y90.6 E211.42196
G1 X50.6 Y99.4 E211.47713
G1 X59.4 Y99.4 E211.53231
G0 F7200 X59.8 Y99.8
;TYPE:WALL-OUTER
G1 F1800 X59.8 Y90.2 E211.5925
G1 X50.2 Y90.2 E211.6527
G1 X50.2 Y99.8 E211.71289
G1 X59.8 Y99.8 E211.77309
G0 F7200 X59.8 Y99.6
G0 X58.8 Y98.918
G1 F1500 E205.27309
;MESH:NONMESH
G0 F600 X58.8 Y98.918 Z7
G0 F7200 X50.414 Y90.414
G0 X49.335 Y90.414
G0 X45.22 Y88.776
;TIME_ELAPSED:934.697158
;LAYER:67
;TYPE:SUPPORT
G1 F1500 E211.77309
G1 F3600 X45.749 Y88.931 E211.77654
G1 X46.7 Y89.979 E211.78542
G1 X47.081 Y91.334 E211.79424
G1 X47.089 Y91.482 E211.79517
G1 X46.698 Y92.946 E211.80467
G1 X45.757 Y93.929 E211.8132
G1 X45.22 Y94.085 E211.81671
G1 X45.22 Y88.776 E211.85
G1 X44.431 Y88.543 E211.85516
G1 X43.115 Y88.924 E211.86375
G1 X42.168 Y89.969 E211.87259
G1 X41.797 Y91.306 E211.88129
G1 X41.827 Y91.529 E211.8827
G1 X42.206 Y92.88 E211.8915
G1 X42.56 Y93.249 E211.89471
G1 X42.56 Y89.536 E211.91799
G1 F1500 E205.41799
G0 F7200 X63.84 Y88.578
G1 F1500 E211.91799
G1 F3600 X63.84 Y94.084 E211.95251
G1 X63.017 Y93.833 E211.95791
G1 X62.018 Y92.792 E211.96695
G1 X61.598 Y91.292 E211.97672
G1 X61.991 Y89.886 E211.98587
G1 X62.94 Y88.84 E211.99473
G1 X64.256 Y88.457 E212.00332
G1 X65.572 Y88.843 E212.01192
G1 X66.5 Y89.865 E212.02058
G1 X66.5 Y92.865 E212.03939
G1 F1500 E205.53939
G0 F7200 X69.347 Y89.347
G0 X80.653 Y89.347
G0 X85.12 Y92.23
G1 F1500 E212.03939
G1 F3600 X85.12 Y97.239 E212.07079
G1 X84.319 Y97.005 E212.07603
G1 X83.313 Y95.999 E212.08495
G1 X82.944 Y94.738 E212.09319
G1 X83.313 Y93.475 E212.10144
G1 X84.265 Y92.47 E212.11012
G1 X85.58 Y92.101 E212.11868
G1 X86.895 Y92.47 E212.12724
G1 X87.78 Y93.405 E212.13532
G1 X87.78 Y96.123 E212.15236
G1 F1500 E205.65236
;MESH:test.stl
G0 F7200 X80.665 Y96.123
G0 X79.58 Y96.123
G0 X79.1 Y95.097
G0 X79.24 Y95.097
;TYPE:FILL
G1 F1500 E212.15236
G1 F3600 X74.902 Y90.76 E212.19082
G1 X74.897 Y90.76
G1 X70.76 Y94.897 E212.22751
G0 F7200 X70.76 Y95.103
G1 F3600 X74.897 Y99.24 E212.26419
G1 X74.902 Y99.24
G1 X79.24 Y94.902 E212.30266
G1 X79.268 Y94.874
G0 F7200 X79.1 Y94.874
G0 X79.1 Y92.269
G0 X79.24 Y92.269
G1 F3600 X77.731 Y90.76 E212.31604
G1 X77.725 Y90.76
G1 X70.76 Y97.725 E212.3778
G0 F7200 X70.76 Y97.931
G1 F3600 X72.068 Y99.24 E212.3894
G1 X72.074 Y99.24
G1 X79.24 Y92.074 E212.45295
G1 X79.268 Y92.046
G0 F7200 X79.1 Y92.046
G0 X79.1 Y97.731
G0 X79.24 Y97.731
G1 F3600 X77.731 Y99.24 E212.46633
G1 X77.725 Y99.24
G1 X70.76 Y92.275 E212.52809
G0 F7200 X70.76 Y92.068
G1 F3600 X72.068 Y90.76 E212.53969
G1 X72.074 Y90.76
G1 X79.24 Y97.926 E212.60323
G1 X79.268 Y97.954
G0 F7200 X79.1 Y97.954
G0 X79.13 Y99.13
G0 X79.4 Y99.4
;TYPE:WALL-INNER
G1 F3600 X79.4 Y90.6 E212.65841
G1 X70.6 Y90.6 E212.71358
G1 X70.6 Y99.4 E212.76876
G1 X79.4 Y99.4 E212.82394
G0 F7200 X79.8 Y99.8
;TYPE:WALL-OUTER
G1 F1800 X79.8 Y90.2 E212.88413
G1 X70.2 Y90.2 E212.94433
G1 X70.2 Y99.8 E213.00452
G1 X79.8 Y99.8 E213.06472
G0 F7200 X79.8 Y99.6
G0 X78.8 Y98.918
G1 F1500 E206.56472
G0 F7200 X70.42 Y97.931
G0 X69.335 Y97.931
G0 X60.665 Y97.931
G0 X59.58 Y97.931
G0 X59.24 Y97.931
;TYPE:FILL
G1 F1500 E213.06472
G1 F3600 X57.931 Y99.24 E213.07632
G1 X57.926 Y99.24
G1 X50.76 Y92.073 E213.13987
G1 X50.76 Y92.269
G1 X52.269 Y90.76 E213.15325
G1 X52.275 Y90.76
G1 X59.24 Y97.725 E213.21501
G1 X59.268 Y97.753
G0 F7200 X59.1 Y97.753
G0 X59.1 Y95.103
G0 X59.24 Y95.103
G1 F3600 X55.103 Y99.24 E213.2517
G1 X55.098 Y99.24
G1 X50.76 Y94.902 E213.29016
G1 X50.76 Y95.097
G1 X55.098 Y90.76 E213.32863
G1 X55.103 Y90.76
G1 X59.24 Y94.897 E213.36531
G1 X59.268 Y94.925
G0 F7200 X59.1 Y94.925
G0 X59.1 Y92.275
G0 X59.24 Y92.275
G1 F3600 X52.274 Y99.24 E213.42708
G1 X52.269 Y99.24
G1 X50.76 Y97.73 E213.44046
G1 X50.76 Y97.926
G1 X57.926 Y90.76 E213.50401
G1 X57.932 Y90.76
G1 X59.24 Y92.068 E213.5156
G1 X59.268 Y92.096
G0 F7200 X59.1 Y92.096
G0 X59.13 Y99.13
G0 X59.4 Y99.4
;TYPE:WALL-INNER
G1 F3600 X59.4 Y90.6 E213.57078
G1 X50.6 Y90.6 E213.62596
G1 X50.6 Y99.4 E213.68114
G1 X59.4 Y99.4 E213.73631
G0 F7200 X59.8 Y99.8
;TYPE:WALL-OUTER
G1 F1800 X59.8 Y90.2 E213.79651
G1 X50.2 Y90.2 E213.8567
G1 X50.2 Y99.8 E213.9169
G1 X59.8 Y99.8 E213.97709
G0 F7200 X59.8 Y99.6
G0 X58.8 Y98.918
G1 F1500 E207.47709
;MESH:NONMESH
G0 F600 X58.8 Y98.918 Z7.1
G0 F7200 X50.414 Y90.414
G0 X49.335 Y90.414
G0 X45.22 Y89.068
;TIME_ELAPSED:946.416182
;LAYER:68
;TYPE:SUPPORT
G1 F1500 E213.97709
G1 F3600 X45.75 Y89.224 E213.98055
G1 X46.692 Y90.263 E213.98935
G1 X47.07 Y91.602 E213.99807
G1 X47.067 Y91.83 E213.9995
G1 X46.702 Y93.216 E214.00849
G1 X45.775 Y94.183 E214.01689
G1 X45.22 Y94.343 E214.02051
G1 X45.22 Y89.068 E214.05358
G1 X44.444 Y88.839 E214.05866
G1 X43.141 Y89.217 E214.06716
G1 X42.202 Y90.253 E214.07593
G1 X41.82 Y91.626 E214.08487
G1 X42.251 Y93.13 E214.09468
G1 X42.56 Y93.452 E214.09748
G1 X42.56 Y89.858 E214.12001
G1 F1500 E207.62001
G0 F7200 X48.668 Y89.398
G0 X63.84 Y88.872
G1 F1500 E214.12001
G1 F3600 X63.84 Y94.33 E214.15423
G1 X63.023 Y94.082 E214.15959
G1 X62.035 Y93.052 E214.16854
G1 X61.624 Y91.573 E214.17816
G1 X62.017 Y90.166 E214.18732
G1 X62.957 Y89.13 E214.19609
G1 X64.261 Y88.75 E214.20461
G1 X65.564 Y89.133 E214.21312
G1 X66.5 Y90.164 E214.22185
G1 X66.5 Y93.046 E214.23993
G1 F1500 E207.73993
G0 F7200 X69.347 Y89.347
G0 X80.653 Y89.347
G0 X85.12 Y92.253
G1 F1500 E214.23993
G1 F3600 X85.12 Y97.215 E214.27104
G1 X84.331 Y96.984 E214.27619
G1 X83.334 Y95.987 E214.28503
G1 X82.968 Y94.738 E214.29319
G1 X83.334 Y93.487 E214.30137
G1 X84.277 Y92.49 E214.30997
G1 X85.58 Y92.125 E214.31846
G1 X86.883 Y92.49 E214.32694
G1 X87.78 Y93.439 E214.33513
G1 X87.78 Y96.09 E214.35175
G1 F1500 E207.85175
;MESH:test.stl
G0 F7200 X80.665 Y96.09
G0 X79.58 Y96.09
G0 X79.1 Y95.097
G0 X79.24 Y95.097
;TYPE:FILL
G1 F1500 E214.35175
G1 F3600 X74.902 Y90.76 E214.39021
G1 X74.897 Y90.76
G1 X70.76 Y94.897 E214.4269
G0 F7200 X70.76 Y95.103
G1 F3600 X74.897 Y99.24 E214.46358
G1 X74.902 Y99.24
G1 X79.24 Y94.902 E214.50205
G1 X79.268 Y94.874
G0 F7200 X79.1 Y94.874
G0 X79.1 Y92.269
G0 X79.24 Y92.269
G1 F3600 X77.731 Y90.76 E214.51543
G1 X77.725 Y90.76
G1 X70.76 Y97.725 E214.57719
G0 F7200 X70.76 Y97.931
G1 F3600 X72.068 Y99.24 E214.58879
G1 X72.074 Y99.24
G1 X79.24 Y92.074 E214.65234
G1 X79.268 Y92.046
G0 F7200 X79.1 Y92.046
G0 X79.1 Y97.731
G0 X79.24 Y97.731
G1 F3600 X77.731 Y99.24 E214.66572
G1 X77.725 Y99.24
G1 X70.76 Y92.275 E214.72748
G0 F7200 X70.76 Y92.068
G1 F3600 X72.068 Y90.76 E214.73908
G1 X72.074 Y90.76
G1 X79.24 Y97.926 E214.80262
G1 X79.268 Y97.954
G0 F7200 X79.1 Y97.954
G0 X79.13 Y99.13
G0 X79.4 Y99.4
;TYPE:WALL-INNER
G1 F3600 X79.4 Y90.6 E214.8578
G1 X70.6 Y90.6 E214.91298
G1 X70.6 Y99.4 E214.96816
G1 X79.4 Y99.4 E215.02333
G0 F7200 X79.8 Y99.8
;TYPE:WALL-OUTER
G1 F1800 X79.8 Y90.2 E215.08353
G1 X70.2 Y90.2 E215.14372
G1 X70.2 Y99.8 E215.20391
G1 X79.8 Y99.8 E215.26411
G0 F7200 X79.8 Y99.6
G0 X78.8 Y98.918
G1 F1500 E208.76411
G0 F7200 X70.42 Y97.931
G0 X69.335 Y97.931
G0 X60.665 Y97.931
G0 X59.58 Y97.931
G0 X59.24 Y97.931
;TYPE:FILL
G1 F1500 E215.26411
G1 F3600 X57.931 Y99.24 E215.27572
G1 X57.926 Y99.24
G1 X50.76 Y92.073 E215.33926
G1 X50.76 Y92.269
G1 X52.269 Y90.76 E215.35264
G1 X52.275 Y90.76
G1 X59.24 Y97.725 E215.41441
G1 X59.268 Y97.753
G0 F7200 X59.1 Y97.753
G0 X59.1 Y95.103
G0 X59.24 Y95.103
G1 F3600 X55.103 Y99.24 E215.45109
G1 X55.098 Y99.24
G1 X50.76 Y94.902 E215.48956
G1 X50.76 Y95.097
G1 X55.098 Y90.76 E215.52802
G1 X55.103 Y90.76
G1 X59.24 Y94.897 E215.5647
G1 X59.268 Y94.925
G0 F7200 X59.1 Y94.925
G0 X59.1 Y92.275
G0 X59.24 Y92.275
G1 F3600 X52.274 Y99.24 E215.62647
G1 X52.269 Y99.24
G1 X50.76 Y97.73 E215.63985
G1 X50.76 Y97.926
G1 X57.926 Y90.76 E215.7034
G1 X57.932 Y90.76
G1 X59.24 Y92.068 E215.715
G1 X59.268 Y92.096
G0 F7200 X59.1 Y92.096
G0 X59.13 Y99.13
G0 X59.4 Y99.4
;TYPE:WALL-INNER
G1 F3600 X59.4 Y90.6 E215.77017
G1 X50.6 Y90.6 E215.82535
G1 X50.6 Y99.4 E215.88053
G1 X59.4 Y99.4 E215.93571
G0 F7200 X59.8 Y99.8
;TYPE:WALL-OUTER
G1 F1800 X59.8 Y90.2 E215.9959
G1 X50.2 Y90.2 E216.05609
G1 X50.2 Y99.8 E216.11629
G1 X59.8 Y99.8 E216.17648
G0 F7200 X59.8 Y99.6
G0 X58.8 Y98.918
G1 F1500 E209.67648
;MESH:NONMESH
G0 F600 X58.8 Y98.918 Z7.2
G0 F7200 X50.414 Y90.414
G0 X49.335 Y90.414
G0 X45.22 Y89.364
;TIME_ELAPSED:958.122752
;LAYER:69
;TYPE:SUPPORT
G1 F1500 E216.17648
G1 F3600 X45.752 Y89.521 E216.17996
G1 X46.691 Y90.555 E216.18872
G1 X47.096 Y91.981 E216.19801
G1 X46.7 Y93.464 E216.20764
G1 X45.775 Y94.431 E216.21603
G1 X45.22 Y94.593 E216.21965
G1 X45.22 Y89.364 E216.25244
G1 X44.454 Y89.136 E216.25745
G1 X43.17 Y89.505 E216.26583
G1 X42.24 Y90.53 E216.27451
G1 X41.869 Y91.877 E216.28327
G1 X42.292 Y93.397 E216.29316
G1 X42.56 Y93.677 E216.29559
G1 X42.56 Y90.177 E216.31754
G1 F1500 E209.81754
G0 F7200 X49.347 Y89.347
G0 X63.84 Y89.168
G1 F1500 E216.31754
G1 F3600 X63.84 Y94.572 E216.35142
G1 X63.037 Y94.326 E216.35669
G1 X62.058 Y93.304 E216.36556
G1 X61.648 Y91.848 E216.37504
G1 X62.039 Y90.452 E216.38413
G1 X62.973 Y89.423 E216.39285
G1 X64.265 Y89.043 E216.40129
G1 X65.557 Y89.419 E216.40973
G1 X66.5 Y90.459 E216.41853
G1 X66.5 Y93.234 E216.43593
G1 F1500 E209.93593
G0 F7200 X69.347 Y89.347
G0 X80.653 Y89.347
G0 X85.12 Y92.279
G1 F1500 E216.43593
G1 F3600 X85.12 Y97.189 E216.46672
G1 X84.343 Y96.962 E216.47179
G1 X83.356 Y95.975 E216.48055
G1 X82.993 Y94.738 E216.48863
G1 X83.356 Y93.499 E216.49672
G1 X84.29 Y92.512 E216.50524
G1 X85.58 Y92.15 E216.51364
G1 X86.87 Y92.512 E216.52205
G1 X87.78 Y93.474 E216.53035
G1 X87.78 Y96.055 E216.54653
G1 F1500 E210.04653
;MESH:test.stl
G0 F7200 X80.665 Y96.055
G0 X79.58 Y96.055
G0 X79.1 Y95.097
G0 X79.24 Y95.097
;TYPE:FILL
G1 F1500 E216.54653
G1 F3600 X74.902 Y90.76 E216.58499
G1 X74.897 Y90.76
G1 X70.76 Y94.897 E216.62168
G0 F7200 X70.76 Y95.103
G1 F3600 X74.897 Y99.24 E216.65836
G1 X74.902 Y99.24
G1 X79.24 Y94.902 E216.69683
G1 X79.268 Y94.874
G0 F7200 X79.1 Y94.874
G0 X79.1 Y92.269
G0 X79.24 Y92.269
G1 F3600 X77.731 Y90.76 E216.71021
G1 X77.725 Y90.76
G1 X70.76 Y97.725 E216.77197
G0 F7200 X70.76 Y97.931
G1 F3600 X72.068 Y99.24 E216.78358
G1 X72.074 Y99.24
G1 X79.24 Y92.074 E216.84712
G1 X79.268 Y92.046
G0 F7200 X79.1 Y92.046
G0 X79.1 Y97.731
G0 X79.24 Y97.731
G1 F3600 X77.731 Y99.24 E216.8605
G1 X77.725 Y99.24
G1 X70.76 Y92.275 E216.92226
G0 F7200 X70.76 Y92.068
G1 F3600 X72.068 Y90.76 E216.93386
G1 X72.074 Y90.76
G1 X79.24 Y97.926 E216.9974
G1 X79.268 Y97.954
G0 F7200 X79.1 Y97.954
G0 X79.13 Y99.13
G0 X79.4 Y99.4
;TYPE:WALL-INNER
G1 F3600 X79.4 Y90.6 E217.05258
G1 X70.6 Y90.6 E217.10776
G1 X70.6 Y99.4 E217.16294
G1 X79.4 Y99.4 E217.21811
G0 F7200 X79.8 Y99.8
;TYPE:WALL-OUTER
G1 F1800 X79.8 Y90.2 E217.27831
G1 X70.2 Y90.2 E217.3385
G1 X70.2 Y99.8 E217.3987
G1 X79.8 Y99.8 E217.45889
G0 F7200 X79.8 Y99.6
G0 X78.8 Y98.918
G1 F1500 E210.95889
G0 F7200 X70.42 Y97.931
G0 X69.335 Y97.931
G0 X60.665 Y97.931
G0 X59.58 Y97.931
G0 X59.24 Y97.931
;TYPE:FILL
G1 F1500 E217.45889
G1 F3600 X57.931 Y99.24 E217.4705
G1 X57.926 Y99.24
G1 X50.76 Y92.073 E217.53404
G1 X50.76 Y92.269
G1 X52.269 Y90.76 E217.54743
G1 X52.275 Y90.76
G1 X59.24 Y97.725 E217.60919
G1 X59.268 Y97.753
G0 F7200 X59.1 Y97.753
G0 X59.1 Y95.103
G0 X59.24 Y95.103
G1 F3600 X55.103 Y99.24 E217.64587
G1 X55.098 Y99.24
G1 X50.76 Y94.902 E217.68434
G1 X50.76 Y95.097
G1 X55.098 Y90.76 E217.7228
G1 X55.103 Y90.76
G1 X59.24 Y94.897 E217.75948
G1 X59.268 Y94.925
G0 F7200 X59.1 Y94.925
G0 X59.1 Y92.275
G0 X59.24 Y92.275
G1 F3600 X52.274 Y99.24 E217.82125
G1 X52.269 Y99.24
G1 X50.76 Y97.73 E217.83464
G1 X50.76 Y97.926
G1 X57.926 Y90.76 E217.89818
G1 X57.932 Y90.76
G1 X59.24 Y92.068 E217.90978
G1 X59.268 Y92.096
G0 F7200 X59.1 Y92.096
G0 X59.13 Y99.13
G0 X59.4 Y99.4
;TYPE:WALL-INNER
G1 F3600 X59.4 Y90.6 E217.96496
G1 X50.6 Y90.6 E218.02013
G1 X50.6 Y99.4 E218.07531
G1 X59.4 Y99.4 E218.13049
G0 F7200 X59.8 Y99.8
;TYPE:WALL-OUTER
G1 F1800 X59.8 Y90.2 E218.19068
G1 X50.2 Y90.2 E218.25088
G1 X50.2 Y99.8 E218.31107
G1 X59.8 Y99.8 E218.37126
G0 F7200 X59.8 Y99.6
G0 X58.8 Y98.918
G1 F1500 E211.87126
;MESH:NONMESH
G0 F600 X58.8 Y98.918 Z7.3
G0 F7200 X50.414 Y90.414
G0 X49.335 Y90.414
G0 X45.22 Y89.649
;TIME_ELAPSED:969.818422
;LAYER:70
;TYPE:SUPPORT
G1 F1500 E218.37126
G1 F3600 X45.768 Y89.81 E218.37484
G1 X46.693 Y90.831 E218.38348
G1 X47.064 Y92.149 E218.39207
G1 X47.062 Y92.375 E218.39349
G1 X46.703 Y93.731 E218.40228
G1 X45.791 Y94.687 E218.41057
G1 X45.22 Y94.852 E218.41429
G1 X45.22 Y89.649 E218.44692
G1 X44.486 Y89.432 E218.45171
G1 X43.208 Y89.803 E218.46006
G1 X42.56 Y90.518 E218.46611
G1 X42.56 Y93.883 E218.48721
G1 F1500 E211.98721
G0 F7200 X49.347 Y89.347
G0 X60.653 Y89.347
G0 X63.84 Y89.456
G1 F1500 E218.48721
G1 F3600 X63.84 Y94.817 E218.52082
G1 X63.047 Y94.578 E218.52602
G1 X62.076 Y93.561 E218.53483
G1 X61.686 Y92.161 E218.54395
G1 X61.689 Y92.043 E218.54469
G1 X62.057 Y90.725 E218.55327
G1 X62.979 Y89.708 E218.56187
G1 X64.258 Y89.334 E218.57023
G1 X65.537 Y89.711 E218.57859
G1 X66.462 Y90.73 E218.58722
G1 X66.5 Y90.866 E218.5881
G1 X66.5 Y93.396 E218.60397
G1 F1500 E212.10397
G0 F7200 X69.347 Y89.347
G0 X80.653 Y89.347
G0 X85.12 Y92.303
G1 F1500 E218.60397
G1 F3600 X85.12 Y97.165 E218.63445
G1 X84.354 Y96.942 E218.63945
G1 X83.376 Y95.964 E218.64813
G1 X83.018 Y94.738 E218.65614
G1 X83.375 Y93.512 E218.66414
G1 X84.303 Y92.532 E218.6726
G1 X85.58 Y92.175 E218.68092
G1 X86.857 Y92.532 E218.68923
G1 X87.78 Y93.507 E218.69765
G1 X87.78 Y96.023 E218.71343
G1 F1500 E212.21343
;MESH:test.stl
G0 F7200 X80.665 Y96.023
G0 X79.58 Y96.023
G0 X79.1 Y95.097
G0 X79.24 Y95.097
;TYPE:FILL
G1 F1500 E218.71343
G1 F3600 X74.902 Y90.76 E218.75189
G1 X74.897 Y90.76
G1 X70.76 Y94.897 E218.78857
G0 F7200 X70.76 Y95.103
G1 F3600 X74.897 Y99.24 E218.82526
G1 X74.902 Y99.24
G1 X79.24 Y94.902 E218.86372
G1 X79.268 Y94.874
G0 F7200 X79.1 Y94.874
G0 X79.1 Y92.269
G0 X79.24 Y92.269
G1 F3600 X77.731 Y90.76 E218.87711
G1 X77.725 Y90.76
G1 X70.76 Y97.725 E218.93887
G0 F7200 X70.76 Y97.931
G1 F3600 X72.068 Y99.24 E218.95047
G1 X72.074 Y99.24
G1 X79.24 Y92.074 E219.01401
G1 X79.268 Y92.046
G0 F7200 X79.1 Y92.046
G0 X79.1 Y97.731
G0 X79.24 Y97.731
G1 F3600 X77.731 Y99.24 E219.02739
G1 X77.725 Y99.24
G1 X70.76 Y92.275 E219.08916
G0 F7200 X70.76 Y92.068
G1 F3600 X72.068 Y90.76 E219.10075
G1 X72.074 Y90.76
G1 X79.24 Y97.926 E219.1643
G1 X79.268 Y97.954
G0 F7200 X79.1 Y97.954
G0 X79.13 Y99.13
G0 X79.4 Y99.4
;TYPE:WALL-INNER
G1 F3600 X79.4 Y90.6 E219.21948
G1 X70.6 Y90.6 E219.27465
G1 X70.6 Y99.4 E219.32983
G1 X79.4 Y99.4 E219.38501
G0 F7200 X79.8 Y99.8
;TYPE:WALL-OUTER
G1 F1800 X79.8 Y90.2 E219.4452
G1 X70.2 Y90.2 E219.5054
G1 X70.2 Y99.8 E219.56559
G1 X79.8 Y99.8 E219.62578
G0 F7200 X79.8 Y99.6
G0 X78.8 Y98.918
G1 F1500 E213.12578
G0 F7200 X70.42 Y97.931
G0 X69.335 Y97.931
G0 X60.665 Y97.931
G0 X59.58 Y97.931
G0 X59.24 Y97.931
;TYPE:FILL
G1 F1500 E219.62578
G1 F3600 X57.931 Y99.24 E219.63739
G1 X57.926 Y99.24
G1 X50.76 Y92.073 E219.70094
G1 X50.76 Y92.269
G1 X52.269 Y90.76 E219.71432
G1 X52.275 Y90.76
G1 X59.24 Y97.725 E219.77608
G1 X59.268 Y97.753
G0 F7200 X59.1 Y97.753
G0 X59.1 Y95.103
G0 X59.24 Y95.103
G1 F3600 X55.103 Y99.24 E219.81277
G1 X55.098 Y99.24
G1 X50.76 Y94.902 E219.85123
G1 X50.76 Y95.097
G1 X55.098 Y90.76 E219.88969
G1 X55.103 Y90.76
G1 X59.24 Y94.897 E219.92638
G1 X59.268 Y94.925
G0 F7200 X59.1 Y94.925
G0 X59.1 Y92.275
G0 X59.24 Y92.275
G1 F3600 X52.274 Y99.24 E219.98814
G1 X52.269 Y99.24
G1 X50.76 Y97.73 E220.00153
G1 X50.76 Y97.926
G1 X57.926 Y90.76 E220.06507
G1 X57.932 Y90.76
G1 X59.24 Y92.068 E220.07667
G1 X59.268 Y92.096
G0 F7200 X59.1 Y92.096
G0 X59.13 Y99.13
G0 X59.4 Y99.4
;TYPE:WALL-INNER
G1 F3600 X59.4 Y90.6 E220.13185
G1 X50.6 Y90.6 E220.18703
G1 X50.6 Y99.4 E220.2422
G1 X59.4 Y99.4 E220.29738
G0 F7200 X59.8 Y99.8
;TYPE:WALL-OUTER
G1 F1800 X59.8 Y90.2 E220.35758
G1 X50.2 Y90.2 E220.41777
G1 X50.2 Y99.8 E220.47796
G1 X59.8 Y99.8 E220.53816
G0 F7200 X59.8 Y99.6
G0 X58.8 Y98.918
G1 F1500 E214.03816
;MESH:NONMESH
G0 F600 X58.8 Y98.918 Z7.4
G0 F7200 X50.414 Y90.414
G0 X49.335 Y90.414
G0 X45.22 Y89.944
;TIME_ELAPSED:981.449517
;LAYER:71
;TYPE:SUPPORT
G1 F1500 E220.53816
G1 F3600 X45.771 Y90.107 E220.54176
G1 X46.693 Y91.123 E220.55036
G1 X47.09 Y92.524 E220.55949
G1 X46.702 Y93.983 E220.56896
G1 X45.793 Y94.934 E220.57721
G1 X45.22 Y95.101 E220.58095
G1 X45.22 Y89.944 E220.61329
G1 X44.498 Y89.729 E220.61801
G1 X43.236 Y90.092 E220.62624
G1 X42.56 Y90.84 E220.63257
G1 X42.56 Y94.11 E220.65307
G1 F1500 E214.15307
G0 F7200 X49.347 Y89.347
G0 X60.653 Y89.347
G0 X63.84 Y89.752
G1 F1500 E220.65307
G1 F3600 X63.84 Y95.066 E220.68639
G1 X63.038 Y94.825 E220.69164
G1 X62.078 Y93.821 E220.70035
G1 X61.723 Y92.535 E220.70871
G1 X61.715 Y92.312 E220.71011
G1 X62.08 Y91.011 E220.71859
G1 X62.997 Y90.001 E220.72714
G1 X64.263 Y89.628 E220.73541
G1 X65.53 Y89.998 E220.74369
G1 X66.443 Y91.005 E220.75221
G1 X66.5 Y91.21 E220.75355
G1 X66.5 Y93.511 E220.76798
G1 F1500 E214.26798
G0 F7200 X69.347 Y89.347
G0 X80.653 Y89.347
G0 X85.12 Y92.328
G1 F1500 E220.76798
G1 F3600 X85.12 Y97.14 E220.79815
G1 X84.366 Y96.92 E220.80307
G1 X83.398 Y95.952 E220.81166
G1 X83.043 Y94.738 E220.81959
G1 X83.397 Y93.524 E220.82752
G1 X84.316 Y92.554 E220.83589
G1 X85.58 Y92.2 E220.84412
G1 X86.844 Y92.554 E220.85236
G1 X87.78 Y93.542 E220.86089
G1 X87.78 Y95.945 E220.87596
G1 F1500 E214.37596
;MESH:test.stl
G0 F7200 X80.665 Y95.945
G0 X79.58 Y95.945
G0 X79.24 Y95.097
;TYPE:FILL
G1 F1500 E220.87596
G1 F3600 X74.902 Y90.76 E220.91442
G1 X74.897 Y90.76
G1 X70.76 Y94.897 E220.9511
G0 F7200 X70.76 Y95.103
G1 F3600 X74.897 Y99.24 E220.98779
G1 X74.902 Y99.24
G1 X79.24 Y94.902 E221.02625
G1 X79.268 Y94.874
G0 F7200 X79.1 Y94.874
G0 X79.1 Y92.269
G0 X79.24 Y92.269
G1 F3600 X77.731 Y90.76 E221.03963
G1 X77.725 Y90.76
G1 X70.76 Y97.725 E221.1014
G0 F7200 X70.76 Y97.931
G1 F3600 X72.068 Y99.24 E221.113
G1 X72.074 Y99.24
G1 X79.24 Y92.074 E221.17654
G1 X79.268 Y92.046
G0 F7200 X79.1 Y92.046
G0 X79.1 Y97.731
G0 X79.24 Y97.731
G1 F3600 X77.731 Y99.24 E221.18992
G1 X77.725 Y99.24
G1 X70.76 Y92.275 E221.25168
G0 F7200 X70.76 Y92.068
G1 F3600 X72.068 Y90.76 E221.26328
G1 X72.074 Y90.76
G1 X79.24 Y97.926 E221.32683
G1 X79.268 Y97.954
G0 F7200 X79.1 Y97.954
G0 X79.13 Y99.13
G0 X79.4 Y99.4
;TYPE:WALL-INNER
G1 F3600 X79.4 Y90.6 E221.382
G1 X70.6 Y90.6 E221.43718
G1 X70.6 Y99.4 E221.49236
G1 X79.4 Y99.4 E221.54754
G0 F7200 X79.8 Y99.8
;TYPE:WALL-OUTER
G1 F1800 X79.8 Y90.2 E221.60773
G1 X70.2 Y90.2 E221.66793
G1 X70.2 Y99.8 E221.72812
G1 X79.8 Y99.8 E221.78831
G0 F7200 X79.8 Y99.6
G0 X78.8 Y98.918
G1 F1500 E215.28831
G0 F7200 X70.42 Y97.931
G0 X69.335 Y97.931
G0 X60.665 Y97.931
G0 X59.58 Y97.931
G0 X59.24 Y97.931
;TYPE:FILL
G1 F1500 E221.78831
G1 F3600 X57.931 Y99.24 E221.79992
G1 X57.926 Y99.24
G1 X50.76 Y92.073 E221.86347
G1 X50.76 Y92.269
G1 X52.269 Y90.76 E221.87685
G1 X52.275 Y90.76
G1 X59.24 Y97.725 E221.93861
G1 X59.268 Y97.753
G0 F7200 X59.1 Y97.753
G0 X59.1 Y95.103
G0 X59.24 Y95.103
G1 F3600 X55.103 Y99.24 E221.97529
G1 X55.098 Y99.24
G1 X50.76 Y94.902 E222.01376
G1 X50.76 Y95.097
G1 X55.098 Y90.76 E222.05222
G1 X55.103 Y90.76
G1 X59.24 Y94.897 E222.08891
G1 X59.268 Y94.925
G0 F7200 X59.1 Y94.925
G0 X59.1 Y92.275
G0 X59.24 Y92.275
G1 F3600 X52.274 Y99.24 E222.15067
G1 X52.269 Y99.24
G1 X50.76 Y97.73 E222.16406
G1 X50.76 Y97.926
G1 X57.926 Y90.76 E222.2276
G1 X57.932 Y90.76
G1 X59.24 Y92.068 E222.2392
G1 X59.268 Y92.096
G0 F7200 X59.1 Y92.096
G0 X59.13 Y99.13
G0 X59.4 Y99.4
;TYPE:WALL-INNER
G1 F3600 X59.4 Y90.6 E222.29438
G1 X50.6 Y90.6 E222.34956
G1 X50.6 Y99.4 E222.40473
G1 X59.4 Y99.4 E222.45991
G0 F7200 X59.8 Y99.8
;TYPE:WALL-OUTER
G1 F1800 X59.8 Y90.2 E222.52011
G1 X50.2 Y90.2 E222.5803
G1 X50.2 Y99.8 E222.64049
G1 X59.8 Y99.8 E222.70069
G0 F7200 X59.8 Y99.6
G0 X58.8 Y98.918
G1 F1500 E216.20069
;MESH:NONMESH
G0 F600 X58.8 Y98.918 Z7.5
G0 F7200 X50.414 Y90.414
G0 X49.335 Y90.414
G0 X45.22 Y90.229
;TIME_ELAPSED:993.065195
;LAYER:72
;TYPE:SUPPORT
G1 F1500 E222.70069
G1 F3600 X45.787 Y90.396 E222.70439
G1 X46.695 Y91.399 E222.71288
G1 X47.08 Y92.765 E222.72178
G1 X46.686 Y94.237 E222.73133
G1 X45.787 Y95.176 E222.73948
G1 X45.22 Y95.342 E222.74319
G1 X45.22 Y90.229 E222.77524
G1 X44.531 Y90.026 E222.77975
G1 X43.277 Y90.39 E222.78794
G1 X42.56 Y91.181 E222.79463
G1 X42.56 Y94.341 E222.81444
G1 F1500 E216.31444
G0 F7200 X49.347 Y89.347
G0 X60.653 Y89.347
G0 X63.84 Y90.042
G1 F1500 E222.81444
G1 F3600 X63.84 Y95.299 E222.84741
G1 X63.061 Y95.061 E222.85251
G1 X62.104 Y94.06 E222.8612
G1 X61.708 Y92.641 E222.87043
G1 X62.088 Y91.294 E222.87921
G1 X62.997 Y90.291 E222.8877
G1 X64.255 Y89.92 E222.89592
G1 X65.509 Y90.283 E222.90411
G1 X66.411 Y91.278 E222.91253
G1 X66.5 Y91.602 E222.91463
G1 X66.5 Y93.703 E222.92781
G1 F1500 E216.42781
G0 F7200 X69.347 Y89.347
G0 X80.653 Y89.347
G0 X85.12 Y92.352
G1 F1500 E222.92781
G1 F3600 X85.12 Y97.117 E222.95769
G1 X84.378 Y96.9 E222.96253
G1 X83.418 Y95.94 E222.97105
G1 X83.066 Y94.738 E222.9789
G1 X83.418 Y93.534 E222.98676
G1 X84.326 Y92.575 E222.99504
G1 X85.58 Y92.223 E223.00321
G1 X86.834 Y92.575 E223.01138
G1 X87.742 Y93.534 E223.01966
G1 X87.78 Y93.665 E223.02051
G1 X87.78 Y95.862 E223.03429
G1 F1500 E216.53429
;MESH:test.stl
G0 F7200 X80.665 Y95.862
G0 X79.58 Y95.862
G0 X79.24 Y95.097
;TYPE:FILL
G1 F1500 E223.03429
G1 F3600 X74.902 Y90.76 E223.07275
G1 X74.897 Y90.76
G1 X70.76 Y94.897 E223.10944
G0 F7200 X70.76 Y95.103
G1 F3600 X74.897 Y99.24 E223.14612
G1 X74.902 Y99.24
G1 X79.24 Y94.902 E223.18459
G1 X79.268 Y94.874
G0 F7200 X79.1 Y94.874
G0 X79.1 Y92.269
G0 X79.24 Y92.269
G1 F3600 X77.731 Y90.76 E223.19797
G1 X77.725 Y90.76
G1 X70.76 Y97.725 E223.25973
G0 F7200 X70.76 Y97.931
G1 F3600 X72.068 Y99.24 E223.27133
G1 X72.074 Y99.24
G1 X79.24 Y92.074 E223.33488
G1 X79.268 Y92.046
G0 F7200 X79.1 Y92.046
G0 X79.1 Y97.731
G0 X79.24 Y97.731
G1 F3600 X77.731 Y99.24 E223.34826
G1 X77.725 Y99.24
G1 X70.76 Y92.275 E223.41002
G0 F7200 X70.76 Y92.068
G1 F3600 X72.068 Y90.76 E223.42162
G1 X72.074 Y90.76
G1 X79.24 Y97.926 E223.48516
G1 X79.268 Y97.954
G0 F7200 X79.1 Y97.954
G0 X79.13 Y99.13
G0 X79.4 Y99.4
;TYPE:WALL-INNER
G1 F3600 X79.4 Y90.6 E223.54034
G1 X70.6 Y90.6 E223.59552
G1 X70.6 Y99.4 E223.65069
G1 X79.4 Y99.4 E223.70587
G0 F7200 X79.8 Y99.8
;TYPE:WALL-OUTER
G1 F1800 X79.8 Y90.2 E223.76606
G1 X70.2 Y90.2 E223.82626
G1 X70.2 Y99.8 E223.88645
G1 X79.8 Y99.8 E223.94665
G0 F7200 X79.8 Y99.6
G0 X78.8 Y98.918
G1 F1500 E217.44665
G0 F7200 X70.42 Y97.931
G0 X69.335 Y97.931
G0 X60.665 Y97.931
G0 X59.58 Y97.931
G0 X59.24 Y97.931
;TYPE:FILL
G1 F1500 E223.94665
G1 F3600 X57.931 Y99.24 E223.95825
G1 X57.926 Y99.24
G1 X50.76 Y92.073 E224.0218
G1 X50.76 Y92.269
G1 X52.269 Y90.76 E224.03518
G1 X52.275 Y90.76
G1 X59.24 Y97.725 E224.09694
G1 X59.268 Y97.753
G0 F7200 X59.1 Y97.753
G0 X59.1 Y95.103
G0 X59.24 Y95.103
G1 F3600 X55.103 Y99.24 E224.13363
G1 X55.098 Y99.24
G1 X50.76 Y94.902 E224.1721
G1 X50.76 Y95.097
G1 X55.098 Y90.76 E224.21056
G1 X55.103 Y90.76
G1 X59.24 Y94.897 E224.24724
G1 X59.268 Y94.925
G0 F7200 X59.1 Y94.925
G0 X59.1 Y92.275
G0 X59.24 Y92.275
G1 F3600 X52.274 Y99.24 E224.30901
G1 X52.269 Y99.24
G1 X50.76 Y97.73 E224.32239
G1 X50.76 Y97.926
G1 X57.926 Y90.76 E224.38594
G1 X57.932 Y90.76
G1 X59.24 Y92.068 E224.39753
G1 X59.268 Y92.096
G0 F7200 X59.1 Y92.096
G0 X59.13 Y99.13
G0 X59.4 Y99.4
;TYPE:WALL-INNER
G1 F3600 X59.4 Y90.6 E224.45271
G1 X50.6 Y90.6 E224.50789
G1 X50.6 Y99.4 E224.56307
G1 X59.4 Y99.4 E224.61825
G0 F7200 X59.8 Y99.8
;TYPE:WALL-OUTER
G1 F1800 X59.8 Y90.2 E224.67844
G1 X50.2 Y90.2 E224.73863
G1 X50.2 Y99.8 E224.79883
G1 X59.8 Y99.8 E224.85902
G0 F7200 X59.8 Y99.6
G0 X58.8 Y98.918
G1 F1500 E218.35902
;MESH:NONMESH
G0 F600 X58.8 Y98.918 Z7.6
G0 F7200 X50.42 Y90.52
G0 X49.335 Y90.52
G0 X45.22 Y90.52
;TIME_ELAPSED:1004.671531
;LAYER:73
;TYPE:SUPPORT
G1 F1500 E224.85902
G1 F3600 X45.786 Y90.685 E224.86272
G1 X46.684 Y91.676 E224.8711
G1 X47.043 Y92.96 E224.87946
G1 X47.055 Y93.193 E224.88093
G1 X46.713 Y94.509 E224.88945
G1 X45.833 Y95.424 E224.89741
G1 X45.22 Y95.598 E224.90141
G1 X45.22 Y90.52 E224.93325
G1 X44.544 Y90.321 E224.93766
G1 X43.301 Y90.684 E224.94578
G1 X42.56 Y91.501 E224.9527
G1 X42.56 Y94.504 E224.97153
G1 F1500 E218.47153
G0 F7200 X49.347 Y89.347
G0 X60.653 Y89.347
G0 X63.84 Y90.324
G1 F1500 E224.97153
G1 F3600 X63.84 Y95.517 E225.00409
G1 X63.105 Y95.289 E225.00892
G1 X62.153 Y94.3 E225.01752
G1 X61.736 Y92.864 E225.0269
G1 X62.099 Y91.558 E225.0354
G1 X62.994 Y90.57 E225.04376
G1 X64.235 Y90.21 E225.05186
G1 X65.48 Y90.577 E225.06
G1 X66.379 Y91.569 E225.06839
G1 X66.5 Y91.999 E225.07119
G1 X66.5 Y93.991 E225.08368
G1 F1500 E218.58368
G0 F7200 X69.347 Y89.347
G0 X80.653 Y89.347
G0 X85.12 Y92.375
G1 F1500 E225.08368
G1 F3600 X85.12 Y97.093 E225.11327
G1 X84.389 Y96.879 E225.11804
G1 X83.439 Y95.929 E225.12647
G1 X83.09 Y94.738 E225.13425
G1 X83.439 Y93.545 E225.14204
G1 X84.338 Y92.595 E225.15024
G1 X85.58 Y92.247 E225.15833
G1 X86.822 Y92.595 E225.16642
G1 X87.721 Y93.545 E225.17462
G1 X87.78 Y93.747 E225.17594
G1 X87.78 Y95.777 E225.18867
G1 F1500 E218.68867
;MESH:test.stl
G0 F7200 X80.665 Y95.777
G0 X79.58 Y95.777
G0 X79.24 Y95.097
;TYPE:FILL
G1 F1500 E225.18867
G1 F3600 X74.902 Y90.76 E225.22713
G1 X74.897 Y90.76
G1 X70.76 Y94.897 E225.26381
G0 F7200 X70.76 Y95.103
G1 F3600 X74.897 Y99.24 E225.3005
G1 X74.902 Y99.24
G1 X79.24 Y94.902 E225.33896
G1 X79.268 Y94.874
G0 F7200 X79.1 Y94.874
G0 X79.1 Y92.269
G0 X79.24 Y92.269
G1 F3600 X77.731 Y90.76 E225.35234
G1 X77.725 Y90.76
G1 X70.76 Y97.725 E225.41411
G0 F7200 X70.76 Y97.931
G1 F3600 X72.068 Y99.24 E225.42571
G1 X72.074 Y99.24
G1 X79.24 Y92.074 E225.48925
G1 X79.268 Y92.046
G0 F7200 X79.1 Y92.046
G0 X79.1 Y97.731
G0 X79.24 Y97.731
G1 F3600 X77.731 Y99.24 E225.50263
G1 X77.725 Y99.24
G1 X70.76 Y92.275 E225.5644
G0 F7200 X70.76 Y92.068
G1 F3600 X72.068 Y90.76 E225.57599
G1 X72.074 Y90.76
G1 X79.24 Y97.926 E225.63954
G1 X79.268 Y97.954
G0 F7200 X79.1 Y97.954
G0 X79.13 Y99.13
G0 X79.4 Y99.4
;TYPE:WALL-INNER
G1 F3600 X79.4 Y90.6 E225.69471
G1 X70.6 Y90.6 E225.74989
G1 X70.6 Y99.4 E225.80507
G1 X79.4 Y99.4 E225.86025
G0 F7200 X79.8 Y99.8
;TYPE:WALL-OUTER
G1 F1800 X79.8 Y90.2 E225.92044
G1 X70.2 Y90.2 E225.98064
G1 X70.2 Y99.8 E226.04083
G1 X79.8 Y99.8 E226.10102
G0 F7200 X79.8 Y99.6
G0 X78.8 Y98.918
G1 F1500 E219.60102
G0 F7200 X70.42 Y97.931
G0 X69.335 Y97.931
G0 X60.665 Y97.931
G0 X59.58 Y97.931
G0 X59.24 Y97.931
;TYPE:FILL
G1 F1500 E226.10102
G1 F3600 X57.931 Y99.24 E226.11263
G1 X57.926 Y99.24
G1 X50.76 Y92.073 E226.17618
G1 X50.76 Y92.269
G1 X52.269 Y90.76 E226.18956
G1 X52.275 Y90.76
G1 X59.24 Y97.725 E226.25132
G1 X59.268 Y97.753
G0 F7200 X59.1 Y97.753
G0 X59.1 Y95.103
G0 X59.24 Y95.103
G1 F3600 X55.103 Y99.24 E226.288
G1 X55.098 Y99.24
G1 X50.76 Y94.902 E226.32647
G1 X50.76 Y95.097
G1 X55.098 Y90.76 E226.36493
G1 X55.103 Y90.76
G1 X59.24 Y94.897 E226.40162
G1 X59.268 Y94.925
G0 F7200 X59.1 Y94.925
G0 X59.1 Y92.275
G0 X59.24 Y92.275
G1 F3600 X52.274 Y99.24 E226.46338
G1 X52.269 Y99.24
G1 X50.76 Y97.73 E226.47677
G1 X50.76 Y97.926
G1 X57.926 Y90.76 E226.54031
G1 X57.932 Y90.76
G1 X59.24 Y92.068 E226.55191
G1 X59.268 Y92.096
G0 F7200 X59.1 Y92.096
G0 X59.13 Y99.13
G0 X59.4 Y99.4
;TYPE:WALL-INNER
G1 F3600 X59.4 Y90.6 E226.60709
G1 X50.6 Y90.6 E226.66227
G1 X50.6 Y99.4 E226.71744
G1 X59.4 Y99.4 E226.77262
G0 F7200 X59.8 Y99.8
;TYPE:WALL-OUTER
G1 F1800 X59.8 Y90.2 E226.83282
G1 X50.2 Y90.2 E226.89301
G1 X50.2 Y99.8 E226.9532
G1 X59.8 Y99.8 E227.0134
G0 F7200 X59.8 Y99.6
G0 X58.8 Y98.918
G1 F1500 E220.5134
;MESH:NONMESH
G0 F600 X58.8 Y98.918 Z7.7
G0 F7200 X50.42 Y90.816
G0 X49.335 Y90.816
G0 X45.22 Y90.816
;TIME_ELAPSED:1016.270243
;LAYER:74
;TYPE:SUPPORT
G1 F1500 E227.0134
G1 F3600 X45.785 Y90.986 E227.0171
G1 X46.691 Y91.978 E227.02552
G1 X47.098 Y93.404 E227.03482
G1 X46.747 Y94.753 E227.04356
G1 X45.875 Y95.661 E227.05145
G1 X45.22 Y95.847 E227.05572
G1 X45.22 Y90.816 E227.08727
G1 X44.548 Y90.613 E227.09167
G1 X43.324 Y90.958 E227.09964
G1 X42.56 Y91.797 E227.10676
G1 X42.56 Y94.675 E227.1248
G1 F1500 E220.6248
G0 F7200 X49.347 Y89.347
G0 X60.653 Y89.347
G0 X63.84 Y90.614
G1 F1500 E227.1248
G1 F3600 X63.84 Y95.769 E227.15713
G1 X63.099 Y95.547 E227.16198
G1 X62.168 Y94.573 E227.17042
G1 X61.822 Y93.318 E227.17859
G1 X61.797 Y93.071 E227.18014
G1 X62.138 Y91.823 E227.18826
G1 X63.025 Y90.848 E227.19652
G1 X64.248 Y90.498 E227.2045
G1 X65.484 Y90.867 E227.21258
G1 X66.383 Y91.855 E227.22096
G1 X66.442 Y92.063 E227.22232
G1 X66.5 Y92.126 E227.22285
G1 X66.5 Y94.666 E227.23878
G1 F1500 E220.73878
G0 F7200 X69.347 Y89.347
G0 X80.653 Y89.347
G0 X85.12 Y92.4
G1 F1500 E227.23878
G1 F3600 X85.12 Y97.068 E227.26805
G1 X84.401 Y96.858 E227.27275
G1 X83.46 Y95.917 E227.28109
G1 X83.115 Y94.738 E227.28879
G1 X83.459 Y93.559 E227.29649
G1 X84.352 Y92.616 E227.30464
G1 X85.58 Y92.272 E227.31263
G1 X86.808 Y92.616 E227.32063
G1 X87.701 Y93.559 E227.32877
G1 X87.78 Y93.831 E227.33055
G1 X87.78 Y95.687 E227.34219
G1 F1500 E220.84219
;MESH:test.stl
G0 F7200 X80.665 Y95.687
G0 X79.58 Y95.687
G0 X79.24 Y95.097
;TYPE:FILL
G1 F1500 E227.34219
G1 F3600 X74.902 Y90.76 E227.38065
G1 X74.897 Y90.76
G1 X70.76 Y94.897 E227.41733
G0 F7200 X70.76 Y95.103
G1 F3600 X74.897 Y99.24 E227.45402
G1 X74.902 Y99.24
G1 X79.24 Y94.902 E227.49248
G1 X79.268 Y94.874
G0 F7200 X79.1 Y94.874
G0 X79.1 Y92.269
G0 X79.24 Y92.269
G1 F3600 X77.731 Y90.76 E227.50586
G1 X77.725 Y90.76
G1 X70.76 Y97.725 E227.56762
G0 F7200 X70.76 Y97.931
G1 F3600 X72.068 Y99.24 E227.57923
G1 X72.074 Y99.24
G1 X79.24 Y92.074 E227.64277
G1 X79.268 Y92.046
G0 F7200 X79.1 Y92.046
G0 X79.1 Y97.731
G0 X79.24 Y97.731
G1 F3600 X77.731 Y99.24 E227.65615
G1 X77.725 Y99.24
G1 X70.76 Y92.275 E227.71791
G0 F7200 X70.76 Y92.068
G1 F3600 X72.068 Y90.76 E227.72951
G1 X72.074 Y90.76
G1 X79.24 Y97.926 E227.79306
G1 X79.268 Y97.954
G0 F7200 X79.1 Y97.954
G0 X79.13 Y99.13
G0 X79.4 Y99.4
;TYPE:WALL-INNER
G1 F3600 X79.4 Y90.6 E227.84823
G1 X70.6 Y90.6 E227.90341
G1 X70.6 Y99.4 E227.95859
G1 X79.4 Y99.4 E228.01377
G0 F7200 X79.8 Y99.8
;TYPE:WALL-OUTER
G1 F1800 X79.8 Y90.2 E228.07396
G1 X70.2 Y90.2 E228.13415
G1 X70.2 Y99.8 E228.19435
G1 X79.8 Y99.8 E228.25454
G0 F7200 X79.8 Y99.6
G0 X78.8 Y98.918
G1 F1500 E221.75454
G0 F7200 X70.42 Y97.931
G0 X69.335 Y97.931
G0 X60.665 Y97.931
G0 X59.58 Y97.931
G0 X59.24 Y97.931
;TYPE:FILL
G1 F1500 E228.25454
G1 F3600 X57.931 Y99.24 E228.26615
G1 X57.926 Y99.24
G1 X50.76 Y92.073 E228.3297
G1 X50.76 Y92.269
G1 X52.269 Y90.76 E228.34308
G1 X52.275 Y90.76
G1 X59.24 Y97.725 E228.40484
G1 X59.268 Y97.753
G0 F7200 X59.1 Y97.753
G0 X59.1 Y95.103
G0 X59.24 Y95.103
G1 F3600 X55.103 Y99.24 E228.44152
G1 X55.098 Y99.24
G1 X50.76 Y94.902 E228.47999
G1 X50.76 Y95.097
G1 X55.098 Y90.76 E228.51845
G1 X55.103 Y90.76
G1 X59.24 Y94.897 E228.55514
G1 X59.268 Y94.925
G0 F7200 X59.1 Y94.925
G0 X59.1 Y92.275
G0 X59.24 Y92.275
G1 F3600 X52.274 Y99.24 E228.6169
G1 X52.269 Y99.24
G1 X50.76 Y97.73 E228.63029
G1 X50.76 Y97.926
G1 X57.926 Y90.76 E228.69383
G1 X57.932 Y90.76
G1 X59.24 Y92.068 E228.70543
G1 X59.268 Y92.096
G0 F7200 X59.1 Y92.096
G0 X59.13 Y99.13
G0 X59.4 Y99.4
;TYPE:WALL-INNER
G1 F3600 X59.4 Y90.6 E228.76061
G1 X50.6 Y90.6 E228.81579
G1 X50.6 Y99.4 E228.87096
G1 X59.4 Y99.4 E228.92614
G0 F7200 X59.8 Y99.8
;TYPE:WALL-OUTER
G1 F1800 X59.8 Y90.2 E228.98633
G1 X50.2 Y90.2 E229.04653
G1 X50.2 Y99.8 E229.10672
G1 X59.8 Y99.8 E229.16692
G0 F7200 X59.8 Y99.6
G0 X58.8 Y98.918
G1 F1500 E222.66692
;MESH:NONMESH
G0 F600 X58.8 Y98.918 Z7.8
G0 F7200 X50.42 Y91.079
G0 X49.335 Y91.079
G0 X45.22 Y91.079
;TIME_ELAPSED:1027.878253
;LAYER:75
;TYPE:SUPPORT
G1 F1500 E229.16692
G1 F3600 X45.834 Y91.263 E229.17093
G1 X46.728 Y92.244 E229.17926
G1 X47.118 Y93.601 E229.18811
G1 X46.751 Y94.982 E229.19707
G1 X45.877 Y95.896 E229.205
G1 X45.22 Y96.088 E229.20929
G1 X45.22 Y91.079 E229.2407
G1 X44.608 Y90.895 E229.24471
G1 X43.397 Y91.237 E229.2526
G1 X42.56 Y92.159 E229.2604
G1 X42.56 Y94.8 E229.27696
G1 F1500 E222.77696
G0 F7200 X49.347 Y89.347
G0 X60.653 Y89.347
G0 X63.84 Y90.91
G1 F1500 E229.27696
G1 F3600 X63.84 Y96.016 E229.30898
G1 X63.085 Y95.789 E229.31392
G1 X62.163 Y94.824 E229.32229
G1 X61.82 Y93.58 E229.33038
G1 X61.809 Y93.425 E229.33136
G1 X62.198 Y92.05 E229.34032
G1 X63.07 Y91.138 E229.34823
G1 X64.289 Y90.778 E229.3562
G1 X65.595 Y91.153 E229.36472
G1 X66.5 Y92.106 E229.37296
G1 X66.5 Y95.004 E229.39113
G1 F1500 E222.89113
G0 F7200 X69.347 Y89.347
G0 X80.653 Y89.347
G0 X85.12 Y92.424
G1 F1500 E229.39113
G1 F3600 X85.12 Y97.044 E229.4201
G1 X84.413 Y96.837 E229.42472
G1 X83.481 Y95.905 E229.43298
G1 X83.139 Y94.738 E229.44061
G1 X83.481 Y93.569 E229.44824
G1 X84.363 Y92.637 E229.45629
G1 X85.58 Y92.296 E229.46421
G1 X86.797 Y92.637 E229.47214
G1 X87.679 Y93.569 E229.48018
G1 X87.78 Y93.915 E229.48244
G1 X87.78 Y95.602 E229.49302
G1 F1500 E222.99302
;MESH:test.stl
G0 F7200 X80.665 Y95.602
G0 X79.58 Y95.602
G0 X79.24 Y95.097
;TYPE:FILL
G1 F1500 E229.49302
G1 F3600 X74.902 Y90.76 E229.53148
G1 X74.897 Y90.76
G1 X70.76 Y94.897 E229.56817
G0 F7200 X70.76 Y95.103
G1 F3600 X74.897 Y99.24 E229.60485
G1 X74.902 Y99.24
G1 X79.24 Y94.902 E229.64332
G1 X79.268 Y94.874
G0 F7200 X79.1 Y94.874
G0 X79.1 Y92.269
G0 X79.24 Y92.269
G1 F3600 X77.731 Y90.76 E229.6567
G1 X77.725 Y90.76
G1 X70.76 Y97.725 E229.71846
G0 F7200 X70.76 Y97.931
G1 F3600 X72.068 Y99.24 E229.73006
G1 X72.074 Y99.24
G1 X79.24 Y92.074 E229.79361
G1 X79.268 Y92.046
G0 F7200 X79.1 Y92.046
G0 X79.1 Y97.731
G0 X79.24 Y97.731
G1 F3600 X77.731 Y99.24 E229.80699
G1 X77.725 Y99.24
G1 X70.76 Y92.275 E229.86875
G0 F7200 X70.76 Y92.068
G1 F3600 X72.068 Y90.76 E229.88035
G1 X72.074 Y90.76
G1 X79.24 Y97.926 E229.94389
G1 X79.268 Y97.954
G0 F7200 X79.1 Y97.954
G0 X79.13 Y99.13
G0 X79.4 Y99.4
;TYPE:WALL-INNER
G1 F3600 X79.4 Y90.6 E229.99907
G1 X70.6 Y90.6 E230.05425
G1 X70.6 Y99.4 E230.10943
G1 X79.4 Y99.4 E230.1646
G0 F7200 X79.8 Y99.8
;TYPE:WALL-OUTER
G1 F1800 X79.8 Y90.2 E230.2248
G1 X70.2 Y90.2 E230.28499
G1 X70.2 Y99.8 E230.34518
G1 X79.8 Y99.8 E230.40538
G0 F7200 X79.8 Y99.6
G0 X78.8 Y98.918
G1 F1500 E223.90538
G0 F7200 X70.42 Y97.931
G0 X69.335 Y97.931
G0 X60.665 Y97.931
G0 X59.58 Y97.931
G0 X59.24 Y97.931
;TYPE:FILL
G1 F1500 E230.40538
G1 F3600 X57.931 Y99.24 E230.41699
G1 X57.926 Y99.24
G1 X50.76 Y92.073 E230.48053
G1 X50.76 Y92.269
G1 X52.269 Y90.76 E230.49391
G1 X52.275 Y90.76
G1 X59.24 Y97.725 E230.55568
G1 X59.268 Y97.753
G0 F7200 X59.1 Y97.753
G0 X59.1 Y95.103
G0 X59.24 Y95.103
G1 F3600 X55.103 Y99.24 E230.59236
G1 X55.098 Y99.24
G1 X50.76 Y94.902 E230.63083
G1 X50.76 Y95.097
G1 X55.098 Y90.76 E230.66929
G1 X55.103 Y90.76
G1 X59.24 Y94.897 E230.70597
G1 X59.268 Y94.925
G0 F7200 X59.1 Y94.925
G0 X59.1 Y92.275
G0 X59.24 Y92.275
G1 F3600 X52.274 Y99.24 E230.76774
G1 X52.269 Y99.24
G1 X50.76 Y97.73 E230.78112
G1 X50.76 Y97.926
G1 X57.926 Y90.76 E230.84467
G1 X57.932 Y90.76
G1 X59.24 Y92.068 E230.85627
G1 X59.268 Y92.096
G0 F7200 X59.1 Y92.096
G0 X59.13 Y99.13
G0 X59.4 Y99.4
;TYPE:WALL-INNER
G1 F3600 X59.4 Y90.6 E230.91144
G1 X50.6 Y90.6 E230.96662
G1 X50.6 Y99.4 E231.0218
G1 X59.4 Y99.4 E231.07698
G0 F7200 X59.8 Y99.8
;TYPE:WALL-OUTER
G1 F1800 X59.8 Y90.2 E231.13717
G1 X50.2 Y90.2 E231.19736
G1 X50.2 Y99.8 E231.25756
G1 X59.8 Y99.8 E231.31775
G0 F7200 X59.8 Y99.6
G0 X58.8 Y98.918
G1 F1500 E224.81775
;MESH:NONMESH
G0 F600 X58.8 Y98.918 Z7.9
G0 F7200 X50.42 Y91.342
G0 X49.335 Y91.342
G0 X45.22 Y91.342
;TIME_ELAPSED:1039.481774
;LAYER:76
;TYPE:SUPPORT
G1 F1500 E231.31775
G1 F3600 X45.869 Y91.533 E231.32199
G1 X46.743 Y92.497 E231.33015
G1 X46.897 Y93.043 E231.33371
G1 X47.193 Y94.005 E231.34002
G1 X46.879 Y95.232 E231.34796
G1 X46.026 Y96.096 E231.35558
G1 X45.22 Y96.308 E231.3608
G1 X45.22 Y91.342 E231.39194
G1 X44.662 Y91.176 E231.39559
G1 X43.457 Y91.526 E231.40346
G1 X42.589 Y92.485 E231.41157
G1 X42.56 Y92.589 E231.41224
G1 X42.56 Y95.235 E231.42884
G1 F1500 E224.92884
G0 F7200 X49.347 Y89.347
G0 X60.653 Y89.347
G0 X66.5 Y92.087
G1 F1500 E231.42884
G1 F3600 X66.896 Y92.502 E231.43243
G1 X67.267 Y93.675 E231.44015
G1 X66.948 Y94.883 E231.44798
G1 X66.5 Y95.325 E231.45193
G1 X66.5 Y92.087 E231.47223
G1 X65.823 Y91.377 E231.47838
G1 X64.536 Y90.995 E231.4868
G1 X63.301 Y91.311 E231.49479
G1 X63.246 Y91.369 E231.49529
G1 X63.051 Y91.427 E231.49657
G1 X62.173 Y92.394 E231.50476
G1 X61.808 Y93.685 E231.51317
G1 X61.82 Y93.845 E231.51418
G1 X62.16 Y95.076 E231.52218
G1 X63.072 Y96.033 E231.53047
G1 X63.84 Y96.263 E231.5355
G1 X63.84 Y91.173 E231.56741
G1 F1500 E225.06741
G0 F7200 X69.347 Y89.347
G0 X80.653 Y89.347
G0 X85.12 Y92.449
G1 F1500 E231.56741
G1 F3600 X85.12 Y97.019 E231.59607
G1 X84.424 Y96.816 E231.60061
G1 X83.502 Y95.894 E231.60879
G1 X83.164 Y94.738 E231.61634
G1 X83.501 Y93.582 E231.62389
G1 X84.376 Y92.658 E231.63187
G1 X85.58 Y92.321 E231.63971
G1 X86.784 Y92.658 E231.64755
G1 X87.659 Y93.582 E231.65553
G1 X87.78 Y93.998 E231.65825
G1 X87.78 Y95.513 E231.66775
G1 F1500 E225.16775
;MESH:test.stl
G0 F7200 X80.665 Y95.513
G0 X79.58 Y95.513
G0 X79.24 Y95.097
;TYPE:FILL
G1 F1500 E231.66775
G1 F3600 X74.902 Y90.76 E231.70621
G1 X74.897 Y90.76
G1 X70.76 Y94.897 E231.74289
G0 F7200 X70.76 Y95.103
G1 F3600 X74.897 Y99.24 E231.77958
G1 X74.902 Y99.24
G1 X79.24 Y94.902 E231.81804
G1 X79.268 Y94.874
G0 F7200 X79.1 Y94.874
G0 X79.1 Y92.269
G0 X79.24 Y92.269
G1 F3600 X77.731 Y90.76 E231.83142
G1 X77.725 Y90.76
G1 X70.76 Y97.725 E231.89319
G0 F7200 X70.76 Y97.931
G1 F3600 X72.068 Y99.24 E231.90479
G1 X72.074 Y99.24
G1 X79.24 Y92.074 E231.96833
G1 X79.268 Y92.046
G0 F7200 X79.1 Y92.046
G0 X79.1 Y97.731
G0 X79.24 Y97.731
G1 F3600 X77.731 Y99.24 E231.98171
G1 X77.725 Y99.24
G1 X70.76 Y92.275 E232.04347
G0 F7200 X70.76 Y92.068
G1 F3600 X72.068 Y90.76 E232.05507
G1 X72.074 Y90.76
G1 X79.24 Y97.926 E232.11862
G1 X79.268 Y97.954
G0 F7200 X79.1 Y97.954
G0 X79.13 Y99.13
G0 X79.4 Y99.4
;TYPE:WALL-INNER
G1 F3600 X79.4 Y90.6 E232.17379
G1 X70.6 Y90.6 E232.22897
G1 X70.6 Y99.4 E232.28415
G1 X79.4 Y99.4 E232.33933
G0 F7200 X79.8 Y99.8
;TYPE:WALL-OUTER
G1 F1800 X79.8 Y90.2 E232.39952
G1 X70.2 Y90.2 E232.45971
G1 X70.2 Y99.8 E232.51991
G1 X79.8 Y99.8 E232.5801
G0 F7200 X79.8 Y99.6
G0 X78.8 Y98.918
G1 F1500 E226.0801
G0 F7200 X70.42 Y97.931
G0 X69.335 Y97.931
G0 X60.665 Y97.931
G0 X59.58 Y97.931
G0 X59.24 Y97.931
;TYPE:FILL
G1 F1500 E232.5801
G1 F3600 X57.931 Y99.24 E232.59171
G1 X57.926 Y99.24
G1 X50.76 Y92.073 E232.65526
G1 X50.76 Y92.269
G1 X52.269 Y90.76 E232.66864
G1 X52.275 Y90.76
G1 X59.24 Y97.725 E232.7304
G1 X59.268 Y97.753
G0 F7200 X59.1 Y97.753
G0 X59.1 Y95.103
G0 X59.24 Y95.103
G1 F3600 X55.103 Y99.24 E232.76708
G1 X55.098 Y99.24
G1 X50.76 Y94.902 E232.80555
G1 X50.76 Y95.097
G1 X55.098 Y90.76 E232.84401
G1 X55.103 Y90.76
G1 X59.24 Y94.897 E232.8807
G1 X59.268 Y94.925
G0 F7200 X59.1 Y94.925
G0 X59.1 Y92.275
G0 X59.24 Y92.275
G1 F3600 X52.274 Y99.24 E232.94246
G1 X52.269 Y99.24
G1 X50.76 Y97.73 E232.95585
G1 X50.76 Y97.926
G1 X57.926 Y90.76 E233.01939
G1 X57.932 Y90.76
G1 X59.24 Y92.068 E233.03099
G1 X59.268 Y92.096
G0 F7200 X59.1 Y92.096
G0 X59.13 Y99.13
G0 X59.4 Y99.4
;TYPE:WALL-INNER
G1 F3600 X59.4 Y90.6 E233.08617
G1 X50.6 Y90.6 E233.14135
G1 X50.6 Y99.4 E233.19652
G1 X59.4 Y99.4 E233.2517
G0 F7200 X59.8 Y99.8
;TYPE:WALL-OUTER
G1 F1800 X59.8 Y90.2 E233.31189
G1 X50.2 Y90.2 E233.37209
G1 X50.2 Y99.8 E233.43228
G1 X59.8 Y99.8 E233.49248
G0 F7200 X59.8 Y99.6
G0 X58.8 Y98.918
G1 F1500 E226.99248
;MESH:NONMESH
G0 F600 X58.8 Y98.918 Z8
G0 F7200 X50.42 Y91.639
G0 X49.335 Y91.639
G0 X45.22 Y91.639
;TIME_ELAPSED:1051.167353
;LAYER:77
;TYPE:SUPPORT
G1 F1500 E233.49248
G1 F3600 X45.293 Y91.661 E233.49295
G1 X45.883 Y91.813 E233.49677
G1 X46.924 Y92.923 E233.50632
G1 X47.32 Y94.211 E233.51477
G1 X47.009 Y95.426 E233.52263
G1 X46.165 Y96.284 E233.53018
G1 X45.22 Y96.534 E233.5363
G1 X45.22 Y91.639 E233.567
G1 X44.647 Y91.465 E233.57075
G1 X43.246 Y91.861 E233.57988
G1 X42.24 Y92.901 E233.58895
G1 X41.872 Y94.067 E233.59662
G1 X42.186 Y95.203 E233.60401
G1 X42.56 Y95.572 E233.6073
G1 X42.56 Y92.57 E233.62613
G1 F1500 E227.12613
G0 F7200 X49.347 Y89.347
G0 X60.653 Y89.347
G0 X66.5 Y92.062
G1 F1500 E233.62613
G1 F3600 X67.062 Y92.657 E233.63126
G1 X67.436 Y93.839 E233.63903
G1 X67.123 Y95.04 E233.64681
G1 X66.5 Y95.66 E233.65233
G1 X66.5 Y92.062 E233.67489
G1 X66.031 Y91.565 E233.67917
G1 X64.745 Y91.186 E233.68758
G1 X63.52 Y91.5 E233.69551
G1 X63.431 Y91.594 E233.69632
G1 X63.038 Y91.71 E233.69889
G1 X62.169 Y92.669 E233.707
G1 X61.82 Y93.903 E233.71504
G1 X61.801 Y94.139 E233.71653
G1 X62.125 Y95.345 E233.72436
G1 X63.02 Y96.278 E233.73246
G1 X63.84 Y96.519 E233.73782
G1 X63.84 Y91.417 E233.76981
G1 F1500 E227.26981
G0 F7200 X69.347 Y89.347
G0 X80.653 Y89.347
G0 X85.12 Y92.474
G1 F1500 E233.76981
G1 F3600 X85.12 Y96.995 E233.79816
G1 X84.436 Y96.795 E233.80263
G1 X83.523 Y95.882 E233.81073
G1 X83.188 Y94.738 E233.8182
G1 X83.523 Y93.592 E233.82569
G1 X84.387 Y92.68 E233.83356
G1 X85.58 Y92.345 E233.84133
G1 X86.773 Y92.68 E233.8491
G1 X87.637 Y93.592 E233.85698
G1 X87.78 Y94.082 E233.86018
G1 X87.78 Y95.426 E233.86861
G1 F1500 E227.36861
;MESH:test.stl
G0 F7200 X80.665 Y95.426
G0 X79.58 Y95.426
G0 X79.24 Y95.097
;TYPE:FILL
G1 F1500 E233.86861
G1 F3600 X74.902 Y90.76 E233.90707
G1 X74.897 Y90.76
G1 X70.76 Y94.897 E233.94375
G0 F7200 X70.76 Y95.103
G1 F3600 X74.897 Y99.24 E233.98044
G1 X74.902 Y99.24
G1 X79.24 Y94.902 E234.0189
G1 X79.268 Y94.874
G0 F7200 X79.1 Y94.874
G0 X79.1 Y92.269
G0 X79.24 Y92.269
G1 F3600 X77.731 Y90.76 E234.03229
G1 X77.725 Y90.76
G1 X70.76 Y97.725 E234.09405
G0 F7200 X70.76 Y97.931
G1 F3600 X72.068 Y99.24 E234.10565
G1 X72.074 Y99.24
G1 X79.24 Y92.074 E234.16919
G1 X79.268 Y92.046
G0 F7200 X79.1 Y92.046
G0 X79.1 Y97.731
G0 X79.24 Y97.731
G1 F3600 X77.731 Y99.24 E234.18257
G1 X77.725 Y99.24
G1 X70.76 Y92.275 E234.24434
G0 F7200 X70.76 Y92.068
G1 F3600 X72.068 Y90.76 E234.25593
G1 X72.074 Y90.76
G1 X79.24 Y97.926 E234.31948
G1 X79.268 Y97.954
G0 F7200 X79.1 Y97.954
G0 X79.13 Y99.13
G0 X79.4 Y99.4
;TYPE:WALL-INNER
G1 F3600 X79.4 Y90.6 E234.37466
G1 X70.6 Y90.6 E234.42983
G1 X70.6 Y99.4 E234.48501
G1 X79.4 Y99.4 E234.54019
G0 F7200 X79.8 Y99.8
;TYPE:WALL-OUTER
G1 F1800 X79.8 Y90.2 E234.60038
G1 X70.2 Y90.2 E234.66058
G1 X70.2 Y99.8 E234.72077
G1 X79.8 Y99.8 E234.78096
G0 F7200 X79.8 Y99.6
G0 X78.8 Y98.918
G1 F1500 E228.28096
G0 F7200 X70.42 Y97.931
G0 X69.335 Y97.931
G0 X60.665 Y97.931
G0 X59.58 Y97.931
G0 X59.24 Y97.931
;TYPE:FILL
G1 F1500 E234.78096
G1 F3600 X57.931 Y99.24 E234.79257
G1 X57.926 Y99.24
G1 X50.76 Y92.073 E234.85612
G1 X50.76 Y92.269
G1 X52.269 Y90.76 E234.8695
G1 X52.275 Y90.76
G1 X59.24 Y97.725 E234.93126
G1 X59.268 Y97.753
G0 F7200 X59.1 Y97.753
G0 X59.1 Y95.103
G0 X59.24 Y95.103
G1 F3600 X55.103 Y99.24 E234.96795
G1 X55.098 Y99.24
G1 X50.76 Y94.902 E235.00641
G1 X50.76 Y95.097
G1 X55.098 Y90.76 E235.04487
G1 X55.103 Y90.76
G1 X59.24 Y94.897 E235.08156
G1 X59.268 Y94.925
G0 F7200 X59.1 Y94.925
G0 X59.1 Y92.275
G0 X59.24 Y92.275
G1 F3600 X52.274 Y99.24 E235.14332
G1 X52.269 Y99.24
G1 X50.76 Y97.73 E235.15671
G1 X50.76 Y97.926
G1 X57.926 Y90.76 E235.22025
G1 X57.932 Y90.76
G1 X59.24 Y92.068 E235.23185
G1 X59.268 Y92.096
G0 F7200 X59.1 Y92.096
G0 X59.13 Y99.13
G0 X59.4 Y99.4
;TYPE:WALL-INNER
G1 F3600 X59.4 Y90.6 E235.28703
G1 X50.6 Y90.6 E235.34221
G1 X50.6 Y99.4 E235.39739
G1 X59.4 Y99.4 E235.45256
G0 F7200 X59.8 Y99.8
;TYPE:WALL-OUTER
G1 F1800 X59.8 Y90.2 E235.51276
G1 X50.2 Y90.2 E235.57295
G1 X50.2 Y99.8 E235.63314
G1 X59.8 Y99.8 E235.69334
G0 F7200 X59.8 Y99.6
G0 X58.8 Y98.918
G1 F1500 E229.19334
;MESH:NONMESH
G0 F600 X58.8 Y98.918 Z8.1
G0 F7200 X50.42 Y91.816
G0 X49.335 Y91.816
G0 X45.22 Y91.816
;TIME_ELAPSED:1062.918301
;LAYER:78
;TYPE:SUPPORT
G1 F1500 E235.69334
G1 F3600 X45.645 Y91.923 E235.69609
G1 X46.058 Y92.073 E235.69884
G1 X47.062 Y93.145 E235.70805
G1 X47.458 Y94.422 E235.71643
G1 X47.152 Y95.625 E235.72422
G1 X46.315 Y96.472 E235.73168
G1 X45.22 Y96.76 E235.73878
G1 X45.22 Y91.816 E235.76978
G1 X44.377 Y91.601 E235.77524
G1 X43.07 Y91.986 E235.78378
G1 X42.033 Y93.057 E235.79313
G1 X41.667 Y94.208 E235.8007
G1 X41.981 Y95.334 E235.80803
G1 X42.56 Y95.9 E235.81311
G1 X42.56 Y92.512 E235.83435
G1 F1500 E229.33435
G0 F7200 X49.347 Y89.347
G0 X60.653 Y89.347
G0 X66.5 Y92.059
G1 F1500 E235.83435
G1 F3600 X67.236 Y92.837 E235.84107
G1 X67.609 Y94.014 E235.84881
G1 X67.299 Y95.204 E235.85652
G1 X66.5 Y96.001 E235.86359
G1 X66.5 Y92.059 E235.88831
G1 X66.194 Y91.735 E235.89111
G1 X64.943 Y91.362 E235.89929
G1 X63.734 Y91.672 E235.90712
G1 X63.577 Y91.836 E235.90854
G1 X63.02 Y92.004 E235.91219
G1 X62.149 Y92.96 E235.9203
G1 X61.759 Y94.333 E235.92925
G1 X62.1 Y95.585 E235.93738
G1 X62.992 Y96.519 E235.94548
G1 X63.84 Y96.772 E235.95103
G1 X63.84 Y91.644 E235.98318
G1 F1500 E229.48318
G0 F7200 X69.347 Y89.347
G0 X80.653 Y89.347
G0 X85.12 Y92.504
G1 F1500 E235.98318
G1 F3600 X85.12 Y96.971 E236.01119
G1 X84.423 Y96.767 E236.01575
G1 X83.504 Y95.859 E236.02385
G1 X83.172 Y94.736 E236.03119
G1 X83.502 Y93.613 E236.03853
G1 X84.36 Y92.72 E236.04629
G1 X85.591 Y92.371 E236.05432
G1 X86.934 Y92.742 E236.06305
G1 X87.78 Y93.594 E236.07058
G1 X87.78 Y95.989 E236.0856
G1 F1500 E229.5856
;MESH:test.stl
G0 F7200 X80.665 Y95.989
G0 X79.58 Y95.989
G0 X79.1 Y95.097
G0 X79.24 Y95.097
;TYPE:FILL
G1 F1500 E236.0856
G1 F3600 X74.902 Y90.76 E236.12406
G1 X74.897 Y90.76
G1 X70.76 Y94.897 E236.16074
G0 F7200 X70.76 Y95.103
G1 F3600 X74.897 Y99.24 E236.19743
G1 X74.902 Y99.24
G1 X79.24 Y94.902 E236.2359
G1 X79.268 Y94.874
G0 F7200 X79.1 Y94.874
G0 X79.1 Y92.269
G0 X79.24 Y92.269
G1 F3600 X77.731 Y90.76 E236.24928
G1 X77.725 Y90.76
G1 X70.76 Y97.725 E236.31104
G0 F7200 X70.76 Y97.931
G1 F3600 X72.068 Y99.24 E236.32264
G1 X72.074 Y99.24
G1 X79.24 Y92.074 E236.38618
G1 X79.268 Y92.046
G0 F7200 X79.1 Y92.046
G0 X79.1 Y97.731
G0 X79.24 Y97.731
G1 F3600 X77.731 Y99.24 E236.39957
G1 X77.725 Y99.24
G1 X70.76 Y92.275 E236.46133
G0 F7200 X70.76 Y92.068
G1 F3600 X72.068 Y90.76 E236.47293
G1 X72.074 Y90.76
G1 X79.24 Y97.926 E236.53647
G1 X79.268 Y97.954
G0 F7200 X79.1 Y97.954
G0 X79.13 Y99.13
G0 X79.4 Y99.4
;TYPE:WALL-INNER
G1 F3600 X79.4 Y90.6 E236.59165
G1 X70.6 Y90.6 E236.64682
G1 X70.6 Y99.4 E236.702
G1 X79.4 Y99.4 E236.75718
G0 F7200 X79.8 Y99.8
;TYPE:WALL-OUTER
G1 F1800 X79.8 Y90.2 E236.81737
G1 X70.2 Y90.2 E236.87757
G1 X70.2 Y99.8 E236.93776
G1 X79.8 Y99.8 E236.99795
G0 F7200 X79.8 Y99.6
G0 X78.8 Y98.918
G1 F1500 E230.49795
G0 F7200 X70.42 Y97.931
G0 X69.335 Y97.931
G0 X60.665 Y97.931
G0 X59.58 Y97.931
G0 X59.24 Y97.931
;TYPE:FILL
G1 F1500 E236.99795
G1 F3600 X57.931 Y99.24 E237.00956
G1 X57.926 Y99.24
G1 X50.76 Y92.073 E237.07311
G1 X50.76 Y92.269
G1 X52.269 Y90.76 E237.08649
G1 X52.275 Y90.76
G1 X59.24 Y97.725 E237.14825
G1 X59.268 Y97.753
G0 F7200 X59.1 Y97.753
G0 X59.1 Y95.103
G0 X59.24 Y95.103
G1 F3600 X55.103 Y99.24 E237.18494
G1 X55.098 Y99.24
G1 X50.76 Y94.902 E237.2234
G1 X50.76 Y95.097
G1 X55.098 Y90.76 E237.26187
G1 X55.103 Y90.76
G1 X59.24 Y94.897 E237.29855
G1 X59.268 Y94.925
G0 F7200 X59.1 Y94.925
G0 X59.1 Y92.275
G0 X59.24 Y92.275
G1 F3600 X52.274 Y99.24 E237.36032
G1 X52.269 Y99.24
G1 X50.76 Y97.73 E237.3737
G1 X50.76 Y97.926
G1 X57.926 Y90.76 E237.43724
G1 X57.932 Y90.76
G1 X59.24 Y92.068 E237.44884
G1 X59.268 Y92.096
G0 F7200 X59.1 Y92.096
G0 X59.13 Y99.13
G0 X59.4 Y99.4
;TYPE:WALL-INNER
G1 F3600 X59.4 Y90.6 E237.50402
G1 X50.6 Y90.6 E237.5592
G1 X50.6 Y99.4 E237.61438
G1 X59.4 Y99.4 E237.66955
G0 F7200 X59.8 Y99.8
;TYPE:WALL-OUTER
G1 F1800 X59.8 Y90.2 E237.72975
G1 X50.2 Y90.2 E237.78994
G1 X50.2 Y99.8 E237.85014
G1 X59.8 Y99.8 E237.91033
G0 F7200 X59.8 Y99.6
G0 X58.8 Y98.918
G1 F1500 E231.41033
;MESH:NONMESH
G0 F600 X58.8 Y98.918 Z8.2
G0 F7200 X50.42 Y92.009
G0 X49.335 Y92.009
G0 X45.22 Y92.009
;TIME_ELAPSED:1074.735896
;LAYER:79
;TYPE:SUPPORT
G1 F1500 E237.91033
G1 F3600 X46.208 Y92.309 E237.9168
G1 X47.347 Y93.526 E237.92725
G1 X47.751 Y94.756 E237.93537
G1 X47.462 Y95.968 E237.94319
G1 X46.626 Y96.812 E237.95063
G1 X45.425 Y97.104 E237.95838
G1 X45.22 Y97.036 E237.95974
G1 X45.22 Y92.009 E237.99126
G1 X45.011 Y91.945 E237.99263
G1 X44.92 Y91.97 E237.99322
G1 X44.152 Y91.774 E237.99819
G1 X42.915 Y92.137 E238.00627
G1 X42.761 Y92.243 E238.00745
G1 X42.556 Y92.303 E238.00879
G1 X41.607 Y93.24 E238.01715
G1 X41.219 Y94.387 E238.02474
G1 X41.533 Y95.501 E238.032
G1 X42.474 Y96.38 E238.04007
G1 X42.56 Y96.401 E238.04063
G1 X42.56 Y92.301 E238.06633
G1 F1500 E231.56633
G0 F7200 X49.347 Y89.347
G0 X60.653 Y89.347
G0 X66.5 Y92.06
G1 F1500 E238.06633
G1 F3600 X67.466 Y93.08 E238.07514
G1 X67.876 Y94.346 E238.08349
G1 X67.59 Y95.571 E238.09137
G1 X66.76 Y96.419 E238.09881
G1 X66.5 Y96.483 E238.10049
G1 X66.5 Y92.06 E238.12823
G1 X66.375 Y91.927 E238.12937
G1 X65.139 Y91.557 E238.13746
G1 X63.943 Y91.863 E238.1452
G1 X63.77 Y92.043 E238.14677
G1 X62.972 Y92.284 E238.15199
G1 X62.117 Y93.225 E238.15996
G1 X61.754 Y94.495 E238.16825
G1 X61.776 Y94.57 E238.16874
G1 X61.711 Y94.799 E238.17023
G1 X62.025 Y96.032 E238.17821
G1 X62.867 Y96.949 E238.18601
G1 X63.84 Y97.222 E238.19235
G1 X63.84 Y91.97 E238.22528
G1 F1500 E231.72528
G0 F7200 X69.347 Y89.347
G0 X80.653 Y89.347
G0 X87.78 Y93.069
G1 F1500 E238.22528
G1 F3600 X88.299 Y93.574 E238.22982
G1 X88.639 Y94.69 E238.23714
G1 X88.267 Y95.869 E238.24489
G1 X87.78 Y96.318 E238.24904
G1 X87.78 Y93.069 E238.26941
G1 X87.394 Y92.692 E238.2728
G1 X86.112 Y92.379 E238.28107
G1 X85.912 Y92.433 E238.28237
G1 X85.517 Y92.388 E238.28486
G1 X85.376 Y92.429 E238.28578
G1 X85.283 Y92.406 E238.28638
G1 X83.993 Y92.744 E238.29475
G1 X83.065 Y93.643 E238.30285
G1 X82.703 Y94.767 E238.31025
G1 X83.05 Y95.881 E238.31757
G1 X84.023 Y96.772 E238.32584
G1 X85.12 Y97.059 E238.33295
G1 X85.12 Y92.448 E238.36186
G1 F1500 E231.86186
;MESH:test.stl
G0 F7200 X80.665 Y92.448
G0 X79.58 Y92.448
G0 X79.24 Y92.269
;TYPE:FILL
G1 F1500 E238.36186
G1 F3600 X77.731 Y90.76 E238.37524
G1 X77.725 Y90.76
G1 X70.76 Y97.725 E238.437
G0 F7200 X70.76 Y97.931
G1 F3600 X72.068 Y99.24 E238.44861
G1 X72.074 Y99.24
G1 X79.24 Y92.074 E238.51215
G1 X79.268 Y92.046
G0 F7200 X79.1 Y92.046
G0 X79.1 Y94.902
G0 X79.24 Y94.902
G1 F3600 X74.902 Y99.24 E238.55062
G1 X74.897 Y99.24
G1 X70.76 Y95.103 E238.5873
G0 F7200 X70.76 Y94.897
G1 F3600 X74.897 Y90.76 E238.62399
G1 X74.902 Y90.76
G1 X79.24 Y95.097 E238.66245
G1 X79.268 Y95.125
G0 F7200 X79.1 Y95.125
G0 X79.1 Y97.731
G0 X79.24 Y97.731
G1 F3600 X77.731 Y99.24 E238.67583
G1 X77.725 Y99.24
G1 X70.76 Y92.275 E238.73759
G0 F7200 X70.76 Y92.068
G1 F3600 X72.068 Y90.76 E238.74919
G1 X72.074 Y90.76
G1 X79.24 Y97.926 E238.81273
G1 X79.268 Y97.954
G0 F7200 X79.1 Y97.954
G0 X79.13 Y99.13
G0 X79.4 Y99.4
;TYPE:WALL-INNER
G1 F3600 X79.4 Y90.6 E238.86791
G1 X70.6 Y90.6 E238.92309
G1 X70.6 Y99.4 E238.97827
G1 X79.4 Y99.4 E239.03344
G0 F7200 X79.8 Y99.8
;TYPE:WALL-OUTER
G1 F1800 X79.8 Y90.2 E239.09364
G1 X70.2 Y90.2 E239.15383
G1 X70.2 Y99.8 E239.21402
G1 X79.8 Y99.8 E239.27422
G0 F7200 X79.8 Y99.6
G0 X78.8 Y98.918
G1 F1500 E232.77422
G0 F7200 X70.42 Y97.931
G0 X69.335 Y97.931
G0 X60.665 Y97.931
G0 X59.58 Y97.931
G0 X59.24 Y97.931
;TYPE:FILL
G1 F1500 E239.27422
G1 F3600 X57.931 Y99.24 E239.28583
G1 X57.926 Y99.24
G1 X50.76 Y92.073 E239.34937
G1 X50.76 Y92.269
G1 X52.269 Y90.76 E239.36275
G1 X52.275 Y90.76
G1 X59.24 Y97.725 E239.42452
G1 X59.268 Y97.753
G0 F7200 X59.1 Y97.753
G0 X59.1 Y95.103
G0 X59.24 Y95.103
G1 F3600 X55.103 Y99.24 E239.4612
G1 X55.098 Y99.24
G1 X50.76 Y94.902 E239.49967
G1 X50.76 Y95.097
G1 X55.098 Y90.76 E239.53813
G1 X55.103 Y90.76
G1 X59.24 Y94.897 E239.57481
G1 X59.268 Y94.925
G0 F7200 X59.1 Y94.925
G0 X59.1 Y92.275
G0 X59.24 Y92.275
G1 F3600 X52.274 Y99.24 E239.63658
G1 X52.269 Y99.24
G1 X50.76 Y97.73 E239.64996
G1 X50.76 Y97.926
G1 X57.926 Y90.76 E239.71351
G1 X57.932 Y90.76
G1 X59.24 Y92.068 E239.72511
G1 X59.268 Y92.096
G0 F7200 X59.1 Y92.096
G0 X59.13 Y99.13
G0 X59.4 Y99.4
;TYPE:WALL-INNER
G1 F3600 X59.4 Y90.6 E239.78028
G1 X50.6 Y90.6 E239.83546
G1 X50.6 Y99.4 E239.89064
G1 X59.4 Y99.4 E239.94582
G0 F7200 X59.8 Y99.8
;TYPE:WALL-OUTER
G1 F1800 X59.8 Y90.2 E240.00601
G1 X50.2 Y90.2 E240.0662
G1 X50.2 Y99.8 E240.1264
G1 X59.8 Y99.8 E240.18659
G0 F7200 X59.8 Y99.6
G0 X58.8 Y98.918
G1 F1500 E233.68659
;MESH:NONMESH
G0 F600 X58.8 Y98.918 Z8.3
G0 F7200 X50.42 Y92.322
G0 X49.335 Y92.322
G0 X45.22 Y92.322
;TIME_ELAPSED:1086.679760
;LAYER:80
;TYPE:SUPPORT
G1 F1500 E240.18659
G1 F3600 X45.505 Y92.412 E240.18847
G1 X45.68 Y92.358 E240.18961
G1 X46.805 Y92.639 E240.19689
G1 X47.59 Y93.481 E240.2041
G1 X47.872 Y94.578 E240.21121
G1 X47.746 Y94.984 E240.21387
G1 X47.765 Y95.046 E240.21428
G1 X47.48 Y96.218 E240.22184
G1 X46.696 Y97.045 E240.22899
G1 X45.599 Y97.341 E240.23611
G1 X45.22 Y97.216 E240.23861
G1 X45.22 Y92.322 E240.2693
G1 X45.04 Y92.347 E240.27044
G1 X43.774 Y92.05 E240.27859
G1 X43.338 Y91.912 E240.28146
G1 X42.219 Y92.196 E240.2887
G1 X41.44 Y93.044 E240.29592
G1 X41.158 Y94.15 E240.30307
G1 X41.235 Y94.394 E240.30468
G1 X41.161 Y94.631 E240.30624
G1 X41.44 Y95.736 E240.31338
G1 X42.27 Y96.587 E240.32084
G1 X42.56 Y96.664 E240.32272
G1 X42.56 Y92.109 E240.35128
G1 F1500 E233.85128
G0 F7200 X49.347 Y89.347
G0 X60.653 Y89.347
G0 X66.5 Y92.12
G1 F1500 E240.35128
G1 F3600 X66.91 Y92.223 E240.35393
G1 X67.689 Y93.071 E240.36115
G1 X67.97 Y94.179 E240.36832
G1 X67.899 Y94.418 E240.36988
G1 X67.973 Y94.656 E240.37144
G1 X67.694 Y95.809 E240.37888
G1 X66.914 Y96.609 E240.38589
G1 X66.5 Y96.715 E240.38856
G1 X66.5 Y92.12 E240.41738
G1 X65.788 Y91.939 E240.42198
G1 X65.645 Y91.983 E240.42292
G1 X65.329 Y91.883 E240.425
G1 X64.205 Y92.156 E240.43225
G1 X64.019 Y92.356 E240.43396
G1 X62.992 Y92.689 E240.44073
G1 X62.041 Y93.738 E240.44961
G1 X61.747 Y94.838 E240.45675
G1 X61.786 Y94.969 E240.45761
G1 X61.705 Y95.235 E240.45935
G1 X61.99 Y96.355 E240.4666
G1 X62.819 Y97.228 E240.47415
G1 X63.84 Y97.514 E240.48079
G1 X63.84 Y92.414 E240.51277
G1 F1500 E234.01277
G0 F7200 X69.347 Y89.347
G0 X80.653 Y89.347
G0 X85.12 Y92.345
G1 F1500 E240.51277
G1 F3600 X85.12 Y97.063 E240.54236
G1 X84.796 Y97.162 E240.54448
G1 X83.701 Y96.883 E240.55156
G1 X82.853 Y96.05 E240.55902
G1 X82.57 Y94.97 E240.56602
G1 X82.97 Y93.407 E240.57613
G1 X83.745 Y92.551 E240.58338
G1 X84.859 Y92.261 E240.59059
G1 X85.7 Y92.529 E240.59613
G1 X86.535 Y92.269 E240.60161
G1 X87.668 Y92.548 E240.60893
G1 X88.46 Y93.386 E240.61616
G1 X88.743 Y94.472 E240.62319
G1 X88.364 Y95.682 E240.63114
G1 X88.254 Y96.082 E240.63375
G1 X87.78 Y96.59 E240.6381
G1 X87.78 Y92.667 E240.6627
G1 F1500 E234.1627
;MESH:test.stl
G0 F7200 X80.665 Y92.667
G0 X79.58 Y92.667
G0 X79.24 Y92.269
;TYPE:FILL
G1 F1500 E240.6627
G1 F3600 X77.731 Y90.76 E240.67608
G1 X77.725 Y90.76
G1 X70.76 Y97.725 E240.73784
G0 F7200 X70.76 Y97.931
G1 F3600 X72.068 Y99.24 E240.74945
G1 X72.074 Y99.24
G1 X79.24 Y92.074 E240.81299
G1 X79.268 Y92.046
G0 F7200 X79.1 Y92.046
G0 X79.1 Y94.902
G0 X79.24 Y94.902
G1 F3600 X74.902 Y99.24 E240.85146
G1 X74.897 Y99.24
G1 X70.76 Y95.103 E240.88814
G0 F7200 X70.76 Y94.897
G1 F3600 X74.897 Y90.76 E240.92482
G1 X74.902 Y90.76
G1 X79.24 Y95.097 E240.96329
G1 X79.268 Y95.125
G0 F7200 X79.1 Y95.125
G0 X79.1 Y97.731
G0 X79.24 Y97.731
G1 F3600 X77.731 Y99.24 E240.97667
G1 X77.725 Y99.24
G1 X70.76 Y92.275 E241.03843
G0 F7200 X70.76 Y92.068
G1 F3600 X72.068 Y90.76 E241.05003
G1 X72.074 Y90.76
G1 X79.24 Y97.926 E241.11357
G1 X79.268 Y97.954
G0 F7200 X79.1 Y97.954
G0 X79.13 Y99.13
G0 X79.4 Y99.4
;TYPE:WALL-INNER
G1 F3600 X79.4 Y90.6 E241.16875
G1 X70.6 Y90.6 E241.22393
G1 X70.6 Y99.4 E241.2791
G1 X79.4 Y99.4 E241.33428
G0 F7200 X79.8 Y99.8
;TYPE:WALL-OUTER
G1 F1800 X79.8 Y90.2 E241.39448
G1 X70.2 Y90.2 E241.45467
G1 X70.2 Y99.8 E241.51486
G1 X79.8 Y99.8 E241.57506
G0 F7200 X79.8 Y99.6
G0 X78.8 Y98.918
G1 F1500 E235.07506
G0 F7200 X70.42 Y97.931
G0 X69.335 Y97.931
G0 X60.665 Y97.931
G0 X59.58 Y97.931
G0 X59.24 Y97.931
;TYPE:FILL
G1 F1500 E241.57506
G1 F3600 X57.931 Y99.24 E241.58666
G1 X57.926 Y99.24
G1 X50.76 Y92.073 E241.65021
G1 X50.76 Y92.269
G1 X52.269 Y90.76 E241.66359
G1 X52.275 Y90.76
G1 X59.24 Y97.725 E241.72535
G1 X59.268 Y97.753
G0 F7200 X59.1 Y97.753
G0 X59.1 Y95.103
G0 X59.24 Y95.103
G1 F3600 X55.103 Y99.24 E241.76204
G1 X55.098 Y99.24
G1 X50.76 Y94.902 E241.80051
G1 X50.76 Y95.097
G1 X55.098 Y90.76 E241.83897
G1 X55.103 Y90.76
G1 X59.24 Y94.897 E241.87565
G1 X59.268 Y94.925
G0 F7200 X59.1 Y94.925
G0 X59.1 Y92.275
G0 X59.24 Y92.275
G1 F3600 X52.274 Y99.24 E241.93742
G1 X52.269 Y99.24
G1 X50.76 Y97.73 E241.9508
G1 X50.76 Y97.926
G1 X57.926 Y90.76 E242.01435
G1 X57.932 Y90.76
G1 X59.24 Y92.068 E242.02595
G1 X59.268 Y92.096
G0 F7200 X59.1 Y92.096
G0 X59.13 Y99.13
G0 X59.4 Y99.4
;TYPE:WALL-INNER
G1 F3600 X59.4 Y90.6 E242.08112
G1 X50.6 Y90.6 E242.1363
G1 X50.6 Y99.4 E242.19148
G1 X59.4 Y99.4 E242.24666
G0 F7200 X59.8 Y99.8
;TYPE:WALL-OUTER
G1 F1800 X59.8 Y90.2 E242.30685
G1 X50.2 Y90.2 E242.36704
G1 X50.2 Y99.8 E242.42724
G1 X59.8 Y99.8 E242.48743
G0 F7200 X59.8 Y99.6
G0 X58.8 Y98.918
G1 F1500 E235.98743
;MESH:NONMESH
G0 F600 X58.8 Y98.918 Z8.4
G0 F7200 X50.42 Y91.876
G0 X49.335 Y91.876
G0 X42.56 Y91.876
;TIME_ELAPSED:1098.752995
;LAYER:81
;TYPE:SUPPORT
G1 F1500 E242.48743
G1 F3600 X42.56 Y96.916 E242.51903
G1 X42.14 Y96.802 E242.52176
G1 X41.364 Y95.994 E242.52879
G1 X41.104 Y94.946 E242.53556
G1 X41.268 Y94.42 E242.53901
G1 X41.086 Y93.842 E242.54281
G1 X41.348 Y92.8 E242.54955
G1 X42.079 Y91.999 E242.55635
G1 X43.128 Y91.732 E242.56313
G1 X44.201 Y92.077 E242.5702
G1 X44.682 Y92.601 E242.57466
G1 X45.22 Y92.43 E242.5782
G1 X45.22 Y97.379 E242.60923
G1 X45.744 Y97.554 E242.6127
G1 X46.776 Y97.276 E242.6194
G1 X47.509 Y96.502 E242.62608
G1 X47.774 Y95.397 E242.63321
G1 X47.707 Y95.173 E242.63467
G1 X47.88 Y94.617 E242.63832
G1 X47.88 Y93.885 E242.64291
G1 F1500 E236.14291
G0 F7200 X49.347 Y89.347
G0 X60.653 Y89.347
G0 X66.5 Y91.886
G1 F1500 E242.64291
G1 F3600 X67.059 Y92.027 E242.64653
G1 X67.791 Y92.827 E242.65333
G1 X68.054 Y93.869 E242.66007
G1 X67.883 Y94.427 E242.66372
G1 X68.049 Y94.952 E242.66718
G1 X67.787 Y96.035 E242.67416
G1 X67.055 Y96.786 E242.68074
G1 X66.5 Y96.928 E242.68433
G1 X66.5 Y91.886 E242.71595
G1 X66.009 Y91.762 E242.71912
G1 X64.935 Y92.107 E242.72619
G1 X64.49 Y92.588 E242.7303
G1 X63.793 Y92.364 E242.73489
G1 X62.765 Y92.643 E242.74157
G1 X62.029 Y93.469 E242.74851
G1 X61.762 Y94.529 E242.75536
G1 X61.896 Y94.981 E242.75832
G1 X61.75 Y95.558 E242.76205
G1 X62.029 Y96.636 E242.76903
G1 X62.81 Y97.476 E242.77622
G1 X63.715 Y97.747 E242.78215
G1 X63.84 Y97.708 E242.78297
G1 X63.84 Y92.38 E242.81638
G1 F1500 E236.31638
G0 F7200 X69.347 Y89.347
G0 X80.653 Y89.347
G0 X82.46 Y95.063
G1 F1500 E242.81638
G1 F3600 X82.46 Y95.404 E242.81852
G1 X82.675 Y96.222 E242.82382
G1 X83.472 Y97.004 E242.83082
G1 X84.502 Y97.264 E242.83748
G1 X85.12 Y97.074 E242.84153
G1 X85.12 Y92.21 E242.87203
G1 X85.797 Y92.427 E242.87649
G1 X86.794 Y92.111 E242.88305
G1 X87.849 Y92.373 E242.88986
G1 X88.587 Y93.165 E242.89665
G1 X88.847 Y94.198 E242.90333
G1 X88.504 Y95.303 E242.91059
G1 X88.486 Y95.323 E242.91075
G1 X88.223 Y96.398 E242.91769
G1 X87.78 Y96.873 E242.92177
G1 X87.78 Y92.356 E242.95009
G1 F1500 E236.45009
;MESH:test.stl
G0 F7200 X80.665 Y92.356
G0 X79.58 Y92.356
G0 X79.24 Y92.269
;TYPE:FILL
G1 F1500 E242.95009
G1 F3600 X77.731 Y90.76 E242.96347
G1 X77.725 Y90.76
G1 X70.76 Y97.725 E243.02523
G0 F7200 X70.76 Y97.931
G1 F3600 X72.068 Y99.24 E243.03683
G1 X72.074 Y99.24
G1 X79.24 Y92.074 E243.10038
G1 X79.268 Y92.046
G0 F7200 X79.1 Y92.046
G0 X79.1 Y94.902
G0 X79.24 Y94.902
G1 F3600 X74.902 Y99.24 E243.13884
G1 X74.897 Y99.24
G1 X70.76 Y95.103 E243.17553
G0 F7200 X70.76 Y94.897
G1 F3600 X74.897 Y90.76 E243.21221
G1 X74.902 Y90.76
G1 X79.24 Y95.097 E243.25067
G1 X79.268 Y95.125
G0 F7200 X79.1 Y95.125
G0 X79.1 Y97.731
G0 X79.24 Y97.731
G1 F3600 X77.731 Y99.24 E243.26406
G1 X77.725 Y99.24
G1 X70.76 Y92.275 E243.32582
G0 F7200 X70.76 Y92.068
G1 F3600 X72.068 Y90.76 E243.33742
G1 X72.074 Y90.76
G1 X79.24 Y97.926 E243.40096
G1 X79.268 Y97.954
G0 F7200 X79.1 Y97.954
G0 X79.13 Y99.13
G0 X79.4 Y99.4
;TYPE:WALL-INNER
G1 F3600 X79.4 Y90.6 E243.45614
G1 X70.6 Y90.6 E243.51131
G1 X70.6 Y99.4 E243.56649
G1 X79.4 Y99.4 E243.62167
G0 F7200 X79.8 Y99.8
;TYPE:WALL-OUTER
G1 F1800 X79.8 Y90.2 E243.68186
G1 X70.2 Y90.2 E243.74206
G1 X70.2 Y99.8 E243.80225
G1 X79.8 Y99.8 E243.86245
G0 F7200 X79.8 Y99.6
G0 X78.8 Y98.918
G1 F1500 E237.36245
G0 F7200 X70.42 Y97.931
G0 X69.335 Y97.931
G0 X60.665 Y97.931
G0 X59.58 Y97.931
G0 X59.24 Y97.931
;TYPE:FILL
G1 F1500 E243.86245
G1 F3600 X57.931 Y99.24 E243.87405
G1 X57.926 Y99.24
G1 X50.76 Y92.073 E243.9376
G1 X50.76 Y92.269
G1 X52.269 Y90.76 E243.95098
G1 X52.275 Y90.76
G1 X59.24 Y97.725 E244.01274
G1 X59.268 Y97.753
G0 F7200 X59.1 Y97.753
G0 X59.1 Y95.103
G0 X59.24 Y95.103
G1 F3600 X55.103 Y99.24 E244.04943
G1 X55.098 Y99.24
G1 X50.76 Y94.902 E244.08789
G1 X50.76 Y95.097
G1 X55.098 Y90.76 E244.12636
G1 X55.103 Y90.76
G1 X59.24 Y94.897 E244.16304
G1 X59.268 Y94.925
G0 F7200 X59.1 Y94.925
G0 X59.1 Y92.275
G0 X59.24 Y92.275
G1 F3600 X52.274 Y99.24 E244.22481
G1 X52.269 Y99.24
G1 X50.76 Y97.73 E244.23819
G1 X50.76 Y97.926
G1 X57.926 Y90.76 E244.30174
G1 X57.932 Y90.76
G1 X59.24 Y92.068 E244.31333
G1 X59.268 Y92.096
G0 F7200 X59.1 Y92.096
G0 X59.13 Y99.13
G0 X59.4 Y99.4
;TYPE:WALL-INNER
G1 F3600 X59.4 Y90.6 E244.36851
G1 X50.6 Y90.6 E244.42369
G1 X50.6 Y99.4 E244.47887
G1 X59.4 Y99.4 E244.53404
G0 F7200 X59.8 Y99.8
;TYPE:WALL-OUTER
G1 F1800 X59.8 Y90.2 E244.59424
G1 X50.2 Y90.2 E244.65443
G1 X50.2 Y99.8 E244.71463
G1 X59.8 Y99.8 E244.77482
G0 F7200 X59.8 Y99.6
G0 X58.8 Y98.918
G1 F1500 E238.27482
;MESH:NONMESH
G0 F600 X58.8 Y98.918 Z8.5
G0 F7200 X50.42 Y91.622
G0 X49.335 Y91.622
G0 X42.56 Y91.622
;TIME_ELAPSED:1110.795815
;LAYER:82
;TYPE:SUPPORT
G1 F1500 E244.77482
G1 F3600 X42.56 Y97.159 E244.80954
G1 X42.004 Y97.01 E244.81315
G1 X41.278 Y96.257 E244.81971
G1 X41.037 Y95.276 E244.82604
G1 X41.331 Y94.341 E244.83218
G1 X41.095 Y93.543 E244.8374
G1 X41.347 Y92.544 E244.84386
G1 X42.035 Y91.766 E244.85037
G1 X42.995 Y91.503 E244.85662
G1 X43.975 Y91.817 E244.86307
G1 X44.794 Y92.735 E244.87078
G1 X45.147 Y92.354 E244.87404
G1 X45.22 Y92.33 E244.87452
G1 X45.22 Y97.548 E244.90724
G1 X45.884 Y97.773 E244.91163
G1 X46.84 Y97.516 E244.91784
G1 X47.526 Y96.785 E244.92413
G1 X47.774 Y95.744 E244.93084
G1 X47.606 Y95.183 E244.93451
G1 X47.747 Y95.037 E244.93578
G1 X47.88 Y94.608 E244.9386
G1 X47.88 Y93.24 E244.94718
G1 F1500 E238.44718
G0 F7200 X49.347 Y89.347
G0 X60.653 Y89.347
G0 X66.5 Y91.655
G1 F1500 E244.94718
G1 F3600 X67.212 Y91.833 E244.95178
G1 X67.895 Y92.58 E244.95812
G1 X68.138 Y93.557 E244.96444
G1 X67.873 Y94.416 E244.97007
G1 X68.143 Y95.257 E244.97561
G1 X67.903 Y96.27 E244.98214
G1 X67.218 Y96.971 E244.98828
G1 X66.5 Y97.151 E244.99293
G1 X66.5 Y91.655 E245.02739
G1 X66.229 Y91.587 E245.02914
G1 X65.221 Y91.913 E245.03578
G1 X64.705 Y92.471 E245.04055
G1 X63.677 Y92.141 E245.04732
G1 X62.717 Y92.404 E245.05356
G1 X62.028 Y93.185 E245.06009
G1 X61.778 Y94.185 E245.06655
G1 X62.007 Y94.964 E245.07164
G1 X61.69 Y95.963 E245.07821
G1 X61.929 Y96.941 E245.08453
G1 X62.655 Y97.69 E245.09107
G1 X63.571 Y97.933 E245.09701
G1 X63.84 Y97.848 E245.09878
G1 X63.84 Y92.194 E245.13423
G1 F1500 E238.63423
G0 F7200 X69.347 Y89.347
G0 X80.653 Y89.347
G0 X82.46 Y94.826
G1 F1500 E245.13423
G1 F3600 X82.46 Y96.253 E245.14318
G1 X82.497 Y96.397 E245.14411
G1 X83.24 Y97.125 E245.15063
G1 X84.206 Y97.367 E245.15688
G1 X85.12 Y97.083 E245.16288
G1 X85.12 Y92.081 E245.19424
G1 X85.483 Y92.199 E245.19663
G1 X85.813 Y92.562 E245.19971
G1 X86.032 Y92.333 E245.2017
G1 X87.066 Y92.011 E245.20849
G1 X88.079 Y92.251 E245.21501
G1 X88.776 Y92.977 E245.22133
G1 X89.023 Y93.93 E245.2275
G1 X88.693 Y94.946 E245.2342
G1 X88.372 Y95.261 E245.23702
G1 X88.411 Y95.603 E245.23917
G1 X88.138 Y96.679 E245.24614
G1 X87.78 Y97.068 E245.24945
G1 X87.78 Y92.181 E245.28009
G1 F1500 E238.78009
;MESH:test.stl
G0 F7200 X80.665 Y92.181
G0 X79.58 Y92.181
G0 X79.24 Y92.269
;TYPE:FILL
G1 F1500 E245.28009
G1 F3600 X77.731 Y90.76 E245.29347
G1 X77.725 Y90.76
G1 X70.76 Y97.725 E245.35523
G0 F7200 X70.76 Y97.931
G1 F3600 X72.068 Y99.24 E245.36684
G1 X72.074 Y99.24
G1 X79.24 Y92.074 E245.43038
G1 X79.268 Y92.046
G0 F7200 X79.1 Y92.046
G0 X79.1 Y94.902
G0 X79.24 Y94.902
G1 F3600 X74.902 Y99.24 E245.46885
G1 X74.897 Y99.24
G1 X70.76 Y95.103 E245.50553
G0 F7200 X70.76 Y94.897
G1 F3600 X74.897 Y90.76 E245.54222
G1 X74.902 Y90.76
G1 X79.24 Y95.097 E245.58068
G1 X79.268 Y95.125
G0 F7200 X79.1 Y95.125
G0 X79.1 Y97.731
G0 X79.24 Y97.731
G1 F3600 X77.731 Y99.24 E245.59406
G1 X77.725 Y99.24
G1 X70.76 Y92.275 E245.65582
G0 F7200 X70.76 Y92.068
G1 F3600 X72.068 Y90.76 E245.66742
G1 X72.074 Y90.76
G1 X79.24 Y97.926 E245.73096
G1 X79.268 Y97.954
G0 F7200 X79.1 Y97.954
G0 X79.13 Y99.13
G0 X79.4 Y99.4
;TYPE:WALL-INNER
G1 F3600 X79.4 Y90.6 E245.78614
G1 X70.6 Y90.6 E245.84132
G1 X70.6 Y99.4 E245.8965
G1 X79.4 Y99.4 E245.95167
G0 F7200 X79.8 Y99.8
;TYPE:WALL-OUTER
G1 F1800 X79.8 Y90.2 E246.01187
G1 X70.2 Y90.2 E246.07206
G1 X70.2 Y99.8 E246.13225
G1 X79.8 Y99.8 E246.19245
G0 F7200 X79.8 Y99.6
G0 X78.8 Y98.918
G1 F1500 E239.69245
G0 F7200 X70.42 Y97.931
G0 X69.335 Y97.931
G0 X60.665 Y97.931
G0 X59.58 Y97.931
G0 X59.24 Y97.931
;TYPE:FILL
G1 F1500 E246.19245
G1 F3600 X57.931 Y99.24 E246.20406
G1 X57.926 Y99.24
G1 X50.76 Y92.073 E246.2676
G1 X50.76 Y92.269
G1 X52.269 Y90.76 E246.28099
G1 X52.275 Y90.76
G1 X59.24 Y97.725 E246.34275
G1 X59.268 Y97.753
G0 F7200 X59.1 Y97.753
G0 X59.1 Y95.103
G0 X59.24 Y95.103
G1 F3600 X55.103 Y99.24 E246.37943
G1 X55.098 Y99.24
G1 X50.76 Y94.902 E246.4179
G1 X50.76 Y95.097
G1 X55.098 Y90.76 E246.45636
G1 X55.103 Y90.76
G1 X59.24 Y94.897 E246.49304
G1 X59.268 Y94.925
G0 F7200 X59.1 Y94.925
G0 X59.1 Y92.275
G0 X59.24 Y92.275
G1 F3600 X52.274 Y99.24 E246.55481
G1 X52.269 Y99.24
G1 X50.76 Y97.73 E246.5682
G1 X50.76 Y97.926
G1 X57.926 Y90.76 E246.63174
G1 X57.932 Y90.76
G1 X59.24 Y92.068 E246.64334
G1 X59.268 Y92.096
G0 F7200 X59.1 Y92.096
G0 X59.13 Y99.13
G0 X59.4 Y99.4
;TYPE:WALL-INNER
G1 F3600 X59.4 Y90.6 E246.69851
G1 X50.6 Y90.6 E246.75369
G1 X50.6 Y99.4 E246.80887
G1 X59.4 Y99.4 E246.86405
G0 F7200 X59.8 Y99.8
;TYPE:WALL-OUTER
G1 F1800 X59.8 Y90.2 E246.92424
G1 X50.2 Y90.2 E246.98444
G1 X50.2 Y99.8 E247.04463
G1 X59.8 Y99.8 E247.10482
G0 F7200 X59.8 Y99.6
G0 X58.8 Y98.918
G1 F1500 E240.60482
;MESH:NONMESH
G0 F600 X58.8 Y98.918 Z8.6
G0 F7200 X50.42 Y91.545
G0 X49.335 Y91.545
G0 X42.56 Y91.545
;TIME_ELAPSED:1122.964457
;LAYER:83
;TYPE:SUPPORT
G1 F1500 E247.10482
G1 F3600 X42.56 Y97.402 E247.14155
G1 X41.868 Y97.219 E247.14604
G1 X41.194 Y96.517 E247.15214
G1 X40.972 Y95.602 E247.15804
G1 X41.334 Y94.46 E247.16555
G1 X41.119 Y94.266 E247.16737
G1 X40.844 Y93.406 E247.17303
G1 X41.114 Y92.549 E247.17866
G1 X41.817 Y91.864 E247.18482
G1 X42.119 Y91.787 E247.18677
G1 X42.247 Y91.648 E247.18796
G1 X43.185 Y91.34 E247.19415
G1 X44.098 Y91.569 E247.20005
G1 X44.733 Y92.267 E247.20597
G1 X44.796 Y92.51 E247.20754
G1 X45.078 Y92.581 E247.20936
G1 X45.22 Y92.428 E247.21067
G1 X45.22 Y97.644 E247.24338
G1 X46.079 Y97.937 E247.24907
G1 X46.995 Y97.708 E247.25499
G1 X47.615 Y97.069 E247.26057
G1 X47.88 Y96.057 E247.26713
G1 X47.88 Y95.94 E247.26786
G0 F7200 X47.88 Y94.645
G1 F3600 X47.88 Y92.711 E247.27999
G1 F1500 E240.77999
G0 F7200 X49.347 Y89.347
G0 X60.653 Y89.347
G0 X66.5 Y91.383
G1 F1500 E247.27999
G1 F3600 X67.294 Y91.593 E247.28514
G1 X67.933 Y92.313 E247.29118
G1 X68.159 Y93.243 E247.29718
G1 X67.863 Y94.257 E247.3038
G1 X67.767 Y94.422 E247.305
G1 X67.881 Y94.601 E247.30633
G1 X68.175 Y95.561 E247.31262
G1 X67.951 Y96.525 E247.31883
G1 X67.315 Y97.195 E247.32462
G1 X66.5 Y97.409 E247.32991
G1 X66.5 Y91.383 E247.36769
G1 X66.401 Y91.356 E247.36833
G1 X65.48 Y91.659 E247.37441
G1 X64.731 Y92.493 E247.38144
G1 X64.483 Y92.215 E247.38378
G1 X63.576 Y91.923 E247.38975
G1 X62.685 Y92.172 E247.39555
G1 X62.046 Y92.901 E247.40163
G1 X61.811 Y93.838 E247.40769
G1 X62.152 Y95.018 E247.41539
G1 X61.846 Y95.337 E247.41816
G1 X61.539 Y96.257 E247.42424
G1 X61.764 Y97.141 E247.42996
G1 X62.451 Y97.823 E247.43603
G1 X63.345 Y98.047 E247.44181
G1 X63.84 Y97.889 E247.44507
G1 X63.84 Y92.008 E247.48194
G1 F1500 E240.98194
G0 F7200 X69.347 Y89.347
G0 X80.653 Y89.347
G0 X82.46 Y94.727
G1 F1500 E247.48194
G1 F3600 X82.46 Y96.705 E247.49435
G1 X83.019 Y97.256 E247.49927
G1 X83.915 Y97.478 E247.50506
G1 X84.881 Y97.173 E247.51141
G1 X85.101 Y96.957 E247.51334
G1 X85.12 Y96.977 E247.51351
G1 X85.12 Y91.952 E247.54502
G1 X85.236 Y91.99 E247.54579
G1 X85.861 Y92.675 E247.5516
G1 X86.39 Y92.203 E247.55605
G1 X87.365 Y91.895 E247.56246
G1 X88.299 Y92.115 E247.56847
G1 X88.949 Y92.796 E247.57438
G1 X89.176 Y93.681 E247.58011
G1 X88.866 Y94.631 E247.58637
G1 X88.189 Y95.301 E247.59234
G1 X88.373 Y96.03 E247.59706
G1 X88.144 Y97.004 E247.60333
G1 X87.78 Y97.393 E247.60667
G1 X87.78 Y91.993 E247.64053
G1 F1500 E241.14053
;MESH:test.stl
G0 F7200 X80.665 Y91.993
G0 X79.58 Y91.993
G0 X79.24 Y92.074
;TYPE:FILL
G1 F1500 E247.64053
G1 F3600 X72.074 Y99.24 E247.70407
G1 X72.068 Y99.24
G1 X70.76 Y97.931 E247.71568
G0 F7200 X70.76 Y97.725
G1 F3600 X77.725 Y90.76 E247.77744
G1 X77.731 Y90.76
G1 X79.24 Y92.269 E247.79082
G1 X79.268 Y92.297
G0 F7200 X79.1 Y92.297
G0 X79.1 Y94.902
G0 X79.24 Y94.902
G1 F3600 X74.902 Y99.24 E247.82929
G1 X74.897 Y99.24
G1 X70.76 Y95.103 E247.86597
G0 F7200 X70.76 Y94.897
G1 F3600 X74.897 Y90.76 E247.90266
G1 X74.902 Y90.76
G1 X79.24 Y95.097 E247.94112
G1 X79.268 Y95.125
G0 F7200 X79.1 Y95.125
G0 X79.1 Y97.731
G0 X79.24 Y97.731
G1 F3600 X77.731 Y99.24 E247.9545
G1 X77.725 Y99.24
G1 X70.76 Y92.275 E248.01626
G0 F7200 X70.76 Y92.068
G1 F3600 X72.068 Y90.76 E248.02786
G1 X72.074 Y90.76
G1 X79.24 Y97.926 E248.0914
G1 X79.268 Y97.954
G0 F7200 X79.1 Y97.954
G0 X79.13 Y99.13
G0 X79.4 Y99.4
;TYPE:WALL-INNER
G1 F3600 X79.4 Y90.6 E248.14658
G1 X70.6 Y90.6 E248.20176
G1 X70.6 Y99.4 E248.25693
G1 X79.4 Y99.4 E248.31211
G0 F7200 X79.8 Y99.8
;TYPE:WALL-OUTER
G1 F1800 X79.8 Y90.2 E248.37231
G1 X70.2 Y90.2 E248.4325
G1 X70.2 Y99.8 E248.49269
G1 X79.8 Y99.8 E248.55289
G0 F7200 X79.8 Y99.6
G0 X78.8 Y98.918
G1 F1500 E242.05289
G0 F7200 X70.42 Y97.931
G0 X69.335 Y97.931
G0 X60.665 Y97.931
G0 X59.58 Y97.931
G0 X59.24 Y97.931
;TYPE:FILL
G1 F1500 E248.55289
G1 F3600 X57.931 Y99.24 E248.56449
G1 X57.926 Y99.24
G1 X50.76 Y92.073 E248.62804
G1 X50.76 Y92.269
G1 X52.269 Y90.76 E248.64142
G1 X52.275 Y90.76
G1 X59.24 Y97.725 E248.70319
G1 X59.268 Y97.753
G0 F7200 X59.1 Y97.753
G0 X59.1 Y95.103
G0 X59.24 Y95.103
G1 F3600 X55.103 Y99.24 E248.73987
G1 X55.098 Y99.24
G1 X50.76 Y94.902 E248.77834
G1 X50.76 Y95.097
G1 X55.098 Y90.76 E248.8168
G1 X55.103 Y90.76
G1 X59.24 Y94.897 E248.85348
G1 X59.268 Y94.925
G0 F7200 X59.1 Y94.925
G0 X59.1 Y92.275
G0 X59.24 Y92.275
G1 F3600 X52.274 Y99.24 E248.91525
G1 X52.269 Y99.24
G1 X50.76 Y97.73 E248.92863
G1 X50.76 Y97.926
G1 X57.926 Y90.76 E248.99218
G1 X57.932 Y90.76
G1 X59.24 Y92.068 E249.00378
G1 X59.268 Y92.096
G0 F7200 X59.1 Y92.096
G0 X59.13 Y99.13
G0 X59.4 Y99.4
;TYPE:WALL-INNER
G1 F3600 X59.4 Y90.6 E249.05895
G1 X50.6 Y90.6 E249.11413
G1 X50.6 Y99.4 E249.16931
G1 X59.4 Y99.4 E249.22449
G0 F7200 X59.8 Y99.8
;TYPE:WALL-OUTER
G1 F1800 X59.8 Y90.2 E249.28468
G1 X50.2 Y90.2 E249.34487
G1 X50.2 Y99.8 E249.40507
G1 X59.8 Y99.8 E249.46526
G0 F7200 X59.8 Y99.6
G0 X58.8 Y98.918
G1 F1500 E242.96526
;MESH:NONMESH
G0 F600 X58.8 Y98.918 Z8.7
G0 F7200 X50.42 Y91.442
G0 X49.335 Y91.442
G0 X42.56 Y91.442
;TIME_ELAPSED:1135.252378
;LAYER:84
;TYPE:SUPPORT
G1 F1500 E249.46526
G1 F3600 X42.56 Y97.624 E249.50402
G1 X41.704 Y97.404 E249.50957
G1 X41.082 Y96.762 E249.51517
G1 X40.878 Y95.923 E249.52058
G1 X41.165 Y95.041 E249.5264
G1 X41.403 Y94.733 E249.52884
G1 X40.849 Y94.231 E249.53353
G1 X40.605 Y93.441 E249.53871
G1 X40.865 Y92.641 E249.54399
G1 X41.534 Y91.998 E249.54981
G1 X42.181 Y91.828 E249.554
G1 X42.527 Y91.453 E249.5572
G1 X43.402 Y91.162 E249.56298
G1 X44.244 Y91.372 E249.56842
G1 X44.83 Y92.016 E249.57388
G1 X44.943 Y92.48 E249.57688
G1 X45.22 Y92.55 E249.57867
G1 X45.22 Y97.596 E249.61031
G1 X45.449 Y97.835 E249.61238
G1 X46.287 Y98.124 E249.61794
G1 X47.132 Y97.912 E249.6234
G1 X47.715 Y97.304 E249.62868
G1 X47.754 Y97.129 E249.62981
G1 X47.849 Y97.039 E249.63063
G1 X47.88 Y96.915 E249.63143
G1 X47.88 Y95.667 E249.63926
G0 F7200 X47.88 Y94.453
G1 F3600 X47.88 Y92.362 E249.65237
G1 F1500 E243.15237
G0 F7200 X49.347 Y89.347
G0 X60.653 Y89.347
G0 X63.84 Y91.926
G1 F1500 E249.65237
G1 F3600 X63.84 Y97.921 E249.68996
G1 X63.065 Y98.169 E249.69506
G1 X62.237 Y97.964 E249.70041
G1 X61.601 Y97.334 E249.70602
G1 X61.396 Y96.516 E249.71131
G1 X61.684 Y95.657 E249.71699
G1 X62.39 Y94.922 E249.72338
G1 X62.2 Y94.718 E249.72513
G1 X62.119 Y94.437 E249.72696
G1 X62.022 Y94.338 E249.72783
G1 X61.743 Y93.47 E249.73355
G1 X61.948 Y92.625 E249.739
G1 X62.535 Y91.982 E249.74446
G1 X63.379 Y91.773 E249.74991
G1 X64.255 Y92.062 E249.75569
G1 X64.834 Y92.693 E249.76106
G1 X65.052 Y92.152 E249.76472
G1 X65.702 Y91.428 E249.77082
G1 X66.557 Y91.143 E249.77647
G1 X67.385 Y91.362 E249.78184
G1 X67.976 Y92.028 E249.78743
G1 X68.182 Y92.887 E249.79296
G1 X67.898 Y93.85 E249.79926
G1 X67.765 Y94.155 E249.80135
G1 X67.525 Y94.411 E249.80355
G1 X67.785 Y94.697 E249.80597
G1 X67.941 Y94.981 E249.808
G1 X68.228 Y95.89 E249.81398
G1 X68.023 Y96.772 E249.81966
G1 X67.435 Y97.387 E249.82499
G1 X66.597 Y97.601 E249.83041
G1 X66.5 Y97.567 E249.83106
G1 X66.5 Y91.162 E249.87122
G1 F1500 E243.37122
G0 F7200 X69.347 Y89.347
G0 X80.653 Y89.347
G0 X82.46 Y94.897
G1 F1500 E249.87122
G1 F3600 X82.46 Y97.05 E249.88472
G1 X82.837 Y97.435 E249.8881
G1 X83.655 Y97.644 E249.89339
G1 X84.537 Y97.354 E249.89921
G1 X84.843 Y97.038 E249.90197
G1 X85.12 Y97.293 E249.90433
G1 X85.12 Y91.873 E249.93832
G1 X85.653 Y92.471 E249.94334
G1 X85.842 Y92.961 E249.94663
G1 X86.688 Y92.084 E249.95427
G1 X87.651 Y91.778 E249.96061
G1 X88.514 Y91.978 E249.96616
G1 X89.115 Y92.607 E249.97162
G1 X89.321 Y93.43 E249.97694
G1 X89.032 Y94.316 E249.98278
G1 X88.036 Y95.302 E249.99157
G1 X88.24 Y95.513 E249.99341
G1 X88.528 Y96.365 E249.99905
G1 X88.322 Y97.22 E250.00456
G1 X87.78 Y97.754 E250.00933
G1 X87.78 Y91.808 E250.04662
G1 F1500 E243.54662
;MESH:test.stl
G0 F7200 X80.665 Y91.808
G0 X79.58 Y91.808
G0 X79.24 Y92.074
;TYPE:FILL
G1 F1500 E250.04662
G1 F3600 X72.074 Y99.24 E250.11016
G1 X72.068 Y99.24
G1 X70.76 Y97.931 E250.12176
G0 F7200 X70.76 Y97.725
G1 F3600 X77.725 Y90.76 E250.18352
G1 X77.731 Y90.76
G1 X79.24 Y92.269 E250.1969
G1 X79.268 Y92.297
G0 F7200 X79.1 Y92.297
G0 X79.1 Y94.902
G0 X79.24 Y94.902
G1 F3600 X74.902 Y99.24 E250.23537
G1 X74.897 Y99.24
G1 X70.76 Y95.103 E250.27206
G0 F7200 X70.76 Y94.897
G1 F3600 X74.897 Y90.76 E250.30874
G1 X74.902 Y90.76
G1 X79.24 Y95.097 E250.3472
G1 X79.268 Y95.125
G0 F7200 X79.1 Y95.125
G0 X79.1 Y97.731
G0 X79.24 Y97.731
G1 F3600 X77.731 Y99.24 E250.36058
G1 X77.725 Y99.24
G1 X70.76 Y92.275 E250.42234
G0 F7200 X70.76 Y92.068
G1 F3600 X72.068 Y90.76 E250.43394
G1 X72.074 Y90.76
G1 X79.24 Y97.926 E250.49749
G1 X79.268 Y97.954
G0 F7200 X79.1 Y97.954
G0 X79.13 Y99.13
G0 X79.4 Y99.4
;TYPE:WALL-INNER
G1 F3600 X79.4 Y90.6 E250.55266
G1 X70.6 Y90.6 E250.60784
G1 X70.6 Y99.4 E250.66302
G1 X79.4 Y99.4 E250.7182
G0 F7200 X79.8 Y99.8
;TYPE:WALL-OUTER
G1 F1800 X79.8 Y90.2 E250.77839
G1 X70.2 Y90.2 E250.83858
G1 X70.2 Y99.8 E250.89878
G1 X79.8 Y99.8 E250.95897
G0 F7200 X79.8 Y99.6
G0 X78.8 Y98.918
G1 F1500 E244.45897
G0 F7200 X70.42 Y97.931
G0 X69.335 Y97.931
G0 X60.665 Y97.931
G0 X59.58 Y97.931
G0 X59.24 Y97.931
;TYPE:FILL
G1 F1500 E250.95897
G1 F3600 X57.931 Y99.24 E250.97058
G1 X57.926 Y99.24
G1 X50.76 Y92.073 E251.03413
G1 X50.76 Y92.269
G1 X52.269 Y90.76 E251.04751
G1 X52.275 Y90.76
G1 X59.24 Y97.725 E251.10927
G1 X59.268 Y97.753
G0 F7200 X59.1 Y97.753
G0 X59.1 Y95.103
G0 X59.24 Y95.103
G1 F3600 X55.103 Y99.24 E251.14595
G1 X55.098 Y99.24
G1 X50.76 Y94.902 E251.18442
G1 X50.76 Y95.097
G1 X55.098 Y90.76 E251.22288
G1 X55.103 Y90.76
G1 X59.24 Y94.897 E251.25957
G1 X59.268 Y94.925
G0 F7200 X59.1 Y94.925
G0 X59.1 Y92.275
G0 X59.24 Y92.275
G1 F3600 X52.274 Y99.24 E251.32133
G1 X52.269 Y99.24
G1 X50.76 Y97.73 E251.33472
G1 X50.76 Y97.926
G1 X57.926 Y90.76 E251.39826
G1 X57.932 Y90.76
G1 X59.24 Y92.068 E251.40986
G1 X59.268 Y92.096
G0 F7200 X59.1 Y92.096
G0 X59.13 Y99.13
G0 X59.4 Y99.4
;TYPE:WALL-INNER
G1 F3600 X59.4 Y90.6 E251.46504
G1 X50.6 Y90.6 E251.52022
G1 X50.6 Y99.4 E251.57539
G1 X59.4 Y99.4 E251.63057
G0 F7200 X59.8 Y99.8
;TYPE:WALL-OUTER
G1 F1800 X59.8 Y90.2 E251.69076
G1 X50.2 Y90.2 E251.75096
G1 X50.2 Y99.8 E251.81115
G1 X59.8 Y99.8 E251.87135
G0 F7200 X59.8 Y99.6
G0 X58.8 Y98.918
G1 F1500 E245.37135
;MESH:NONMESH
G0 F600 X58.8 Y98.918 Z8.8
G0 F7200 X50.42 Y91.522
G0 X49.335 Y91.522
G0 X42.56 Y91.522
;TIME_ELAPSED:1147.650725
;LAYER:85
;TYPE:SUPPORT
G1 F1500 E251.87135
G1 F3600 X42.56 Y97.729 E251.91027
G1 X42.316 Y97.81 E251.91188
G1 X41.583 Y97.615 E251.91663
G1 X41.01 Y97.012 E251.92185
G1 X40.825 Y96.229 E251.92689
G1 X41.086 Y95.402 E251.93233
G1 X41.42 Y94.924 E251.93599
G1 X40.594 Y94.185 E251.94294
G1 X40.365 Y93.461 E251.9477
G1 X40.603 Y92.733 E251.9525
G1 X41.225 Y92.142 E251.95788
G1 X42.234 Y91.879 E251.96442
G1 X42.804 Y91.255 E251.96972
G1 X43.616 Y90.982 E251.97509
G1 X44.391 Y91.173 E251.98009
G1 X44.927 Y91.766 E251.98511
G1 X45.075 Y92.392 E251.98914
G1 X45.22 Y92.428 E251.99008
G1 X45.22 Y97.583 E252.0224
G1 X45.686 Y98.084 E252.02669
G1 X46.442 Y98.346 E252.03171
G1 X47.198 Y98.144 E252.03661
G1 X47.738 Y97.564 E252.04158
G1 X47.768 Y97.437 E252.0424
G1 X47.88 Y97.33 E252.04337
G1 X47.88 Y95.515 E252.05475
G0 F7200 X47.88 Y94.216
G1 F3600 X47.88 Y92.04 E252.06839
G1 F1500 E245.56839
G0 F7200 X49.347 Y89.347
G0 X60.653 Y89.347
G0 X63.84 Y91.851
G1 F1500 E252.06839
G1 F3600 X63.84 Y97.808 E252.10575
G1 X63.62 Y98.021 E252.10767
G1 X62.784 Y98.291 E252.11317
G1 X62.024 Y98.106 E252.11808
G1 X61.438 Y97.526 E252.12325
G1 X61.252 Y96.772 E252.12812
G1 X61.521 Y95.981 E252.13336
G1 X62.375 Y95.09 E252.1411
G1 X62.799 Y94.949 E252.1439
G1 X62.118 Y94.252 E252.15001
G1 X61.917 Y93.985 E252.1521
G1 X61.649 Y93.172 E252.15747
G1 X61.836 Y92.4 E252.16245
G1 X62.375 Y91.813 E252.16745
G1 X63.156 Y91.624 E252.17249
G1 X63.97 Y91.893 E252.17786
G1 X64.757 Y92.74 E252.18511
G1 X65.032 Y92.674 E252.18688
G1 X65.181 Y92.187 E252.19008
G1 X65.325 Y91.886 E252.19217
G1 X65.937 Y91.201 E252.19793
G1 X66.725 Y90.935 E252.20314
G1 X67.489 Y91.133 E252.20809
G1 X68.029 Y91.742 E252.2132
G1 X68.216 Y92.537 E252.21832
G1 X67.955 Y93.416 E252.22407
G1 X67.805 Y93.731 E252.22625
G1 X67.401 Y94.164 E252.22997
G1 X68.084 Y94.93 E252.2364
G1 X68.272 Y95.722 E252.24151
G1 X68.213 Y95.921 E252.24281
G1 X68.304 Y96.21 E252.24471
G1 X68.12 Y97.024 E252.24994
G1 X67.583 Y97.583 E252.2548
G1 X66.807 Y97.775 E252.25981
G1 X66.5 Y97.668 E252.26185
G1 X66.5 Y91.01 E252.3036
G1 F1500 E245.8036
G0 F7200 X69.347 Y89.347
G0 X80.653 Y89.347
G0 X87.78 Y95.172
G1 F1500 E252.3036
G1 F3600 X88.408 Y95.823 E252.30927
G1 X88.679 Y96.614 E252.31451
G1 X88.492 Y97.401 E252.31959
G1 X87.941 Y97.944 E252.32444
G1 X87.78 Y97.981 E252.32547
G1 X87.78 Y95.172 E252.34308
G1 F1500 E245.84308
G0 F7200 X87.78 Y91.71
G1 F1500 E252.34308
G1 F3600 X87.78 Y95.032 E252.36391
G1 X88.336 Y94.851 E252.36758
G1 X89.2 Y93.996 E252.3752
G1 X89.471 Y93.174 E252.38063
G1 X89.284 Y92.42 E252.3855
G1 X88.732 Y91.844 E252.3905
G1 X87.934 Y91.661 E252.39564
G1 X87.04 Y91.948 E252.40152
G1 X86.195 Y92.827 E252.40917
G1 X86.079 Y93.165 E252.41141
G1 X85.722 Y93.155 E252.41365
G1 X85.432 Y92.193 E252.41995
G1 X85.12 Y91.838 E252.42291
G1 X85.12 Y97.559 E252.45878
G1 X84.632 Y97.111 E252.46294
G1 X84.231 Y97.525 E252.46655
G1 X83.411 Y97.796 E252.47197
G1 X82.66 Y97.607 E252.47682
G1 X82.46 Y97.403 E252.47861
G1 X82.46 Y95.108 E252.493
G1 F1500 E245.993
;MESH:test.stl
G0 F7200 X80.665 Y95.108
G0 X79.58 Y95.108
G0 X79.24 Y95.097
;TYPE:FILL
G1 F1500 E252.493
G1 F3600 X74.902 Y90.76 E252.53147
G1 X74.897 Y90.76
G1 X70.76 Y94.897 E252.56815
G0 F7200 X70.76 Y95.103
G1 F3600 X74.897 Y99.24 E252.60483
G1 X74.902 Y99.24
G1 X79.24 Y94.902 E252.6433
G1 X79.268 Y94.874
G0 F7200 X79.1 Y94.874
G0 X79.1 Y92.269
G0 X79.24 Y92.269
G1 F3600 X77.731 Y90.76 E252.65668
G1 X77.725 Y90.76
G1 X70.76 Y97.725 E252.71844
G0 F7200 X70.76 Y97.931
G1 F3600 X72.068 Y99.24 E252.73005
G1 X72.074 Y99.24
G1 X79.24 Y92.074 E252.79359
G1 X79.268 Y92.046
G0 F7200 X79.1 Y92.046
G0 X79.1 Y97.731
G0 X79.24 Y97.731
G1 F3600 X77.731 Y99.24 E252.80697
G1 X77.725 Y99.24
G1 X70.76 Y92.275 E252.86873
G0 F7200 X70.76 Y92.068
G1 F3600 X72.068 Y90.76 E252.88033
G1 X72.074 Y90.76
G1 X79.24 Y97.926 E252.94387
G1 X79.268 Y97.954
G0 F7200 X79.1 Y97.954
G0 X79.13 Y99.13
G0 X79.4 Y99.4
;TYPE:WALL-INNER
G1 F3600 X79.4 Y90.6 E252.99905
G1 X70.6 Y90.6 E253.05423
G1 X70.6 Y99.4 E253.10941
G1 X79.4 Y99.4 E253.16458
G0 F7200 X79.8 Y99.8
;TYPE:WALL-OUTER
G1 F1800 X79.8 Y90.2 E253.22478
G1 X70.2 Y90.2 E253.28497
G1 X70.2 Y99.8 E253.34517
G1 X79.8 Y99.8 E253.40536
G0 F7200 X79.8 Y99.6
G0 X78.8 Y98.918
G1 F1500 E246.90536
G0 F7200 X70.42 Y97.931
G0 X69.335 Y97.931
G0 X60.665 Y97.931
G0 X59.58 Y97.931
G0 X59.24 Y97.931
;TYPE:FILL
G1 F1500 E253.40536
G1 F3600 X57.931 Y99.24 E253.41697
G1 X57.926 Y99.24
G1 X50.76 Y92.073 E253.48052
G1 X50.76 Y92.269
G1 X52.269 Y90.76 E253.4939
G1 X52.275 Y90.76
G1 X59.24 Y97.725 E253.55566
G1 X59.268 Y97.753
G0 F7200 X59.1 Y97.753
G0 X59.1 Y95.103
G0 X59.24 Y95.103
G1 F3600 X55.103 Y99.24 E253.59234
G1 X55.098 Y99.24
G1 X50.76 Y94.902 E253.63081
G1 X50.76 Y95.097
G1 X55.098 Y90.76 E253.66927
G1 X55.103 Y90.76
G1 X59.24 Y94.897 E253.70595
G1 X59.268 Y94.925
G0 F7200 X59.1 Y94.925
G0 X59.1 Y92.275
G0 X59.24 Y92.275
G1 F3600 X52.274 Y99.24 E253.76772
G1 X52.269 Y99.24
G1 X50.76 Y97.73 E253.78111
G1 X50.76 Y97.926
G1 X57.926 Y90.76 E253.84465
G1 X57.932 Y90.76
G1 X59.24 Y92.068 E253.85625
G1 X59.268 Y92.096
G0 F7200 X59.1 Y92.096
G0 X59.13 Y99.13
G0 X59.4 Y99.4
;TYPE:WALL-INNER
G1 F3600 X59.4 Y90.6 E253.91143
G1 X50.6 Y90.6 E253.9666
G1 X50.6 Y99.4 E254.02178
G1 X59.4 Y99.4 E254.07696
G0 F7200 X59.8 Y99.8
;TYPE:WALL-OUTER
G1 F1800 X59.8 Y90.2 E254.13715
G1 X50.2 Y90.2 E254.19735
G1 X50.2 Y99.8 E254.25754
G1 X59.8 Y99.8 E254.31773
G0 F7200 X59.8 Y99.6
G0 X58.8 Y98.918
G1 F1500 E247.81773
;MESH:NONMESH
G0 F600 X58.8 Y98.918 Z8.9
G0 F7200 X50.42 Y91.658
G0 X49.335 Y91.658
G0 X42.56 Y91.658
;TIME_ELAPSED:1160.754063
;LAYER:86
;TYPE:SUPPORT
G1 F1500 E254.31773
G1 F3600 X42.56 Y97.864 E254.35665
G1 X42.136 Y98.008 E254.35945
G1 X41.469 Y97.83 E254.36378
G1 X40.948 Y97.275 E254.36856
G1 X40.781 Y96.554 E254.3732
G1 X41.026 Y95.777 E254.3783
G1 X41.185 Y95.497 E254.38032
G1 X41.767 Y94.848 E254.38579
G1 X40.966 Y94.63 E254.39099
G1 X40.355 Y94.079 E254.39615
G1 X40.129 Y93.414 E254.40056
G1 X40.335 Y92.754 E254.40489
G1 X40.892 Y92.227 E254.4097
G1 X41.692 Y92.036 E254.41486
G1 X41.952 Y92.079 E254.41651
G1 X42.268 Y92.056 E254.4185
G1 X42.418 Y91.811 E254.4203
G1 X43.097 Y91.08 E254.42655
G1 X43.846 Y90.829 E254.43151
G1 X44.562 Y90.997 E254.43612
G1 X45.052 Y91.531 E254.44066
G1 X45.22 Y92.251 E254.4453
G1 X45.22 Y93.295 E254.45184
G1 X45.305 Y93.295 E254.45238
G1 X45.46 Y93.962 E254.45667
G1 X45.979 Y94.519 E254.46144
G1 X46.136 Y94.56 E254.46246
G1 X46.125 Y94.945 E254.46488
G1 X45.755 Y95.028 E254.46725
G1 X45.22 Y95.565 E254.47201
G1 X45.22 Y97.489 E254.48407
G1 X45.283 Y97.697 E254.48543
G1 X45.841 Y98.304 E254.4906
G1 X46.649 Y98.527 E254.49586
G1 X47.241 Y98.378 E254.49969
G1 X47.88 Y97.667 E254.50568
G1 X47.88 Y95.139 E254.52153
G1 X47.687 Y94.931 E254.52331
G1 X47.061 Y94.782 E254.52735
G1 X47.88 Y93.906 E254.53487
G1 X47.88 Y91.692 E254.54875
G1 F1500 E248.04875
G0 F7200 X49.347 Y89.347
G0 X60.653 Y89.347
G0 X63.84 Y91.858
G1 F1500 E254.54875
G1 F3600 X64.258 Y92.319 E254.55265
G1 X64.46 Y92.606 E254.55485
G1 X64.71 Y93.357 E254.55981
G1 X64.545 Y94.095 E254.56456
G1 X64.056 Y94.595 E254.56894
G1 X63.84 Y94.647 E254.57033
G1 X63.24 Y94.79 E254.5742
G1 X63.242 Y94.732 E254.57456
G1 X62.621 Y94.516 E254.57869
G1 X61.944 Y93.822 E254.58477
G1 X61.911 Y93.704 E254.58553
G1 X61.834 Y93.625 E254.58623
G1 X61.597 Y92.884 E254.5911
G1 X61.766 Y92.166 E254.59573
G1 X62.254 Y91.62 E254.60032
G1 X62.955 Y91.445 E254.60485
G1 X63.692 Y91.694 E254.60973
G1 X63.84 Y91.858 E254.61111
G1 X63.84 Y94.647 E254.6286
G1 F1500 E248.1286
G0 F7200 X63.84 Y98.019
G1 F1500 E254.6286
G1 F3600 X63.84 Y95.48 E254.64452
G1 X64.302 Y95.969 E254.64874
G1 X64.558 Y96.759 E254.65395
G1 X64.388 Y97.498 E254.6587
G1 X63.9 Y98.004 E254.66311
G1 X63.311 Y98.148 E254.66691
G1 X63.273 Y98.186 E254.66725
G1 X62.532 Y98.435 E254.67215
G1 X61.913 Y98.252 E254.6762
G1 X61.295 Y97.635 E254.68167
G1 X61.18 Y97.206 E254.68446
G1 X61.18 Y96.913 E254.68629
G1 F1500 E248.18629
G0 F7200 X66.5 Y97.754
G1 F1500 E254.68629
G1 F3600 X66.314 Y97.689 E254.68753
G1 X65.633 Y96.988 E254.69366
G1 X65.6 Y96.874 E254.6944
G1 X65.464 Y96.733 E254.69563
G1 X65.254 Y96.01 E254.70035
G1 X65.254 Y95.9 E254.70104
G1 X65.469 Y95.162 E254.70586
G1 X65.552 Y95.071 E254.70663
G1 X65.671 Y94.812 E254.70842
G1 X66.327 Y94.09 E254.71454
G1 X65.906 Y93.979 E254.71727
G1 X65.386 Y93.42 E254.72205
G1 X65.217 Y92.69 E254.72675
G1 X65.458 Y91.916 E254.73184
G1 X65.616 Y91.624 E254.73392
G1 X66.181 Y90.998 E254.7392
G1 X66.5 Y90.89 E254.74132
G1 X66.915 Y90.75 E254.74406
G1 X67.616 Y90.925 E254.74859
G1 X68.105 Y91.473 E254.7532
G1 X68.273 Y92.196 E254.75785
G1 X68.032 Y92.976 E254.76297
G1 X67.857 Y93.31 E254.76534
G1 X67.201 Y94.009 E254.77135
G1 X67.651 Y94.127 E254.77426
G1 X68.142 Y94.678 E254.77889
G1 X68.312 Y95.402 E254.78355
G1 X68.174 Y95.853 E254.78651
G1 X68.395 Y96.523 E254.79093
G1 X68.229 Y97.264 E254.7957
G1 X67.742 Y97.768 E254.80009
G1 X67.025 Y97.939 E254.80471
G1 X66.5 Y97.754 E254.8082
G1 X66.5 Y90.89 E254.85124
G1 F1500 E248.35124
G0 F7200 X69.347 Y89.347
G0 X80.653 Y89.347
G0 X87.78 Y94.734
G1 F1500 E254.85124
G1 F3600 X87.743 Y94.745 E254.85148
G1 X87.043 Y94.58 E254.85599
G1 X86.51 Y94.055 E254.86068
G1 X86.34 Y93.369 E254.86511
G1 X86.593 Y92.642 E254.86994
G1 X87.285 Y91.924 E254.87619
G1 X87.78 Y91.777 E254.87943
G1 X88.22 Y91.648 E254.88231
G1 X88.983 Y91.819 E254.88721
G1 X89.512 Y92.34 E254.89186
G1 X89.696 Y93.004 E254.89619
G1 X89.454 Y93.722 E254.90094
G1 X88.866 Y94.267 E254.90596
G1 X88.716 Y94.312 E254.90694
G1 X88.513 Y94.496 E254.90866
G1 X87.78 Y94.734 E254.9135
G1 X87.78 Y91.777 E254.93204
G1 F1500 E248.43204
G0 F7200 X85.12 Y91.504
G1 F1500 E254.93204
G1 F3600 X85.12 Y93.997 E254.94767
G1 X84.845 Y94.3 E254.95023
G1 X84.037 Y94.523 E254.95549
G1 X84.799 Y95.347 E254.96253
G1 X84.967 Y95.194 E254.96395
G1 X86.122 Y94.884 E254.97145
G1 X86.882 Y95.058 E254.97634
G1 X86.947 Y95.043 E254.97676
G1 X87.788 Y95.319 E254.98231
G1 X88.576 Y96.135 E254.98942
G1 X88.829 Y96.862 E254.99425
G1 X88.661 Y97.578 E254.99886
G1 X88.158 Y98.072 E255.00328
G1 X87.78 Y98.157 E255.00571
G1 X87.78 Y95.317 E255.02351
G1 F1500 E248.52351
G0 F7200 X85.12 Y95.152
G1 F1500 E255.02351
G1 F3600 X85.12 Y97.645 E255.03915
G1 X84.938 Y97.6 E255.04032
G1 X84.455 Y97.162 E255.04441
G1 X83.922 Y97.709 E255.0492
G1 X83.176 Y97.961 E255.05414
G1 X82.46 Y97.783 E255.05876
G1 X82.46 Y95.336 E255.0741
G1 F1500 E248.5741
;MESH:test.stl
G0 F7200 X80.665 Y95.336
G0 X79.58 Y95.336
G0 X79.24 Y95.097
;TYPE:FILL
G1 F1500 E255.0741
G1 F3600 X74.902 Y90.76 E255.11257
G1 X74.897 Y90.76
G1 X70.76 Y94.897 E255.14925
G0 F7200 X70.76 Y95.103
G1 F3600 X74.897 Y99.24 E255.18594
G1 X74.902 Y99.24
G1 X79.24 Y94.902 E255.2244
G1 X79.268 Y94.874
G0 F7200 X79.1 Y94.874
G0 X79.1 Y92.269
G0 X79.24 Y92.269
G1 F3600 X77.731 Y90.76 E255.23778
G1 X77.725 Y90.76
G1 X70.76 Y97.725 E255.29954
G0 F7200 X70.76 Y97.931
G1 F3600 X72.068 Y99.24 E255.31115
G1 X72.074 Y99.24
G1 X79.24 Y92.074 E255.37469
G1 X79.268 Y92.046
G0 F7200 X79.1 Y92.046
G0 X79.1 Y97.731
G0 X79.24 Y97.731
G1 F3600 X77.731 Y99.24 E255.38807
G1 X77.725 Y99.24
G1 X70.76 Y92.275 E255.44983
G0 F7200 X70.76 Y92.068
G1 F3600 X72.068 Y90.76 E255.46143
G1 X72.074 Y90.76
G1 X79.24 Y97.926 E255.52498
G1 X79.268 Y97.954
G0 F7200 X79.1 Y97.954
G0 X79.13 Y99.13
G0 X79.4 Y99.4
;TYPE:WALL-INNER
G1 F3600 X79.4 Y90.6 E255.58015
G1 X70.6 Y90.6 E255.63533
G1 X70.6 Y99.4 E255.69051
G1 X79.4 Y99.4 E255.74569
G0 F7200 X79.8 Y99.8
;TYPE:WALL-OUTER
G1 F1800 X79.8 Y90.2 E255.80588
G1 X70.2 Y90.2 E255.86607
G1 X70.2 Y99.8 E255.92627
G1 X79.8 Y99.8 E255.98646
G0 F7200 X79.8 Y99.6
G0 X78.8 Y98.918
G1 F1500 E249.48646
G0 F7200 X70.42 Y97.931
G0 X69.335 Y97.931
G0 X60.665 Y97.931
G0 X59.58 Y97.931
G0 X59.24 Y97.931
;TYPE:FILL
G1 F1500 E255.98646
G1 F3600 X57.931 Y99.24 E255.99807
G1 X57.926 Y99.24
G1 X50.76 Y92.073 E256.06162
G1 X50.76 Y92.269
G1 X52.269 Y90.76 E256.075
G1 X52.275 Y90.76
G1 X59.24 Y97.725 E256.13676
G1 X59.268 Y97.753
G0 F7200 X59.1 Y97.753
G0 X59.1 Y95.103
G0 X59.24 Y95.103
G1 F3600 X55.103 Y99.24 E256.17344
G1 X55.098 Y99.24
G1 X50.76 Y94.902 E256.21191
G1 X50.76 Y95.097
G1 X55.098 Y90.76 E256.25037
G1 X55.103 Y90.76
G1 X59.24 Y94.897 E256.28706
G1 X59.268 Y94.925
G0 F7200 X59.1 Y94.925
G0 X59.1 Y92.275
G0 X59.24 Y92.275
G1 F3600 X52.274 Y99.24 E256.34882
G1 X52.269 Y99.24
G1 X50.76 Y97.73 E256.36221
G1 X50.76 Y97.926
G1 X57.926 Y90.76 E256.42575
G1 X57.932 Y90.76
G1 X59.24 Y92.068 E256.43735
G1 X59.268 Y92.096
G0 F7200 X59.1 Y92.096
G0 X59.13 Y99.13
G0 X59.4 Y99.4
;TYPE:WALL-INNER
G1 F3600 X59.4 Y90.6 E256.49253
G1 X50.6 Y90.6 E256.54771
G1 X50.6 Y99.4 E256.60288
G1 X59.4 Y99.4 E256.65806
G0 F7200 X59.8 Y99.8
;TYPE:WALL-OUTER
G1 F1800 X59.8 Y90.2 E256.71825
G1 X50.2 Y90.2 E256.77845
G1 X50.2 Y99.8 E256.83864
G1 X59.8 Y99.8 E256.89884
G0 F7200 X59.8 Y99.6
G0 X58.8 Y98.918
G1 F1500 E250.39884
;MESH:NONMESH
G0 F600 X58.8 Y98.918 Z9
G0 F7200 X50.42 Y92.001
G0 X49.335 Y92.001
G0 X42.56 Y92.001
;TIME_ELAPSED:1176.054409
;LAYER:87
;TYPE:SUPPORT
G1 F1500 E256.89884
G1 F3600 X42.56 Y94.432 E256.91408
G1 X42.44 Y94.538 E256.91508
G1 X41.855 Y94.722 E256.91893
G1 X42.113 Y95.137 E256.92199
G1 X42.298 Y95.073 E256.92322
G1 X42.927 Y95.233 E256.92729
G1 X43.369 Y95.735 E256.93148
G1 X43.518 Y96.395 E256.93572
G1 X43.298 Y97.107 E256.9404
G1 X43.24 Y97.167 E256.94092
G1 X43.138 Y97.476 E256.94296
G1 X42.652 Y98.007 E256.94747
G1 X42.078 Y98.203 E256.95128
G1 X41.956 Y98.159 E256.95209
G1 X41.377 Y98.03 E256.95581
G1 X40.94 Y97.548 E256.95989
G1 X40.783 Y96.874 E256.96423
G1 X41.037 Y96.025 E256.96979
G1 X41.115 Y95.89 E256.97076
G1 X41.73 Y95.201 E256.97655
G1 X41.518 Y94.887 E256.97893
G1 X41.325 Y94.953 E256.98021
G1 X40.714 Y94.798 E256.98416
G1 X40.244 Y94.308 E256.98842
G1 X40.097 Y93.658 E256.9926
G1 X40.206 Y93.328 E256.99478
G1 X40.158 Y93.172 E256.9958
G1 X40.313 Y92.498 E257.00014
G1 X40.753 Y91.988 E257.00436
G1 X41.374 Y91.823 E257.00839
G1 X42.025 Y92.048 E257.01271
G1 X42.398 Y92.473 E257.01625
G1 X42.658 Y91.717 E257.02127
G1 X43.392 Y90.942 E257.02796
G1 X44.108 Y90.703 E257.03269
G1 X44.761 Y90.849 E257.03689
G1 X45.22 Y91.332 E257.04106
G1 X45.22 Y92.371 E257.04758
G1 F1500 E250.54758
G0 F7200 X42.56 Y95.14
G1 F1500 E257.04758
G1 F3600 X42.56 Y98.039 E257.06576
G1 F1500 E250.56576
G0 F7200 X47.88 Y93.565
G1 F1500 E257.06576
G1 F3600 X47.479 Y93.988 E257.06941
G1 X46.816 Y94.219 E257.07381
G1 X46.209 Y94.061 E257.07775
G1 X45.741 Y93.562 E257.08204
G1 X45.593 Y92.908 E257.08624
G1 X45.821 Y92.2 E257.0909
G1 X45.988 Y91.926 E257.09292
G1 X46.515 Y91.347 E257.09782
G1 X47.189 Y91.114 E257.1023
G1 X47.822 Y91.268 E257.10638
G1 X47.88 Y91.333 E257.10693
G1 X47.88 Y93.565 E257.12092
G0 F7200 X47.88 Y94.774
G1 F3600 X47.88 Y98.089 E257.14171
G1 X47.438 Y98.529 E257.14562
G1 X46.777 Y98.676 E257.14986
G1 X46.376 Y98.553 E257.15249
G1 X45.643 Y98.38 E257.15722
G1 X45.22 Y97.995 E257.1608
G1 X45.22 Y96.657 E257.16919
G1 F1500 E250.66919
G0 F7200 X49.347 Y100.653
G0 X60.653 Y100.653
G0 X61.18 Y96.946
G1 F1500 E257.16919
G1 F3600 X61.18 Y97.684 E257.17382
G1 X61.217 Y97.809 E257.17464
G1 X61.762 Y98.354 E257.17947
G1 X62.461 Y98.56 E257.18404
G1 X62.956 Y98.388 E257.18733
G1 X63.117 Y98.22 E257.18878
G1 X63.407 Y98.322 E257.19071
G1 X64.053 Y98.171 E257.19487
G1 X64.493 Y97.717 E257.19884
G1 X64.641 Y97.049 E257.20313
G1 X64.387 Y96.288 E257.20816
G1 X63.84 Y95.692 E257.21323
G1 X63.84 Y98.221 E257.22909
G1 F1500 E250.72909
G0 F7200 X63.84 Y94.109
G1 F1500 E257.22909
G1 F3600 X63.757 Y94.195 E257.22984
G1 X63.12 Y94.353 E257.23395
G1 X62.49 Y94.129 E257.23814
G1 X61.998 Y93.612 E257.24262
G1 X61.663 Y93.291 E257.24553
G1 X61.442 Y92.658 E257.24973
G1 X61.62 Y91.982 E257.25411
G1 X62.126 Y91.414 E257.25888
G1 X62.757 Y91.258 E257.26296
G1 X63.428 Y91.492 E257.26742
G1 X63.84 Y91.947 E257.27126
G1 X63.84 Y94.109 E257.28482
G1 F1500 E250.78482
G0 F7200 X66.5 Y97.768
G1 F1500 E257.28482
G1 F3600 X66.037 Y97.29 E257.28899
G1 X65.84 Y97.025 E257.29106
G1 X65.609 Y96.332 E257.29564
G1 X65.679 Y96.019 E257.29765
G1 X65.575 Y95.559 E257.30061
G1 X65.832 Y94.751 E257.30593
G1 X66.5 Y94.027 E257.3121
G1 X66.5 Y97.768 E257.33556
G1 X66.608 Y97.88 E257.33654
G1 X67.252 Y98.109 E257.34082
G1 X67.9 Y97.957 E257.345
G1 X68.34 Y97.5 E257.34897
G1 X68.5 Y96.788 E257.35355
G1 X68.276 Y96.13 E257.35791
G1 X68.124 Y95.965 E257.35931
G1 X68.412 Y95.075 E257.36518
G1 X68.264 Y94.431 E257.36932
G1 X67.823 Y93.948 E257.37342
G1 X67.37 Y93.841 E257.37634
G1 X67.288 Y93.57 E257.37812
G1 X67.916 Y92.907 E257.38384
G1 X67.95 Y92.805 E257.38452
G1 X68.033 Y92.725 E257.38524
G1 X68.28 Y91.878 E257.39077
G1 X68.125 Y91.202 E257.39512
G1 X67.7 Y90.708 E257.39921
G1 X67.004 Y90.545 E257.40369
G1 X66.416 Y90.748 E257.40759
G1 X65.913 Y91.324 E257.41238
G1 X65.811 Y91.605 E257.41426
G1 X65.742 Y91.68 E257.4149
G1 X65.522 Y92.365 E257.41941
G1 X65.67 Y93.018 E257.42361
G1 X66.138 Y93.515 E257.42789
G1 X66.5 Y93.608 E257.43023
G1 X66.5 Y90.719 E257.44835
G1 F1500 E250.94835
G0 F7200 X69.347 Y89.347
G0 X80.653 Y89.347
G0 X87.78 Y95.607
G1 F1500 E257.44835
G1 F3600 X87.941 Y95.659 E257.44941
G1 X88.178 Y95.854 E257.45133
G1 X88.755 Y96.445 E257.45651
G1 X88.987 Y97.097 E257.46085
G1 X88.836 Y97.746 E257.46503
G1 X88.383 Y98.186 E257.46899
G1 X87.78 Y98.319 E257.47286
G1 X87.78 Y95.607 E257.48986
G1 X87.232 Y95.427 E257.49348
G1 X86.731 Y95.536 E257.4967
G1 X86.465 Y95.282 E257.499
G1 X86.317 Y95.25 E257.49995
G1 X86.12 Y95.013 E257.50188
G1 X85.489 Y94.805 E257.50605
G1 X85.12 Y94.912 E257.50846
G1 X85.12 Y97.922 E257.52733
G1 X84.786 Y97.833 E257.5295
G1 X84.246 Y97.252 E257.53447
G1 X83.627 Y97.89 E257.54005
G1 X82.943 Y98.126 E257.54458
G1 X82.324 Y97.973 E257.54858
G1 X81.856 Y97.491 E257.55279
G1 X81.709 Y96.846 E257.55694
G1 X81.807 Y96.552 E257.55888
G1 X81.747 Y96.359 E257.56015
G1 X81.895 Y95.706 E257.56435
G1 X82.335 Y95.211 E257.5685
G1 X82.46 Y95.18 E257.56931
G1 X82.46 Y98.006 E257.58703
G1 F1500 E251.08703
G0 F7200 X85.12 Y93.659
G1 F1500 E257.58703
G1 F3600 X85.12 Y91.339 E257.60158
G1 X85.321 Y91.382 E257.60287
G1 X85.794 Y91.851 E257.60704
G1 X85.954 Y92.455 E257.61096
G1 X85.724 Y93.116 E257.61535
G1 X85.182 Y93.628 E257.62002
G1 X84.884 Y93.774 E257.6221
G1 X84.071 Y93.996 E257.62739
G1 X83.434 Y93.806 E257.63156
G1 X82.895 Y93.279 E257.63628
G1 X82.693 Y93 E257.63844
G1 X82.46 Y92.257 E257.64333
G1 X82.46 Y92.127 E257.64414
G1 F1500 E251.14414
G0 F7200 X87.78 Y94.317
G1 F1500 E257.64414
G1 F3600 X87.417 Y94.212 E257.64651
G1 X86.906 Y93.742 E257.65086
G1 X86.74 Y93.143 E257.65476
G1 X86.963 Y92.518 E257.65892
G1 X87.22 Y92.269 E257.66117
G1 X87.257 Y92.129 E257.66207
G1 X87.719 Y91.581 E257.66657
G1 X87.78 Y91.561 E257.66697
G1 X88.347 Y91.38 E257.6707
G1 X88.967 Y91.57 E257.67477
G1 X89.418 Y92.108 E257.67917
G1 X89.708 Y93.243 E257.68651
G1 X89.558 Y93.936 E257.69096
G1 X89.117 Y94.411 E257.69502
G1 X88.485 Y94.571 E257.69911
G1 X87.835 Y94.334 E257.70345
G1 X87.78 Y94.317 E257.70381
G1 X87.78 Y91.561 E257.72109
G1 F1500 E251.22109
;MESH:test.stl
G0 F7200 X80.665 Y91.561
G0 X79.58 Y91.561
G0 X79.24 Y92.074
;TYPE:FILL
G1 F1500 E257.72109
G1 F3600 X72.074 Y99.24 E257.78464
G1 X72.068 Y99.24
G1 X70.76 Y97.931 E257.79624
G0 F7200 X70.76 Y97.725
G1 F3600 X77.725 Y90.76 E257.858
G1 X77.731 Y90.76
G1 X79.24 Y92.269 E257.87138
G1 X79.268 Y92.297
G0 F7200 X79.1 Y92.297
G0 X79.1 Y94.902
G0 X79.24 Y94.902
G1 F3600 X74.902 Y99.24 E257.90985
G1 X74.897 Y99.24
G1 X70.76 Y95.103 E257.94653
G0 F7200 X70.76 Y94.897
G1 F3600 X74.897 Y90.76 E257.98322
G1 X74.902 Y90.76
G1 X79.24 Y95.097 E258.02168
G1 X79.268 Y95.125
G0 F7200 X79.1 Y95.125
G0 X79.1 Y97.731
G0 X79.24 Y97.731
G1 F3600 X77.731 Y99.24 E258.03506
G1 X77.725 Y99.24
G1 X70.76 Y92.275 E258.09682
G0 F7200 X70.76 Y92.068
G1 F3600 X72.068 Y90.76 E258.10842
G1 X72.074 Y90.76
G1 X79.24 Y97.926 E258.17196
G1 X79.268 Y97.954
G0 F7200 X79.1 Y97.954
G0 X79.13 Y99.13
G0 X79.4 Y99.4
;TYPE:WALL-INNER
G1 F3600 X79.4 Y90.6 E258.22714
G1 X70.6 Y90.6 E258.28232
G1 X70.6 Y99.4 E258.3375
G1 X79.4 Y99.4 E258.39267
G0 F7200 X79.8 Y99.8
;TYPE:WALL-OUTER
G1 F1800 X79.8 Y90.2 E258.45287
G1 X70.2 Y90.2 E258.51306
G1 X70.2 Y99.8 E258.57325
G1 X79.8 Y99.8 E258.63345
G0 F7200 X79.8 Y99.6
G0 X78.8 Y98.918
G1 F1500 E252.13345
G0 F7200 X70.42 Y97.931
G0 X69.335 Y97.931
G0 X60.665 Y97.931
G0 X59.58 Y97.931
G0 X59.24 Y97.931
;TYPE:FILL
G1 F1500 E258.63345
G1 F3600 X57.931 Y99.24 E258.64506
G1 X57.926 Y99.24
G1 X50.76 Y92.073 E258.7086
G1 X50.76 Y92.269
G1 X52.269 Y90.76 E258.72199
G1 X52.275 Y90.76
G1 X59.24 Y97.725 E258.78375
G1 X59.268 Y97.753
G0 F7200 X59.1 Y97.753
G0 X59.1 Y95.103
G0 X59.24 Y95.103
G1 F3600 X55.103 Y99.24 E258.82043
G1 X55.098 Y99.24
G1 X50.76 Y94.902 E258.8589
G1 X50.76 Y95.097
G1 X55.098 Y90.76 E258.89736
G1 X55.103 Y90.76
G1 X59.24 Y94.897 E258.93404
G1 X59.268 Y94.925
G0 F7200 X59.1 Y94.925
G0 X59.1 Y92.275
G0 X59.24 Y92.275
G1 F3600 X52.274 Y99.24 E258.99581
G1 X52.269 Y99.24
G1 X50.76 Y97.73 E259.0092
G1 X50.76 Y97.926
G1 X57.926 Y90.76 E259.07274
G1 X57.932 Y90.76
G1 X59.24 Y92.068 E259.08434
G1 X59.268 Y92.096
G0 F7200 X59.1 Y92.096
G0 X59.13 Y99.13
G0 X59.4 Y99.4
;TYPE:WALL-INNER
G1 F3600 X59.4 Y90.6 E259.13951
G1 X50.6 Y90.6 E259.19469
G1 X50.6 Y99.4 E259.24987
G1 X59.4 Y99.4 E259.30505
G0 F7200 X59.8 Y99.8
;TYPE:WALL-OUTER
G1 F1800 X59.8 Y90.2 E259.36524
G1 X50.2 Y90.2 E259.42544
G1 X50.2 Y99.8 E259.48563
G1 X59.8 Y99.8 E259.54582
G0 F7200 X59.8 Y99.6
G0 X58.8 Y98.918
G1 F1500 E253.04582
;MESH:NONMESH
G0 F600 X58.8 Y98.918 Z9.1
G0 F7200 X50.42 Y92.541
G0 X49.335 Y92.541
G0 X42.56 Y92.541
;TIME_ELAPSED:1192.932505
;LAYER:88
;TYPE:SUPPORT
G1 F1500 E259.54582
G1 F3600 X42.56 Y93.968 E259.55477
G1 X42.466 Y93.986 E259.55537
G1 X42.289 Y94.233 E259.55728
G1 X42.266 Y94.326 E259.55788
G1 X41.711 Y94.895 E259.56286
G1 X41.101 Y95.108 E259.56691
G1 X40.547 Y94.975 E259.57048
G1 X40.129 Y94.543 E259.57425
G1 X40 Y93.966 E259.57796
G1 X40.207 Y93.356 E259.582
G1 X40.29 Y93.267 E259.58276
G1 X40.154 Y92.821 E259.58569
G1 X40.291 Y92.211 E259.58961
G1 X40.678 Y91.754 E259.59336
G1 X41.237 Y91.606 E259.59699
G1 X41.815 Y91.809 E259.60083
G1 X42.267 Y92.331 E259.60516
G1 X42.349 Y92.541 E259.60657
G1 X42.682 Y92.541 E259.60866
G1 X42.804 Y92.238 E259.61071
G1 X42.786 Y92.153 E259.61125
G1 X42.995 Y91.554 E259.61523
G1 X43.745 Y90.755 E259.6221
G1 X44.361 Y90.541 E259.62619
G1 X44.937 Y90.67 E259.62989
G1 X45.22 Y90.979 E259.63252
G1 X45.22 Y92.346 E259.64109
G1 F1500 E253.14109
G0 F7200 X42.56 Y95.684
G1 F1500 E259.64109
G1 F3600 X42.709 Y95.714 E259.64204
G1 X43.072 Y96.142 E259.64556
G1 X43.211 Y96.753 E259.64949
G1 X43.16 Y96.925 E259.65062
G1 X43.26 Y97.238 E259.65268
G1 X43.131 Y97.859 E259.65665
G1 X42.74 Y98.28 E259.66026
G1 X42.56 Y98.325 E259.66142
G1 X42.174 Y98.42 E259.66391
G1 X41.828 Y98.302 E259.6662
G1 X41.18 Y98.156 E259.67037
G1 X40.747 Y97.741 E259.67413
G1 X40.613 Y97.186 E259.67771
G1 X40.821 Y96.611 E259.68154
G1 X41.076 Y96.352 E259.68382
G1 X41.108 Y96.243 E259.68453
G1 X41.548 Y95.734 E259.68875
G1 X42.052 Y95.558 E259.6921
G1 X42.185 Y95.606 E259.69299
G1 X42.56 Y95.684 E259.69539
G1 X42.56 Y98.325 E259.71195
G1 F1500 E253.21195
G0 F7200 X45.22 Y96.579
G1 F1500 E259.71195
G1 F3600 X45.22 Y98.231 E259.72231
G1 X45.358 Y98.353 E259.72346
G1 X45.977 Y98.498 E259.72745
G1 X46.107 Y98.462 E259.72829
G1 X47.057 Y98.795 E259.73461
G1 X47.65 Y98.667 E259.73841
G1 X48.054 Y98.267 E259.74197
G1 X48.072 Y98.183 E259.74251
G1 X48.491 Y97.763 E259.74623
G1 X48.618 Y97.174 E259.75001
G1 X48.408 Y96.569 E259.75403
G1 X48.223 Y96.382 E259.75568
G1 X48.383 Y96.23 E259.75706
G1 X48.595 Y95.605 E259.7612
G1 X48.465 Y95.04 E259.76483
G1 X48.063 Y94.614 E259.76851
G1 X47.88 Y94.575 E259.76968
G1 X47.88 Y98.44 E259.79391
G1 F1500 E253.29391
G0 F7200 X47.88 Y93.445
G1 F1500 E259.79391
G1 F3600 X47.741 Y93.6 E259.79522
G1 X47.152 Y93.79 E259.7991
G1 X46.464 Y93.618 E259.80355
G1 X46.044 Y93.175 E259.80737
G1 X45.917 Y92.595 E259.8111
G1 X46.149 Y91.892 E259.81574
G1 X46.808 Y91.205 E259.82171
G1 X47.434 Y90.99 E259.82586
G1 X47.88 Y91.087 E259.82872
G1 X47.88 Y93.445 E259.8435
G1 F1500 E253.3435
G0 F7200 X49.347 Y89.347
G0 X60.653 Y89.347
G0 X63.84 Y93.438
G1 F1500 E259.8435
G1 F3600 X63.506 Y93.772 E259.84647
G1 X62.927 Y93.911 E259.8502
G1 X62.858 Y93.892 E259.85065
G1 X62.471 Y94.027 E259.85322
G1 X61.919 Y93.893 E259.85678
G1 X61.498 Y93.462 E259.86056
G1 X61.37 Y92.887 E259.86425
G1 X61.461 Y92.624 E259.866
G1 X61.389 Y92.412 E259.8674
G1 X61.52 Y91.827 E259.87116
G1 X62.076 Y91.175 E259.87653
G1 X62.628 Y91.026 E259.88012
G1 X63.205 Y91.227 E259.88395
G1 X63.646 Y91.74 E259.88819
G1 X63.742 Y92.034 E259.89013
G1 X63.82 Y92.119 E259.89085
G1 X63.84 Y92.181 E259.89126
G1 X63.84 Y93.438 E259.89914
G1 F1500 E253.39914
G0 F7200 X61.18 Y96.989
G1 F1500 E259.89914
G1 F3600 X61.18 Y98.026 E259.90564
G1 X61.643 Y98.489 E259.90975
G1 X62.26 Y98.671 E259.91378
G1 X62.673 Y98.555 E259.91647
G1 X62.958 Y98.262 E259.91904
G1 X63.608 Y98.498 E259.92337
G1 X64.193 Y98.368 E259.92713
G1 X64.587 Y97.955 E259.93071
G1 X64.713 Y97.347 E259.9346
G1 X64.501 Y96.708 E259.93882
G1 X64.407 Y96.555 E259.93995
G1 X63.84 Y95.943 E259.94518
G1 X63.84 Y98.447 E259.96088
G1 F1500 E253.46088
G0 F7200 X66.5 Y98.107
G1 F1500 E259.96088
G1 F3600 X66.484 Y98.104 E259.96098
G1 X66.057 Y97.677 E259.96477
G1 X65.929 Y97.114 E259.96839
G1 X66.033 Y96.819 E259.97035
G1 X65.962 Y96.614 E259.97171
G1 X66.104 Y96.003 E259.97564
G1 X65.983 Y95.88 E259.97673
G1 X65.83 Y95.343 E259.98023
G1 X66.017 Y94.708 E259.98438
G1 X66.5 Y94.2 E259.98877
G1 X66.808 Y93.877 E259.99157
G1 X67.432 Y93.662 E259.99571
G1 X68.013 Y93.789 E259.99944
G1 X68.394 Y94.198 E260.00294
G1 X68.52 Y94.783 E260.0067
G1 X68.321 Y95.423 E260.0109
G1 X67.937 Y95.858 E260.01454
G1 X68.357 Y96.295 E260.01834
G1 X68.622 Y97.054 E260.02338
G1 X68.482 Y97.701 E260.02753
G1 X68.056 Y98.145 E260.03139
G1 X67.476 Y98.279 E260.03512
G1 X67.202 Y98.179 E260.03695
G1 X67.044 Y98.233 E260.03799
G1 X66.5 Y98.107 E260.0415
G1 X66.5 Y94.2 E260.06599
G0 F7200 X66.5 Y93.117
G1 F3600 X66.39 Y93.085 E260.06671
G1 X65.958 Y92.653 E260.07054
G1 X65.8 Y92.116 E260.07405
G1 X65.968 Y91.542 E260.0778
G1 X66.167 Y91.033 E260.08123
G1 X66.5 Y90.649 E260.08442
G1 X66.619 Y90.512 E260.08555
G1 X67.024 Y90.369 E260.08825
G1 X67.847 Y90.566 E260.09355
G1 X68.145 Y90.915 E260.09643
G1 X68.282 Y91.525 E260.10035
G1 X68.221 Y91.732 E260.1017
G1 X68.243 Y91.803 E260.10217
G1 X68.091 Y92.363 E260.10581
G1 X67.97 Y92.483 E260.10688
G1 X67.902 Y92.672 E260.10814
G1 X67.487 Y93.086 E260.11181
G1 X66.928 Y93.243 E260.11545
G1 X66.5 Y93.117 E260.11825
G1 X66.5 Y90.649 E260.13372
G1 F1500 E253.63372
G0 F7200 X69.347 Y89.347
G0 X80.653 Y89.347
G0 X87.78 Y95.893
G1 F1500 E260.13372
G1 F3600 X88.23 Y96.041 E260.1367
G1 X88.898 Y96.738 E260.14275
G1 X89.107 Y97.335 E260.14671
G1 X88.977 Y97.917 E260.15045
G1 X88.574 Y98.318 E260.15402
G1 X87.987 Y98.446 E260.15779
G1 X87.78 Y98.375 E260.15916
G1 X87.78 Y95.893 E260.17472
G1 X87.522 Y95.808 E260.17642
G1 X86.923 Y95.934 E260.18026
G1 X86.668 Y96.201 E260.18258
G1 X86.385 Y95.315 E260.18841
G1 X85.944 Y94.807 E260.19263
G1 X85.364 Y94.605 E260.19648
G1 X85.12 Y94.67 E260.19806
G1 X85.12 Y98.152 E260.21989
G1 X84.673 Y98.036 E260.22279
G1 X84.03 Y97.344 E260.22871
G1 X83.323 Y98.077 E260.2351
G1 X82.713 Y98.29 E260.23915
G1 X82.159 Y98.157 E260.24272
G1 X81.743 Y97.724 E260.24649
G1 X81.614 Y97.148 E260.25019
G1 X81.828 Y96.51 E260.25441
G1 X81.675 Y96.044 E260.25748
G1 X81.804 Y95.461 E260.26123
G1 X82.197 Y95.023 E260.26492
G1 X82.46 Y94.96 E260.26661
G1 X82.46 Y98.229 E260.28711
G1 F1500 E253.78711
G0 F7200 X85.12 Y93.5
G1 F1500 E260.28711
G1 F3600 X85.12 Y91.27 E260.30109
G1 X85.594 Y91.372 E260.30413
G1 X86.034 Y91.791 E260.30794
G1 X86.183 Y92.323 E260.31141
G1 X85.98 Y92.902 E260.31525
G1 X85.493 Y93.343 E260.31937
G1 X85.186 Y93.443 E260.3214
G1 X85.126 Y93.498 E260.32191
G1 X84.478 Y93.698 E260.32616
G1 X83.825 Y93.554 E260.33035
G1 X83.257 Y93.346 E260.33414
G1 X83.019 Y93.092 E260.33633
G1 X82.892 Y93.059 E260.33715
G1 X82.46 Y92.671 E260.34079
G1 X82.46 Y91.48 E260.34826
G1 F1500 E253.84826
G0 F7200 X87.78 Y91.344
G1 F1500 E260.34826
G1 F3600 X87.793 Y91.329 E260.34838
G1 X88.345 Y91.153 E260.35202
G1 X88.899 Y91.33 E260.35566
G1 X89.311 Y91.821 E260.35968
G1 X89.476 Y92.469 E260.36387
G1 X89.447 Y92.768 E260.36576
G1 X89.52 Y92.916 E260.36679
G1 X89.722 Y93.57 E260.37108
G1 X89.587 Y94.199 E260.37512
G1 X89.198 Y94.624 E260.37873
G1 X88.635 Y94.771 E260.38238
G1 X88.076 Y94.569 E260.38611
G1 X87.78 Y94.246 E260.38885
G1 X87.78 Y91.344 E260.40705
G1 F1500 E253.90705
;MESH:test.stl
G0 F7200 X80.665 Y91.344
G0 X79.58 Y91.344
G0 X79.24 Y92.074
;TYPE:FILL
G1 F1500 E260.40705
G1 F3600 X72.074 Y99.24 E260.47059
G1 X72.068 Y99.24
G1 X70.76 Y97.931 E260.4822
G0 F7200 X70.76 Y97.725
G1 F3600 X77.725 Y90.76 E260.54396
G1 X77.731 Y90.76
G1 X79.24 Y92.269 E260.55734
G1 X79.268 Y92.297
G0 F7200 X79.1 Y92.297
G0 X79.1 Y94.902
G0 X79.24 Y94.902
G1 F3600 X74.902 Y99.24 E260.5958
G1 X74.897 Y99.24
G1 X70.76 Y95.103 E260.63249
G0 F7200 X70.76 Y94.897
G1 F3600 X74.897 Y90.76 E260.66917
G1 X74.902 Y90.76
G1 X79.24 Y95.097 E260.70764
G1 X79.268 Y95.125
G0 F7200 X79.1 Y95.125
G0 X79.1 Y97.731
G0 X79.24 Y97.731
G1 F3600 X77.731 Y99.24 E260.72102
G1 X77.725 Y99.24
G1 X70.76 Y92.275 E260.78278
G0 F7200 X70.76 Y92.068
G1 F3600 X72.068 Y90.76 E260.79438
G1 X72.074 Y90.76
G1 X79.24 Y97.926 E260.85792
G1 X79.268 Y97.954
G0 F7200 X79.1 Y97.954
G0 X79.13 Y99.13
G0 X79.4 Y99.4
;TYPE:WALL-INNER
G1 F3600 X79.4 Y90.6 E260.9131
G1 X70.6 Y90.6 E260.96827
G1 X70.6 Y99.4 E261.02345
G1 X79.4 Y99.4 E261.07863
G0 F7200 X79.8 Y99.8
;TYPE:WALL-OUTER
G1 F1800 X79.8 Y90.2 E261.13882
G1 X70.2 Y90.2 E261.19902
G1 X70.2 Y99.8 E261.25921
G1 X79.8 Y99.8 E261.31941
G0 F7200 X79.8 Y99.6
G0 X78.8 Y98.918
G1 F1500 E254.81941
G0 F7200 X70.42 Y97.931
G0 X69.335 Y97.931
G0 X60.665 Y97.931
G0 X59.58 Y97.931
G0 X59.24 Y97.931
;TYPE:FILL
G1 F1500 E261.31941
G1 F3600 X57.931 Y99.24 E261.33101
G1 X57.926 Y99.24
G1 X50.76 Y92.073 E261.39456
G1 X50.76 Y92.269
G1 X52.269 Y90.76 E261.40794
G1 X52.275 Y90.76
G1 X59.24 Y97.725 E261.4697
G1 X59.268 Y97.753
G0 F7200 X59.1 Y97.753
G0 X59.1 Y95.103
G0 X59.24 Y95.103
G1 F3600 X55.103 Y99.24 E261.50639
G1 X55.098 Y99.24
G1 X50.76 Y94.902 E261.54485
G1 X50.76 Y95.097
G1 X55.098 Y90.76 E261.58332
G1 X55.103 Y90.76
G1 X59.24 Y94.897 E261.62
G1 X59.268 Y94.925
G0 F7200 X59.1 Y94.925
G0 X59.1 Y92.275
G0 X59.24 Y92.275
G1 F3600 X52.274 Y99.24 E261.68177
G1 X52.269 Y99.24
G1 X50.76 Y97.73 E261.69515
G1 X50.76 Y97.926
G1 X57.926 Y90.76 E261.7587
G1 X57.932 Y90.76
G1 X59.24 Y92.068 E261.77029
G1 X59.268 Y92.096
G0 F7200 X59.1 Y92.096
G0 X59.13 Y99.13
G0 X59.4 Y99.4
;TYPE:WALL-INNER
G1 F3600 X59.4 Y90.6 E261.82547
G1 X50.6 Y90.6 E261.88065
G1 X50.6 Y99.4 E261.93583
G1 X59.4 Y99.4 E261.991
G0 F7200 X59.8 Y99.8
;TYPE:WALL-OUTER
G1 F1800 X59.8 Y90.2 E262.0512
G1 X50.2 Y90.2 E262.11139
G1 X50.2 Y99.8 E262.17159
G1 X59.8 Y99.8 E262.23178
G0 F7200 X59.8 Y99.6
G0 X58.8 Y98.918
G1 F1500 E255.73178
;MESH:NONMESH
G0 F600 X58.8 Y98.918 Z9.2
G0 F7200 X50.42 Y94.244
G0 X49.335 Y94.244
G0 X39.9 Y94.244
;TIME_ELAPSED:1210.556198
;LAYER:89
;TYPE:SUPPORT
G1 F1500 E262.23178
G1 F3600 X40.086 Y93.709 E262.23533
G1 X40.419 Y93.308 E262.2386
G1 X40.193 Y92.538 E262.24363
G1 X40.334 Y91.926 E262.24757
G1 X40.685 Y91.496 E262.25105
G1 X41.166 Y91.352 E262.2542
G1 X41.66 Y91.524 E262.25748
G1 X42.042 Y91.986 E262.26124
G1 X42.208 Y92.591 E262.26517
G1 X42.321 Y92.956 E262.26757
G1 X42.202 Y93.529 E262.27124
G1 X42.253 Y93.772 E262.27279
G1 X42.034 Y94.424 E262.2771
G1 X41.414 Y95.057 E262.28266
G1 X40.866 Y95.251 E262.28631
G1 X40.374 Y95.137 E262.28947
G1 X40.009 Y94.761 E262.29276
G1 X39.9 Y94.266 E262.29594
G1 X39.9 Y94.244 E262.29607
G1 F1500 E255.79607
G0 F7200 X45.22 Y92.166
G1 F1500 E262.29607
G1 F3600 X45.051 Y92.33 E262.29755
G1 X44.573 Y92.822 E262.30185
G1 X44.731 Y93.435 E262.30582
G1 X44.752 Y93.761 E262.30787
G1 X44.61 Y94.373 E262.31181
G1 X44.254 Y94.787 E262.31523
G1 X43.769 Y94.942 E262.31842
G1 X43.302 Y94.779 E262.32153
G1 X42.913 Y94.328 E262.32526
G1 X42.754 Y93.716 E262.32923
G1 X42.734 Y93.393 E262.33125
G1 X42.877 Y92.808 E262.33503
G1 X43.292 Y92.3 E262.33914
G1 X43.198 Y91.872 E262.34189
G1 X43.401 Y91.291 E262.34575
G1 X44.005 Y90.652 E262.35126
G1 X44.626 Y90.445 E262.35537
G1 X45.158 Y90.552 E262.35877
G1 X45.22 Y90.616 E262.35933
G1 X45.22 Y92.166 E262.36905
G1 F1500 E255.86905
G0 F7200 X47.88 Y90.842
G1 F1500 E262.36905
G1 F3600 X48.144 Y90.904 E262.37075
G1 X48.487 Y91.298 E262.37402
G1 X48.599 Y91.824 E262.3774
G1 X48.408 Y92.421 E262.38133
G1 X48.238 Y92.66 E262.38316
G1 X48.007 Y93.453 E262.38834
G1 X47.88 Y93.6 E262.38956
G1 X47.656 Y93.859 E262.39171
G1 X47.166 Y94.021 E262.39494
G1 X46.701 Y93.868 E262.39801
G1 X46.322 Y93.427 E262.40166
G1 X46.177 Y92.84 E262.40545
G1 X46.193 Y92.541 E262.40733
G1 X46.352 Y91.934 E262.41126
G1 X46.431 Y91.786 E262.41232
G1 X46.672 Y91.532 E262.41451
G1 X46.703 Y91.446 E262.41508
G1 X47.12 Y90.978 E262.41901
G1 X47.647 Y90.787 E262.42253
G1 X47.88 Y90.842 E262.42403
G1 X47.88 Y93.6 E262.44132
G1 F1500 E255.94132
G0 F7200 X47.88 Y98.778
G1 F1500 E262.44132
G1 F3600 X47.88 Y94.403 E262.46876
G1 X48.266 Y94.483 E262.47123
G1 X48.579 Y94.811 E262.47407
G1 X48.697 Y95.358 E262.47758
G1 X48.537 Y95.905 E262.48115
G1 X48.075 Y96.363 E262.48523
G1 X48.556 Y96.906 E262.48978
G1 X48.694 Y97.291 E262.49234
G1 X48.694 Y97.692 E262.49486
G1 X48.64 Y97.952 E262.49652
G1 X48.269 Y98.322 E262.49981
G1 X48.245 Y98.432 E262.50051
G1 X47.883 Y98.777 E262.50365
G1 X47.35 Y98.883 E262.50706
G1 X46.796 Y98.694 E262.51073
G1 X46.717 Y98.618 E262.51142
G1 X46.541 Y98.657 E262.51255
G1 X45.866 Y98.413 E262.51705
G1 X45.591 Y98.496 E262.51885
G1 X45.053 Y98.378 E262.5223
G1 X44.641 Y98.009 E262.52577
G1 X44.515 Y97.549 E262.52876
G1 X44.698 Y97.055 E262.53206
G1 X45.179 Y96.599 E262.53622
G1 X45.22 Y96.587 E262.53649
G1 X45.22 Y98.414 E262.54794
G1 F1500 E256.04794
G0 F7200 X42.56 Y96.235
G1 F1500 E262.54794
G1 F3600 X42.866 Y96.544 E262.55067
G1 X43.098 Y96.968 E262.5537
G1 X43.289 Y97.564 E262.55762
G1 X43.173 Y98.124 E262.56121
G1 X42.835 Y98.496 E262.56436
G1 X42.56 Y98.566 E262.56614
G1 X42.34 Y98.621 E262.56756
G1 X41.842 Y98.436 E262.57089
G1 X41.747 Y98.333 E262.57177
G1 X41.475 Y98.428 E262.57358
G1 X40.979 Y98.319 E262.57676
G1 X40.604 Y97.942 E262.5801
G1 X40.496 Y97.443 E262.5833
G1 X40.685 Y96.908 E262.58686
G1 X41.238 Y96.328 E262.59188
G1 X41.49 Y96.149 E262.59382
G1 X42.016 Y96.021 E262.59721
G1 X42.475 Y96.148 E262.6002
G1 X42.56 Y96.235 E262.60096
G1 X42.56 Y98.566 E262.61558
G1 F1500 E256.11558
G0 F7200 X49.347 Y100.653
G0 X60.653 Y100.653
G0 X61.18 Y97.202
G1 F1500 E262.61558
G1 F3600 X61.18 Y98.418 E262.6232
G1 X61.441 Y98.679 E262.62552
G1 X61.954 Y98.83 E262.62887
G1 X62.479 Y98.683 E262.63229
G1 X62.697 Y98.445 E262.63431
G1 X62.916 Y98.062 E262.63708
G1 X63.324 Y98.492 E262.64079
G1 X63.694 Y98.628 E262.64327
G1 X64.412 Y98.489 E262.64785
G1 X64.675 Y98.21 E262.65026
G1 X64.787 Y97.647 E262.65385
G1 X64.598 Y97.088 E262.65755
G1 X64.412 Y96.81 E262.65965
G1 X63.976 Y96.33 E262.66372
G1 X63.84 Y96.283 E262.66462
G1 X63.84 Y98.6 E262.67915
G1 F1500 E256.17915
G0 F7200 X62.458 Y90.836
G1 F1500 E262.67915
G1 F3600 X62.979 Y91.025 E262.68262
G1 X63.452 Y91.561 E262.68711
G1 X63.701 Y92.375 E262.69244
G1 X63.554 Y93.07 E262.6969
G1 X63.428 Y93.303 E262.69856
G1 X62.778 Y93.971 E262.7044
G1 X62.229 Y94.164 E262.70805
G1 X61.737 Y94.051 E262.71122
G1 X61.365 Y93.673 E262.71454
G1 X61.255 Y93.172 E262.71776
G1 X61.475 Y92.546 E262.72192
G1 X61.328 Y92.103 E262.72485
G1 X61.445 Y91.557 E262.72835
G1 X61.963 Y90.957 E262.73332
G1 X62.458 Y90.836 E262.73651
G1 F1500 E256.23651
G0 F7200 X66.5 Y98.303
G1 F1500 E262.73651
G1 F3600 X66.297 Y98.263 E262.73781
G1 X65.975 Y97.92 E262.74076
G1 X65.866 Y97.402 E262.74408
G1 X66.053 Y96.841 E262.74779
G1 X66.477 Y96.321 E262.75199
G1 X65.799 Y95.716 E262.75769
G1 X65.618 Y95.233 E262.76092
G1 X65.75 Y94.77 E262.76394
G1 X66.143 Y94.402 E262.76732
G1 X66.5 Y94.328 E262.76961
G1 X66.613 Y94.305 E262.77033
G1 X66.692 Y94.103 E262.77169
G1 X67.105 Y93.628 E262.77563
G1 X67.621 Y93.442 E262.77907
G1 X68.116 Y93.565 E262.78227
G1 X68.457 Y93.964 E262.78556
G1 X68.573 Y94.497 E262.78898
G1 X68.355 Y95.2 E262.7936
G1 X67.939 Y95.67 E262.79753
G1 X68.452 Y96.147 E262.80193
G1 X68.544 Y96.577 E262.80468
G1 X68.524 Y96.645 E262.80513
G1 X68.698 Y97.176 E262.80863
G1 X68.698 Y97.574 E262.81113
G1 X68.632 Y97.892 E262.81316
G1 X68.209 Y98.334 E262.817
G1 X67.704 Y98.448 E262.82025
G1 X67.242 Y98.277 E262.82333
G1 X66.933 Y98.389 E262.8254
G1 X66.5 Y98.303 E262.82816
G1 X66.5 Y94.328 E262.85309
G0 F7200 X66.5 Y92.983
G1 F3600 X66.275 Y92.918 E262.85456
G1 X65.803 Y92.492 E262.85854
G1 X65.627 Y92.005 E262.86179
G1 X65.759 Y91.543 E262.8648
G1 X66.148 Y91.173 E262.86817
G1 X66.283 Y91.145 E262.86903
G1 X66.414 Y90.74 E262.8717
G1 X66.5 Y90.645 E262.87251
G1 X66.818 Y90.296 E262.87547
G1 X67.074 Y90.202 E262.87718
G1 X67.972 Y90.419 E262.88297
G1 X68.146 Y90.629 E262.88468
G1 X68.27 Y91.18 E262.88822
G1 X68.18 Y91.485 E262.89021
G1 X68.373 Y92.034 E262.89386
G1 X68.33 Y92.254 E262.89527
G1 X68.261 Y92.315 E262.89585
G1 X68.209 Y92.583 E262.89756
G1 X67.913 Y92.866 E262.90013
G1 X67.48 Y92.952 E262.90289
G1 X66.93 Y93.108 E262.90648
G1 X66.5 Y92.983 E262.90929
G1 X66.5 Y90.645 E262.92395
G1 F1500 E256.42395
G0 F7200 X69.347 Y89.347
G0 X80.653 Y89.347
G0 X82.46 Y98.45
G1 F1500 E262.92395
G1 F3600 X82.46 Y94.727 E262.94729
G1 X82.073 Y94.818 E262.94978
G1 X81.73 Y95.212 E262.95306
G1 X81.618 Y95.737 E262.95642
G1 X81.807 Y96.312 E262.96022
G1 X81.967 Y96.576 E262.96215
G1 X81.711 Y96.889 E262.96469
G1 X81.518 Y97.449 E262.9684
G1 X81.627 Y97.961 E262.97169
G1 X81.993 Y98.341 E262.97499
G1 X82.483 Y98.456 E262.97815
G1 X83.024 Y98.262 E262.98175
G1 X83.466 Y97.804 E262.98574
G1 X83.769 Y97.374 E262.98904
G1 X84.101 Y97.393 E262.99113
G1 X84.197 Y97.84 E262.99399
G1 X84.562 Y98.235 E262.99737
G1 X85.037 Y98.356 E263.00044
G1 X85.233 Y98.285 E263.00175
G1 X85.367 Y98.335 E263.00264
G1 X85.862 Y98.213 E263.00584
G1 X86.207 Y97.845 E263.009
G1 X86.32 Y97.302 E263.01248
G1 X86.249 Y97.075 E263.01397
G1 X86.325 Y96.825 E263.01561
G1 X86.304 Y96.592 E263.01708
G1 X86.441 Y95.941 E263.02125
G1 X86.177 Y94.993 E263.02742
G1 X85.797 Y94.534 E263.03116
G1 X85.303 Y94.363 E263.03443
G1 X85.12 Y94.417 E263.03563
G1 X85.12 Y98.326 E263.06014
G1 F1500 E256.56014
G0 F7200 X85.12 Y93.316
G1 F1500 E263.06014
G1 F3600 X85.12 Y91.235 E263.07319
G1 X85.325 Y91.169 E263.07454
G1 X85.866 Y91.279 E263.078
G1 X86.231 Y91.646 E263.08125
G1 X86.349 Y92.129 E263.08436
G1 X86.158 Y92.657 E263.08788
G1 X85.618 Y93.169 E263.09255
G1 X84.834 Y93.399 E263.09767
G1 X84.293 Y93.279 E263.10115
G1 X83.974 Y92.997 E263.10382
G1 X83.443 Y93.106 E263.10722
G1 X82.637 Y92.879 E263.11247
G1 X82.46 Y92.722 E263.11395
G1 X82.46 Y90.946 E263.12509
G1 F1500 E256.62509
G0 F7200 X87.78 Y91.117
G1 F1500 E263.12509
G1 F3600 X87.825 Y91.062 E263.12553
G1 X88.304 Y90.913 E263.12868
G1 X88.795 Y91.081 E263.13193
G1 X89.17 Y91.537 E263.13563
G1 X89.347 Y92.191 E263.13988
G1 X89.345 Y92.424 E263.14134
G1 X89.248 Y92.821 E263.1439
G1 X89.466 Y93.072 E263.14599
G1 X89.717 Y93.903 E263.15143
G1 X89.598 Y94.471 E263.15507
G1 X89.251 Y94.859 E263.15833
G1 X88.77 Y94.987 E263.16146
G1 X88.277 Y94.806 E263.16475
G1 X87.814 Y94.29 E263.16909
G1 X87.78 Y94.18 E263.16982
G1 X87.78 Y91.117 E263.18902
G1 F1500 E256.68902
G0 F7200 X87.78 Y98.349
G1 F1500 E263.18902
G1 F3600 X87.464 Y98.255 E263.19109
G1 X87.071 Y97.871 E263.19453
G1 X86.811 Y97.148 E263.19935
G1 X86.924 Y96.653 E263.20254
G1 X87.278 Y96.28 E263.20576
G1 X87.78 Y96.173 E263.20898
G1 X87.798 Y96.17 E263.20909
G1 X88.358 Y96.359 E263.2128
G1 X88.569 Y96.569 E263.21467
G1 X88.674 Y96.603 E263.21536
G1 X89.119 Y97.038 E263.21926
G1 X89.307 Y97.544 E263.22264
G1 X89.188 Y98.039 E263.22584
G1 X88.818 Y98.383 E263.229
G1 X88.266 Y98.495 E263.23254
G1 X87.78 Y98.349 E263.23572
G1 X87.78 Y96.173 E263.24936
G1 F1500 E256.74936
;MESH:test.stl
G0 F7200 X80.665 Y96.173
G0 X79.58 Y96.173
G0 X79.1 Y95.097
G0 X79.24 Y95.097
;TYPE:FILL
G1 F1500 E263.24936
G1 F3600 X74.902 Y90.76 E263.28782
G1 X74.897 Y90.76
G1 X70.76 Y94.897 E263.32451
G0 F7200 X70.76 Y95.103
G1 F3600 X74.897 Y99.24 E263.36119
G1 X74.902 Y99.24
G1 X79.24 Y94.902 E263.39966
G1 X79.268 Y94.874
G0 F7200 X79.1 Y94.874
G0 X79.1 Y92.269
G0 X79.24 Y92.269
G1 F3600 X77.731 Y90.76 E263.41304
G1 X77.725 Y90.76
G1 X70.76 Y97.725 E263.4748
G0 F7200 X70.76 Y97.931
G1 F3600 X72.068 Y99.24 E263.4864
G1 X72.074 Y99.24
G1 X79.24 Y92.074 E263.54995
G1 X79.268 Y92.046
G0 F7200 X79.1 Y92.046
G0 X79.1 Y97.731
G0 X79.24 Y97.731
G1 F3600 X77.731 Y99.24 E263.56333
G1 X77.725 Y99.24
G1 X70.76 Y92.275 E263.62509
G0 F7200 X70.76 Y92.068
G1 F3600 X72.068 Y90.76 E263.63669
G1 X72.074 Y90.76
G1 X79.24 Y97.926 E263.70023
G1 X79.268 Y97.954
G0 F7200 X79.1 Y97.954
G0 X79.13 Y99.13
G0 X79.4 Y99.4
;TYPE:WALL-INNER
G1 F3600 X79.4 Y90.6 E263.75541
G1 X70.6 Y90.6 E263.81059
G1 X70.6 Y99.4 E263.86577
G1 X79.4 Y99.4 E263.92094
G0 F7200 X79.8 Y99.8
;TYPE:WALL-OUTER
G1 F1800 X79.8 Y90.2 E263.98114
G1 X70.2 Y90.2 E264.04133
G1 X70.2 Y99.8 E264.10152
G1 X79.8 Y99.8 E264.16172
G0 F7200 X79.8 Y99.6
G0 X78.8 Y98.918
G1 F1500 E257.66172
G0 F7200 X70.42 Y97.931
G0 X69.335 Y97.931
G0 X60.665 Y97.931
G0 X59.58 Y97.931
G0 X59.24 Y97.931
;TYPE:FILL
G1 F1500 E264.16172
G1 F3600 X57.931 Y99.24 E264.17333
G1 X57.926 Y99.24
G1 X50.76 Y92.073 E264.23687
G1 X50.76 Y92.269
G1 X52.269 Y90.76 E264.25025
G1 X52.275 Y90.76
G1 X59.24 Y97.725 E264.31202
G1 X59.268 Y97.753
G0 F7200 X59.1 Y97.753
G0 X59.1 Y95.103
G0 X59.24 Y95.103
G1 F3600 X55.103 Y99.24 E264.3487
G1 X55.098 Y99.24
G1 X50.76 Y94.902 E264.38717
G1 X50.76 Y95.097
G1 X55.098 Y90.76 E264.42563
G1 X55.103 Y90.76
G1 X59.24 Y94.897 E264.46231
G1 X59.268 Y94.925
G0 F7200 X59.1 Y94.925
G0 X59.1 Y92.275
G0 X59.24 Y92.275
G1 F3600 X52.274 Y99.24 E264.52408
G1 X52.269 Y99.24
G1 X50.76 Y97.73 E264.53746
G1 X50.76 Y97.926
G1 X57.926 Y90.76 E264.60101
G1 X57.932 Y90.76
G1 X59.24 Y92.068 E264.61261
G1 X59.268 Y92.096
G0 F7200 X59.1 Y92.096
G0 X59.13 Y99.13
G0 X59.4 Y99.4
;TYPE:WALL-INNER
G1 F3600 X59.4 Y90.6 E264.66778
G1 X50.6 Y90.6 E264.72296
G1 X50.6 Y99.4 E264.77814
G1 X59.4 Y99.4 E264.83332
G0 F7200 X59.8 Y99.8
;TYPE:WALL-OUTER
G1 F1800 X59.8 Y90.2 E264.89351
G1 X50.2 Y90.2 E264.9537
G1 X50.2 Y99.8 E265.0139
G1 X59.8 Y99.8 E265.07409
G0 F7200 X59.8 Y99.6
G0 X58.8 Y98.918
G1 F1500 E258.57409
;MESH:NONMESH
G0 F600 X58.8 Y98.918 Z9.3
G0 F7200 X50.42 Y94.498
G0 X49.335 Y94.498
G0 X39.9 Y94.498
;TIME_ELAPSED:1229.991383
;LAYER:90
;TYPE:SUPPORT
G1 F1500 E265.07409
G1 F3600 X39.985 Y94.229 E265.07586
G1 X39.939 Y94.071 E265.07689
G1 X40.05 Y93.575 E265.08008
G1 X40.353 Y93.199 E265.08311
G1 X40.517 Y93.143 E265.08419
G1 X40.305 Y92.364 E265.08926
G1 X40.337 Y92.259 E265.08994
G1 X40.31 Y92.143 E265.09069
G1 X40.433 Y91.634 E265.09397
G1 X40.744 Y91.245 E265.0971
G1 X41.162 Y91.109 E265.09985
G1 X41.581 Y91.248 E265.10262
G1 X41.895 Y91.639 E265.10577
G1 X42.021 Y92.149 E265.10906
G1 X42 Y92.242 E265.10966
G1 X42.063 Y92.551 E265.11164
G1 X41.95 Y93.081 E265.11503
G1 X41.639 Y93.446 E265.11804
G1 X41.794 Y93.617 E265.11949
G1 X41.888 Y94.06 E265.12233
G1 X41.715 Y94.565 E265.12567
G1 X41.544 Y94.763 E265.12731
G1 X41.497 Y94.919 E265.12834
G1 X41.143 Y95.314 E265.13166
G1 X40.695 Y95.48 E265.13466
G1 X40.299 Y95.374 E265.13723
G1 X39.984 Y95.016 E265.14022
G1 X39.9 Y94.61 E265.14282
G1 X39.9 Y94.498 E265.14352
G1 F1500 E258.64352
G0 F7200 X45.22 Y92.027
G1 F1500 E265.14352
G1 F3600 X45 Y92.24 E265.14544
G1 X44.426 Y92.437 E265.14924
G1 X44.121 Y92.374 E265.1512
G1 X44.002 Y92.817 E265.15407
G1 X44.163 Y92.874 E265.15514
G1 X44.493 Y93.287 E265.15846
G1 X44.639 Y93.851 E265.16211
G1 X44.606 Y94.042 E265.16333
G1 X44.636 Y94.161 E265.1641
G1 X44.516 Y94.687 E265.16748
G1 X44.21 Y95.051 E265.17046
G1 X43.79 Y95.186 E265.17323
G1 X43.394 Y95.044 E265.17587
G1 X43.055 Y94.643 E265.17916
G1 X42.917 Y94.102 E265.18266
G1 X42.895 Y93.77 E265.18475
G1 X43.02 Y93.252 E265.18809
G1 X43.327 Y92.865 E265.19118
G1 X43.742 Y92.733 E265.19391
G1 X43.877 Y92.782 E265.19481
G1 X44.085 Y92.443 E265.19731
G1 X43.657 Y92.031 E265.20103
G1 X43.564 Y91.607 E265.20376
G1 X43.734 Y91.149 E265.20682
G1 X44.216 Y90.662 E265.21111
G1 X44.289 Y90.642 E265.21159
G1 X44.416 Y90.515 E265.21272
G1 X44.918 Y90.341 E265.21605
G1 X45.22 Y90.401 E265.21798
G1 X45.22 Y92.027 E265.22817
G1 F1500 E258.72817
G0 F7200 X47.88 Y90.604
G1 F1500 E265.22817
G1 F3600 X48.258 Y90.69 E265.2306
G1 X48.549 Y91.032 E265.23342
G1 X48.646 Y91.499 E265.23641
G1 X48.473 Y92.036 E265.23995
G1 X48.27 Y92.367 E265.24238
G1 X48.42 Y92.761 E265.24503
G1 X48.283 Y93.246 E265.24819
G1 X47.893 Y93.581 E265.25141
G1 X47.88 Y93.63 E265.25173
G1 X47.88 Y90.604 E265.2707
G1 F1500 E258.7707
G0 F7200 X47.88 Y98.906
G1 F1500 E265.2707
G1 F3600 X47.88 Y94.306 E265.29954
G1 X48.015 Y94.258 E265.30044
G1 X48.459 Y94.348 E265.30328
G1 X48.649 Y94.586 E265.30519
G1 X48.761 Y95.106 E265.30853
G1 X48.713 Y95.283 E265.30968
G1 X48.755 Y95.418 E265.31056
G1 X48.695 Y95.583 E265.31166
G1 X47.922 Y96.34 E265.31845
G1 X48.466 Y96.881 E265.32326
G1 X48.537 Y97.066 E265.3245
G1 X48.701 Y97.241 E265.32601
G1 X48.755 Y97.387 E265.32698
G1 X48.755 Y98.08 E265.33133
G1 X48.499 Y98.337 E265.3336
G1 X48.446 Y98.563 E265.33506
G1 X48.128 Y98.857 E265.33777
G1 X47.654 Y98.95 E265.3408
G1 X47.041 Y98.741 E265.34486
G1 X46.802 Y98.79 E265.34639
G1 X46.336 Y98.619 E265.3495
G1 X45.992 Y98.274 E265.35256
G1 X45.246 Y98.498 E265.35744
G1 X44.773 Y98.398 E265.36047
G1 X44.414 Y98.081 E265.36348
G1 X44.305 Y97.685 E265.36605
G1 X44.469 Y97.257 E265.36893
G1 X44.861 Y96.891 E265.37229
G1 X45.027 Y96.843 E265.37337
G1 X45.22 Y96.679 E265.37496
G1 X45.22 Y98.492 E265.38633
G1 F1500 E258.88633
G0 F7200 X42.56 Y96.629
G1 F1500 E265.38633
G1 F3600 X42.635 Y96.655 E265.38683
G1 X42.994 Y97.068 E265.39026
G1 X43.031 Y97.19 E265.39106
G1 X43.198 Y97.403 E265.39275
G1 X43.37 Y97.9 E265.39605
G1 X43.28 Y98.367 E265.39903
G1 X42.985 Y98.679 E265.40173
G1 X42.56 Y98.772 E265.40445
G1 X42.548 Y98.774 E265.40453
G1 X42.098 Y98.604 E265.40755
G1 X41.801 Y98.293 E265.41024
G1 X41.195 Y98.494 E265.41425
G1 X40.744 Y98.403 E265.41713
G1 X40.407 Y98.087 E265.42003
G1 X40.31 Y97.676 E265.42267
G1 X40.48 Y97.229 E265.42567
G1 X40.874 Y96.838 E265.42915
G1 X40.954 Y96.812 E265.42968
G1 X41.19 Y96.564 E265.43183
G1 X41.674 Y96.391 E265.43505
G1 X42.167 Y96.492 E265.43821
G1 X42.56 Y96.629 E265.44082
G1 X42.56 Y98.772 E265.45425
G1 F1500 E258.95425
G0 F7200 X49.347 Y100.653
G0 X60.653 Y100.653
G0 X61.18 Y93.317
G1 F1500 E265.45425
G1 F3600 X61.18 Y93.671 E265.45647
G1 X61.224 Y93.882 E265.45782
G1 X61.546 Y94.205 E265.46068
G1 X61.976 Y94.298 E265.46344
G1 X62.225 Y94.208 E265.4651
G1 X62.439 Y94.51 E265.46742
G1 X62.06 Y94.988 E265.47125
G1 X61.939 Y95.492 E265.4745
G1 X61.998 Y95.733 E265.47605
G1 X61.676 Y95.811 E265.47813
G1 X61.306 Y96.141 E265.48124
G1 X61.273 Y96.294 E265.48222
G1 X61.354 Y96.526 E265.48376
G1 X61.274 Y96.75 E265.48525
G1 X61.319 Y96.979 E265.48672
G1 X61.467 Y97.102 E265.48792
G1 X61.18 Y97.478 E265.49089
G1 X61.18 Y98.796 E265.49915
G1 X61.294 Y98.91 E265.50016
G1 X61.702 Y99.03 E265.50283
G1 X62.125 Y98.911 E265.50559
G1 X62.456 Y98.581 E265.50852
G1 X62.614 Y98.294 E265.51057
G1 X62.899 Y98.132 E265.51263
G1 X63.14 Y98.178 E265.51416
G1 X63.186 Y98.322 E265.51511
G1 X63.555 Y98.734 E265.51858
G1 X63.743 Y98.805 E265.51984
G1 X64.01 Y98.717 E265.5216
G1 X64.556 Y98.611 E265.52509
G1 X64.695 Y98.453 E265.52641
G1 X64.794 Y97.957 E265.52958
G1 X64.587 Y97.281 E265.53401
G1 X64.116 Y96.759 E265.53842
G1 X63.84 Y96.657 E265.54027
G1 X63.84 Y98.774 E265.55354
G1 F1500 E259.05354
G0 F7200 X66.5 Y98.459
G1 F1500 E265.55354
G1 F3600 X66.073 Y98.373 E265.55627
G1 X65.842 Y98.14 E265.55833
G1 X65.749 Y97.704 E265.56113
G1 X65.92 Y97.225 E265.56431
G1 X66.5 Y96.536 E265.56996
G1 X66.5 Y98.459 E265.58202
G1 X66.738 Y98.507 E265.58354
G1 X67.069 Y98.388 E265.58575
G1 X67.247 Y98.207 E265.58734
G1 X67.474 Y98.45 E265.58942
G1 X67.923 Y98.62 E265.59243
G1 X68.358 Y98.525 E265.59523
G1 X68.652 Y98.213 E265.59791
G1 X68.683 Y98.041 E265.59901
G1 X68.76 Y97.963 E265.5997
G1 X68.76 Y97.266 E265.60407
G1 X68.722 Y97.157 E265.60479
G1 X68.79 Y96.93 E265.60628
G1 X68.673 Y96.585 E265.60856
G1 X68.7 Y96.49 E265.60918
G1 X68.6 Y96.017 E265.61221
G1 X68.46 Y95.889 E265.6134
G1 X67.962 Y95.789 E265.61659
G1 X67.869 Y95.461 E265.61872
G1 X68.282 Y95.007 E265.62257
G1 X68.391 Y94.762 E265.62425
G1 X68.474 Y94.672 E265.62502
G1 X68.643 Y94.159 E265.62841
G1 X68.551 Y93.707 E265.6313
G1 X68.255 Y93.369 E265.63412
G1 X67.881 Y93.28 E265.63653
G1 X68.312 Y92.785 E265.64064
G1 X68.38 Y92.439 E265.64285
G1 X68.449 Y92.376 E265.64344
G1 X68.469 Y92.273 E265.6441
G1 X68.298 Y91.785 E265.64734
G1 X68.034 Y91.459 E265.64997
G1 X68.175 Y91.315 E265.65123
G1 X68.345 Y90.809 E265.65458
G1 X68.271 Y90.449 E265.65689
G1 X68.051 Y90.256 E265.65872
G1 X67.196 Y90.053 E265.66423
G1 X67.049 Y90.107 E265.66521
G1 X66.593 Y90.607 E265.66946
G1 X66.473 Y90.997 E265.67201
G1 X65.881 Y91.114 E265.6758
G1 X65.563 Y91.422 E265.67857
G1 X65.46 Y91.835 E265.68124
G1 X65.625 Y92.27 E265.68416
G1 X66.108 Y92.716 E265.68828
G1 X66.82 Y92.936 E265.69295
G1 X67.057 Y92.886 E265.69447
G1 X67.464 Y93.078 E265.6973
G1 X67.464 Y93.327 E265.69886
G1 X66.918 Y93.933 E265.70397
G1 X66.727 Y94.344 E265.70681
G1 X66.347 Y94.218 E265.70932
G1 X65.88 Y94.31 E265.71231
G1 X65.564 Y94.625 E265.71511
G1 X65.465 Y95.039 E265.71777
G1 X65.634 Y95.485 E265.72076
G1 X66.064 Y95.892 E265.72448
G1 X66.302 Y96.023 E265.72618
G1 X66.5 Y96.477 E265.72929
G1 X66.5 Y94.269 E265.74313
G0 F7200 X66.5 Y92.837
G1 F3600 X66.5 Y90.909 E265.75522
G1 F1500 E259.25522
G0 F7200 X69.347 Y89.347
G0 X80.653 Y89.347
G0 X82.46 Y94.545
G1 F1500 E265.75522
G1 F3600 X82.835 Y94.683 E265.75773
G1 X83.222 Y95.12 E265.76139
G1 X83.389 Y95.398 E265.76342
G1 X83.562 Y95.916 E265.76684
G1 X83.467 Y96.394 E265.7699
G1 X83.249 Y96.631 E265.77192
G1 X83.407 Y96.805 E265.77339
G1 X83.499 Y97.251 E265.77625
G1 X83.324 Y97.769 E265.77968
G1 X83.126 Y98.033 E265.78174
G1 X82.727 Y98.451 E265.78537
G1 X82.46 Y98.55 E265.78715
G1 X82.256 Y98.624 E265.78851
G1 X81.841 Y98.528 E265.79118
G1 X81.523 Y98.194 E265.79408
G1 X81.433 Y97.749 E265.79692
G1 X81.605 Y97.252 E265.80022
G1 X82.083 Y96.663 E265.80498
G1 X81.634 Y96.229 E265.80889
G1 X81.531 Y95.808 E265.81161
G1 X81.617 Y95.571 E265.81319
G1 X81.563 Y95.409 E265.81426
G1 X81.656 Y94.95 E265.8172
G1 X81.947 Y94.612 E265.81999
G1 X82.375 Y94.513 E265.82275
G1 X82.46 Y94.545 E265.82332
G1 X82.46 Y98.55 E265.84843
G1 F1500 E259.34843
G0 F7200 X87.78 Y96.583
G1 F1500 E265.84843
G1 F3600 X87.99 Y96.522 E265.8498
G1 X88.466 Y96.643 E265.85288
G1 X88.754 Y96.799 E265.85494
G1 X89.217 Y97.288 E265.85916
G1 X89.393 Y97.781 E265.86244
G1 X89.299 Y98.244 E265.8654
G1 X89.004 Y98.546 E265.86805
G1 X88.558 Y98.639 E265.87091
G1 X88.099 Y98.47 E265.87397
G1 X87.913 Y98.283 E265.87563
G1 X87.78 Y98.323 E265.8765
G1 X87.78 Y96.583 E265.88741
G1 X87.334 Y96.713 E265.89032
G1 X86.906 Y97.113 E265.89399
G1 X86.726 Y97.587 E265.89717
G1 X86.383 Y97.582 E265.89932
G1 X86.222 Y97.118 E265.9024
G1 X85.747 Y96.474 E265.90742
G1 X86.083 Y96.08 E265.91067
G1 X86.202 Y95.537 E265.91415
G1 X86.35 Y95.103 E265.91703
G1 X86.257 Y94.656 E265.91989
G1 X85.963 Y94.331 E265.92264
G1 X85.52 Y94.236 E265.92548
G1 X85.046 Y94.411 E265.92865
G1 X84.833 Y94.64 E265.93061
G1 X84.674 Y94.686 E265.93165
G1 X84.278 Y95.054 E265.93504
G1 X84.114 Y95.48 E265.9379
G1 X84.225 Y95.871 E265.94045
G1 X84.768 Y96.347 E265.94497
G1 X84.266 Y97.002 E265.95015
G1 X84.069 Y97.635 E265.95431
G1 X84.166 Y98.108 E265.95733
G1 X84.483 Y98.464 E265.96032
G1 X84.878 Y98.569 E265.96289
G1 X85.12 Y98.48 E265.9645
G1 X85.12 Y94.383 E265.99019
G0 F7200 X85.12 Y93.124
G1 F3600 X85.12 Y91.294 E266.00167
G1 X85.642 Y91.129 E266.0051
G1 X86.124 Y91.223 E266.00818
G1 X86.446 Y91.532 E266.01098
G1 X86.55 Y91.943 E266.01363
G1 X86.379 Y92.403 E266.01671
G1 X85.99 Y92.759 E266.02002
G1 X85.873 Y92.797 E266.02079
G1 X85.709 Y92.945 E266.02217
G1 X85.141 Y93.129 E266.02592
G1 X84.687 Y93.035 E266.02882
G1 X84.349 Y92.719 E266.03173
G1 X84.256 Y92.331 E266.03423
G1 X83.714 Y92.797 E266.03871
G1 X83.201 Y92.905 E266.042
G1 X82.888 Y92.822 E266.04403
G1 X82.796 Y92.843 E266.04462
G1 X82.29 Y92.714 E266.04789
G1 X81.894 Y92.38 E266.05114
G1 X81.756 Y91.981 E266.05379
G1 X81.892 Y91.582 E266.05643
G1 X82.109 Y91.388 E266.05826
G1 X82.224 Y90.842 E266.06175
G1 X82.46 Y90.588 E266.06393
G1 X82.46 Y92.757 E266.07753
G1 F1500 E259.57753
G0 F7200 X87.78 Y90.892
G1 F1500 E266.07753
G1 F3600 X87.849 Y90.806 E266.07822
G1 X88.26 Y90.678 E266.08092
G1 X88.684 Y90.824 E266.08373
G1 X88.843 Y91.023 E266.08533
G1 X88.998 Y91.054 E266.08632
G1 X89.324 Y91.367 E266.08915
G1 X89.433 Y91.771 E266.09178
G1 X89.275 Y92.217 E266.09474
G1 X89.136 Y92.341 E266.09591
G1 X88.975 Y92.891 E266.0995
G1 X89.261 Y92.971 E266.10137
G1 X89.565 Y93.336 E266.10435
G1 X89.671 Y93.815 E266.10742
G1 X89.615 Y94.038 E266.10886
G1 X89.674 Y94.24 E266.11018
G1 X89.565 Y94.757 E266.1135
G1 X89.268 Y95.105 E266.11636
G1 X88.853 Y95.226 E266.11907
G1 X88.441 Y95.071 E266.12183
G1 X88.085 Y94.659 E266.12525
G1 X87.826 Y93.777 E266.13101
G1 X87.927 Y93.298 E266.13408
G1 X88.076 Y93.122 E266.13553
G1 X87.78 Y92.776 E266.13838
G1 X87.78 Y90.892 E266.1502
G1 F1500 E259.6502
;MESH:test.stl
G0 F7200 X80.665 Y90.892
G0 X79.58 Y90.892
G0 X79.1 Y92.074
G0 X79.24 Y92.074
;TYPE:FILL
G1 F1500 E266.1502
G1 F3600 X72.074 Y99.24 E266.21374
G1 X72.068 Y99.24
G1 X70.76 Y97.931 E266.22534
G0 F7200 X70.76 Y97.725
G1 F3600 X77.725 Y90.76 E266.2871
G1 X77.731 Y90.76
G1 X79.24 Y92.269 E266.30049
G1 X79.268 Y92.297
G0 F7200 X79.1 Y92.297
G0 X79.1 Y94.902
G0 X79.24 Y94.902
G1 F3600 X74.902 Y99.24 E266.33895
G1 X74.897 Y99.24
G1 X70.76 Y95.103 E266.37564
G0 F7200 X70.76 Y94.897
G1 F3600 X74.897 Y90.76 E266.41232
G1 X74.902 Y90.76
G1 X79.24 Y95.097 E266.45078
G1 X79.268 Y95.125
G0 F7200 X79.1 Y95.125
G0 X79.1 Y97.731
G0 X79.24 Y97.731
G1 F3600 X77.731 Y99.24 E266.46416
G1 X77.725 Y99.24
G1 X70.76 Y92.275 E266.52592
G0 F7200 X70.76 Y92.068
G1 F3600 X72.068 Y90.76 E266.53752
G1 X72.074 Y90.76
G1 X79.24 Y97.926 E266.60107
G1 X79.268 Y97.954
G0 F7200 X79.1 Y97.954
G0 X79.13 Y99.13
G0 X79.4 Y99.4
;TYPE:WALL-INNER
G1 F3600 X79.4 Y90.6 E266.65624
G1 X70.6 Y90.6 E266.71142
G1 X70.6 Y99.4 E266.7666
G1 X79.4 Y99.4 E266.82178
G0 F7200 X79.8 Y99.8
;TYPE:WALL-OUTER
G1 F1800 X79.8 Y90.2 E266.88197
G1 X70.2 Y90.2 E266.94217
G1 X70.2 Y99.8 E267.00236
G1 X79.8 Y99.8 E267.06255
G0 F7200 X79.8 Y99.6
G0 X78.8 Y98.918
G1 F1500 E260.56255
G0 F7200 X70.42 Y97.931
G0 X69.335 Y97.931
G0 X60.665 Y97.931
G0 X59.58 Y97.931
G0 X59.24 Y97.931
;TYPE:FILL
G1 F1500 E267.06255
G1 F3600 X57.931 Y99.24 E267.07416
G1 X57.926 Y99.24
G1 X50.76 Y92.073 E267.13771
G1 X50.76 Y92.269
G1 X52.269 Y90.76 E267.15109
G1 X52.275 Y90.76
G1 X59.24 Y97.725 E267.21285
G1 X59.268 Y97.753
G0 F7200 X59.1 Y97.753
G0 X59.1 Y95.103
G0 X59.24 Y95.103
G1 F3600 X55.103 Y99.24 E267.24953
G1 X55.098 Y99.24
G1 X50.76 Y94.902 E267.288
G1 X50.76 Y95.097
G1 X55.098 Y90.76 E267.32646
G1 X55.103 Y90.76
G1 X59.24 Y94.897 E267.36315
G1 X59.268 Y94.925
G0 F7200 X59.1 Y94.925
G0 X59.1 Y92.275
G0 X59.24 Y92.275
G1 F3600 X52.274 Y99.24 E267.42491
G1 X52.269 Y99.24
G1 X50.76 Y97.73 E267.4383
G1 X50.76 Y97.926
G1 X57.926 Y90.76 E267.50184
G1 X57.932 Y90.76
G1 X59.24 Y92.068 E267.51344
G1 X59.268 Y92.096
G0 F7200 X59.1 Y92.096
G0 X59.13 Y99.13
G0 X59.4 Y99.4
;TYPE:WALL-INNER
G1 F3600 X59.4 Y90.6 E267.56862
G1 X50.6 Y90.6 E267.6238
G1 X50.6 Y99.4 E267.67897
G1 X59.4 Y99.4 E267.73415
G0 F7200 X59.8 Y99.8
;TYPE:WALL-OUTER
G1 F1800 X59.8 Y90.2 E267.79435
G1 X50.2 Y90.2 E267.85454
G1 X50.2 Y99.8 E267.91473
G1 X59.8 Y99.8 E267.97493
G0 F7200 X59.8 Y99.6
G0 X58.8 Y98.918
G1 F1500 E261.47493
;MESH:NONMESH
G0 F600 X58.8 Y98.918 Z9.4
G0 F7200 X50.42 Y94.843
G0 X49.335 Y94.843
G0 X39.9 Y94.843
;TIME_ELAPSED:1248.575167
;LAYER:91
;TYPE:SUPPORT
G1 F1500 E267.97493
G1 F3600 X40.104 Y94.184 E267.97925
G1 X39.995 Y93.705 E267.98233
G1 X40.086 Y93.269 E267.98513
G1 X40.339 Y92.949 E267.98768
G1 X40.622 Y92.866 E267.98953
G1 X40.444 Y92.14 E267.99422
G1 X40.461 Y92.067 E267.99469
G1 X40.349 Y91.709 E267.99704
G1 X40.432 Y91.293 E267.9997
G1 X40.677 Y90.99 E268.00214
G1 X41.027 Y90.9 E268.00441
G1 X41.398 Y91.042 E268.0069
G1 X41.705 Y91.412 E268.00992
G1 X41.89 Y91.988 E268.01371
G1 X41.782 Y92.608 E268.01766
G1 X41.514 Y92.93 E268.02028
G1 X41.109 Y93.067 E268.02296
G1 X41.332 Y93.341 E268.02518
G1 X41.546 Y94.112 E268.03019
G1 X41.525 Y94.374 E268.03184
G1 X41.291 Y95.152 E268.03694
G1 X40.937 Y95.558 E268.04031
G1 X40.563 Y95.703 E268.04283
G1 X40.231 Y95.611 E268.04499
G1 X39.968 Y95.305 E268.04752
G1 X39.9 Y94.96 E268.04972
G1 X39.9 Y94.843 E268.05046
G1 F1500 E261.55046
G0 F7200 X45.22 Y90.219
G1 F1500 E268.05046
G1 F3600 X45.583 Y90.287 E268.05277
G1 X45.837 Y90.555 E268.05509
G1 X45.912 Y90.919 E268.05742
G1 X45.758 Y91.339 E268.06022
G1 X45.22 Y91.87 E268.06496
G1 X45.19 Y91.899 E268.06523
G1 X44.717 Y92.065 E268.06837
G1 X44.339 Y91.991 E268.07078
G1 X44.064 Y91.728 E268.07317
G1 X43.989 Y91.372 E268.07545
G1 X44.142 Y90.975 E268.07812
G1 X44.726 Y90.384 E268.08333
G1 X45.198 Y90.214 E268.08647
G1 X45.22 Y90.219 E268.08662
G1 X45.22 Y91.87 E268.09697
G1 F1500 E261.59697
G0 F7200 X43.831 Y92.652
G1 F1500 E268.09697
G1 F3600 X44.175 Y92.763 E268.09923
G1 X44.435 Y93.095 E268.10188
G1 X44.536 Y93.543 E268.10476
G1 X44.467 Y93.986 E268.10757
G1 X44.507 Y94.502 E268.11081
G1 X44.395 Y94.979 E268.11389
G1 X44.122 Y95.308 E268.11657
G1 X43.776 Y95.428 E268.11886
G1 X43.444 Y95.314 E268.12106
G1 X43.164 Y94.975 E268.12382
G1 X43.06 Y94.525 E268.12672
G1 X43.089 Y94.252 E268.12844
G1 X43.059 Y94.134 E268.1292
G1 X43.092 Y93.99 E268.13013
G1 X43.037 Y93.772 E268.13154
G1 X43.205 Y93.126 E268.13572
G1 X43.48 Y92.779 E268.1385
G1 X43.831 Y92.652 E268.14084
G1 F1500 E261.64084
G0 F7200 X47.88 Y90.539
G1 F1500 E268.14084
G1 F3600 X47.88 Y93.58 E268.15991
G1 X48.272 Y93.506 E268.16241
G1 X48.565 Y93.259 E268.16481
G1 X48.639 Y92.867 E268.16731
G1 X48.514 Y92.553 E268.16943
G1 X48.225 Y92.288 E268.17189
G1 X48.654 Y91.885 E268.17558
G1 X48.744 Y91.527 E268.1779
G1 X48.699 Y91.405 E268.17871
G1 X48.778 Y91.184 E268.18018
G1 X48.707 Y90.809 E268.18258
G1 X48.457 Y90.541 E268.18487
G1 X48.066 Y90.471 E268.18736
G1 X47.649 Y90.625 E268.19015
G1 X47.212 Y91.08 E268.19411
G1 X46.976 Y91.68 E268.19815
G1 X46.677 Y91.766 E268.2001
G1 X46.424 Y92.086 E268.20266
G1 X46.333 Y92.521 E268.20545
G1 X46.458 Y93.059 E268.20891
G1 X46.329 Y93.64 E268.21264
G1 X46.419 Y94.074 E268.21542
G1 X46.69 Y94.398 E268.21807
G1 X47.016 Y94.5 E268.22021
G1 X47.15 Y94.449 E268.22111
G1 X47.342 Y94.732 E268.22325
G1 X47.222 Y94.994 E268.22506
G1 X47.257 Y95.11 E268.22582
G1 X47.209 Y95.284 E268.22695
G1 X47.3 Y95.74 E268.22987
G1 X47.457 Y95.928 E268.2314
G1 X47.889 Y96.014 E268.23416
G1 X48.181 Y96.126 E268.23613
G1 X48.552 Y96.012 E268.23856
G1 X48.777 Y95.75 E268.24072
G1 X48.859 Y95.315 E268.2435
G1 X48.774 Y95.036 E268.24533
G1 X48.824 Y94.852 E268.24652
G1 X48.732 Y94.424 E268.24927
G1 X48.566 Y94.215 E268.25094
G1 X47.88 Y94.04 E268.25538
G1 X47.88 Y96.012 E268.26775
G1 F1500 E261.76775
G0 F7200 X47.88 Y99.049
G1 F1500 E268.26775
G1 F3600 X47.88 Y96.561 E268.28335
G1 X48.008 Y96.605 E268.2842
G1 X48.103 Y96.698 E268.28503
G1 X48.329 Y96.761 E268.2865
G1 X48.64 Y97.055 E268.28918
G1 X48.818 Y97.572 E268.29261
G1 X48.818 Y98.265 E268.29696
G1 X48.665 Y98.419 E268.29832
G1 X48.602 Y98.755 E268.30046
G1 X48.346 Y99.008 E268.30272
G1 X47.963 Y99.081 E268.30516
G1 X47.553 Y98.927 E268.30791
G1 X47.44 Y98.813 E268.30892
G1 X47.061 Y98.888 E268.31134
G1 X46.619 Y98.726 E268.31429
G1 X45.933 Y98.027 E268.32043
G1 X45.698 Y98.229 E268.32237
G1 X45.441 Y98.324 E268.32409
G1 X45.335 Y98.425 E268.32501
G1 X44.889 Y98.578 E268.32797
G1 X44.51 Y98.505 E268.33039
G1 X44.228 Y98.24 E268.33281
G1 X44.149 Y97.892 E268.33505
G1 X44.301 Y97.505 E268.33766
G1 X44.728 Y97.081 E268.34143
G1 X45.127 Y96.947 E268.34407
G1 X45.22 Y96.862 E268.34486
G1 X45.22 Y98.465 E268.35491
G1 F1500 E261.85491
G0 F7200 X42.56 Y97.044
G1 F1500 E268.35491
G1 F3600 X42.764 Y97.119 E268.35627
G1 X43.3 Y97.711 E268.36128
G1 X43.471 Y98.184 E268.36444
G1 X43.396 Y98.579 E268.36696
G1 X43.15 Y98.834 E268.36918
G1 X42.774 Y98.909 E268.37158
G1 X42.56 Y98.828 E268.37302
G1 X42.526 Y98.816 E268.37324
G1 X42.326 Y98.889 E268.37458
G1 X41.96 Y98.816 E268.37692
G1 X41.515 Y98.376 E268.38084
G1 X41.347 Y98.564 E268.38242
G1 X40.959 Y98.715 E268.38503
G1 X40.618 Y98.631 E268.38723
G1 X40.357 Y98.337 E268.3897
G1 X40.28 Y97.943 E268.39222
G1 X40.447 Y97.455 E268.39545
G1 X40.546 Y97.075 E268.39791
G1 X40.822 Y96.726 E268.4007
G1 X41.173 Y96.599 E268.40304
G1 X41.52 Y96.71 E268.40533
G1 X41.629 Y96.848 E268.40643
G1 X41.786 Y96.877 E268.40743
G1 X41.96 Y97.049 E268.40897
G1 X42.355 Y96.967 E268.4115
G1 X42.56 Y97.044 E268.41287
G1 X42.56 Y98.828 E268.42405
G1 F1500 E261.92405
G0 F7200 X49.347 Y100.653
G0 X60.653 Y100.653
G0 X61.18 Y97.726
G1 F1500 E268.42405
G1 F3600 X61.18 Y98.615 E268.42963
G1 X61.359 Y98.794 E268.43122
G1 X61.702 Y98.895 E268.43346
G1 X62.056 Y98.797 E268.43576
G1 X62.39 Y98.446 E268.4388
G1 X62.513 Y98.398 E268.43963
G1 X62.733 Y98.164 E268.44164
G1 X63.017 Y98.246 E268.44349
G1 X63.101 Y98.634 E268.44598
G1 X63.373 Y98.898 E268.44836
G1 X63.749 Y98.974 E268.45077
G1 X64.159 Y98.845 E268.45346
G1 X64.654 Y98.749 E268.45662
G1 X64.912 Y98.533 E268.45873
G1 X64.95 Y98.276 E268.46036
G1 X64.905 Y98.136 E268.46128
G1 X64.974 Y97.957 E268.46249
G1 X64.914 Y97.802 E268.46353
G1 X64.576 Y97.499 E268.46637
G1 X64.485 Y97.475 E268.46696
G1 X64.223 Y97.163 E268.46952
G1 X64.089 Y97.113 E268.47042
G1 X63.84 Y97.205 E268.47208
G1 X63.84 Y98.946 E268.483
G1 F1500 E261.983
G0 F7200 X61.18 Y97.147
G1 F1500 E268.483
G1 F3600 X61.183 Y95.926 E268.49065
G1 X61.431 Y95.646 E268.493
G1 X61.797 Y95.568 E268.49534
G1 X62.088 Y95.674 E268.49729
G1 X62.072 Y95.156 E268.50054
G1 X62.228 Y94.529 E268.50459
G1 X62.011 Y94.329 E268.50644
G1 X61.723 Y94.435 E268.50836
G1 X61.363 Y94.36 E268.51067
G1 X61.18 Y94.172 E268.51231
G1 X61.18 Y93.302 E268.51777
G1 X61.865 Y92.57 E268.52405
G1 X61.273 Y91.898 E268.52967
G1 X61.18 Y91.646 E268.53135
G1 X61.18 Y91.179 E268.53428
G1 F1500 E262.03428
G0 F7200 X66.5 Y98.59
G1 F1500 E268.53428
G1 F3600 X66.381 Y98.552 E268.53506
G1 X65.907 Y98.457 E268.5381
G1 X65.605 Y98.199 E268.54059
G1 X65.553 Y97.955 E268.54215
G1 X65.617 Y97.739 E268.54356
G1 X65.587 Y97.659 E268.5441
G1 X65.648 Y97.505 E268.54514
G1 X65.989 Y97.194 E268.54803
G1 X66.184 Y97.139 E268.5493
G1 X66.369 Y96.94 E268.55101
G1 X66.5 Y96.891 E268.55188
G1 X66.5 Y98.59 E268.56254
G1 X66.8 Y98.687 E268.56451
G1 X67.187 Y98.613 E268.56698
G1 X67.462 Y98.339 E268.56942
G1 X67.75 Y98.647 E268.57206
G1 X68.136 Y98.8 E268.57466
G1 X68.499 Y98.721 E268.57699
G1 X68.741 Y98.458 E268.57923
G1 X68.823 Y98.148 E268.58125
G1 X68.823 Y97.307 E268.58652
G1 X68.871 Y97.257 E268.58695
G1 X68.946 Y96.85 E268.58955
G1 X68.821 Y96.485 E268.59197
G1 X68.851 Y96.376 E268.59268
G1 X68.761 Y95.948 E268.59542
G1 X68.566 Y95.702 E268.59739
G1 X68.227 Y95.649 E268.59954
G1 X68.043 Y95.576 E268.60078
G1 X67.861 Y95.645 E268.602
G1 X67.468 Y95.177 E268.60583
G1 X68.121 Y94.891 E268.6103
G1 X68.391 Y94.833 E268.61203
G1 X68.654 Y94.582 E268.61431
G1 X68.741 Y94.221 E268.61664
G1 X68.694 Y94.095 E268.61748
G1 X68.779 Y93.86 E268.61905
G1 X68.707 Y93.487 E268.62143
G1 X68.329 Y93.094 E268.62485
G1 X68.424 Y92.626 E268.62785
G1 X68.524 Y92.531 E268.62871
G1 X68.676 Y92.138 E268.63135
G1 X68.593 Y91.792 E268.63358
G1 X68.169 Y91.38 E268.63729
G1 X68.497 Y91.105 E268.63997
G1 X68.611 Y90.768 E268.64221
G1 X68.498 Y90.421 E268.64449
G1 X68.177 Y90.138 E268.64718
G1 X67.294 Y89.926 E268.65287
G1 X66.864 Y90.004 E268.65561
G1 X66.583 Y90.265 E268.65802
G1 X66.5 Y90.582 E268.66007
G1 F1500 E262.16007
G0 F7200 X66.5 Y92.671
G1 F1500 E268.66007
G1 F3600 X66.5 Y91.027 E268.67038
G1 X66.408 Y91.129 E268.67124
G1 X66.049 Y91.024 E268.67359
G1 X65.618 Y91.107 E268.67634
G1 X65.33 Y91.368 E268.67877
G1 X65.236 Y91.699 E268.68093
G1 X65.378 Y92.056 E268.68334
G1 X65.745 Y92.377 E268.6864
G1 X66.034 Y92.474 E268.68831
G1 X66.104 Y92.537 E268.6889
G1 X66.535 Y92.683 E268.69175
G1 X67.014 Y92.591 E268.69481
G1 X67.097 Y92.887 E268.69674
G1 X67.537 Y93.401 E268.70098
G1 X67.104 Y93.921 E268.70522
G1 X66.91 Y94.475 E268.7089
G1 X66.049 Y94.224 E268.71453
G1 X65.618 Y94.307 E268.71728
G1 X65.329 Y94.569 E268.71973
G1 X65.236 Y94.899 E268.72188
G1 X65.378 Y95.256 E268.72429
G1 X65.746 Y95.577 E268.72735
G1 X66.017 Y95.671 E268.72915
G1 X66.111 Y95.759 E268.72995
G1 X66.407 Y95.863 E268.73192
G1 X66.5 Y96.145 E268.73378
G1 X66.5 Y94.356 E268.745
G1 F1500 E262.245
G0 F7200 X69.347 Y89.347
G0 X80.653 Y89.347
G0 X82.46 Y94.448
G1 F1500 E268.745
G1 F3600 X82.574 Y94.492 E268.74577
G1 X82.91 Y94.869 E268.74893
G1 X83.163 Y95.299 E268.75206
G1 X83.257 Y95.685 E268.75455
G1 X83.157 Y96.034 E268.75683
G1 X82.598 Y96.577 E268.76171
G1 X82.679 Y96.861 E268.76357
G1 X82.816 Y96.889 E268.76444
G1 X83.081 Y97.266 E268.76733
G1 X83.135 Y97.551 E268.76915
G1 X82.978 Y98.009 E268.77219
G1 X82.792 Y98.263 E268.77416
G1 X82.46 Y98.612 E268.77718
G1 X82.44 Y98.633 E268.77736
G1 X82.036 Y98.786 E268.78007
G1 X81.688 Y98.709 E268.78231
G1 X81.421 Y98.427 E268.78474
G1 X81.347 Y98.047 E268.78717
G1 X81.497 Y97.628 E268.78996
G1 X82.198 Y96.772 E268.7969
G1 X81.757 Y96.683 E268.79972
G1 X81.485 Y96.414 E268.80212
G1 X81.411 Y96.054 E268.80442
G1 X81.562 Y95.652 E268.80711
G1 X81.657 Y95.558 E268.80795
G1 X81.494 Y95.088 E268.81107
G1 X81.57 Y94.7 E268.81355
G1 X81.814 Y94.417 E268.81589
G1 X82.175 Y94.338 E268.81821
G1 X82.46 Y94.448 E268.82012
G1 X82.46 Y98.612 E268.84623
G1 F1500 E262.34623
G0 F7200 X87.78 Y96.741
G1 F1500 E268.84623
G1 F3600 X87.822 Y96.729 E268.84651
G1 X88.275 Y96.816 E268.8494
G1 X88.543 Y96.938 E268.85125
G1 X88.798 Y96.843 E268.85295
G1 X89.167 Y96.918 E268.85531
G1 X89.414 Y97.195 E268.85764
G1 X89.489 Y97.575 E268.86007
G1 X89.414 Y97.784 E268.86146
G1 X89.515 Y98.055 E268.86328
G1 X89.443 Y98.435 E268.8657
G1 X89.189 Y98.691 E268.86796
G1 X88.81 Y98.763 E268.87038
G1 X88.407 Y98.613 E268.87308
G1 X87.972 Y98.179 E268.87693
G1 X87.78 Y98.241 E268.87819
G1 X87.78 Y96.741 E268.8876
G1 X87.208 Y96.911 E268.89134
G1 X87.084 Y96.983 E268.89224
G1 X86.719 Y97.33 E268.8954
G1 X86.57 Y97.705 E268.89793
G1 X85.788 Y96.834 E268.90527
G1 X85.382 Y96.68 E268.90799
G1 X85.169 Y96.725 E268.90936
G1 X85.028 Y96.69 E268.91027
G1 X84.645 Y96.838 E268.91284
G1 X84.299 Y97.247 E268.9162
G1 X84.102 Y97.958 E268.92083
G1 X84.191 Y98.386 E268.92357
G1 X84.456 Y98.702 E268.92615
G1 X84.699 Y98.771 E268.92774
G1 X84.781 Y98.737 E268.92829
G1 X84.862 Y98.772 E268.92885
G1 X85.12 Y98.676 E268.93057
G1 X85.12 Y96.713 E268.94288
G0 F7200 X85.12 Y96.143
G1 F3600 X84.738 Y96.241 E268.94535
G1 X84.314 Y96.149 E268.94807
G1 X83.996 Y95.881 E268.95068
G1 X83.894 Y95.552 E268.95284
G1 X84.026 Y95.205 E268.95517
G1 X84.361 Y94.904 E268.95799
G1 X84.888 Y94.759 E268.96142
G1 X84.998 Y94.607 E268.9626
G1 X85.12 Y94.472 E268.96374
G1 X85.343 Y94.227 E268.96582
G1 X85.753 Y94.073 E268.96856
G1 X86.12 Y94.149 E268.97091
G1 X86.365 Y94.428 E268.97324
G1 X86.44 Y94.807 E268.97566
G1 X86.257 Y95.338 E268.97918
G1 X85.724 Y95.889 E268.98399
G1 X85.499 Y96.045 E268.98571
G1 X85.12 Y96.143 E268.98816
G1 X85.12 Y94.472 E268.99864
G0 F7200 X85.12 Y93.147
G1 F3600 X84.965 Y93.202 E268.99967
G1 X84.591 Y93.126 E269.00206
G1 X84.32 Y92.861 E269.00444
G1 X84.245 Y92.502 E269.00674
G1 X84.398 Y92.099 E269.00944
G1 X84.905 Y91.578 E269.014
G1 X85.069 Y91.521 E269.01509
G1 X85.12 Y91.473 E269.01553
G1 X85.191 Y91.408 E269.01613
G1 X85.308 Y91.369 E269.01691
G1 X85.527 Y91.179 E269.01872
G1 X85.963 Y91.023 E269.02163
G1 X86.36 Y91.096 E269.02416
G1 X86.616 Y91.358 E269.02645
G1 X86.691 Y91.718 E269.02876
G1 X86.537 Y92.134 E269.03154
G1 X86.098 Y92.558 E269.03537
G1 X85.778 Y92.692 E269.03754
G1 X85.391 Y93.05 E269.04085
G1 X85.12 Y93.147 E269.04265
G1 X85.12 Y91.473 E269.05315
G1 F1500 E262.55315
G0 F7200 X82.46 Y92.86
G1 F1500 E269.05315
G1 F3600 X82.359 Y92.896 E269.05382
G1 X81.981 Y92.821 E269.05624
G1 X81.706 Y92.558 E269.05863
G1 X81.63 Y92.201 E269.06091
G1 X81.742 Y91.909 E269.06287
G1 X81.68 Y91.743 E269.06399
G1 X81.756 Y91.37 E269.06637
G1 X82.024 Y91.076 E269.06887
G1 X82.113 Y90.62 E269.07178
G1 X82.361 Y90.341 E269.07412
G1 X82.46 Y90.32 E269.07476
G1 X82.728 Y90.266 E269.07647
G1 X83.139 Y90.419 E269.07922
G1 X83.724 Y91.07 E269.08471
G1 X83.88 Y91.485 E269.08749
G1 X83.806 Y91.87 E269.08995
G1 X83.689 Y91.991 E269.091
G1 X83.571 Y92.337 E269.09329
G1 X83.244 Y92.608 E269.09596
G1 X82.841 Y92.724 E269.09859
G1 X82.46 Y92.86 E269.10112
G1 X82.46 Y90.32 E269.11705
G1 F1500 E262.61705
G0 F7200 X87.78 Y90.695
G1 F1500 E269.11705
G1 F3600 X87.893 Y90.551 E269.1182
G1 X88.241 Y90.437 E269.12049
G1 X88.589 Y90.561 E269.12281
G1 X88.835 Y90.872 E269.12529
G1 X89.243 Y90.948 E269.1279
G1 X89.505 Y91.21 E269.13022
G1 X89.583 Y91.562 E269.13248
G1 X89.43 Y91.968 E269.1352
G1 X88.79 Y92.576 E269.14074
G1 X89.231 Y92.718 E269.14364
G1 X89.491 Y93.052 E269.1463
G1 X89.591 Y93.492 E269.14912
G1 X89.5 Y93.979 E269.15223
G1 X89.712 Y94.18 E269.15406
G1 X89.858 Y94.553 E269.15657
G1 X89.777 Y94.906 E269.15885
G1 X89.292 Y95.352 E269.16298
G1 X88.949 Y95.449 E269.16521
G1 X88.598 Y95.312 E269.16757
G1 X88.289 Y94.95 E269.17056
G1 X88.072 Y94.182 E269.17556
G1 X88.105 Y94.028 E269.17655
G1 X88.064 Y93.841 E269.17775
G1 X88.261 Y93.083 E269.18266
G1 X88.57 Y92.694 E269.18578
G1 X87.999 Y92.501 E269.18956
G1 X87.78 Y92.306 E269.19139
G1 X87.78 Y90.695 E269.2015
G1 F1500 E262.7015
;MESH:test.stl
G0 F7200 X80.665 Y90.695
G0 X79.58 Y90.695
G0 X79.1 Y92.074
G0 X79.24 Y92.074
;TYPE:FILL
G1 F1500 E269.2015
G1 F3600 X72.074 Y99.24 E269.26504
G1 X72.068 Y99.24
G1 X70.76 Y97.931 E269.27664
G0 F7200 X70.76 Y97.725
G1 F3600 X77.725 Y90.76 E269.3384
G1 X77.731 Y90.76
G1 X79.24 Y92.269 E269.35178
G1 X79.268 Y92.297
G0 F7200 X79.1 Y92.297
G0 X79.1 Y94.902
G0 X79.24 Y94.902
G1 F3600 X74.902 Y99.24 E269.39025
G1 X74.897 Y99.24
G1 X70.76 Y95.103 E269.42694
G0 F7200 X70.76 Y94.897
G1 F3600 X74.897 Y90.76 E269.46362
G1 X74.902 Y90.76
G1 X79.24 Y95.097 E269.50208
G1 X79.268 Y95.125
G0 F7200 X79.1 Y95.125
G0 X79.1 Y97.731
G0 X79.24 Y97.731
G1 F3600 X77.731 Y99.24 E269.51546
G1 X77.725 Y99.24
G1 X70.76 Y92.275 E269.57722
G0 F7200 X70.76 Y92.068
G1 F3600 X72.068 Y90.76 E269.58882
G1 X72.074 Y90.76
G1 X79.24 Y97.926 E269.65237
G1 X79.268 Y97.954
G0 F7200 X79.1 Y97.954
G0 X79.13 Y99.13
G0 X79.4 Y99.4
;TYPE:WALL-INNER
G1 F3600 X79.4 Y90.6 E269.70754
G1 X70.6 Y90.6 E269.76272
G1 X70.6 Y99.4 E269.8179
G1 X79.4 Y99.4 E269.87308
G0 F7200 X79.8 Y99.8
;TYPE:WALL-OUTER
G1 F1800 X79.8 Y90.2 E269.93327
G1 X70.2 Y90.2 E269.99346
G1 X70.2 Y99.8 E270.05366
G1 X79.8 Y99.8 E270.11385
G0 F7200 X79.8 Y99.6
G0 X78.8 Y98.918
G1 F1500 E263.61385
G0 F7200 X70.42 Y97.931
G0 X69.335 Y97.931
G0 X60.665 Y97.931
G0 X59.58 Y97.931
G0 X59.24 Y97.931
;TYPE:FILL
G1 F1500 E270.11385
G1 F3600 X57.931 Y99.24 E270.12546
G1 X57.926 Y99.24
G1 X50.76 Y92.073 E270.18901
G1 X50.76 Y92.269
G1 X52.269 Y90.76 E270.20239
G1 X52.275 Y90.76
G1 X59.24 Y97.725 E270.26415
G1 X59.268 Y97.753
G0 F7200 X59.1 Y97.753
G0 X59.1 Y95.103
G0 X59.24 Y95.103
G1 F3600 X55.103 Y99.24 E270.30083
G1 X55.098 Y99.24
G1 X50.76 Y94.902 E270.3393
G1 X50.76 Y95.097
G1 X55.098 Y90.76 E270.37776
G1 X55.103 Y90.76
G1 X59.24 Y94.897 E270.41445
G1 X59.268 Y94.925
G0 F7200 X59.1 Y94.925
G0 X59.1 Y92.275
G0 X59.24 Y92.275
G1 F3600 X52.274 Y99.24 E270.47621
G1 X52.269 Y99.24
G1 X50.76 Y97.73 E270.4896
G1 X50.76 Y97.926
G1 X57.926 Y90.76 E270.55314
G1 X57.932 Y90.76
G1 X59.24 Y92.068 E270.56474
G1 X59.268 Y92.096
G0 F7200 X59.1 Y92.096
G0 X59.13 Y99.13
G0 X59.4 Y99.4
;TYPE:WALL-INNER
G1 F3600 X59.4 Y90.6 E270.61992
G1 X50.6 Y90.6 E270.6751
G1 X50.6 Y99.4 E270.73027
G1 X59.4 Y99.4 E270.78545
G0 F7200 X59.8 Y99.8
;TYPE:WALL-OUTER
G1 F1800 X59.8 Y90.2 E270.84564
G1 X50.2 Y90.2 E270.90584
G1 X50.2 Y99.8 E270.96603
G1 X59.8 Y99.8 E271.02623
G0 F7200 X59.8 Y99.6
G0 X58.8 Y98.918
G1 F1500 E264.52623
;MESH:NONMESH
G0 F600 X58.8 Y98.918 Z9.5
G0 F7200 X50.42 Y90.668
G0 X49.335 Y90.668
G0 X40.924 Y90.668
;TIME_ELAPSED:1270.077811
;LAYER:92
;TYPE:SUPPORT
G1 F1500 E271.02623
G1 F3600 X41.225 Y90.788 E271.02826
G1 X41.47 Y91.097 E271.03073
G1 X41.705 Y91.85 E271.03568
G1 X41.642 Y92.216 E271.03801
G1 X41.445 Y92.452 E271.03993
G1 X40.817 Y92.615 E271.044
G1 X41.128 Y93.042 E271.04731
G1 X41.324 Y93.75 E271.05192
G1 X41.246 Y94.169 E271.05459
G1 X41.153 Y94.285 E271.05552
G1 X41.238 Y94.753 E271.05851
G1 X41.019 Y95.491 E271.06333
G1 X40.753 Y95.807 E271.06592
G1 X40.446 Y95.931 E271.068
G1 X40.186 Y95.856 E271.0697
G1 X39.972 Y95.593 E271.07182
G1 X39.906 Y95.24 E271.07407
G1 X40.115 Y94.541 E271.07865
G1 X40.305 Y94.308 E271.08053
G1 X40.091 Y94.065 E271.08256
G1 X40.025 Y93.741 E271.08464
G1 X40.097 Y93.512 E271.08614
G1 X40.044 Y93.327 E271.08735
G1 X40.115 Y92.968 E271.08964
G1 X40.32 Y92.7 E271.09176
G1 X40.942 Y92.522 E271.09582
G1 X40.575 Y92.059 E271.09952
G1 X40.38 Y91.367 E271.10403
G1 X40.449 Y91.01 E271.10631
G1 X40.652 Y90.745 E271.1084
G1 X40.924 Y90.668 E271.11017
G1 F1500 E264.61017
G0 F7200 X43.865 Y92.417
G1 F1500 E271.11017
G1 F3600 X44.139 Y92.506 E271.11198
G1 X44.353 Y92.789 E271.1142
G1 X44.439 Y93.178 E271.1167
G1 X44.422 Y93.439 E271.11834
G1 X44.282 Y94.012 E271.12204
G1 X44.374 Y94.527 E271.12532
G1 X44.364 Y94.876 E271.12751
G1 X44.266 Y95.299 E271.13023
G1 X44.047 Y95.572 E271.13243
G1 X43.768 Y95.673 E271.13429
G1 X43.504 Y95.577 E271.13605
G1 X43.273 Y95.287 E271.13837
G1 X43.18 Y94.885 E271.14096
G1 X43.19 Y94.561 E271.14299
G1 X43.329 Y94.048 E271.14633
G1 X43.22 Y93.558 E271.14947
G1 X43.25 Y93.235 E271.15151
G1 X43.356 Y92.816 E271.15422
G1 X43.583 Y92.521 E271.15655
G1 X43.865 Y92.417 E271.15844
G1 F1500 E264.65844
G0 F7200 X45.22 Y91.611
G1 F1500 E271.15844
G1 F3600 X44.993 Y91.696 E271.15996
G1 X44.69 Y91.639 E271.16189
G1 X44.472 Y91.423 E271.16381
G1 X44.432 Y91.216 E271.16514
G1 X44.292 Y90.87 E271.16748
G1 X44.383 Y90.608 E271.16921
G1 X44.651 Y90.381 E271.17142
G1 X45.038 Y90.297 E271.1739
G1 X45.133 Y90.319 E271.17451
G1 X45.22 Y90.292 E271.17508
G1 X45.475 Y90.214 E271.17675
G1 X45.837 Y90.276 E271.17906
G1 X46.071 Y90.486 E271.18103
G1 X46.143 Y90.751 E271.18275
G1 X46.016 Y91.067 E271.18489
G1 X45.725 Y91.318 E271.1873
G1 X45.551 Y91.37 E271.18843
G1 X45.355 Y91.559 E271.19014
G1 X45.22 Y91.611 E271.19105
G1 X45.22 Y90.292 E271.19932
G1 F1500 E264.69932
G0 F7200 X47.88 Y95.993
G1 F1500 E271.19932
G1 F3600 X47.816 Y95.97 E271.19975
G1 X47.745 Y95.893 E271.2004
G1 X47.505 Y95.164 E271.20521
G1 X47.543 Y94.465 E271.2096
G1 X46.901 Y94.723 E271.21394
G1 X46.641 Y94.648 E271.21564
G1 X46.428 Y94.386 E271.21776
G1 X46.36 Y94.026 E271.22005
G1 X46.57 Y93.268 E271.22499
G1 X46.702 Y93.098 E271.22633
G1 X46.456 Y92.827 E271.22863
G1 X46.383 Y92.509 E271.23068
G1 X46.435 Y92.339 E271.23179
G1 X46.382 Y92.148 E271.23303
G1 X46.453 Y91.787 E271.23534
G1 X46.657 Y91.522 E271.23744
G1 X46.929 Y91.443 E271.23921
G1 X47.232 Y91.561 E271.24125
G1 X47.344 Y91.13 E271.24404
G1 X47.837 Y90.553 E271.2488
G1 X47.88 Y90.54 E271.24908
G1 X48.331 Y90.404 E271.25204
G1 X48.69 Y90.459 E271.25432
G1 X48.781 Y90.567 E271.2552
G1 X48.838 Y90.893 E271.25728
G1 X48.682 Y91.353 E271.26032
G1 X48.845 Y91.771 E271.26313
G1 X48.793 Y92.069 E271.26503
G1 X48.523 Y92.259 E271.2671
G1 X48.452 Y92.502 E271.26869
G1 X48.739 Y92.76 E271.27111
G1 X48.796 Y92.896 E271.27203
G1 X48.796 Y93.338 E271.2748
G1 X48.564 Y93.521 E271.27666
G1 X48.233 Y93.583 E271.27877
G1 X48.233 Y93.992 E271.28133
G1 X48.734 Y94.079 E271.28452
G1 X48.779 Y94.135 E271.28497
G1 X48.84 Y94.47 E271.28711
G1 X48.633 Y95.045 E271.29094
G1 X48.775 Y95.186 E271.29219
G1 X48.87 Y95.474 E271.2941
G1 X48.777 Y96.023 E271.29759
G1 X48.671 Y96.149 E271.29862
G1 X48.414 Y96.188 E271.30025
G1 X47.88 Y95.993 E271.30381
G1 X47.88 Y90.54 E271.338
G1 F1500 E264.838
G0 F7200 X42.56 Y97.404
G1 F1500 E271.338
G1 F3600 X42.59 Y97.399 E271.3382
G1 X42.857 Y97.462 E271.33992
G1 X43.422 Y98.081 E271.34517
G1 X43.569 Y98.472 E271.34779
G1 X43.515 Y98.8 E271.34987
G1 X43.33 Y98.996 E271.35156
G1 X42.884 Y99.009 E271.35436
G1 X42.56 Y98.856 E271.35661
G1 X42.544 Y98.849 E271.35672
G1 X42.07 Y99.031 E271.3599
G1 X41.785 Y98.975 E271.36172
G1 X41.373 Y98.512 E271.36561
G1 X41.123 Y98.796 E271.36798
G1 X40.806 Y98.924 E271.37012
G1 X40.541 Y98.854 E271.37184
G1 X40.331 Y98.606 E271.37388
G1 X40.269 Y98.263 E271.37607
G1 X40.303 Y98.149 E271.37681
G1 X40.214 Y97.903 E271.37845
G1 X40.283 Y97.62 E271.38028
G1 X40.592 Y97.316 E271.383
G1 X40.701 Y96.759 E271.38656
G1 X40.925 Y96.468 E271.38886
G1 X41.207 Y96.364 E271.39074
G1 X41.481 Y96.453 E271.39255
G1 X41.695 Y96.736 E271.39477
G1 X41.779 Y97.121 E271.39724
G1 X41.742 Y97.507 E271.39968
G1 X42.04 Y97.659 E271.40177
G1 X42.265 Y97.46 E271.40366
G1 X42.56 Y97.404 E271.40554
G1 X42.56 Y98.856 E271.41464
G1 F1500 E264.91464
G0 F7200 X45.22 Y98.331
G1 F1500 E271.41464
G1 F3600 X45.22 Y97.129 E271.42218
G1 X44.959 Y97.183 E271.42385
G1 X44.626 Y97.05 E271.4261
G1 X44.33 Y97.108 E271.42799
G1 X44.141 Y97.327 E271.42981
G1 X44.086 Y97.772 E271.43262
G1 X43.957 Y98.087 E271.43475
G1 X44.02 Y98.358 E271.4365
G1 X44.258 Y98.569 E271.43849
G1 X44.587 Y98.627 E271.44059
G1 X45.062 Y98.47 E271.44372
G1 X45.562 Y98.03 E271.4479
G1 X45.614 Y97.897 E271.44879
G1 X45.866 Y97.852 E271.4504
G1 X46.296 Y98.031 E271.45332
G1 X46.41 Y98.322 E271.45528
G1 X46.929 Y98.814 E271.45976
G1 X47.352 Y98.969 E271.46259
G1 X47.684 Y98.915 E271.4647
G1 X48.175 Y99.106 E271.468
G1 X48.494 Y99.053 E271.47003
G1 X48.702 Y98.854 E271.47183
G1 X48.751 Y98.582 E271.47357
G1 X48.875 Y98.457 E271.47467
G1 X48.875 Y98.109 E271.47685
G1 X48.94 Y98.051 E271.4774
G1 X49.001 Y97.758 E271.47927
G1 X48.932 Y97.591 E271.48041
G1 X48.949 Y97.543 E271.48073
G1 X48.869 Y97.361 E271.48197
G1 X48.931 Y97.206 E271.48302
G1 X48.904 Y97.133 E271.48351
G1 X48.631 Y96.901 E271.48575
G1 X48.238 Y96.813 E271.48828
G1 X48.132 Y96.836 E271.48896
G1 X47.88 Y96.785 E271.49057
G1 X47.88 Y98.991 E271.5044
G1 F1500 E265.0044
G0 F7200 X49.347 Y100.653
G0 X60.653 Y100.653
G0 X61.18 Y93.162
G1 F1500 E271.5044
G1 F3600 X61.18 Y94.511 E271.51286
G1 X61.487 Y94.592 E271.51485
G1 X62.004 Y94.391 E271.51833
G1 X62.198 Y94.557 E271.51993
G1 X62.24 Y95.019 E271.52284
G1 X62.211 Y95.137 E271.5236
G1 X62.282 Y95.456 E271.52565
G1 X62.06 Y95.646 E271.52748
G1 X61.547 Y95.452 E271.53092
G1 X61.236 Y95.507 E271.5329
G1 X61.18 Y95.566 E271.53341
G1 X61.18 Y98.639 E271.55268
G1 X61.364 Y98.823 E271.55431
G1 X61.698 Y98.907 E271.55647
G1 X61.801 Y98.878 E271.55714
G1 X61.891 Y98.789 E271.55794
G1 X62.246 Y98.644 E271.56034
G1 X62.56 Y98.287 E271.56332
G1 X62.854 Y98.368 E271.56523
G1 X62.94 Y98.813 E271.56808
G1 X63.151 Y99.018 E271.56992
G1 X63.54 Y99.055 E271.57237
G1 X63.684 Y99.002 E271.57333
G1 X63.84 Y99.058 E271.57437
G1 X63.84 Y97.555 E271.5838
G1 X64.101 Y97.504 E271.58546
G1 X64.765 Y97.682 E271.58977
G1 X64.914 Y97.838 E271.59113
G1 X65.036 Y98.168 E271.59333
G1 X65.39 Y98.157 E271.59555
G1 X65.477 Y97.861 E271.59749
G1 X65.395 Y97.633 E271.59901
G1 X65.434 Y97.385 E271.60058
G1 X65.622 Y97.21 E271.60219
G1 X65.964 Y97.152 E271.60437
G1 X66.256 Y97.244 E271.60629
G1 X66.5 Y97.21 E271.60783
G1 X66.5 Y98.453 E271.61563
G1 X66.723 Y98.671 E271.61758
G1 X67.06 Y98.802 E271.61985
G1 X67.374 Y98.745 E271.62185
G1 X67.643 Y98.476 E271.62423
G1 X68.05 Y98.941 E271.62811
G1 X68.357 Y99.079 E271.63022
G1 X68.522 Y99.025 E271.63131
G1 X68.571 Y98.96 E271.63182
G1 X68.718 Y98.939 E271.63275
G1 X68.846 Y98.793 E271.63397
G1 X68.929 Y98.307 E271.63706
G1 X68.858 Y98.014 E271.63895
G1 X68.94 Y97.939 E271.63965
G1 X69.001 Y97.643 E271.64154
G1 X68.935 Y97.481 E271.64264
G1 X68.985 Y97.174 E271.64459
G1 X68.852 Y96.779 E271.6472
G1 X68.689 Y96.512 E271.64916
G1 X68.843 Y96.003 E271.6525
G1 X68.779 Y95.657 E271.6547
G1 X68.693 Y95.548 E271.65557
G1 X68.39 Y95.501 E271.6575
G1 X67.971 Y95.623 E271.66023
G1 X67.933 Y95.389 E271.66172
G1 X67.735 Y95.158 E271.66363
G1 X67.931 Y94.854 E271.66589
G1 X68.253 Y94.941 E271.66799
G1 X68.658 Y94.872 E271.67056
G1 X68.793 Y94.764 E271.67165
G1 X68.845 Y94.467 E271.67354
G1 X68.679 Y94.041 E271.6764
G1 X68.838 Y93.571 E271.67951
G1 X68.78 Y93.243 E271.6816
G1 X68.697 Y93.144 E271.68241
G1 X68.436 Y93.103 E271.68407
G1 X68.354 Y92.798 E271.68605
G1 X68.766 Y92.452 E271.68942
G1 X68.854 Y92.172 E271.69126
G1 X68.79 Y92.003 E271.6924
G1 X68.824 Y91.915 E271.69299
G1 X68.766 Y91.627 E271.69483
G1 X68.411 Y91.266 E271.69801
G1 X68.745 Y90.996 E271.7007
G1 X68.774 Y90.917 E271.70123
G1 X68.761 Y90.445 E271.70419
G1 X68.501 Y90.226 E271.70632
G1 X68.1 Y90.142 E271.70889
G1 X67.81 Y90.19 E271.71073
G1 X66.963 Y89.948 E271.71625
G1 X66.59 Y90.015 E271.71863
G1 X66.346 Y90.229 E271.72066
G1 X66.27 Y90.491 E271.72238
G1 X66.368 Y90.732 E271.72401
G1 X66.139 Y90.961 E271.72604
G1 X65.773 Y90.814 E271.72851
G1 X65.493 Y90.88 E271.73031
G1 X65.296 Y91.119 E271.73226
G1 X65.236 Y91.457 E271.73441
G1 X65.325 Y91.724 E271.73617
G1 X65.254 Y91.951 E271.73766
G1 X65.317 Y92.298 E271.73988
G1 X65.526 Y92.546 E271.74191
G1 X65.793 Y92.616 E271.74364
G1 X66.106 Y92.49 E271.74576
G1 X66.208 Y92.367 E271.74676
G1 X66.549 Y92.309 E271.74893
G1 X66.818 Y92.082 E271.75113
G1 X67.079 Y92.202 E271.75293
G1 X67.188 Y92.767 E271.75654
G1 X67.169 Y92.858 E271.75713
G1 X67.26 Y93.235 E271.75956
G1 X67.545 Y93.591 E271.76242
G1 X67.344 Y93.812 E271.76429
G1 X67.27 Y94.113 E271.76623
G1 X67.339 Y94.355 E271.76781
G1 X67.819 Y94.813 E271.77197
G1 X67.645 Y95.139 E271.77429
G1 X67.447 Y95.098 E271.77556
G1 X66.953 Y95.295 E271.77889
G1 X66.735 Y94.738 E271.78264
G1 X66.442 Y94.475 E271.78511
G1 X66.356 Y94.452 E271.78567
G1 X66.096 Y94.143 E271.7882
G1 X65.774 Y94.014 E271.79037
G1 X65.494 Y94.079 E271.79218
G1 X65.296 Y94.321 E271.79414
G1 X65.236 Y94.657 E271.79628
G1 X65.325 Y94.924 E271.79804
G1 X65.254 Y95.151 E271.79953
G1 X65.317 Y95.498 E271.80175
G1 X65.526 Y95.746 E271.80378
G1 X65.793 Y95.816 E271.80551
G1 X66.106 Y95.69 E271.80763
G1 X66.208 Y95.567 E271.80863
G1 X66.5 Y95.517 E271.81048
G1 X66.5 Y94.528 E271.81669
G1 F1500 E265.31669
G0 F7200 X66.5 Y92.318
G1 F1500 E271.81669
G1 F3600 X66.5 Y90.093 E271.83064
G1 F1500 E265.33064
G0 F7200 X61.18 Y90.769
G1 F1500 E271.83064
G1 F3600 X61.236 Y90.711 E271.83114
G1 X61.336 Y90.695 E271.83178
G1 X61.617 Y90.348 E271.83458
G1 X61.905 Y90.287 E271.83642
G1 X62.238 Y90.42 E271.83867
G1 X62.525 Y90.746 E271.84139
G1 X62.764 Y91.192 E271.84457
G1 X62.932 Y91.742 E271.84817
G1 X62.865 Y92.109 E271.85051
G1 X62.663 Y92.352 E271.85249
G1 X62.394 Y92.426 E271.85424
G1 X61.765 Y92.164 E271.85852
G1 X61.559 Y92.242 E271.8599
G1 X61.256 Y92.185 E271.86183
G1 X61.18 Y92.11 E271.8625
G1 X61.18 Y90.769 E271.87091
G1 F1500 E265.37091
G0 F7200 X69.347 Y89.347
G0 X80.653 Y89.347
G0 X82.46 Y90.25
G1 F1500 E271.87091
G1 F3600 X82.717 Y90.329 E271.87259
G1 X82.964 Y90.253 E271.87421
G1 X83.32 Y90.312 E271.87648
G1 X83.547 Y90.519 E271.8784
G1 X83.613 Y90.792 E271.88016
G1 X83.488 Y91.104 E271.88227
G1 X83.427 Y91.533 E271.88499
G1 X83.137 Y91.839 E271.88763
G1 X83.155 Y92.005 E271.88868
G1 X83.095 Y92.264 E271.89035
G1 X82.493 Y92.851 E271.89562
G1 X82.46 Y92.864 E271.89584
G1 X82.069 Y93.008 E271.89845
G1 X81.76 Y92.951 E271.90042
G1 X81.541 Y92.739 E271.90233
G1 X81.484 Y92.449 E271.90419
G1 X81.619 Y92.108 E271.90649
G1 X81.776 Y91.948 E271.90789
G1 X81.592 Y91.451 E271.91122
G1 X81.648 Y91.135 E271.91323
G1 X81.856 Y90.896 E271.91521
G1 X81.812 Y90.789 E271.91594
G1 X81.88 Y90.514 E271.91772
G1 X82.104 Y90.308 E271.91962
G1 X82.459 Y90.249 E271.92188
G1 X82.46 Y90.25 E271.92189
G1 X82.46 Y92.864 E271.93828
G1 F1500 E265.43828
G0 F7200 X82.46 Y96.528
G1 F1500 E271.93828
G1 F3600 X82.46 Y94.493 E271.95104
G1 X82.303 Y94.319 E271.95251
G1 X81.962 Y94.185 E271.95481
G1 X81.664 Y94.243 E271.95671
G1 X81.468 Y94.469 E271.95859
G1 X81.41 Y94.785 E271.9606
G1 X81.546 Y95.153 E271.96306
G1 X81.825 Y95.532 E271.96601
G1 X81.473 Y95.965 E271.96951
G1 X81.344 Y96.329 E271.97193
G1 X81.402 Y96.653 E271.974
G1 X81.612 Y96.883 E271.97595
G1 X81.999 Y96.967 E271.97843
G1 X82.031 Y97.325 E271.98068
G1 X81.888 Y97.385 E271.98166
G1 X81.455 Y97.864 E271.98571
G1 X81.21 Y98.427 E271.98956
G1 X81.257 Y98.759 E271.99166
G1 X81.454 Y98.976 E271.9935
G1 X81.776 Y99.023 E271.99554
G1 X82.101 Y98.884 E271.99775
G1 X82.46 Y98.457 E272.00125
G1 X82.46 Y97.353 E272.00817
G1 F1500 E265.50817
G0 F7200 X85.12 Y96.007
G1 F1500 E272.00817
G1 F3600 X85.035 Y96.028 E272.00872
G1 X84.766 Y96.335 E272.01128
G1 X84.454 Y96.461 E272.01339
G1 X84.188 Y96.391 E272.01512
G1 X83.979 Y96.143 E272.01715
G1 X83.916 Y95.795 E272.01937
G1 X83.986 Y95.571 E272.02084
G1 X83.898 Y95.303 E272.02261
G1 X83.959 Y94.966 E272.02475
G1 X84.156 Y94.724 E272.02671
G1 X84.431 Y94.661 E272.02848
G1 X85 Y94.923 E272.03241
G1 X85.12 Y94.709 E272.03395
G1 X85.255 Y94.47 E272.03567
G1 X85.639 Y94.047 E272.03925
G1 X85.986 Y93.91 E272.04159
G1 X86.282 Y93.965 E272.04348
G1 X86.48 Y94.191 E272.04536
G1 X86.537 Y94.508 E272.04738
G1 X86.436 Y94.784 E272.04922
G1 X86.502 Y94.965 E272.05043
G1 X86.442 Y95.285 E272.05247
G1 X86.242 Y95.495 E272.05429
G1 X85.944 Y95.556 E272.0562
G1 X85.81 Y95.507 E272.05709
G1 X85.462 Y95.645 E272.05944
G1 X85.416 Y95.765 E272.06025
G1 X85.128 Y96.004 E272.06259
G1 X85.12 Y96.007 E272.06265
G1 X85.12 Y94.709 E272.07078
G1 F1500 E265.57078
G0 F7200 X85.12 Y93.172
G1 F1500 E272.07078
G1 F3600 X85.051 Y93.245 E272.07141
G1 X84.712 Y93.379 E272.0737
G1 X84.431 Y93.32 E272.0755
G1 X84.22 Y93.093 E272.07744
G1 X84.164 Y92.779 E272.07944
G1 X84.259 Y92.52 E272.08117
G1 X84.17 Y92.275 E272.08281
G1 X84.227 Y91.955 E272.08485
G1 X84.422 Y91.729 E272.08672
G1 X84.718 Y91.671 E272.08861
G1 X85.02 Y91.79 E272.09064
G1 X85.12 Y91.752 E272.09131
G1 X85.225 Y91.713 E272.09202
G1 X85.533 Y91.354 E272.09498
G1 X85.576 Y91.214 E272.0959
G1 X85.826 Y90.906 E272.09839
G1 X86.135 Y90.782 E272.10048
G1 X86.408 Y90.856 E272.10225
G1 X86.607 Y91.109 E272.10427
G1 X86.673 Y91.465 E272.10654
G1 X86.617 Y91.659 E272.1078
G1 X86.713 Y91.95 E272.10973
G1 X86.655 Y92.297 E272.11193
G1 X86.457 Y92.523 E272.11382
G1 X86.171 Y92.59 E272.11566
G1 X85.701 Y92.412 E272.11881
G1 X85.611 Y92.65 E272.1204
G1 X85.12 Y93.172 E272.1249
G1 X85.12 Y91.752 E272.1338
G1 F1500 E265.6338
G0 F7200 X85.12 Y97.217
G1 F1500 E272.1338
G1 F3600 X85.12 Y98.93 E272.14454
G1 X84.912 Y98.968 E272.14587
G1 X84.621 Y98.849 E272.14784
G1 X84.214 Y98.782 E272.15043
G1 X84.056 Y98.637 E272.15177
G1 X84.007 Y98.322 E272.15377
G1 X84.091 Y98.07 E272.15543
G1 X84.068 Y97.995 E272.15593
G1 X84.167 Y97.852 E272.15702
G1 X84.252 Y97.617 E272.15858
G1 X84.596 Y97.229 E272.16183
G1 X84.879 Y97.148 E272.16368
G1 X85.168 Y97.23 E272.16556
G1 X85.612 Y97.129 E272.16842
G1 X85.959 Y97.265 E272.17076
G1 X86.266 Y97.591 E272.17356
G1 X86.555 Y97.504 E272.17546
G1 X86.625 Y97.12 E272.1779
G1 X86.82 Y96.881 E272.17984
G1 X87.101 Y96.816 E272.18165
G1 X87.503 Y96.992 E272.1844
G1 X87.855 Y97.052 E272.18664
G1 X88.187 Y97.366 E272.1895
G1 X88.688 Y96.82 E272.19415
G1 X89.038 Y96.682 E272.19651
G1 X89.335 Y96.737 E272.1984
G1 X89.534 Y96.961 E272.20028
G1 X89.59 Y97.273 E272.20227
G1 X89.397 Y97.772 E272.20562
G1 X89.594 Y98.313 E272.20923
G1 X89.54 Y98.67 E272.2115
G1 X89.415 Y98.785 E272.21256
G1 X89.081 Y98.84 E272.21468
G1 X88.66 Y98.687 E272.21749
G1 X87.904 Y97.929 E272.22421
G1 X87.78 Y98.078 E272.22542
G1 X87.78 Y97.04 E272.23193
G1 F1500 E265.73193
G0 F7200 X87.78 Y90.402
G1 F1500 E272.23193
G1 F3600 X87.997 Y90.365 E272.23331
G1 X88.341 Y90.494 E272.23561
G1 X88.492 Y90.447 E272.2366
G1 X88.843 Y90.506 E272.23884
G1 X88.977 Y90.63 E272.23998
G1 X89.354 Y90.717 E272.24241
G1 X89.55 Y90.957 E272.24435
G1 X89.609 Y91.295 E272.2465
G1 X89.548 Y91.483 E272.24774
G1 X89.667 Y91.798 E272.24985
G1 X89.61 Y92.126 E272.25194
G1 X89.291 Y92.467 E272.25487
G1 X89.49 Y92.722 E272.2569
G1 X89.555 Y93.077 E272.25916
G1 X89.479 Y93.335 E272.26084
G1 X89.517 Y93.458 E272.26165
G1 X89.484 Y93.609 E272.26262
G1 X89.762 Y93.966 E272.26546
G1 X89.828 Y94.32 E272.26772
G1 X89.772 Y94.515 E272.26899
G1 X89.868 Y94.807 E272.27092
G1 X89.81 Y95.153 E272.27312
G1 X89.613 Y95.381 E272.275
G1 X89.483 Y95.412 E272.27584
G1 X89.34 Y95.584 E272.27724
G1 X89.065 Y95.659 E272.27903
G1 X88.772 Y95.54 E272.28102
G1 X88.51 Y95.23 E272.28356
G1 X88.279 Y94.433 E272.28876
G1 X88.384 Y94.001 E272.29155
G1 X88.262 Y93.453 E272.29507
G1 X88.456 Y92.827 E272.29918
G1 X88.849 Y92.346 E272.30307
G1 X88.331 Y92.253 E272.30637
G1 X88.094 Y92.034 E272.3084
G1 X87.998 Y91.998 E272.30904
G1 X87.78 Y91.728 E272.31122
G1 X87.78 Y90.402 E272.31953
G1 F1500 E265.81953
;MESH:test.stl
G0 F7200 X80.665 Y90.402
G0 X79.58 Y90.402
G0 X79.1 Y92.074
G0 X79.24 Y92.074
;TYPE:FILL
G1 F1500 E272.31953
G1 F3600 X72.074 Y99.24 E272.38307
G1 X72.068 Y99.24
G1 X70.76 Y97.931 E272.39468
G0 F7200 X70.76 Y97.725
G1 F3600 X77.725 Y90.76 E272.45644
G1 X77.731 Y90.76
G1 X79.24 Y92.269 E272.46982
G1 X79.268 Y92.297
G0 F7200 X79.1 Y92.297
G0 X79.1 Y94.902
G0 X79.24 Y94.902
G1 F3600 X74.902 Y99.24 E272.50829
G1 X74.897 Y99.24
G1 X70.76 Y95.103 E272.54497
G0 F7200 X70.76 Y94.897
G1 F3600 X74.897 Y90.76 E272.58166
G1 X74.902 Y90.76
G1 X79.24 Y95.097 E272.62012
G1 X79.268 Y95.125
G0 F7200 X79.1 Y95.125
G0 X79.1 Y97.731
G0 X79.24 Y97.731
G1 F3600 X77.731 Y99.24 E272.6335
G1 X77.725 Y99.24
G1 X70.76 Y92.275 E272.69526
G0 F7200 X70.76 Y92.068
G1 F3600 X72.068 Y90.76 E272.70686
G1 X72.074 Y90.76
G1 X79.24 Y97.926 E272.7704
G1 X79.268 Y97.954
G0 F7200 X79.1 Y97.954
G0 X79.13 Y99.13
G0 X79.4 Y99.4
;TYPE:WALL-INNER
G1 F3600 X79.4 Y90.6 E272.82558
G1 X70.6 Y90.6 E272.88076
G1 X70.6 Y99.4 E272.93593
G1 X79.4 Y99.4 E272.99111
G0 F7200 X79.8 Y99.8
;TYPE:WALL-OUTER
G1 F1800 X79.8 Y90.2 E273.05131
G1 X70.2 Y90.2 E273.1115
G1 X70.2 Y99.8 E273.17169
G1 X79.8 Y99.8 E273.23189
G0 F7200 X79.8 Y99.6
G0 X78.8 Y98.918
G1 F1500 E266.73189
G0 F7200 X70.42 Y97.931
G0 X69.335 Y97.931
G0 X60.665 Y97.931
G0 X59.58 Y97.931
G0 X59.24 Y97.931
;TYPE:FILL
G1 F1500 E273.23189
G1 F3600 X57.931 Y99.24 E273.2435
G1 X57.926 Y99.24
G1 X50.76 Y92.073 E273.30704
G1 X50.76 Y92.269
G1 X52.269 Y90.76 E273.32042
G1 X52.275 Y90.76
G1 X59.24 Y97.725 E273.38219
G1 X59.268 Y97.753
G0 F7200 X59.1 Y97.753
G0 X59.1 Y95.103
G0 X59.24 Y95.103
G1 F3600 X55.103 Y99.24 E273.41887
G1 X55.098 Y99.24
G1 X50.76 Y94.902 E273.45734
G1 X50.76 Y95.097
G1 X55.098 Y90.76 E273.4958
G1 X55.103 Y90.76
G1 X59.24 Y94.897 E273.53248
G1 X59.268 Y94.925
G0 F7200 X59.1 Y94.925
G0 X59.1 Y92.275
G0 X59.24 Y92.275
G1 F3600 X52.274 Y99.24 E273.59425
G1 X52.269 Y99.24
G1 X50.76 Y97.73 E273.60763
G1 X50.76 Y97.926
G1 X57.926 Y90.76 E273.67118
G1 X57.932 Y90.76
G1 X59.24 Y92.068 E273.68278
G1 X59.268 Y92.096
G0 F7200 X59.1 Y92.096
G0 X59.13 Y99.13
G0 X59.4 Y99.4
;TYPE:WALL-INNER
G1 F3600 X59.4 Y90.6 E273.73795
G1 X50.6 Y90.6 E273.79313
G1 X50.6 Y99.4 E273.84831
G1 X59.4 Y99.4 E273.90349
G0 F7200 X59.8 Y99.8
;TYPE:WALL-OUTER
G1 F1800 X59.8 Y90.2 E273.96368
G1 X50.2 Y90.2 E274.02387
G1 X50.2 Y99.8 E274.08407
G1 X59.8 Y99.8 E274.14426
G0 F7200 X59.8 Y99.6
G0 X58.8 Y98.918
G1 F1500 E267.64426
;MESH:NONMESH
G0 F600 X58.8 Y98.918 Z9.6
G0 F7200 X50.42 Y90.436
G0 X49.335 Y90.436
G0 X40.856 Y90.436
;TIME_ELAPSED:1292.524900
;LAYER:93
;TYPE:SUPPORT
G1 F1500 E274.14426
G1 F3600 X41.079 Y90.526 E274.14577
G1 X41.27 Y90.782 E274.14777
G1 X41.457 Y91.4 E274.15182
G1 X41.392 Y91.784 E274.15426
G1 X41.238 Y91.982 E274.15584
G1 X41.034 Y92.039 E274.15716
G1 X40.817 Y91.944 E274.15865
G1 X40.607 Y91.682 E274.16075
G1 X40.557 Y91.509 E274.16188
G1 X40.376 Y91.342 E274.16343
G1 X40.281 Y91.1 E274.16506
G1 X40.331 Y90.879 E274.16648
G1 X40.65 Y90.499 E274.16959
G1 X40.856 Y90.436 E274.17094
G1 F1500 E267.67094
G0 F7200 X40.475 Y92.413
G1 F1500 E274.17094
G1 F3600 X40.707 Y92.51 E274.17252
G1 X40.986 Y92.873 E274.17539
G1 X41.135 Y92.9 E274.17634
G1 X41.284 Y93.07 E274.17775
G1 X41.323 Y93.312 E274.17929
G1 X41.205 Y93.623 E274.18138
G1 X41.051 Y93.805 E274.18287
G1 X40.852 Y94.287 E274.18614
G1 X41.195 Y94.592 E274.18902
G1 X41.237 Y94.805 E274.19038
G1 X41.128 Y95.079 E274.19223
G1 X40.932 Y95.266 E274.19393
G1 X40.768 Y95.809 E274.19749
G1 X40.626 Y95.981 E274.19888
G1 X40.652 Y96.017 E274.19916
G1 X40.332 Y96.154 E274.20134
G1 X40.14 Y96.099 E274.2026
G1 X39.976 Y95.891 E274.20426
G1 X39.928 Y95.601 E274.2061
G1 X40.176 Y94.787 E274.21144
G1 X40.316 Y94.641 E274.2127
G1 X40.072 Y94.342 E274.21512
G1 X40.028 Y94.063 E274.2169
G1 X40.227 Y93.496 E274.22066
G1 X40.071 Y92.96 E274.22416
G1 X40.12 Y92.672 E274.226
G1 X40.272 Y92.467 E274.2276
G1 X40.475 Y92.413 E274.22891
G1 F1500 E267.72891
G0 F7200 X42.56 Y97.845
G1 F1500 E274.22891
G1 F3600 X42.56 Y99.009 E274.23621
G1 X42.453 Y99.037 E274.2369
G1 X42.246 Y98.945 E274.23833
G1 X41.901 Y99.099 E274.24069
G1 X41.548 Y99.09 E274.24291
G1 X41.155 Y98.728 E274.24626
G1 X40.912 Y99.016 E274.24862
G1 X40.728 Y99.093 E274.24987
G1 X40.467 Y99.054 E274.25153
G1 X40.312 Y98.867 E274.25305
G1 X40.228 Y98.147 E274.25759
G1 X40.288 Y97.955 E274.25886
G1 X40.172 Y97.641 E274.26095
G1 X40.211 Y97.386 E274.26257
G1 X40.356 Y97.209 E274.26401
G1 X40.729 Y97.14 E274.26639
G1 X40.856 Y96.456 E274.27075
G1 X41 Y96.262 E274.27226
G1 X40.98 Y96.237 E274.27246
G1 X41.251 Y96.129 E274.27429
G1 X41.455 Y96.198 E274.27564
G1 X41.618 Y96.422 E274.27738
G1 X41.682 Y96.74 E274.27941
G1 X41.548 Y97.614 E274.28496
G1 X41.863 Y97.544 E274.28698
G1 X42.123 Y97.648 E274.28874
G1 X42.206 Y97.741 E274.28952
G1 X42.572 Y97.848 E274.29191
G1 X42.804 Y97.808 E274.29339
G1 X43.081 Y97.924 E274.29527
G1 X43.667 Y98.59 E274.30083
G1 X43.908 Y98.036 E274.30462
G1 X44.108 Y97.844 E274.30636
G1 X44.096 Y97.578 E274.30803
G1 X44.012 Y97.353 E274.30953
G1 X44.053 Y97.097 E274.31116
G1 X44.198 Y96.92 E274.31259
G1 X44.416 Y96.879 E274.31398
G1 X44.685 Y96.991 E274.31581
G1 X45.209 Y97.673 E274.3212
G1 X45.22 Y98.085 E274.32379
G1 F1500 E267.82379
G0 F7200 X43.909 Y92.182
G1 F1500 E274.32379
G1 F3600 X44.113 Y92.251 E274.32514
G1 X44.276 Y92.474 E274.32687
G1 X44.338 Y92.79 E274.32889
G1 X44.263 Y93.333 E274.33233
G1 X44.292 Y93.675 E274.33448
G1 X44.223 Y94.014 E274.33665
G1 X43.973 Y94.339 E274.33922
G1 X44.153 Y94.584 E274.34112
G1 X44.222 Y94.9 E274.34315
G1 X44.197 Y95.017 E274.3439
G1 X44.267 Y95.32 E274.34585
G1 X44.214 Y95.636 E274.34786
G1 X44.056 Y95.838 E274.34947
G1 X43.853 Y95.899 E274.3508
G1 X43.64 Y95.808 E274.35225
G1 X43.437 Y95.551 E274.3543
G1 X43.314 Y95.081 E274.35735
G1 X43.395 Y94.586 E274.3605
G1 X43.654 Y94.229 E274.36326
G1 X43.463 Y93.983 E274.36521
G1 X43.371 Y93.485 E274.36839
G1 X43.422 Y92.87 E274.37226
G1 X43.513 Y92.509 E274.37459
G1 X43.692 Y92.269 E274.37647
G1 X43.909 Y92.182 E274.37794
G1 F1500 E267.87794
G0 F7200 X45.22 Y91.318
G1 F1500 E274.37794
G1 F3600 X45.051 Y91.338 E274.379
G1 X44.724 Y91.316 E274.38106
G1 X44.388 Y91.234 E274.38323
G1 X44.139 Y91.041 E274.3852
G1 X44.058 Y90.839 E274.38657
G1 X44.127 Y90.646 E274.38785
G1 X44.342 Y90.47 E274.38959
G1 X44.677 Y90.405 E274.39173
G1 X45.155 Y90.449 E274.39474
G1 X45.22 Y90.424 E274.39518
G1 X45.429 Y90.344 E274.39658
G1 X45.521 Y90.256 E274.39738
G1 X45.828 Y90.146 E274.39943
G1 X46.103 Y90.185 E274.40117
G1 X46.265 Y90.339 E274.40257
G1 X46.308 Y90.553 E274.40394
G1 X46.198 Y90.814 E274.40571
G1 X45.802 Y91.143 E274.40894
G1 X45.303 Y91.307 E274.41224
G1 X45.22 Y91.318 E274.41276
G1 X45.22 Y90.424 E274.41837
G1 F1500 E267.91837
G0 F7200 X47.88 Y97.052
G1 F1500 E274.41837
G1 F3600 X47.914 Y97.02 E274.41866
G1 X48.281 Y96.938 E274.42102
G1 X48.37 Y96.846 E274.42182
G1 X48.665 Y96.731 E274.42381
G1 X48.907 Y96.768 E274.42534
G1 X49.059 Y96.931 E274.42674
G1 X49.099 Y97.159 E274.42819
G1 X49.018 Y97.36 E274.42955
G1 X49.133 Y97.628 E274.43138
G1 X49.083 Y97.914 E274.4332
G1 X49.124 Y98.013 E274.43387
G1 X49.087 Y98.262 E274.43545
G1 X49.006 Y98.343 E274.43617
G1 X49.006 Y98.728 E274.43858
G1 X48.936 Y98.799 E274.43921
G1 X48.9 Y98.996 E274.44046
G1 X48.739 Y99.138 E274.44181
G1 X48.464 Y99.178 E274.44355
G1 X48.266 Y99.104 E274.44487
G1 X47.952 Y99.077 E274.44685
G1 X47.88 Y99.09 E274.44731
G1 X47.625 Y99.136 E274.44893
G1 X47.351 Y99.016 E274.45081
G1 X47.165 Y99.09 E274.45206
G1 X46.935 Y99.051 E274.45353
G1 X46.768 Y98.886 E274.455
G1 X46.729 Y98.659 E274.45644
G1 X46.796 Y98.503 E274.45751
G1 X46.674 Y98.113 E274.46007
G1 X46.371 Y98.175 E274.46201
G1 X46.126 Y98.067 E274.46369
G1 X45.875 Y97.783 E274.46607
G1 X45.726 Y97.502 E274.46806
G1 X45.608 Y97.151 E274.47038
G1 X45.604 Y97.003 E274.47131
G1 X45.8 Y96.38 E274.4754
G1 X46.047 Y96.074 E274.47787
G1 X46.289 Y95.968 E274.47953
G1 X46.497 Y96.019 E274.48087
G1 X46.644 Y96.213 E274.4824
G1 X46.688 Y96.495 E274.48419
G1 X46.486 Y97.089 E274.48812
G1 X46.657 Y97.356 E274.49011
G1 X46.83 Y97.852 E274.4934
G1 X47.151 Y97.807 E274.49543
G1 X47.515 Y97.93 E274.49784
G1 X47.729 Y97.706 E274.49979
G1 X47.682 Y97.583 E274.50061
G1 X47.745 Y97.429 E274.50165
G1 X47.67 Y97.256 E274.50284
G1 X47.88 Y97.052 E274.50467
G1 X47.88 Y99.09 E274.51745
G1 F1500 E268.01745
G0 F7200 X47.88 Y94.254
G1 F1500 E274.51745
G1 F3600 X47.88 Y95.859 E274.52751
G1 X47.914 Y95.966 E274.52822
G1 X48.097 Y96.149 E274.52984
G1 X48.623 Y96.341 E274.53335
G1 X48.623 Y96.302 E274.5336
G1 X48.84 Y96.27 E274.53497
G1 X48.965 Y96.168 E274.53598
G1 X48.965 Y95.273 E274.5416
G1 X48.468 Y94.92 E274.54542
G1 X48.942 Y94.58 E274.54908
G1 X48.942 Y94.046 E274.55242
G1 X48.68 Y93.857 E274.55445
G1 X48.672 Y93.575 E274.55622
G1 X48.942 Y93.387 E274.55828
G1 X48.942 Y92.854 E274.56162
G1 X48.625 Y92.589 E274.56421
G1 X48.693 Y92.34 E274.56583
G1 X48.955 Y92.16 E274.56783
G1 X48.951 Y91.656 E274.57099
G1 X48.536 Y91.303 E274.5744
G1 X48.956 Y90.951 E274.57784
G1 X48.956 Y90.438 E274.58105
G1 X48.84 Y90.338 E274.58201
G1 X48.545 Y90.293 E274.58389
G1 X48.082 Y90.441 E274.58693
G1 X47.899 Y90.632 E274.58859
G1 X47.7 Y91.09 E274.59172
G1 X47.719 Y91.203 E274.59244
G1 X47.626 Y91.57 E274.59482
G1 X47.323 Y91.629 E274.59675
G1 X47.081 Y91.309 E274.59927
G1 X46.856 Y91.218 E274.60079
G1 X46.654 Y91.28 E274.60211
G1 X46.498 Y91.493 E274.60377
G1 X46.442 Y91.797 E274.60571
G1 X46.566 Y92.329 E274.60913
G1 X46.393 Y92.816 E274.61237
G1 X46.436 Y93.091 E274.61412
G1 X46.782 Y93.466 E274.61732
G1 X46.587 Y93.722 E274.61934
G1 X46.383 Y94.393 E274.62373
G1 X46.431 Y94.682 E274.62557
G1 X46.595 Y94.891 E274.62724
G1 X46.787 Y94.946 E274.62849
G1 X47.022 Y94.845 E274.63009
G1 X47.221 Y94.602 E274.63206
G1 X47.429 Y93.905 E274.63662
G1 X47.382 Y93.622 E274.63842
G1 X47.046 Y93.223 E274.64169
G1 X47.458 Y92.749 E274.64563
G1 X47.627 Y93.138 E274.64829
G1 X47.88 Y93.351 E274.65036
G1 X47.88 Y90.675 E274.66714
G1 F1500 E268.16714
G0 F7200 X49.347 Y89.347
G0 X60.653 Y89.347
G0 X61.18 Y90.539
G1 F1500 E274.66714
G1 F3600 X61.31 Y90.519 E274.66797
G1 X61.339 Y90.327 E274.66918
G1 X61.483 Y90.151 E274.67061
G1 X61.702 Y90.109 E274.67201
G1 X61.965 Y90.22 E274.6738
G1 X62.133 Y90.412 E274.6754
G1 X62.289 Y90.448 E274.6764
G1 X62.476 Y90.618 E274.67799
G1 X62.544 Y90.825 E274.67935
G1 X62.486 Y91.002 E274.68052
G1 X62.515 Y91.193 E274.68173
G1 X62.701 Y91.431 E274.68362
G1 X62.903 Y92.096 E274.68798
G1 X62.853 Y92.399 E274.68991
G1 X62.701 Y92.593 E274.69145
G1 X62.497 Y92.65 E274.69278
G1 X62.282 Y92.556 E274.69425
G1 X61.988 Y92.161 E274.69734
G1 X61.755 Y92.101 E274.69885
G1 X61.585 Y92.28 E274.7004
G1 X61.302 Y92.395 E274.70231
G1 X61.18 Y92.373 E274.70309
G1 X61.18 Y90.539 E274.71459
G1 F1500 E268.21459
G0 F7200 X61.18 Y92.939
G1 F1500 E274.71459
G1 F3600 X61.276 Y92.925 E274.7152
G1 X61.575 Y93.045 E274.71722
G1 X62.073 Y93.535 E274.7216
G1 X62.152 Y93.831 E274.72352
G1 X62.389 Y93.873 E274.72503
G1 X62.716 Y93.747 E274.72723
G1 X62.929 Y93.833 E274.72867
G1 X63.11 Y94.077 E274.73057
G1 X63.241 Y94.765 E274.73496
G1 X63.179 Y95.099 E274.73709
G1 X63.02 Y95.306 E274.73873
G1 X62.815 Y95.373 E274.74008
G1 X62.609 Y95.287 E274.74148
G1 X62.415 Y95.038 E274.74346
G1 X62.305 Y94.557 E274.74655
G1 X62.283 Y94.245 E274.74852
G1 X61.978 Y94.142 E274.75053
G1 X61.531 Y94.628 E274.75467
G1 X61.244 Y94.748 E274.75662
G1 X61.18 Y94.736 E274.75703
G1 X61.18 Y92.939 E274.7683
G1 F1500 E268.2683
G0 F7200 X61.18 Y95.339
G1 F1500 E274.7683
G1 F3600 X61.18 Y98.995 E274.79122
G1 X61.366 Y99.05 E274.79244
G1 X61.834 Y98.913 E274.7955
G1 X61.979 Y98.97 E274.79647
G1 X62.186 Y98.906 E274.79783
G1 X62.411 Y98.622 E274.80011
G1 X62.718 Y98.698 E274.80209
G1 X62.773 Y99 E274.80401
G1 X62.877 Y99.1 E274.80492
G1 X63.41 Y99.1 E274.80826
G1 X63.666 Y98.949 E274.81012
G1 X63.84 Y99.061 E274.81142
G1 X63.84 Y97.908 E274.81865
G1 X63.964 Y97.948 E274.81947
G1 X64.141 Y97.787 E274.82097
G1 X64.425 Y97.745 E274.82277
G1 X64.884 Y97.907 E274.82582
G1 X65.236 Y98.276 E274.82902
G1 X65.402 Y97.754 E274.83245
G1 X65.286 Y97.44 E274.83455
G1 X65.325 Y97.183 E274.83618
G1 X65.471 Y97.005 E274.83762
G1 X65.693 Y96.963 E274.83904
G1 X65.955 Y97.074 E274.84082
G1 X66.204 Y97.357 E274.84319
G1 X66.41 Y97.461 E274.84464
G1 X66.569 Y97.639 E274.84613
G1 X66.857 Y97.593 E274.84796
G1 X67.297 Y97.765 E274.85092
G1 X67.516 Y97.447 E274.85334
G1 X67.195 Y97.085 E274.85638
G1 X67.034 Y96.8 E274.85843
G1 X66.921 Y96.476 E274.86058
G1 X66.955 Y96.254 E274.86199
G1 X66.881 Y96.171 E274.86269
G1 X66.842 Y95.911 E274.86434
G1 X66.949 Y95.613 E274.86632
G1 X67.041 Y95.508 E274.8672
G1 X67.142 Y95.248 E274.86894
G1 X67.356 Y94.982 E274.87109
G1 X67.861 Y94.773 E274.87451
G1 X67.634 Y94.254 E274.87806
G1 X67.711 Y93.861 E274.88058
G1 X67.432 Y93.509 E274.88339
G1 X67.307 Y93.03 E274.8865
G1 X67.306 Y92.607 E274.88915
G1 X67.415 Y92.059 E274.89265
G1 X67.595 Y91.814 E274.89456
G1 X67.801 Y91.731 E274.89595
G1 X68.057 Y91.518 E274.89804
G1 X67.997 Y91.23 E274.89988
G1 X67.693 Y91.141 E274.90187
G1 X67.54 Y90.987 E274.90323
G1 X67.202 Y91.055 E274.90539
G1 X66.307 Y90.823 E274.91119
G1 X66.122 Y91.065 E274.9131
G1 X66.35 Y91.646 E274.91701
G1 X66.351 Y91.782 E274.91787
G1 X66.104 Y92.469 E274.92244
G1 X65.892 Y92.718 E274.92449
G1 X65.647 Y92.824 E274.92617
G1 X65.447 Y92.774 E274.92746
G1 X65.29 Y92.581 E274.92902
G1 X65.245 Y92.301 E274.9308
G1 X65.464 Y91.701 E274.9348
G1 X65.311 Y91.447 E274.93666
G1 X65.197 Y91.116 E274.93886
G1 X65.238 Y90.848 E274.94056
G1 X65.384 Y90.665 E274.94202
G1 X65.596 Y90.619 E274.94339
G1 X65.92 Y90.758 E274.9456
G1 X66.094 Y90.236 E274.94905
G1 X66.298 Y90.069 E274.9507
G1 X66.671 Y90.002 E274.95308
G1 X67.507 Y90.22 E274.95849
G1 X67.66 Y90.37 E274.95984
G1 X67.947 Y90.289 E274.96171
G1 X68.19 Y90.284 E274.96323
G1 X68.513 Y90.194 E274.96533
G1 X68.814 Y90.243 E274.96724
G1 X68.943 Y90.351 E274.9683
G1 X68.943 Y90.857 E274.97147
G1 X68.557 Y91.171 E274.97459
G1 X68.956 Y91.514 E274.97789
G1 X68.933 Y92.459 E274.98382
G1 X68.63 Y92.689 E274.9862
G1 X68.712 Y93.005 E274.98825
G1 X68.842 Y93.024 E274.98907
G1 X68.951 Y93.117 E274.98997
G1 X68.947 Y93.645 E274.99328
G1 X68.536 Y93.988 E274.99664
G1 X68.952 Y94.339 E275.00005
G1 X68.952 Y94.847 E275.00324
G1 X68.665 Y95.041 E275.00541
G1 X68.665 Y95.394 E275.00762
G1 X68.839 Y95.422 E275.00873
G1 X68.951 Y95.518 E275.00965
G1 X68.947 Y96.043 E275.01295
G1 X68.615 Y96.302 E275.01559
G1 X68.697 Y96.613 E275.0176
G1 X68.901 Y96.644 E275.0189
G1 X69.054 Y96.808 E275.0203
G1 X69.096 Y97.039 E275.02177
G1 X69.02 Y97.236 E275.0231
G1 X69.125 Y97.498 E275.02487
G1 X69.084 Y97.792 E275.02673
G1 X69.124 Y97.897 E275.02743
G1 X69.087 Y98.149 E275.02903
G1 X68.997 Y98.241 E275.02984
G1 X69.054 Y98.556 E275.03185
G1 X69.012 Y98.828 E275.03357
G1 X68.863 Y98.977 E275.03489
G1 X68.622 Y99.016 E275.03642
G1 X68.375 Y98.914 E275.0381
G1 X68.2 Y98.97 E275.03925
G1 X67.992 Y98.885 E275.04066
G1 X67.805 Y98.658 E275.0425
G1 X67.593 Y98.857 E275.04433
G1 X67.332 Y98.895 E275.04598
G1 X67.045 Y98.785 E275.04791
G1 X66.5 Y98.273 E275.0526
G1 X66.5 Y97.562 E275.05705
G1 F1500 E268.55705
G0 F7200 X66.5 Y90.873
G1 F1500 E275.05705
G1 F3600 X66.5 Y90.032 E275.06233
G1 F1500 E268.56233
G0 F7200 X65.596 Y93.819
G1 F1500 E275.06233
G1 F3600 X65.853 Y93.93 E275.06408
G1 X66.079 Y94.2 E275.06629
G1 X66.234 Y94.499 E275.0684
G1 X66.35 Y94.84 E275.07066
G1 X66.351 Y94.982 E275.07155
G1 X66.105 Y95.668 E275.07612
G1 X65.892 Y95.918 E275.07818
G1 X65.647 Y96.024 E275.07985
G1 X65.447 Y95.974 E275.08115
G1 X65.29 Y95.781 E275.08271
G1 X65.245 Y95.501 E275.08448
G1 X65.464 Y94.901 E275.08849
G1 X65.309 Y94.645 E275.09037
G1 X65.197 Y94.318 E275.09253
G1 X65.238 Y94.048 E275.09425
G1 X65.384 Y93.865 E275.09571
G1 X65.596 Y93.819 E275.09707
G1 F1500 E268.59707
G0 F7200 X69.347 Y89.347
G0 X80.653 Y89.347
G0 X82.46 Y95.325
G1 F1500 E275.09707
G1 F3600 X82.458 Y94.683 E275.1011
G1 X82.019 Y94.128 E275.10554
G1 X81.75 Y94.016 E275.10736
G1 X81.534 Y94.057 E275.10874
G1 X81.388 Y94.235 E275.11019
G1 X81.348 Y94.492 E275.11182
G1 X81.477 Y94.851 E275.11421
G1 X82.093 Y95.567 E275.12013
G1 X81.483 Y95.691 E275.12403
G1 X81.338 Y95.871 E275.12548
G1 X81.296 Y96.139 E275.12718
G1 X81.4 Y96.428 E275.12911
G1 X81.332 Y96.639 E275.1305
G1 X81.375 Y96.912 E275.13223
G1 X81.536 Y97.108 E275.13382
G1 X81.734 Y97.158 E275.1351
G1 X81.982 Y97.053 E275.13679
G1 X82.192 Y96.804 E275.13883
G1 X82.294 Y96.544 E275.14059
G1 X82.384 Y96.447 E275.14142
G1 X82.46 Y96.234 E275.14283
G1 X82.46 Y95.917 E275.14482
G1 F1500 E268.64482
G0 F7200 X82.012 Y97.667
G1 F1500 E275.14482
G1 F3600 X82.241 Y97.719 E275.14629
G1 X82.4 Y97.887 E275.14774
G1 X82.452 Y98.109 E275.14917
G1 X82.366 Y98.374 E275.15092
G1 X81.981 Y98.885 E275.15493
G1 X81.754 Y98.933 E275.15639
G1 X81.415 Y98.931 E275.15851
G1 X81.269 Y98.769 E275.15988
G1 X81.216 Y98.529 E275.16142
G1 X81.366 Y98.204 E275.16367
G1 X81.768 Y97.747 E275.16748
G1 X82.012 Y97.667 E275.16909
G1 F1500 E268.66909
G0 F7200 X85.12 Y99.093
G1 F1500 E275.16909
G1 F3600 X84.859 Y99.085 E275.17073
G1 X84.689 Y98.885 E275.17237
G1 X84.311 Y99.044 E275.17495
G1 X84.104 Y98.997 E275.17628
G1 X83.947 Y98.814 E275.17779
G1 X83.907 Y98.55 E275.17946
G1 X84.09 Y98.046 E275.18283
G1 X84.049 Y97.936 E275.18356
G1 X84.105 Y97.734 E275.18488
G1 X84.282 Y97.566 E275.18641
G1 X84.521 Y97.517 E275.18794
G1 X84.598 Y97.43 E275.18866
G1 X84.873 Y97.317 E275.19053
G1 X85.091 Y97.357 E275.19192
G1 X85.12 Y97.396 E275.19222
G1 X85.441 Y97.817 E275.19554
G1 X85.627 Y97.573 E275.19747
G1 X85.835 Y97.526 E275.1988
G1 X86.083 Y97.634 E275.2005
G1 X86.563 Y98.226 E275.20528
G1 X86.795 Y97.712 E275.20881
G1 X86.636 Y97.443 E275.21077
G1 X86.525 Y97.119 E275.21292
G1 X86.566 Y96.849 E275.21463
G1 X86.712 Y96.666 E275.2161
G1 X86.924 Y96.62 E275.21746
G1 X87.181 Y96.731 E275.21922
G1 X87.41 Y97.005 E275.22146
G1 X87.561 Y97.294 E275.2235
G1 X87.68 Y97.643 E275.22581
G1 X87.68 Y97.783 E275.22669
G1 X87.432 Y98.47 E275.23127
G1 X87.22 Y98.719 E275.23332
G1 X86.975 Y98.825 E275.23499
G1 X86.606 Y98.73 E275.23738
G1 X86.365 Y99.027 E275.23978
G1 X86.154 Y99.077 E275.24114
G1 X85.919 Y98.971 E275.24276
G1 X85.678 Y98.687 E275.24509
G1 X85.342 Y99.1 E275.24843
G1 X85.12 Y99.093 E275.24982
G1 X85.12 Y97.396 E275.26046
G1 F1500 E268.76046
G0 F7200 X84.258 Y94.464
G1 F1500 E275.26046
G1 F3600 X84.515 Y94.575 E275.26222
G1 X84.741 Y94.845 E275.26443
G1 X85.012 Y95.486 E275.26879
G1 X85.013 Y95.627 E275.26967
G1 X84.766 Y96.314 E275.27425
G1 X84.554 Y96.563 E275.2763
G1 X84.309 Y96.669 E275.27798
G1 X84.109 Y96.619 E275.27927
G1 X83.951 Y96.424 E275.28084
G1 X83.906 Y96.147 E275.2826
G1 X84.126 Y95.546 E275.28662
G1 X83.972 Y95.29 E275.28849
G1 X83.859 Y94.962 E275.29066
G1 X83.9 Y94.693 E275.29237
G1 X84.046 Y94.51 E275.29384
G1 X84.258 Y94.464 E275.2952
G1 F1500 E268.7952
G0 F7200 X86.222 Y93.76
G1 F1500 E275.2952
G1 F3600 X86.45 Y93.799 E275.29665
G1 X86.598 Y93.968 E275.29806
G1 X86.637 Y94.213 E275.29961
G1 X86.523 Y94.519 E275.30166
G1 X86.298 Y94.777 E275.30381
G1 X86.449 Y94.948 E275.30524
G1 X86.555 Y95.239 E275.30718
G1 X86.514 Y95.511 E275.3089
G1 X86.369 Y95.674 E275.31027
G1 X86.148 Y95.716 E275.31168
G1 X85.892 Y95.606 E275.31343
G1 X85.635 Y95.328 E275.3158
G1 X85.395 Y94.971 E275.3185
G1 X85.351 Y94.805 E275.31958
G1 X85.398 Y94.535 E275.3213
G1 X85.52 Y94.343 E275.32272
G1 X85.938 Y93.879 E275.32664
G1 X86.222 Y93.76 E275.32857
G0 F7200 X85.12 Y93.012
G1 F3600 X85.111 Y93.025 E275.32867
G1 X84.754 Y93.369 E275.33178
G1 X84.45 Y93.484 E275.33381
G1 X84.213 Y93.446 E275.33532
G1 X84.047 Y93.286 E275.33676
G1 X84.006 Y93.059 E275.33821
G1 X84.12 Y92.791 E275.34004
G1 X84.412 Y92.495 E275.34264
G1 X84.191 Y92.268 E275.34463
G1 X84.081 Y91.978 E275.34658
G1 X84.12 Y91.733 E275.34813
G1 X84.268 Y91.561 E275.34955
G1 X84.494 Y91.522 E275.35099
G1 X84.77 Y91.636 E275.35286
G1 X85.12 Y92.037 E275.3562
G1 X85.12 Y93.012 E275.36232
G0 F7200 X85.866 Y92.39
G1 F3600 X85.72 Y92.117 E275.36426
G1 X85.598 Y91.759 E275.36663
G1 X85.594 Y91.608 E275.36758
G1 X85.791 Y90.984 E275.37168
G1 X86.036 Y90.679 E275.37413
G1 X86.279 Y90.573 E275.37579
G1 X86.487 Y90.624 E275.37714
G1 X86.634 Y90.818 E275.37866
G1 X86.678 Y91.1 E275.38045
G1 X86.476 Y91.693 E275.38438
G1 X86.649 Y91.966 E275.38641
G1 X86.76 Y92.282 E275.38851
G1 X86.718 Y92.57 E275.39033
G1 X86.577 Y92.735 E275.39169
G1 X86.36 Y92.78 E275.39308
G1 X86.116 Y92.672 E275.39475
G1 X85.866 Y92.39 E275.39712
G1 F1500 E268.89712
G0 F7200 X82.46 Y90.325
G1 F1500 E275.39712
G1 F3600 X82.468 Y90.327 E275.39717
G1 X82.691 Y90.455 E275.39878
G1 X83.296 Y90.265 E275.40276
G1 X83.594 Y90.311 E275.40465
G1 X83.782 Y90.471 E275.4062
G1 X83.837 Y90.668 E275.40748
G1 X83.737 Y90.903 E275.40908
G1 X83.482 Y91.113 E275.41115
G1 X82.666 Y91.407 E275.41659
G1 X82.761 Y91.658 E275.41827
G1 X82.69 Y92.032 E275.42066
G1 X82.726 Y92.234 E275.42195
G1 X82.607 Y92.523 E275.42391
G1 X82.46 Y92.67 E275.42521
G1 X82.089 Y93.041 E275.4285
G1 X81.797 Y93.162 E275.43048
G1 X81.576 Y93.123 E275.43189
G1 X81.416 Y92.954 E275.43335
G1 X81.377 Y92.718 E275.43485
G1 X81.495 Y92.424 E275.43683
G1 X81.996 Y91.886 E275.44144
G1 X81.513 Y91.452 E275.44551
G1 X81.402 Y91.194 E275.44728
G1 X81.444 Y90.981 E275.44864
G1 X81.685 Y90.751 E275.45073
G1 X81.621 Y90.61 E275.4517
G1 X81.668 Y90.402 E275.45303
G1 X81.835 Y90.25 E275.45445
G1 X82.12 Y90.209 E275.45626
G1 X82.46 Y90.325 E275.45851
G1 X82.46 Y92.67 E275.47321
G1 F1500 E268.97321
G0 F7200 X87.78 Y90.322
G1 F1500 E275.47321
G1 F3600 X88.027 Y90.411 E275.47486
G1 X88.348 Y90.65 E275.47737
G1 X88.516 Y90.487 E275.47883
G1 X88.821 Y90.379 E275.48086
G1 X89.472 Y90.508 E275.48502
G1 X89.617 Y90.689 E275.48648
G1 X89.658 Y90.956 E275.48817
G1 X89.544 Y91.292 E275.4904
G1 X89.408 Y91.489 E275.4919
G1 X89.617 Y91.782 E275.49415
G1 X89.726 Y92.083 E275.49616
G1 X89.686 Y92.355 E275.49789
G1 X89.474 Y92.591 E275.49988
G1 X89.468 Y92.937 E275.50204
G1 X89.335 Y93.407 E275.50511
G1 X89.642 Y93.48 E275.50709
G1 X89.789 Y93.674 E275.50861
G1 X89.833 Y93.956 E275.5104
G1 X89.631 Y94.549 E275.51433
G1 X89.804 Y94.822 E275.51636
G1 X89.915 Y95.138 E275.51846
G1 X89.873 Y95.426 E275.52028
G1 X89.732 Y95.591 E275.52164
G1 X89.527 Y95.633 E275.52295
G1 X89.375 Y95.829 E275.52451
G1 X89.171 Y95.885 E275.52584
G1 X88.949 Y95.787 E275.52736
G1 X88.738 Y95.526 E275.52946
G1 X88.534 Y94.853 E275.53387
G1 X88.583 Y94.565 E275.5357
G1 X88.841 Y94.218 E275.53841
G1 X88.633 Y93.961 E275.54049
G1 X88.446 Y93.336 E275.54458
G1 X88.661 Y92.477 E275.55013
G1 X88.865 Y92.205 E275.55226
G1 X88.604 Y91.885 E275.55485
G1 X88.469 Y91.554 E275.55709
G1 X88.218 Y91.563 E275.55867
G1 X87.912 Y91.442 E275.56073
G1 X87.78 Y91.329 E275.56182
G1 X87.344 Y90.959 E275.56541
G1 X87.233 Y90.703 E275.56716
G1 X87.275 Y90.493 E275.5685
G1 X87.439 Y90.337 E275.56992
G1 X87.711 Y90.297 E275.57164
G1 X87.78 Y90.322 E275.5721
G1 X87.78 Y91.329 E275.57842
G1 F1500 E269.07842
G0 F7200 X89.282 Y96.542
G1 F1500 E275.57842
G1 F3600 X89.515 Y96.58 E275.5799
G1 X89.665 Y96.745 E275.58129
G1 X89.704 Y96.986 E275.58282
G1 X89.585 Y97.291 E275.58488
G1 X89.193 Y97.743 E275.58863
G1 X89.524 Y98.092 E275.59165
G1 X89.685 Y98.548 E275.59468
G1 X89.642 Y98.838 E275.59652
G1 X89.495 Y99.015 E275.59796
G1 X89.285 Y99.065 E275.59931
G1 X89.05 Y98.961 E275.60092
G1 X88.828 Y98.699 E275.60308
G1 X88.794 Y98.598 E275.60374
G1 X88.643 Y98.456 E275.60504
G1 X88.507 Y98.071 E275.6076
G1 X88.536 Y97.849 E275.60901
G1 X88.427 Y97.74 E275.60997
G1 X88.364 Y97.526 E275.61137
G1 X88.441 Y97.26 E275.61311
G1 X88.991 Y96.662 E275.6182
G1 X89.282 Y96.542 E275.62018
G1 F1500 E269.12018
;MESH:test.stl
G0 F7200 X80.665 Y96.542
G0 X79.58 Y96.542
G0 X79.1 Y97.731
G0 X79.24 Y97.731
;TYPE:FILL
G1 F1500 E275.62018
G1 F3600 X77.731 Y99.24 E275.63356
G1 X77.725 Y99.24
G1 X70.76 Y92.275 E275.69532
G0 F7200 X70.76 Y92.068
G1 F3600 X72.068 Y90.76 E275.70692
G1 X72.074 Y90.76
G1 X79.24 Y97.926 E275.77046
G1 X79.268 Y97.954
G0 F7200 X79.1 Y97.954
G0 X79.1 Y95.097
G0 X79.24 Y95.097
G1 F3600 X74.902 Y90.76 E275.80892
G1 X74.897 Y90.76
G1 X70.76 Y94.897 E275.84561
G0 F7200 X70.76 Y95.103
G1 F3600 X74.897 Y99.24 E275.88229
G1 X74.902 Y99.24
G1 X79.24 Y94.902 E275.92076
G1 X79.268 Y94.874
G0 F7200 X79.1 Y94.874
G0 X79.1 Y92.269
G0 X79.24 Y92.269
G1 F3600 X77.731 Y90.76 E275.93414
G1 X77.725 Y90.76
G1 X70.76 Y97.725 E275.9959
G0 F7200 X70.76 Y97.931
G1 F3600 X72.068 Y99.24 E276.00751
G1 X72.074 Y99.24
G1 X79.24 Y92.074 E276.07105
G1 X79.268 Y92.046
G0 F7200 X79.1 Y92.046
G0 X79.13 Y99.13
G0 X79.4 Y99.4
;TYPE:WALL-INNER
G1 F3600 X79.4 Y90.6 E276.12623
G1 X70.6 Y90.6 E276.1814
G1 X70.6 Y99.4 E276.23658
G1 X79.4 Y99.4 E276.29176
G0 F7200 X79.8 Y99.8
;TYPE:WALL-OUTER
G1 F1800 X79.8 Y90.2 E276.35195
G1 X70.2 Y90.2 E276.41215
G1 X70.2 Y99.8 E276.47234
G1 X79.8 Y99.8 E276.53253
G0 F7200 X79.8 Y99.6
G0 X78.8 Y98.918
G1 F1500 E270.03253
G0 F7200 X70.42 Y97.931
G0 X69.335 Y97.931
G0 X60.665 Y97.931
G0 X59.58 Y97.931
G0 X59.24 Y97.931
;TYPE:FILL
G1 F1500 E276.53253
G1 F3600 X57.931 Y99.24 E276.54414
G1 X57.926 Y99.24
G1 X50.76 Y92.073 E276.60769
G1 X50.76 Y92.269
G1 X52.269 Y90.76 E276.62107
G1 X52.275 Y90.76
G1 X59.24 Y97.725 E276.68283
G1 X59.268 Y97.753
G0 F7200 X59.1 Y97.753
G0 X59.1 Y95.103
G0 X59.24 Y95.103
G1 F3600 X55.103 Y99.24 E276.71952
G1 X55.098 Y99.24
G1 X50.76 Y94.902 E276.75798
G1 X50.76 Y95.097
G1 X55.098 Y90.76 E276.79645
G1 X55.103 Y90.76
G1 X59.24 Y94.897 E276.83313
G1 X59.268 Y94.925
G0 F7200 X59.1 Y94.925
G0 X59.1 Y92.275
G0 X59.24 Y92.275
G1 F3600 X52.274 Y99.24 E276.8949
G1 X52.269 Y99.24
G1 X50.76 Y97.73 E276.90828
G1 X50.76 Y97.926
G1 X57.926 Y90.76 E276.97182
G1 X57.932 Y90.76
G1 X59.24 Y92.068 E276.98342
G1 X59.268 Y92.096
G0 F7200 X59.1 Y92.096
G0 X59.13 Y99.13
G0 X59.4 Y99.4
;TYPE:WALL-INNER
G1 F3600 X59.4 Y90.6 E277.0386
G1 X50.6 Y90.6 E277.09378
G1 X50.6 Y99.4 E277.14896
G1 X59.4 Y99.4 E277.20413
G0 F7200 X59.8 Y99.8
;TYPE:WALL-OUTER
G1 F1800 X59.8 Y90.2 E277.26433
G1 X50.2 Y90.2 E277.32452
G1 X50.2 Y99.8 E277.38471
G1 X59.8 Y99.8 E277.44491
G0 F7200 X59.8 Y99.6
G0 X58.8 Y98.918
G1 F1500 E270.94491
;MESH:NONMESH
G0 F600 X58.8 Y98.918 Z9.7
G0 F7200 X50.414 Y90.414
G0 X49.335 Y90.414
G0 X40.678 Y90.256
;TIME_ELAPSED:1318.780178
;LAYER:94
;TYPE:SUPPORT
G1 F1500 E277.44491
G1 F3600 X40.904 Y90.364 E277.44648
G1 X41.071 Y90.286 E277.44764
G1 X41.218 Y90.311 E277.44857
G1 X41.313 Y90.428 E277.44951
G1 X41.338 Y90.623 E277.45075
G1 X41.19 Y91.011 E277.45335
G1 X41.36 Y91.197 E277.45493
G1 X41.4 Y91.468 E277.45665
G1 X41.488 Y91.71 E277.45826
G1 X41.463 Y91.932 E277.45966
G1 X41.372 Y92.044 E277.46057
G1 X41.227 Y92.071 E277.46149
G1 X41.049 Y91.984 E277.46274
G1 X40.718 Y91.544 E277.46619
G1 X40.477 Y91.646 E277.46783
G1 X40.312 Y91.622 E277.46888
G1 X40.21 Y91.516 E277.4698
G1 X40.188 Y91.344 E277.47088
G1 X40.305 Y91.06 E277.47281
G1 X40.222 Y90.851 E277.47422
G1 X40.247 Y90.662 E277.47542
G1 X40.537 Y90.283 E277.47841
G1 X40.678 Y90.256 E277.47931
G1 F1500 E270.97931
G0 F7200 X42.56 Y98.169
G1 F1500 E277.47931
G1 F3600 X42.673 Y98.311 E277.48045
G1 X43.046 Y98.239 E277.48283
G1 X43.261 Y98.332 E277.4843
G1 X43.733 Y98.84 E277.48865
G1 X43.989 Y98.045 E277.49388
G1 X43.967 Y97.909 E277.49475
G1 X44.024 Y97.783 E277.49561
G1 X43.967 Y97.485 E277.49752
G1 X44.053 Y97.266 E277.49899
G1 X43.975 Y97.051 E277.50042
G1 X44.002 Y96.841 E277.50175
G1 X44.098 Y96.715 E277.50275
G1 X44.236 Y96.688 E277.50363
G1 X44.425 Y96.775 E277.50493
G1 X44.876 Y97.43 E277.50992
G1 X44.917 Y97.598 E277.511
G1 X44.774 Y97.92 E277.51321
G1 X44.802 Y98.086 E277.51427
G1 X44.705 Y98.296 E277.51572
G1 X44.467 Y98.514 E277.51774
G1 X44.421 Y98.677 E277.5188
G1 X44.271 Y98.868 E277.52033
G1 X44.107 Y98.943 E277.52146
G1 X43.781 Y98.848 E277.52359
G1 X43.738 Y99.246 E277.5261
G1 X43.644 Y99.354 E277.52699
G1 X43.49 Y99.378 E277.52797
G1 X43.246 Y99.267 E277.52965
G1 X43.153 Y99.305 E277.53028
G1 X43.013 Y99.273 E277.53118
G1 X42.783 Y99.007 E277.53339
G1 X42.621 Y99.242 E277.53518
G1 X42.56 Y99.264 E277.53558
G1 X42.494 Y99.287 E277.53602
G1 X42.229 Y99.169 E277.53784
G1 X42.101 Y99.322 E277.53909
G1 X41.961 Y99.348 E277.53998
G1 X41.805 Y99.273 E277.54107
G1 X41.588 Y99.352 E277.54252
G1 X41.444 Y99.323 E277.54344
G1 X41.2 Y99.026 E277.54585
G1 X41.002 Y99.264 E277.54779
G1 X40.862 Y99.291 E277.54868
G1 X40.776 Y99.249 E277.54928
G1 X40.652 Y99.297 E277.55012
G1 X40.286 Y99.212 E277.55247
G1 X40.176 Y99.098 E277.55347
G1 X40.153 Y98.925 E277.55456
G1 X40.221 Y98.766 E277.55565
G1 X40.188 Y98.5 E277.55733
G1 X40.356 Y98.074 E277.5602
G1 X40.204 Y97.908 E277.56161
G1 X40.171 Y97.736 E277.56271
G1 X40.224 Y97.592 E277.56367
G1 X40.131 Y97.335 E277.56538
G1 X40.158 Y97.125 E277.56671
G1 X40.254 Y96.998 E277.56771
G1 X40.388 Y96.972 E277.56856
G1 X40.692 Y97.13 E277.57071
G1 X40.911 Y96.969 E277.57242
G1 X40.968 Y96.268 E277.57683
G1 X40.621 Y96.129 E277.57917
G1 X40.466 Y96.345 E277.58084
G1 X40.327 Y96.401 E277.58178
G1 X40.2 Y96.351 E277.58263
G1 X40.073 Y96.171 E277.58401
G1 X40.016 Y95.726 E277.58683
G1 X40.137 Y95.347 E277.58932
G1 X40.295 Y95.139 E277.59096
G1 X40.282 Y94.865 E277.59268
G1 X40.082 Y94.609 E277.59472
G1 X40.049 Y94.385 E277.59614
G1 X40.112 Y94.174 E277.59752
G1 X40.087 Y94.093 E277.59805
G1 X40.127 Y93.926 E277.59913
G1 X40.398 Y93.617 E277.6017
G1 X40.437 Y93.397 E277.6031
G1 X40.165 Y93.094 E277.60566
G1 X40.035 Y92.593 E277.6089
G1 X40.061 Y92.379 E277.61025
G1 X40.157 Y92.252 E277.61125
G1 X40.296 Y92.226 E277.61214
G1 X40.487 Y92.316 E277.61346
G1 X40.667 Y92.536 E277.61524
G1 X40.798 Y92.832 E277.61727
G1 X41.131 Y92.68 E277.61957
G1 X41.28 Y92.704 E277.62052
G1 X41.373 Y92.82 E277.62145
G1 X41.397 Y93.018 E277.6227
G1 X41.278 Y93.332 E277.6248
G1 X41.317 Y93.45 E277.62558
G1 X41.287 Y93.636 E277.62676
G1 X41.181 Y93.758 E277.62778
G1 X40.981 Y93.811 E277.62908
G1 X41.003 Y94.209 E277.63157
G1 X41.176 Y94.234 E277.63267
G1 X41.269 Y94.35 E277.6336
G1 X41.295 Y94.546 E277.63484
G1 X41.2 Y94.797 E277.63653
G1 X41.295 Y95.045 E277.63819
G1 X41.272 Y95.247 E277.63947
G1 X41.178 Y95.355 E277.64036
G1 X41.027 Y95.379 E277.64132
G1 X40.772 Y95.26 E277.64309
G1 X40.597 Y96.07 E277.64828
G1 X40.973 Y96.203 E277.65078
G1 X41.146 Y95.951 E277.6527
G1 X41.29 Y95.89 E277.65368
G1 X41.419 Y95.936 E277.65454
G1 X41.537 Y96.109 E277.65585
G1 X41.595 Y96.427 E277.65788
G1 X41.481 Y96.999 E277.66154
G1 X41.359 Y97.167 E277.66284
G1 X41.495 Y97.391 E277.66448
G1 X41.848 Y97.523 E277.66684
G1 X42.199 Y97.926 E277.67019
G1 X42.469 Y98.054 E277.67207
G1 X42.56 Y98.169 E277.67299
G1 X42.56 Y99.264 E277.67985
G1 F1500 E271.17985
G0 F7200 X43.846 Y94.768
G1 F1500 E277.67985
G1 F3600 X44.059 Y95.061 E277.68212
G1 X44.186 Y95.669 E277.68602
G1 X44.141 Y95.929 E277.68767
G1 X44.022 Y96.095 E277.68895
G1 X43.893 Y96.141 E277.68981
G1 X43.756 Y96.08 E277.69075
G1 X43.613 Y95.883 E277.69228
G1 X43.481 Y95.237 E277.69641
G1 X43.52 Y94.99 E277.69798
G1 X43.629 Y94.831 E277.69919
G1 X43.846 Y94.768 E277.70061
G0 F7200 X43.817 Y94.565
G1 F3600 X43.611 Y94.282 E277.7028
G1 X43.517 Y93.681 E277.70662
G1 X43.569 Y93.418 E277.7083
G1 X43.682 Y93.256 E277.70954
G1 X43.566 Y92.811 E277.71242
G1 X43.669 Y92.2 E277.7163
G1 X43.804 Y92.004 E277.7178
G1 X43.948 Y91.943 E277.71878
G1 X44.077 Y91.989 E277.71964
G1 X44.196 Y92.163 E277.72096
G1 X44.253 Y92.479 E277.72297
G1 X44.139 Y93.054 E277.72665
G1 X43.981 Y93.268 E277.72831
G1 X44.091 Y93.428 E277.72953
G1 X44.186 Y94.069 E277.7336
G1 X44.141 Y94.33 E277.73526
G1 X44.023 Y94.495 E277.73653
G1 X43.817 Y94.565 E277.73789
G1 F1500 E271.23789
G0 F7200 X46.844 Y93.831
G1 F1500 E277.73789
G1 F3600 X47.046 Y93.886 E277.7392
G1 X47.15 Y94.035 E277.74034
G1 X47.183 Y94.271 E277.74184
G1 X47.086 Y94.6 E277.74399
G1 X47.105 Y94.692 E277.74458
G1 X47.048 Y94.963 E277.74631
G1 X46.924 Y95.136 E277.74765
G1 X46.782 Y95.193 E277.74861
G1 X46.655 Y95.143 E277.74946
G1 X46.528 Y94.963 E277.75085
G1 X46.471 Y94.518 E277.75366
G1 X46.591 Y94.145 E277.75612
G1 X46.844 Y93.831 E277.75864
G0 F7200 X46.856 Y93.625
G1 F3600 X46.656 Y93.544 E277.76
G1 X46.529 Y93.366 E277.76137
G1 X46.475 Y92.922 E277.76417
G1 X46.607 Y92.567 E277.76655
G1 X46.827 Y92.287 E277.76878
G1 X46.642 Y92.044 E277.77069
G1 X46.48 Y91.439 E277.77462
G1 X46.58 Y91.006 E277.77741
G1 X46.465 Y90.84 E277.77867
G1 X46.64 Y91.039 E277.78034
G1 X46.746 Y91.01 E277.78103
G1 X46.912 Y91.086 E277.78217
G1 X47.065 Y91.29 E277.78377
G1 X47.224 Y91.879 E277.78759
G1 X47.186 Y92.129 E277.78918
G1 X47.071 Y92.282 E277.79038
G1 X47.183 Y92.436 E277.79157
G1 X47.213 Y92.658 E277.79298
G1 X47.104 Y92.983 E277.79513
G1 X47.046 Y93.367 E277.79756
G1 X46.856 Y93.625 E277.79957
G1 F1500 E271.29957
G0 F7200 X46.441 Y90.805
G1 F1500 E277.79957
G1 F3600 X46.421 Y90.776 E277.79979
G1 X45.979 Y90.864 E277.80262
G1 X45.625 Y91.024 E277.80505
G1 X45.435 Y91.001 E277.80625
G1 X45.304 Y90.885 E277.80735
G1 X45.22 Y90.945 E277.808
G1 X44.958 Y91.13 E277.81001
G1 X44.585 Y91.193 E277.81238
G1 X44.484 Y91.297 E277.81329
G1 X44.265 Y91.392 E277.81479
G1 X44.101 Y91.368 E277.81583
G1 X43.999 Y91.262 E277.81675
G1 X43.977 Y91.09 E277.81784
G1 X44.094 Y90.806 E277.81976
G1 X44.011 Y90.597 E277.82117
G1 X44.035 Y90.411 E277.82235
G1 X44.129 Y90.299 E277.82327
G1 X44.283 Y90.275 E277.82424
G1 X44.414 Y90.335 E277.82515
G1 X44.589 Y90.26 E277.82634
G1 X44.713 Y90.294 E277.82715
G1 X44.909 Y90.613 E277.82949
G1 X45.22 Y90.556 E277.83148
G1 X45.239 Y90.553 E277.8316
G1 X45.302 Y90.218 E277.83373
G1 X45.418 Y90.115 E277.83471
G1 X45.626 Y90.092 E277.83602
G1 X45.966 Y90.227 E277.83831
G1 X46.343 Y90.274 E277.84069
G1 X46.507 Y90.398 E277.84198
G1 X46.555 Y90.525 E277.84284
G1 X46.441 Y90.805 E277.84473
G0 F7200 X45.22 Y90.945
G1 F3600 X45.22 Y90.556 E277.84717
G1 F1500 E271.34717
G0 F7200 X47.88 Y98.488
G1 F1500 E277.84717
G1 F3600 X48.06 Y98.318 E277.84872
G1 X48.392 Y98.281 E277.85082
G1 X48.172 Y97.782 E277.85424
G1 X48.192 Y97.63 E277.8552
G1 X48.122 Y97.404 E277.85668
G1 X48.158 Y97.251 E277.85767
G1 X48.564 Y96.837 E277.8613
G1 X48.985 Y96.504 E277.86467
G1 X49.203 Y96.737 E277.86667
G1 X49.226 Y96.907 E277.86774
G1 X49.181 Y97.014 E277.86847
G1 X49.245 Y97.301 E277.87032
G1 X49.215 Y97.472 E277.8714
G1 X49.127 Y97.55 E277.87214
G1 X49.217 Y97.877 E277.87427
G1 X49.181 Y98.206 E277.87634
G1 X49.217 Y98.294 E277.87694
G1 X49.194 Y98.493 E277.8782
G1 X49.064 Y98.634 E277.8794
G1 X49.228 Y99.017 E277.88201
G1 X49.204 Y99.168 E277.88297
G1 X49.091 Y99.257 E277.88387
G1 X48.861 Y99.273 E277.88532
G1 X48.474 Y99.1 E277.88798
G1 X48.18 Y99.1 E277.88982
G1 X48.023 Y99.275 E277.89129
G1 X47.88 Y99.296 E277.8922
G1 X47.859 Y99.299 E277.89233
G1 X47.624 Y99.191 E277.89395
G1 X47.317 Y99.28 E277.89596
G1 X47.249 Y99.248 E277.89643
G1 X47.119 Y99.298 E277.8973
G1 X46.754 Y99.21 E277.89966
G1 X46.646 Y99.098 E277.90063
G1 X46.624 Y98.925 E277.90173
G1 X46.827 Y98.469 E277.90486
G1 X46.37 Y98.278 E277.90796
G1 X46.176 Y98.054 E277.90982
G1 X45.914 Y97.493 E277.9137
G1 X45.94 Y97.284 E277.91502
G1 X46.075 Y97.107 E277.91642
G1 X45.895 Y96.875 E277.91826
G1 X45.867 Y96.653 E277.91966
G1 X46.01 Y96.25 E277.92234
G1 X46.291 Y95.886 E277.92523
G1 X46.49 Y95.794 E277.9266
G1 X46.632 Y95.818 E277.9275
G1 X46.727 Y95.939 E277.92847
G1 X46.752 Y96.14 E277.92974
G1 X46.637 Y96.444 E277.93178
G1 X46.672 Y96.543 E277.93244
G1 X46.638 Y96.727 E277.93361
G1 X46.535 Y96.843 E277.93458
G1 X46.132 Y96.939 E277.93718
G1 X46.482 Y97.358 E277.9406
G1 X46.591 Y97.384 E277.9413
G1 X46.698 Y97.503 E277.94231
G1 X46.847 Y98.158 E277.94652
G1 X47.114 Y98.287 E277.94838
G1 X47.242 Y98.167 E277.94948
G1 X47.412 Y98.126 E277.95058
G1 X47.545 Y98.163 E277.95144
G1 X47.862 Y98.506 E277.95437
G1 X47.88 Y98.488 E277.95453
G1 F1500 E271.45453
G0 F7200 X48.992 Y96.461
G1 F1500 E277.95453
G1 F3600 X48.317 Y96.108 E277.95931
G1 X48.089 Y95.92 E277.96116
G1 X48.005 Y95.745 E277.96238
G1 X48.042 Y95.585 E277.96341
G1 X47.989 Y95.468 E277.96421
G1 X48.036 Y95.343 E277.96505
G1 X48.191 Y95.225 E277.96627
G1 X48.579 Y95.178 E277.96872
G1 X48.805 Y95.049 E277.97035
G1 X48.795 Y94.756 E277.97219
G1 X48.569 Y94.641 E277.97378
G1 X48.435 Y94.677 E277.97465
G1 X48.196 Y94.639 E277.97617
G1 X48.036 Y94.522 E277.97741
G1 X47.997 Y94.401 E277.97821
G1 X48.068 Y94.25 E277.97925
G1 X48.26 Y94.097 E277.98079
G1 X48.544 Y94.023 E277.98263
G1 X48.987 Y93.721 E277.986
G1 X49.1 Y93.834 E277.987
G1 X49.1 Y94.772 E277.99288
G1 X48.955 Y94.903 E277.9941
G1 X49.1 Y95.04 E277.99535
G1 X49.1 Y96.369 E278.00369
G1 X48.992 Y96.461 E278.00458
G1 F1500 E271.50458
G0 F7200 X48.981 Y93.68
G1 F1500 E278.00458
G1 F3600 X48.575 Y93.422 E278.00759
G1 X48.258 Y93.341 E278.00964
G1 X48.06 Y93.192 E278.0112
G1 X47.996 Y93.052 E278.01216
G1 X48.04 Y92.925 E278.01301
G1 X48.189 Y92.812 E278.01418
G1 X48.584 Y92.773 E278.01667
G1 X49.003 Y92.547 E278.01965
G1 X49.1 Y92.641 E278.0205
G1 X49.1 Y93.574 E278.02635
G1 X48.981 Y93.68 E278.02735
G0 F7200 X48.98 Y92.481
G1 F3600 X48.531 Y92.182 E278.03073
G1 X48.283 Y92.107 E278.03236
G1 X48.074 Y91.945 E278.03401
G1 X48 Y91.788 E278.0351
G1 X48.035 Y91.664 E278.03591
G1 X48.175 Y91.552 E278.03703
G1 X48.363 Y91.525 E278.03823
G1 X48.363 Y91.1 E278.04089
G1 X48.179 Y91.074 E278.04206
G1 X48.037 Y90.965 E278.04318
G1 X48.004 Y90.839 E278.04399
G1 X48.083 Y90.675 E278.04514
G1 X48.291 Y90.502 E278.04683
G1 X48.556 Y90.408 E278.0486
G1 X48.654 Y90.318 E278.04943
G1 X48.899 Y90.224 E278.05108
G1 X49.1 Y90.247 E278.05234
G1 X49.1 Y91.174 E278.05816
G1 X48.954 Y91.306 E278.05939
G1 X49.1 Y91.446 E278.06066
G1 X49.1 Y92.372 E278.06646
G1 X48.98 Y92.481 E278.06748
G1 F1500 E271.56748
G0 F7200 X47.88 Y98.488
G1 F1500 E278.06748
G1 F3600 X47.88 Y99.296 E278.07255
G1 F1500 E271.57255
G0 F7200 X49.347 Y100.653
G0 X60.653 Y100.653
G0 X61.18 Y92.486
G1 F1500 E278.07255
G1 F3600 X61.18 Y90.144 E278.08723
G1 X61.232 Y90.098 E278.08767
G1 X61.446 Y90.075 E278.08902
G1 X61.739 Y90.18 E278.09097
G1 X61.822 Y90.154 E278.09151
G1 X62.003 Y90.191 E278.09267
G1 X62.132 Y90.315 E278.09379
G1 X62.315 Y90.23 E278.09506
G1 X62.464 Y90.254 E278.09601
G1 X62.557 Y90.37 E278.09694
G1 X62.581 Y90.57 E278.0982
G1 X62.504 Y90.777 E278.09959
G1 X62.627 Y91.067 E278.10156
G1 X62.605 Y91.25 E278.10272
G1 X62.407 Y91.453 E278.10449
G1 X62.689 Y91.834 E278.10747
G1 X62.84 Y92.437 E278.11136
G1 X62.8 Y92.684 E278.11293
G1 X62.687 Y92.841 E278.11415
G1 X62.557 Y92.884 E278.115
G1 X62.414 Y92.819 E278.11599
G1 X62.264 Y92.618 E278.11756
G1 X62.096 Y91.939 E278.12195
G1 X61.813 Y91.868 E278.12378
G1 X61.278 Y92.444 E278.12871
G1 X61.18 Y92.486 E278.12938
G1 X61.18 Y99.1 E278.17085
G1 X61.345 Y99.1 E278.17188
G1 X61.575 Y99.171 E278.17339
G1 X61.738 Y99.095 E278.17452
G1 X61.951 Y99.182 E278.17596
G1 X62.061 Y99.14 E278.1767
G1 X62.128 Y99.173 E278.17717
G1 X62.263 Y99.142 E278.17804
G1 X62.411 Y98.947 E278.17957
G1 X62.766 Y99.317 E278.18279
G1 X62.921 Y99.341 E278.18377
G1 X63.063 Y99.278 E278.18474
G1 X63.262 Y99.322 E278.18602
G1 X63.426 Y99.286 E278.18707
G1 X63.658 Y99.022 E278.18928
G1 X63.873 Y99.273 E278.19135
G1 X64.012 Y99.305 E278.19224
G1 X64.105 Y99.267 E278.19287
G1 X64.349 Y99.378 E278.19456
G1 X64.503 Y99.354 E278.19553
G1 X64.68 Y99.15 E278.19723
G1 X64.955 Y99.279 E278.19913
G1 X65.092 Y99.245 E278.20002
G1 X65.286 Y98.994 E278.202
G1 X65.571 Y99.054 E278.20383
G1 X65.765 Y98.964 E278.20517
G1 X66.129 Y98.445 E278.20915
G1 X66.225 Y98.185 E278.21088
G1 X66.2 Y97.994 E278.21209
G1 X66.145 Y97.926 E278.21264
G1 X66.163 Y97.642 E278.21442
G1 X66.068 Y97.39 E278.21611
G1 X65.697 Y96.858 E278.22018
G1 X65.506 Y96.77 E278.2215
G1 X65.368 Y96.796 E278.22238
G1 X65.272 Y96.924 E278.22338
G1 X65.245 Y97.134 E278.22471
G1 X65.339 Y97.391 E278.22643
G1 X65.288 Y97.531 E278.22736
G1 X65.32 Y97.704 E278.22846
G1 X65.475 Y97.872 E278.2299
G1 X65.194 Y98.54 E278.23444
G1 X64.84 Y98.092 E278.23802
G1 X64.658 Y98.004 E278.23929
G1 X64.532 Y98.032 E278.2401
G1 X64.304 Y98.411 E278.24287
G1 X63.906 Y98.239 E278.24559
G1 X63.84 Y98.251 E278.24601
G1 X63.84 Y99.234 E278.25217
G1 F1500 E271.75217
G0 F7200 X62.758 Y93.503
G1 F1500 E278.25217
G1 F3600 X62.89 Y93.549 E278.25305
G1 X63.005 Y93.722 E278.25435
G1 X63.052 Y93.981 E278.256
G1 X63.022 Y94.238 E278.25763
G1 X63.08 Y94.58 E278.2598
G1 X63.01 Y95.07 E278.2629
G1 X62.891 Y95.235 E278.26418
G1 X62.749 Y95.292 E278.26514
G1 X62.622 Y95.242 E278.266
G1 X62.488 Y95.055 E278.26744
G1 X62.434 Y94.791 E278.26913
G1 X62.458 Y94.506 E278.27092
G1 X62.396 Y94.185 E278.27297
G1 X62.479 Y93.759 E278.27569
G1 X62.614 Y93.565 E278.27717
G1 X62.758 Y93.503 E278.27816
G1 F1500 E271.77816
G0 F7200 X65.413 Y93.622
G1 F1500 E278.27816
G1 F3600 X65.604 Y93.712 E278.27948
G1 X65.787 Y93.936 E278.28129
G1 X66.045 Y94.501 E278.28519
G1 X66.019 Y94.726 E278.28661
G1 X65.879 Y94.9 E278.28801
G1 X66.036 Y95.122 E278.28971
G1 X66.065 Y95.34 E278.29109
G1 X65.886 Y95.853 E278.2945
G1 X65.667 Y96.112 E278.29663
G1 X65.471 Y96.201 E278.29798
G1 X65.338 Y96.172 E278.29883
G1 X65.233 Y96.045 E278.29986
G1 X65.207 Y95.841 E278.30115
G1 X65.303 Y95.57 E278.30296
G1 X65.272 Y95.47 E278.30361
G1 X65.308 Y95.295 E278.30473
G1 X65.425 Y95.156 E278.30587
G1 X65.79 Y95.004 E278.30835
G1 X65.476 Y94.632 E278.3114
G1 X65.402 Y94.611 E278.31189
G1 X65.281 Y94.483 E278.31299
G1 X65.152 Y93.995 E278.31615
G1 X65.18 Y93.774 E278.31755
G1 X65.274 Y93.648 E278.31854
G1 X65.413 Y93.622 E278.31942
G1 F1500 E271.81942
G0 F7200 X66.5 Y90.733
G1 F1500 E278.31942
G1 F3600 X66.5 Y90.092 E278.32344
G1 X66.226 Y90.029 E278.32521
G1 X65.984 Y90.059 E278.32673
G1 X65.855 Y90.163 E278.32777
G1 X65.747 Y90.581 E278.33048
G1 X65.412 Y90.422 E278.33281
G1 X65.274 Y90.448 E278.33369
G1 X65.18 Y90.574 E278.33467
G1 X65.152 Y90.796 E278.33607
G1 X65.281 Y91.283 E278.33923
G1 X65.402 Y91.411 E278.34034
G1 X65.476 Y91.432 E278.34082
G1 X65.79 Y91.804 E278.34387
G1 X65.425 Y91.956 E278.34635
G1 X65.308 Y92.095 E278.34749
G1 X65.272 Y92.27 E278.34861
G1 X65.303 Y92.37 E278.34927
G1 X65.207 Y92.641 E278.35107
G1 X65.233 Y92.845 E278.35236
G1 X65.338 Y92.972 E278.35339
G1 X65.471 Y93.001 E278.35425
G1 X65.667 Y92.912 E278.3556
G1 X65.886 Y92.653 E278.35772
G1 X66.065 Y92.14 E278.36113
G1 X66.036 Y91.922 E278.36251
G1 X65.879 Y91.7 E278.36421
G1 X66.019 Y91.526 E278.36561
G1 X66.044 Y91.312 E278.36697
G1 X65.848 Y90.839 E278.37018
G1 X66.051 Y90.61 E278.37209
G1 X66.694 Y90.787 E278.37628
G1 X66.933 Y90.748 E278.37779
G1 X67.085 Y90.88 E278.37906
G1 X67.563 Y91.068 E278.38228
G1 X67.839 Y91.037 E278.38402
G1 X67.953 Y91.445 E278.38668
G1 X67.705 Y91.55 E278.38836
G1 X67.572 Y91.743 E278.38983
G1 X67.465 Y92.37 E278.39382
G1 X67.511 Y92.624 E278.39544
G1 X67.625 Y92.787 E278.39669
G1 X67.514 Y92.946 E278.3979
G1 X67.475 Y93.192 E278.39946
G1 X67.607 Y93.839 E278.40361
G1 X67.749 Y94.035 E278.40512
G1 X68.093 Y94.188 E278.40748
G1 X67.952 Y94.642 E278.41046
G1 X67.609 Y94.8 E278.41283
G1 X67.326 Y95.149 E278.41565
G1 X67.18 Y95.559 E278.41838
G1 X67.209 Y95.78 E278.41978
G1 X67.32 Y95.924 E278.42092
G1 X67.566 Y95.996 E278.42252
G1 X67.336 Y96.347 E278.42515
G1 X67.229 Y96.664 E278.42725
G1 X67.337 Y97.064 E278.42985
G1 X67.503 Y97.363 E278.43199
G1 X67.701 Y97.591 E278.43389
G1 X68.093 Y97.779 E278.43661
G1 X67.836 Y98.15 E278.43944
G1 X67.436 Y98.119 E278.44196
G1 X67.117 Y97.982 E278.44414
G1 X66.933 Y98.002 E278.4453
G1 X66.83 Y98.106 E278.44621
G1 X66.805 Y98.261 E278.4472
G1 X66.9 Y98.469 E278.44863
G1 X67.312 Y98.846 E278.45213
G1 X67.633 Y98.971 E278.45429
G1 X67.908 Y98.943 E278.45603
G1 X68.042 Y99.129 E278.45746
G1 X68.175 Y99.182 E278.45836
G1 X68.281 Y99.142 E278.45907
G1 X68.347 Y99.173 E278.45953
G1 X68.581 Y99.12 E278.46103
G1 X68.898 Y99.298 E278.46331
G1 X69.044 Y99.277 E278.46424
G1 X69.13 Y99.168 E278.46511
G1 X69.146 Y98.934 E278.46658
G1 X69.1 Y98.817 E278.46737
G1 X69.1 Y98.483 E278.46946
G1 X69.16 Y98.418 E278.47002
G1 X69.16 Y96.577 E278.48156
G1 F1500 E271.98156
G0 F7200 X69.347 Y100.653
G0 X80.653 Y100.653
G0 X81.573 Y93.827
G1 F1500 E278.48156
G1 F3600 X81.761 Y93.914 E278.48286
G1 X82.128 Y94.443 E278.4869
G1 X82.222 Y94.685 E278.48852
G1 X82.198 Y94.893 E278.48984
G1 X82.106 Y95 E278.49072
G1 X81.956 Y95.026 E278.49168
G1 X81.692 Y94.901 E278.49351
G1 X81.576 Y94.947 E278.49429
G1 X81.429 Y94.92 E278.49523
G1 X81.319 Y94.802 E278.49624
G1 X81.292 Y94.633 E278.49731
G1 X81.385 Y94.397 E278.4989
G1 X81.31 Y94.192 E278.50027
G1 X81.338 Y93.981 E278.50161
G1 X81.434 Y93.854 E278.5026
G1 X81.573 Y93.827 E278.50349
G0 F7200 X81.572 Y93.345
G1 F3600 X81.43 Y93.32 E278.5044
G1 X81.328 Y93.202 E278.50537
G1 X81.305 Y93.007 E278.50661
G1 X81.405 Y92.744 E278.50837
G1 X81.329 Y92.545 E278.50971
G1 X81.357 Y92.358 E278.51089
G1 X81.453 Y92.244 E278.51183
G1 X81.609 Y92.217 E278.51282
G1 X81.783 Y92.292 E278.51401
G1 X82.018 Y92.188 E278.51562
G1 X82.185 Y92.21 E278.51667
G1 X82.282 Y92.319 E278.51759
G1 X82.304 Y92.495 E278.5187
G1 X82.202 Y92.742 E278.52038
G1 X81.775 Y93.252 E278.52455
G1 X81.572 Y93.345 E278.52595
G1 F1500 E272.02595
G0 F7200 X81.587 Y91.739
G1 F1500 E278.52595
G1 F3600 X81.425 Y91.714 E278.52697
G1 X81.323 Y91.609 E278.52789
G1 X81.301 Y91.436 E278.52899
G1 X81.418 Y91.152 E278.53091
G1 X81.335 Y90.943 E278.53232
G1 X81.358 Y90.759 E278.53348
G1 X81.509 Y90.581 E278.53495
G1 X81.431 Y90.417 E278.53609
G1 X81.457 Y90.281 E278.53696
G1 X81.573 Y90.178 E278.53793
G1 X81.788 Y90.155 E278.53928
G1 X82.069 Y90.258 E278.54116
G1 X82.22 Y90.208 E278.54216
G1 X82.41 Y90.238 E278.54336
G1 X82.46 Y90.285 E278.54379
G1 X82.529 Y90.349 E278.54438
G1 X82.579 Y90.565 E278.54577
G1 X82.974 Y90.555 E278.54825
G1 X83.012 Y90.368 E278.54945
G1 X83.119 Y90.248 E278.55046
G1 X83.273 Y90.218 E278.55144
G1 X83.529 Y90.314 E278.55315
G1 X83.868 Y90.355 E278.5553
G1 X84.012 Y90.468 E278.55644
G1 X84.054 Y90.597 E278.55729
G1 X83.987 Y90.749 E278.55834
G1 X83.795 Y90.893 E278.55984
G1 X83.165 Y91.068 E278.56394
G1 X82.933 Y91.036 E278.56541
G1 X82.732 Y90.886 E278.56698
G1 X82.46 Y91.055 E278.56899
G1 X82.296 Y91.156 E278.5702
G1 X82.416 Y91.409 E278.57195
G1 X82.393 Y91.558 E278.5729
G1 X82.286 Y91.65 E278.57378
G1 X82.08 Y91.673 E278.57508
G1 X81.901 Y91.603 E278.57629
G1 X81.587 Y91.739 E278.57843
G0 F7200 X82.46 Y91.055
G1 F3600 X82.46 Y90.285 E278.58326
G1 F1500 E272.08326
G0 F7200 X81.598 Y97.729
G1 F1500 E278.58326
G1 F3600 X82.065 Y97.924 E278.58643
G1 X82.19 Y98.056 E278.58757
G1 X82.233 Y98.204 E278.58854
G1 X82.188 Y98.368 E278.58961
G1 X81.908 Y98.699 E278.59233
G1 X81.893 Y98.834 E278.59318
G1 X81.73 Y99.1 E278.59513
G1 X81.071 Y99.1 E278.59927
G1 X81.061 Y98.933 E278.60031
G1 X81.18 Y98.66 E278.60218
G1 X81.46 Y98.275 E278.60517
G1 X81.353 Y98.038 E278.6068
G1 X81.38 Y97.904 E278.60765
G1 X81.598 Y97.729 E278.60941
G0 F7200 X81.556 Y97.345
G1 F3600 X81.421 Y97.316 E278.61027
G1 X81.318 Y97.19 E278.61129
G1 X81.293 Y96.987 E278.61258
G1 X81.463 Y96.559 E278.61546
G1 X81.319 Y96.402 E278.6168
G1 X81.287 Y96.228 E278.61791
G1 X81.346 Y96.066 E278.61899
G1 X81.257 Y95.819 E278.62064
G1 X81.284 Y95.611 E278.62195
G1 X81.38 Y95.484 E278.62295
G1 X81.518 Y95.457 E278.62383
G1 X81.71 Y95.546 E278.62516
G1 X81.896 Y95.771 E278.62699
G1 X82.158 Y96.335 E278.63089
G1 X82.16 Y96.466 E278.63171
G1 X81.977 Y96.986 E278.63517
G1 X81.747 Y97.256 E278.63739
G1 X81.556 Y97.345 E278.63871
G1 F1500 E272.13871
G0 F7200 X84.075 Y94.267
G1 F1500 E278.63871
G1 F3600 X84.265 Y94.356 E278.64003
G1 X84.452 Y94.585 E278.64188
G1 X84.707 Y95.146 E278.64574
G1 X84.681 Y95.37 E278.64716
G1 X84.538 Y95.544 E278.64857
G1 X84.698 Y95.768 E278.6503
G1 X84.727 Y95.985 E278.65167
G1 X84.548 Y96.498 E278.65508
G1 X84.329 Y96.757 E278.6572
G1 X84.133 Y96.846 E278.65855
G1 X84 Y96.817 E278.65941
G1 X83.895 Y96.69 E278.66044
G1 X83.869 Y96.486 E278.66173
G1 X83.965 Y96.215 E278.66353
G1 X83.934 Y96.115 E278.66419
G1 X83.97 Y95.94 E278.66531
G1 X84.087 Y95.801 E278.66645
G1 X84.452 Y95.649 E278.66893
G1 X84.138 Y95.277 E278.67198
G1 X84.064 Y95.256 E278.67246
G1 X83.943 Y95.128 E278.67356
G1 X83.814 Y94.641 E278.67672
G1 X83.842 Y94.419 E278.67813
G1 X83.936 Y94.293 E278.67911
G1 X84.075 Y94.267 E278.68
G1 F1500 E272.18
G0 F7200 X84.275 Y91.37
G1 F1500 E278.68
G1 F3600 X84.479 Y91.46 E278.6814
G1 X84.886 Y91.953 E278.68541
G1 X84.981 Y92.187 E278.68699
G1 X84.959 Y92.381 E278.68821
G1 X84.817 Y92.535 E278.68953
G1 X84.957 Y92.678 E278.69078
G1 X84.981 Y92.84 E278.69181
G1 X84.882 Y93.061 E278.69333
G1 X84.634 Y93.304 E278.6955
G1 X84.598 Y93.407 E278.69619
G1 X84.425 Y93.61 E278.69786
G1 X84.233 Y93.7 E278.69919
G1 X84.098 Y93.671 E278.70006
G1 X83.996 Y93.546 E278.70107
G1 X83.97 Y93.335 E278.7024
G1 X84.093 Y92.972 E278.7048
G1 X84.294 Y92.765 E278.70661
G1 X84.202 Y92.479 E278.7085
G1 X84.091 Y92.463 E278.7092
G1 X83.988 Y92.357 E278.71013
G1 X83.967 Y92.185 E278.71121
G1 X84.084 Y91.901 E278.71314
G1 X84.001 Y91.692 E278.71455
G1 X84.024 Y91.507 E278.71572
G1 X84.12 Y91.394 E278.71665
G1 X84.275 Y91.37 E278.71763
G1 F1500 E272.21763
G0 F7200 X86.447 Y93.581
G1 F1500 E278.71763
G1 F3600 X86.594 Y93.605 E278.71856
G1 X86.688 Y93.721 E278.7195
G1 X86.712 Y93.917 E278.72074
G1 X86.56 Y94.298 E278.72331
G1 X86.305 Y94.543 E278.72553
G1 X86.598 Y94.864 E278.72825
G1 X86.622 Y95.051 E278.72944
G1 X86.525 Y95.307 E278.73115
G1 X86.616 Y95.545 E278.73275
G1 X86.592 Y95.752 E278.73406
G1 X86.5 Y95.86 E278.73495
G1 X86.351 Y95.885 E278.73589
G1 X86.158 Y95.795 E278.73723
G1 X85.773 Y95.29 E278.74121
G1 X85.682 Y95.05 E278.74282
G1 X85.707 Y94.857 E278.74404
G1 X85.782 Y94.765 E278.74478
G1 X85.726 Y94.428 E278.74693
G1 X85.824 Y94.19 E278.74854
G1 X86.24 Y93.676 E278.75269
G1 X86.447 Y93.581 E278.75411
G1 F1500 E272.25411
G0 F7200 X89.389 Y96.351
G1 F1500 E278.75411
G1 F3600 X89.653 Y96.394 E278.75579
G1 X89.746 Y96.51 E278.75672
G1 X89.772 Y96.707 E278.75797
G1 X89.677 Y96.958 E278.75965
G1 X89.772 Y97.206 E278.76132
G1 X89.749 Y97.41 E278.7626
G1 X89.441 Y97.781 E278.76563
G1 X89.698 Y98.007 E278.76777
G1 X89.73 Y98.143 E278.76865
G1 X89.565 Y98.496 E278.77109
G1 X89.696 Y98.63 E278.77227
G1 X89.781 Y98.839 E278.77368
G1 X89.756 Y99.015 E278.7748
G1 X89.537 Y99.241 E278.77677
G1 X89.391 Y99.282 E278.77772
G1 X89.233 Y99.208 E278.77882
G1 X89.07 Y99 E278.78047
G1 X89.008 Y98.779 E278.78191
G1 X88.912 Y98.656 E278.78289
G1 X88.82 Y98.312 E278.78512
G1 X88.987 Y97.869 E278.78809
G1 X88.672 Y97.793 E278.79012
G1 X88.558 Y97.665 E278.7912
G1 X88.526 Y97.49 E278.79231
G1 X88.6 Y97.276 E278.79373
G1 X88.942 Y96.826 E278.79728
G1 X89.053 Y96.774 E278.79805
G1 X89.389 Y96.351 E278.80143
G0 F7200 X89.29 Y96.158
G1 F3600 X89.078 Y96.062 E278.80289
G1 X88.932 Y95.863 E278.80444
G1 X88.78 Y95.216 E278.80861
G1 X88.816 Y94.971 E278.81016
G1 X88.923 Y94.818 E278.81133
G1 X89.288 Y94.695 E278.81375
G1 X88.87 Y94.215 E278.81774
G1 X88.675 Y93.638 E278.82156
G1 X88.708 Y93.408 E278.82301
G1 X88.859 Y93.191 E278.82467
G1 X88.758 Y93.044 E278.82579
G1 X88.714 Y92.797 E278.82736
G1 X88.845 Y92.191 E278.83125
G1 X88.927 Y92.078 E278.83212
G1 X88.855 Y91.891 E278.83338
G1 X88.88 Y91.698 E278.8346
G1 X88.995 Y91.554 E278.83576
G1 X88.759 Y91.268 E278.83808
G1 X88.43 Y91.231 E278.84016
G1 X88.288 Y91.108 E278.84134
G1 X87.905 Y91.177 E278.84378
G1 X87.78 Y91.128 E278.84462
G1 X87.656 Y91.081 E278.84545
G1 X87.369 Y90.9 E278.84758
G1 X86.953 Y90.509 E278.85116
G1 X87.043 Y90.485 E278.85174
G1 X87.064 Y90.366 E278.8525
G1 X87.178 Y90.265 E278.85345
G1 X87.393 Y90.242 E278.85481
G1 X87.615 Y90.323 E278.85629
G1 X87.78 Y90.259 E278.8574
G1 X87.887 Y90.218 E278.85812
G1 X88.076 Y90.241 E278.85931
G1 X88.18 Y90.345 E278.86023
G1 X88.214 Y90.559 E278.86159
G1 X88.55 Y90.605 E278.86372
G1 X88.825 Y90.2 E278.86679
G1 X88.977 Y90.131 E278.86784
G1 X89.107 Y90.169 E278.86868
G1 X89.272 Y90.407 E278.8705
G1 X89.466 Y90.321 E278.87183
G1 X89.621 Y90.345 E278.87281
G1 X89.717 Y90.459 E278.87375
G1 X89.74 Y90.645 E278.87492
G1 X89.682 Y90.799 E278.87596
G1 X89.742 Y90.956 E278.87701
G1 X89.703 Y91.099 E278.87794
G1 X89.437 Y91.328 E278.88014
G1 X89.759 Y91.719 E278.88332
G1 X89.785 Y91.91 E278.88452
G1 X89.689 Y92.166 E278.88624
G1 X89.771 Y92.388 E278.88772
G1 X89.747 Y92.601 E278.88907
G1 X89.65 Y92.717 E278.89002
G1 X89.395 Y92.764 E278.89164
G1 X89.264 Y93.082 E278.8938
G1 X89.502 Y93.314 E278.89588
G1 X89.633 Y93.255 E278.89678
G1 X89.777 Y93.279 E278.8977
G1 X89.872 Y93.4 E278.89866
G1 X89.897 Y93.6 E278.89993
G1 X89.782 Y93.905 E278.90197
G1 X89.817 Y94.004 E278.90263
G1 X89.783 Y94.188 E278.9038
G1 X89.68 Y94.304 E278.90477
G1 X89.277 Y94.4 E278.90737
G1 X89.627 Y94.819 E278.9108
G1 X89.736 Y94.845 E278.9115
G1 X89.837 Y94.958 E278.91245
G1 X89.877 Y95.229 E278.91417
G1 X89.965 Y95.471 E278.91578
G1 X89.941 Y95.692 E278.91717
G1 X89.853 Y95.798 E278.91804
G1 X89.523 Y95.831 E278.92012
G1 X89.29 Y96.158 E278.92264
G1 F1500 E272.42264
G0 F7200 X86.694 Y92.949
G1 F1500 E278.92264
G1 F3600 X86.551 Y92.976 E278.92355
G1 X86.362 Y92.885 E278.92486
G1 X86.164 Y92.654 E278.92677
G1 X85.904 Y92.099 E278.93061
G1 X85.93 Y91.889 E278.93194
G1 X86.065 Y91.712 E278.93334
G1 X85.885 Y91.48 E278.93518
G1 X85.857 Y91.258 E278.93658
G1 X86 Y90.855 E278.93926
G1 X86.281 Y90.491 E278.94214
G1 X86.48 Y90.399 E278.94352
G1 X86.623 Y90.423 E278.94443
G1 X86.737 Y90.567 E278.94558
G1 X86.817 Y90.545 E278.9461
G1 X86.627 Y91.048 E278.94947
G1 X86.662 Y91.148 E278.95014
G1 X86.628 Y91.332 E278.95131
G1 X86.525 Y91.448 E278.95228
G1 X86.122 Y91.544 E278.95488
G1 X86.472 Y91.963 E278.9583
G1 X86.581 Y91.989 E278.95901
G1 X86.682 Y92.101 E278.95995
G1 X86.722 Y92.374 E278.96168
G1 X86.81 Y92.615 E278.96329
G1 X86.785 Y92.837 E278.96469
G1 X86.694 Y92.949 E278.9656
G1 F1500 E272.4656
G0 F7200 X87.78 Y91.128
G1 F1500 E278.9656
G1 F3600 X87.78 Y90.259 E278.97104
G1 F1500 E272.47104
G0 F7200 X85.12 Y99.303
G1 F1500 E278.97104
G1 F3600 X85.046 Y99.269 E278.97155
G1 X84.95 Y99.31 E278.97221
G1 X84.81 Y99.278 E278.97311
G1 X84.591 Y99.02 E278.97523
G1 X84.44 Y99.23 E278.97685
G1 X84.286 Y99.29 E278.97789
G1 X83.992 Y99.216 E278.97979
G1 X83.887 Y99.086 E278.98084
G1 X83.861 Y98.874 E278.98218
G1 X84 Y98.449 E278.98498
G1 X83.967 Y98.185 E278.98665
G1 X84.084 Y97.901 E278.98858
G1 X84.001 Y97.692 E278.98999
G1 X84.025 Y97.505 E278.99117
G1 X84.119 Y97.393 E278.99208
G1 X84.274 Y97.37 E278.99307
G1 X84.482 Y97.462 E278.99449
G1 X84.678 Y97.684 E278.99635
G1 X84.81 Y97.737 E278.99724
G1 X84.931 Y97.87 E278.99837
G1 X84.999 Y98.118 E278.99998
G1 X85.12 Y98.253 E279.00112
G1 X85.415 Y98.579 E279.00388
G1 X85.713 Y98.481 E279.00584
G1 X85.754 Y98.166 E279.00783
G1 X85.849 Y98.035 E279.00885
G1 X85.985 Y98.004 E279.00972
G1 X86.168 Y98.092 E279.011
G1 X86.35 Y98.325 E279.01285
G1 X86.637 Y98.276 E279.01468
G1 X86.754 Y97.944 E279.01688
G1 X87.041 Y97.669 E279.01938
G1 X86.608 Y97.279 E279.02303
G1 X86.48 Y96.795 E279.02617
G1 X86.508 Y96.574 E279.02757
G1 X86.602 Y96.449 E279.02855
G1 X86.741 Y96.423 E279.02943
G1 X86.932 Y96.513 E279.03076
G1 X87.114 Y96.736 E279.03256
G1 X87.373 Y97.302 E279.03646
G1 X87.347 Y97.527 E279.03788
G1 X87.203 Y97.703 E279.03931
G1 X87.393 Y97.903 E279.04104
G1 X87.435 Y98.046 E279.04197
G1 X87.218 Y98.649 E279.04599
G1 X86.992 Y98.915 E279.04818
G1 X86.8 Y99.002 E279.0495
G1 X86.628 Y98.964 E279.05061
G1 X86.417 Y99.246 E279.05282
G1 X86.281 Y99.279 E279.05369
G1 X86.211 Y99.248 E279.05417
G1 X86.1 Y99.294 E279.05493
G1 X85.975 Y99.251 E279.05576
G1 X85.756 Y98.951 E279.05808
G1 X85.428 Y99.356 E279.06135
G1 X85.285 Y99.382 E279.06226
G1 X85.12 Y99.303 E279.06341
G1 X85.12 Y98.253 E279.06999
G1 F1500 E272.56999
;MESH:test.stl
G0 F7200 X80.665 Y98.253
G0 X79.58 Y98.253
G0 X79.24 Y97.926
;TYPE:FILL
G1 F1500 E279.06999
G1 F3600 X72.074 Y90.76 E279.13354
G1 X72.068 Y90.76
G1 X70.76 Y92.068 E279.14514
G0 F7200 X70.76 Y92.275
G1 F3600 X77.725 Y99.24 E279.2069
G1 X77.731 Y99.24
G1 X79.24 Y97.731 E279.22028
G1 X79.268 Y97.703
G0 F7200 X79.1 Y97.703
G0 X79.1 Y95.097
G0 X79.24 Y95.097
G1 F3600 X74.902 Y90.76 E279.25874
G1 X74.897 Y90.76
G1 X70.76 Y94.897 E279.29543
G0 F7200 X70.76 Y95.103
G1 F3600 X74.897 Y99.24 E279.33211
G1 X74.902 Y99.24
G1 X79.24 Y94.902 E279.37058
G1 X79.268 Y94.874
G0 F7200 X79.1 Y94.874
G0 X79.1 Y92.269
G0 X79.24 Y92.269
G1 F3600 X77.731 Y90.76 E279.38396
G1 X77.725 Y90.76
G1 X70.76 Y97.725 E279.44572
G0 F7200 X70.76 Y97.931
G1 F3600 X72.068 Y99.24 E279.45732
G1 X72.074 Y99.24
G1 X79.24 Y92.074 E279.52087
G1 X79.268 Y92.046
G0 F7200 X79.1 Y92.046
G0 X79.13 Y99.13
G0 X79.4 Y99.4
;TYPE:WALL-INNER
G1 F3600 X79.4 Y90.6 E279.57604
G1 X70.6 Y90.6 E279.63122
G1 X70.6 Y99.4 E279.6864
G1 X79.4 Y99.4 E279.74158
G0 F7200 X79.8 Y99.8
;TYPE:WALL-OUTER
G1 F1800 X79.8 Y90.2 E279.80177
G1 X70.2 Y90.2 E279.86196
G1 X70.2 Y99.8 E279.92216
G1 X79.8 Y99.8 E279.98235
G0 F7200 X79.8 Y99.6
G0 X78.8 Y98.918
G1 F1500 E273.48235
G0 F7200 X70.42 Y97.931
G0 X69.335 Y97.931
G0 X60.665 Y97.931
G0 X59.58 Y97.931
G0 X59.24 Y97.931
;TYPE:FILL
G1 F1500 E279.98235
G1 F3600 X57.931 Y99.24 E279.99396
G1 X57.926 Y99.24
G1 X50.76 Y92.073 E280.05751
G1 X50.76 Y92.269
G1 X52.269 Y90.76 E280.07089
G1 X52.275 Y90.76
G1 X59.24 Y97.725 E280.13265
G1 X59.268 Y97.753
G0 F7200 X59.1 Y97.753
G0 X59.1 Y95.103
G0 X59.24 Y95.103
G1 F3600 X55.103 Y99.24 E280.16933
G1 X55.098 Y99.24
G1 X50.76 Y94.902 E280.2078
G1 X50.76 Y95.097
G1 X55.098 Y90.76 E280.24626
G1 X55.103 Y90.76
G1 X59.24 Y94.897 E280.28295
G1 X59.268 Y94.925
G0 F7200 X59.1 Y94.925
G0 X59.1 Y92.275
G0 X59.24 Y92.275
G1 F3600 X52.274 Y99.24 E280.34471
G1 X52.269 Y99.24
G1 X50.76 Y97.73 E280.3581
G1 X50.76 Y97.926
G1 X57.926 Y90.76 E280.42164
G1 X57.932 Y90.76
G1 X59.24 Y92.068 E280.43324
G1 X59.268 Y92.096
G0 F7200 X59.1 Y92.096
G0 X59.13 Y99.13
G0 X59.4 Y99.4
;TYPE:WALL-INNER
G1 F3600 X59.4 Y90.6 E280.48842
G1 X50.6 Y90.6 E280.54359
G1 X50.6 Y99.4 E280.59877
G1 X59.4 Y99.4 E280.65395
G0 F7200 X59.8 Y99.8
;TYPE:WALL-OUTER
G1 F1800 X59.8 Y90.2 E280.71414
G1 X50.2 Y90.2 E280.77434
G1 X50.2 Y99.8 E280.83453
G1 X59.8 Y99.8 E280.89473
G0 F7200 X59.8 Y99.6
G0 X58.8 Y98.918
G1 F1500 E274.39473
;MESH:NONMESH
G0 F600 X58.8 Y98.918 Z9.8
G0 F7200 X50.42 Y98.546
G0 X49.335 Y98.546
G0 X42.56 Y98.546
;TIME_ELAPSED:1347.757538
;LAYER:95
;TYPE:SUPPORT
G1 F1500 E280.89473
G1 F3600 X42.56 Y99.6 E280.90133
G1 X42.464 Y99.556 E280.902
G1 X42.167 Y99.593 E280.90387
G1 X42.031 Y99.524 E280.90483
G1 X41.864 Y99.6 E280.90598
G1 X41.733 Y99.6 E280.9068
G1 X41.561 Y99.519 E280.90799
G1 X41.404 Y99.6 E280.9091
G1 X40.965 Y99.6 E280.91185
G1 X40.804 Y99.513 E280.913
G1 X40.646 Y99.594 E280.91411
G1 X40.482 Y99.575 E280.91515
G1 X40.38 Y99.423 E280.9163
G1 X40.194 Y99.518 E280.91761
G1 X40.092 Y99.503 E280.91825
G1 X40.018 Y99.412 E280.91899
G1 X40.006 Y99.245 E280.92004
G1 X40.046 Y99.142 E280.92073
G1 X40.008 Y98.851 E280.92257
G1 X40.063 Y98.716 E280.92349
G1 X39.966 Y98.495 E280.925
G1 X40.021 Y98.313 E280.92619
G1 X40.005 Y98.059 E280.92779
G1 X40.065 Y97.919 E280.92874
G1 X39.966 Y97.695 E280.93028
G1 X40.025 Y97.504 E280.93153
G1 X39.965 Y97.308 E280.93282
G1 X40.047 Y97.098 E280.93423
G1 X40.007 Y96.984 E280.93499
G1 X40.051 Y96.693 E280.93683
G1 X39.962 Y96.103 E280.94057
G1 X40.03 Y95.906 E280.94188
G1 X39.962 Y95.702 E280.94323
G1 X40.06 Y95.1 E280.94705
G1 X39.962 Y94.502 E280.95085
G1 X40.026 Y94.311 E280.95212
G1 X39.963 Y94.107 E280.95345
G1 X40.046 Y93.891 E280.95491
G1 X40.006 Y93.787 E280.9556
G1 X40.042 Y93.508 E280.95737
G1 X40.009 Y93.239 E280.95907
G1 X40.059 Y93.119 E280.95988
G1 X39.965 Y92.898 E280.96139
G1 X40.027 Y92.7 E280.96269
G1 X39.956 Y92.487 E280.9641
G1 X40.05 Y91.926 E280.96766
G1 X40.007 Y91.653 E280.9694
G1 X40.066 Y91.518 E280.97032
G1 X39.966 Y91.294 E280.97186
G1 X40.025 Y91.103 E280.97311
G1 X39.969 Y90.914 E280.97435
G1 X40.077 Y90.686 E280.97593
G1 X40.001 Y90.525 E280.97705
G1 X40.013 Y90.387 E280.97791
G1 X40.082 Y90.31 E280.97856
G1 X40.26 Y90.294 E280.97968
G1 X40.277 Y90.089 E280.98097
G1 X40.343 Y90.002 E280.98166
G1 X40.457 Y89.986 E280.98238
G1 X40.655 Y90.087 E280.98377
G1 X40.862 Y89.982 E280.98523
G1 X41.129 Y90.054 E280.98696
G1 X41.274 Y89.979 E280.98799
G1 X41.371 Y89.996 E280.9886
G1 X41.436 Y90.09 E280.98932
G1 X41.448 Y90.393 E280.99122
G1 X41.555 Y90.605 E280.99271
G1 X41.494 Y90.783 E280.99389
G1 X41.517 Y91.061 E280.99564
G1 X41.47 Y91.186 E280.99648
G1 X41.558 Y91.401 E280.99793
G1 X41.497 Y91.607 E280.99928
G1 X41.567 Y91.813 E281.00064
G1 X41.469 Y92.384 E281.00428
G1 X41.515 Y92.683 E281.00617
G1 X41.479 Y92.787 E281.00686
G1 X41.56 Y92.998 E281.00828
G1 X41.5 Y93.189 E281.00954
G1 X41.555 Y93.384 E281.01081
G1 X41.448 Y93.617 E281.01241
G1 X41.527 Y93.783 E281.01357
G1 X41.528 Y94.203 E281.0162
G1 X41.446 Y94.381 E281.01743
G1 X41.553 Y94.604 E281.01898
G1 X41.502 Y94.802 E281.02026
G1 X41.553 Y94.984 E281.02145
G1 X41.447 Y95.216 E281.02305
G1 X41.522 Y95.371 E281.02413
G1 X41.477 Y95.64 E281.02584
G1 X41.552 Y95.979 E281.02801
G1 X41.531 Y96.082 E281.02867
G1 X41.564 Y96.196 E281.02942
G1 X41.502 Y96.409 E281.03081
G1 X41.566 Y96.608 E281.03212
G1 X41.476 Y97.222 E281.03601
G1 X41.818 Y97.589 E281.03916
G1 X41.854 Y97.712 E281.03996
G1 X42.01 Y97.883 E281.04141
G1 X42.015 Y98.036 E281.04237
G1 X41.816 Y98.211 E281.04403
G1 X41.796 Y98.51 E281.04591
G1 X41.977 Y98.77 E281.0479
G1 X42.26 Y98.748 E281.04968
G1 X42.395 Y98.456 E281.05169
G1 X42.516 Y98.476 E281.05246
G1 X42.608 Y98.621 E281.05354
G1 X42.663 Y98.87 E281.05514
G1 X42.967 Y98.935 E281.05709
G1 X43.204 Y98.63 E281.05951
G1 X43.35 Y98.629 E281.06043
G1 X43.441 Y98.751 E281.06138
G1 X43.728 Y98.702 E281.0632
G1 X43.814 Y98.472 E281.06474
G1 X43.794 Y98.207 E281.06641
G1 X43.839 Y98.097 E281.06716
G1 X43.797 Y97.798 E281.06905
G1 X43.854 Y97.663 E281.06997
G1 X43.755 Y97.441 E281.07149
G1 X43.814 Y97.25 E281.07275
G1 X43.756 Y97.055 E281.07402
G1 X43.854 Y96.837 E281.07552
G1 X43.795 Y96.698 E281.07647
G1 X43.85 Y96.372 E281.07854
G1 X43.746 Y96.223 E281.07968
G1 X43.645 Y95.84 E281.08216
G1 X43.7 Y95.66 E281.08334
G1 X43.614 Y95.434 E281.08486
G1 X43.724 Y95.091 E281.08712
G1 X43.901 Y94.841 E281.08904
G1 X43.746 Y94.622 E281.09072
G1 X43.645 Y94.241 E281.09319
G1 X43.701 Y94.061 E281.09437
G1 X43.614 Y93.834 E281.0959
G1 X43.725 Y93.488 E281.09818
G1 X43.9 Y93.241 E281.10007
G1 X43.756 Y93.034 E281.10166
G1 X43.664 Y92.645 E281.10416
G1 X43.748 Y92.405 E281.10576
G1 X43.698 Y92.236 E281.10686
G1 X43.773 Y91.839 E281.10939
G1 X43.849 Y91.72 E281.11028
G1 X43.796 Y91.399 E281.11232
G1 X43.854 Y91.265 E281.11324
G1 X43.755 Y91.041 E281.11477
G1 X43.814 Y90.849 E281.11603
G1 X43.759 Y90.661 E281.11726
G1 X43.867 Y90.433 E281.11884
G1 X43.79 Y90.273 E281.11995
G1 X43.802 Y90.131 E281.12085
G1 X43.869 Y90.056 E281.12148
G1 X44.004 Y90.045 E281.12233
G1 X44.18 Y90.13 E281.12355
G1 X44.275 Y89.995 E281.12459
G1 X44.371 Y89.98 E281.1252
G1 X44.586 Y90.091 E281.12671
G1 X44.792 Y89.982 E281.12818
G1 X45.22 Y90.023 E281.13087
G1 X45.22 Y90.477 E281.13372
G1 X45.856 Y90.695 E281.13793
G1 X46.45 Y90.794 E281.14171
G1 X46.461 Y91.143 E281.1439
G1 X46.416 Y91.291 E281.14487
G1 X46.485 Y91.493 E281.14621
G1 X46.418 Y91.696 E281.14755
G1 X46.495 Y91.902 E281.14893
G1 X46.461 Y91.998 E281.14957
G1 X46.508 Y92.291 E281.15143
G1 X46.467 Y92.746 E281.15429
G1 X46.417 Y92.894 E281.15527
G1 X46.485 Y93.098 E281.15662
G1 X46.417 Y93.295 E281.15793
G1 X46.515 Y93.892 E281.16172
G1 X46.417 Y94.494 E281.16554
G1 X46.485 Y94.698 E281.16689
G1 X46.417 Y94.895 E281.1682
G1 X46.465 Y95.041 E281.16916
G1 X46.523 Y95.545 E281.17234
G1 X46.364 Y95.754 E281.17399
G1 X46.122 Y96.417 E281.17841
G1 X46.185 Y96.699 E281.18023
G1 X46.543 Y97.102 E281.18361
G1 X46.327 Y97.369 E281.18576
G1 X46.204 Y97.654 E281.18771
G1 X46.413 Y98.469 E281.19298
G1 X46.528 Y98.631 E281.19423
G1 X46.422 Y98.897 E281.19602
G1 X46.515 Y99.113 E281.1975
G1 X46.461 Y99.245 E281.19839
G1 X46.473 Y99.408 E281.19942
G1 X46.542 Y99.491 E281.20009
G1 X46.652 Y99.506 E281.20079
G1 X46.829 Y99.413 E281.20204
G1 X46.936 Y99.577 E281.20327
G1 X47.094 Y99.594 E281.20427
G1 X47.251 Y99.513 E281.20538
G1 X47.416 Y99.6 E281.20654
G1 X47.529 Y99.6 E281.20725
G1 X47.7 Y99.527 E281.20842
G1 X47.81 Y99.59 E281.20921
G1 X48.119 Y99.535 E281.21118
G1 X48.219 Y99.587 E281.21189
G1 X48.339 Y99.583 E281.21264
G1 X48.43 Y99.481 E281.2135
G1 X48.436 Y99.301 E281.21463
G1 X48.903 Y99.301 E281.21756
G1 X49.083 Y99.479 E281.21914
G1 X49.295 Y99.587 E281.22063
G1 X49.446 Y99.582 E281.22158
G1 X49.509 Y99.519 E281.22214
G1 X49.513 Y99.371 E281.22307
G1 X49.326 Y99.003 E281.22566
G1 X49.512 Y98.8 E281.22738
G1 X49.516 Y98.687 E281.22809
G1 X49.42 Y98.5 E281.22941
G1 X49.513 Y98.396 E281.23029
G1 X49.516 Y98.29 E281.23095
G1 X49.413 Y98.097 E281.23232
G1 X49.525 Y98.023 E281.23316
G1 X49.538 Y97.925 E281.23378
G1 X49.419 Y97.714 E281.2353
G1 X49.528 Y97.627 E281.23618
G1 X49.545 Y97.527 E281.23681
G1 X49.446 Y97.341 E281.23813
G1 X49.555 Y97.11 E281.23974
G1 X49.455 Y96.875 E281.24134
G1 X49.546 Y96.699 E281.24258
G1 X49.509 Y96.529 E281.24367
G1 X49.544 Y96.326 E281.24496
G1 X49.469 Y96.181 E281.24599
G1 X49.539 Y95.917 E281.2477
G1 X49.449 Y95.751 E281.24888
G1 X49.555 Y95.513 E281.25052
G1 X49.452 Y95.277 E281.25213
G1 X49.545 Y95.1 E281.25338
G1 X49.508 Y94.927 E281.25449
G1 X49.543 Y94.727 E281.25577
G1 X49.449 Y94.552 E281.25701
G1 X49.555 Y94.314 E281.25865
G1 X49.452 Y94.077 E281.26027
G1 X49.545 Y93.901 E281.26151
G1 X49.508 Y93.728 E281.26262
G1 X49.543 Y93.526 E281.26391
G1 X49.451 Y93.351 E281.26515
G1 X49.556 Y93.114 E281.26677
G1 X49.453 Y92.876 E281.2684
G1 X49.544 Y92.702 E281.26963
G1 X49.507 Y92.529 E281.27074
G1 X49.542 Y92.326 E281.27203
G1 X49.451 Y92.156 E281.27324
G1 X49.555 Y91.916 E281.27488
G1 X49.45 Y91.68 E281.2765
G1 X49.543 Y91.501 E281.27777
G1 X49.507 Y91.33 E281.27886
G1 X49.542 Y91.127 E281.28015
G1 X49.451 Y90.957 E281.28136
G1 X49.555 Y90.716 E281.28301
G1 X49.45 Y90.479 E281.28463
G1 X49.543 Y90.301 E281.28589
G1 X49.524 Y90.208 E281.28649
G1 X49.429 Y90.132 E281.28725
G1 X49.239 Y90.118 E281.28844
G1 X48.996 Y90.202 E281.29006
G1 X48.489 Y90.633 E281.29423
G1 X48.489 Y90.77 E281.29509
G1 X49.106 Y91.308 E281.30022
G1 X48.489 Y91.834 E281.30531
G1 X48.489 Y91.97 E281.30616
G1 X49.1 Y92.502 E281.31124
G1 X48.504 Y93.041 E281.31628
G1 X48.502 Y93.181 E281.31715
G1 X49.096 Y93.701 E281.3221
G1 X48.505 Y94.241 E281.32712
G1 X48.504 Y94.381 E281.328
G1 X49.096 Y94.901 E281.33294
G1 X48.504 Y95.441 E281.33797
G1 X48.483 Y95.509 E281.33841
G1 X48.544 Y95.693 E281.33963
G1 X48.489 Y95.912 E281.34104
G1 X48.555 Y96.034 E281.34191
G1 X49.088 Y96.491 E281.34632
G1 X48.535 Y97.059 E281.35129
G1 X48.514 Y97.13 E281.35175
G1 X48.571 Y97.273 E281.35272
G1 X48.411 Y97.408 E281.35403
G1 X48.4 Y97.472 E281.35444
G1 X48.469 Y97.598 E281.35534
G1 X48.71 Y97.801 E281.35731
G1 X48.589 Y97.948 E281.35851
G1 X48.582 Y98.067 E281.35925
G1 X48.748 Y98.393 E281.36155
G1 X48.637 Y98.653 E281.36332
G1 X48.36 Y98.685 E281.36507
G1 X48.149 Y99.036 E281.36764
G1 X47.88 Y98.765 E281.37003
G1 X47.88 Y99.578 E281.37513
G1 F1500 E274.87513
G0 F7200 X49.347 Y100.653
G0 X60.653 Y100.653
G0 X61.18 Y99.301
G1 F1500 E281.37513
G1 F3600 X61.18 Y90.018 E281.43333
G1 X60.884 Y90.025 E281.43519
G1 X60.786 Y90.099 E281.43596
G1 X60.746 Y90.253 E281.43696
G1 X60.569 Y90.27 E281.43807
G1 X60.474 Y90.344 E281.43883
G1 X60.454 Y90.437 E281.43942
G1 X60.541 Y90.605 E281.44061
G1 X60.448 Y90.843 E281.44221
G1 X60.564 Y91.062 E281.44377
G1 X60.453 Y91.263 E281.44521
G1 X60.494 Y91.449 E281.4464
G1 X60.453 Y91.636 E281.4476
G1 X60.553 Y91.826 E281.44895
G1 X60.445 Y92.052 E281.45052
G1 X60.548 Y92.29 E281.45214
G1 X60.456 Y92.462 E281.45337
G1 X60.493 Y92.654 E281.45459
G1 X60.453 Y92.837 E281.45577
G1 X60.541 Y93.005 E281.45696
G1 X60.448 Y93.243 E281.45856
G1 X60.564 Y93.462 E281.46011
G1 X60.453 Y93.663 E281.46155
G1 X60.494 Y93.849 E281.46275
G1 X60.453 Y94.036 E281.46395
G1 X60.561 Y94.24 E281.46539
G1 X60.45 Y94.455 E281.46691
G1 X60.541 Y94.697 E281.46853
G1 X60.455 Y94.86 E281.46969
G1 X60.493 Y95.054 E281.47093
G1 X60.453 Y95.237 E281.4721
G1 X60.541 Y95.405 E281.47329
G1 X60.448 Y95.643 E281.47489
G1 X60.564 Y95.862 E281.47645
G1 X60.454 Y96.062 E281.47788
G1 X60.494 Y96.25 E281.47908
G1 X60.454 Y96.436 E281.48028
G1 X60.548 Y96.61 E281.48152
G1 X60.446 Y96.849 E281.48315
G1 X60.557 Y97.073 E281.48471
G1 X60.459 Y97.254 E281.486
G1 X60.538 Y97.511 E281.48769
G1 X60.459 Y97.653 E281.48871
G1 X60.544 Y97.911 E281.49041
G1 X60.485 Y98.025 E281.49122
G1 X60.49 Y98.138 E281.49193
G1 X60.588 Y98.225 E281.49275
G1 X60.485 Y98.424 E281.49415
G1 X60.49 Y98.537 E281.49486
G1 X60.699 Y98.723 E281.49662
G1 X60.699 Y99.218 E281.49972
G1 X60.782 Y99.301 E281.50046
G1 X61.192 Y99.301 E281.50303
G1 X61.343 Y99.564 E281.50493
G1 X61.491 Y99.591 E281.50587
G1 X61.615 Y99.52 E281.50677
G1 X61.881 Y99.6 E281.50851
G1 X62.059 Y99.502 E281.50978
G1 X62.213 Y99.592 E281.5109
G1 X62.425 Y99.562 E281.51225
G1 X62.673 Y99.593 E281.51381
G1 X62.811 Y99.526 E281.51477
G1 X62.973 Y99.6 E281.51589
G1 X63.09 Y99.6 E281.51662
G1 X63.264 Y99.511 E281.51785
G1 X63.428 Y99.6 E281.51902
G1 X63.84 Y99.6 E281.5216
G1 X63.84 Y98.919 E281.52587
G1 X64.063 Y98.63 E281.52816
G1 X64.213 Y98.63 E281.5291
G1 X64.367 Y98.824 E281.53066
G1 X64.635 Y98.74 E281.53242
G1 X64.756 Y98.507 E281.53406
G1 X65.026 Y98.475 E281.53577
G1 X65.138 Y98.11 E281.53816
G1 X65.122 Y97.854 E281.53977
G1 X65.182 Y97.713 E281.54073
G1 X65.083 Y97.491 E281.54225
G1 X65.143 Y97.299 E281.54352
G1 X65.081 Y97.103 E281.5448
G1 X65.164 Y96.894 E281.54622
G1 X65.124 Y96.783 E281.54695
G1 X65.165 Y96.49 E281.54881
G1 X65.123 Y96.19 E281.55071
G1 X65.154 Y96.098 E281.55132
G1 X65.08 Y95.899 E281.55265
G1 X65.144 Y95.706 E281.55392
G1 X65.084 Y95.505 E281.55524
G1 X65.18 Y95.283 E281.55676
G1 X65.123 Y95.149 E281.55767
G1 X65.15 Y94.9 E281.55924
G1 X65.124 Y94.639 E281.56088
G1 X65.176 Y94.516 E281.56172
G1 X65.082 Y94.294 E281.56323
G1 X65.144 Y94.096 E281.56453
G1 X65.079 Y93.9 E281.56583
G1 X65.124 Y93.758 E281.56676
G1 X65.14 Y93.422 E281.56887
G1 X65.185 Y93.35 E281.5694
G1 X65.122 Y92.989 E281.5717
G1 X65.154 Y92.901 E281.57229
G1 X65.08 Y92.699 E281.57364
G1 X65.144 Y92.507 E281.57491
G1 X65.084 Y92.305 E281.57623
G1 X65.181 Y92.081 E281.57776
G1 X65.123 Y91.948 E281.57867
G1 X65.15 Y91.7 E281.58023
G1 X65.124 Y91.439 E281.58188
G1 X65.176 Y91.316 E281.58271
G1 X65.082 Y91.094 E281.58423
G1 X65.144 Y90.896 E281.58553
G1 X65.079 Y90.699 E281.58683
G1 X65.124 Y90.554 E281.58778
G1 X65.14 Y90.221 E281.58987
G1 X65.218 Y90.094 E281.5908
G1 X65.306 Y90.068 E281.59138
G1 X65.449 Y90.14 E281.59238
G1 X65.619 Y90.022 E281.59368
G1 X66.103 Y89.961 E281.59674
G1 X66.297 Y90.024 E281.59802
G1 X66.499 Y89.962 E281.59934
G1 X66.5 Y90.645 E281.60363
G1 X67.119 Y90.393 E281.60782
G1 X67.166 Y90.683 E281.60966
G1 X67.821 Y91.226 E281.61499
G1 X67.608 Y91.798 E281.61882
G1 X67.659 Y91.944 E281.61979
G1 X67.593 Y92.207 E281.62149
G1 X67.71 Y92.557 E281.62381
G1 X67.896 Y92.8 E281.62572
G1 X67.719 Y93.043 E281.62761
G1 X67.608 Y93.39 E281.62989
G1 X67.695 Y93.616 E281.63141
G1 X67.639 Y93.795 E281.63259
G1 X67.74 Y94.179 E281.63508
G1 X67.895 Y94.397 E281.63675
G1 X67.697 Y94.657 E281.6388
G1 X67.594 Y95.021 E281.64118
G1 X67.456 Y95.154 E281.64238
G1 X67.422 Y95.297 E281.6433
G1 X67.446 Y95.385 E281.64387
G1 X67.526 Y95.464 E281.64458
G1 X67.796 Y95.587 E281.64644
G1 X67.445 Y96.534 E281.65277
G1 X67.506 Y96.794 E281.65444
G1 X67.581 Y96.85 E281.65503
G1 X67.561 Y97.125 E281.65676
G1 X67.628 Y97.301 E281.65794
G1 X67.794 Y98.008 E281.66249
G1 X67.214 Y98.428 E281.66698
G1 X67.222 Y98.566 E281.66785
G1 X67.526 Y98.815 E281.67031
G1 X67.575 Y98.917 E281.67102
G1 X67.862 Y99.194 E281.67352
G1 X67.889 Y99.443 E281.6751
G1 X67.967 Y99.575 E281.67606
G1 X68.101 Y99.6 E281.67691
G1 X68.276 Y99.502 E281.67817
G1 X68.433 Y99.592 E281.6793
G1 X68.584 Y99.567 E281.68026
G1 X68.784 Y99.234 E281.6827
G1 X69.028 Y99.478 E281.68486
G1 X69.16 Y99.545 E281.68579
G1 X69.16 Y90.034 E281.74543
G1 F1500 E275.24543
G0 F7200 X80.653 Y89.347
G0 X82.46 Y90.629
G1 F1500 E281.74543
G1 F3600 X82.46 Y90.039 E281.74913
G1 X82.394 Y90.069 E281.74958
G1 X82.168 Y89.967 E281.75114
G1 X81.973 Y90.021 E281.7524
G1 X81.783 Y89.966 E281.75364
G1 X81.56 Y90.057 E281.75515
G1 X81.43 Y90.005 E281.75603
G1 X81.26 Y90.017 E281.7571
G1 X81.179 Y90.089 E281.75778
G1 X81.163 Y90.197 E281.75846
G1 X81.24 Y90.347 E281.75952
G1 X81.126 Y90.477 E281.76061
G1 X81.114 Y90.619 E281.7615
G1 X81.191 Y90.779 E281.76261
G1 X81.083 Y91.007 E281.7642
G1 X81.138 Y91.195 E281.76542
G1 X81.079 Y91.387 E281.76668
G1 X81.178 Y91.611 E281.76822
G1 X81.114 Y91.759 E281.76923
G1 X81.11 Y92.211 E281.77206
G1 X81.191 Y92.377 E281.77322
G1 X81.083 Y92.606 E281.77481
G1 X81.138 Y92.795 E281.77604
G1 X81.079 Y92.987 E281.7773
G1 X81.178 Y93.211 E281.77884
G1 X81.114 Y93.359 E281.77985
G1 X81.112 Y93.821 E281.78275
G1 X81.182 Y93.978 E281.78382
G1 X81.08 Y94.204 E281.78538
G1 X81.138 Y94.394 E281.78662
G1 X81.079 Y94.587 E281.78789
G1 X81.178 Y94.81 E281.78942
G1 X81.118 Y94.947 E281.79036
G1 X81.145 Y95.197 E281.79193
G1 X81.119 Y95.463 E281.79361
G1 X81.165 Y95.584 E281.79442
G1 X81.078 Y95.802 E281.79589
G1 X81.138 Y95.997 E281.79717
G1 X81.079 Y96.187 E281.79842
G1 X81.178 Y96.411 E281.79996
G1 X81.118 Y96.551 E281.80091
G1 X81.134 Y96.804 E281.8025
G1 X81.078 Y96.987 E281.8037
G1 X81.175 Y97.213 E281.80524
G1 X81.119 Y97.346 E281.80615
G1 X81.103 Y97.797 E281.80898
G1 X81.198 Y97.986 E281.8103
G1 X81.094 Y98.194 E281.81176
G1 X81.176 Y98.453 E281.81346
G1 X81.096 Y98.606 E281.81455
G1 X81.128 Y98.795 E281.81575
G1 X81.066 Y99.004 E281.81712
G1 X81.112 Y99.223 E281.81852
G1 X81.191 Y99.301 E281.81922
G1 X81.581 Y99.301 E281.82166
G1 X81.683 Y99.041 E281.82341
G1 X81.669 Y98.801 E281.82492
G1 X81.837 Y98.496 E281.8271
G1 X82.065 Y98.292 E281.82902
G1 X82.068 Y98.129 E281.83004
G1 X81.456 Y97.578 E281.83521
G1 X81.759 Y97.189 E281.8383
G1 X81.874 Y96.803 E281.84082
G1 X81.863 Y96.648 E281.8418
G1 X81.747 Y96.48 E281.84308
G1 X81.848 Y96.121 E281.84542
G1 X81.72 Y95.609 E281.84873
G1 X81.435 Y95.195 E281.85188
G1 X81.778 Y94.783 E281.85524
G1 X81.898 Y94.465 E281.85737
G1 X81.781 Y93.999 E281.86038
G1 X81.438 Y93.592 E281.86372
G1 X81.782 Y93.177 E281.8671
G1 X81.915 Y92.876 E281.86916
G1 X81.929 Y92.713 E281.87019
G1 X81.815 Y92.396 E281.8723
G1 X81.439 Y91.993 E281.87576
G1 X81.772 Y91.59 E281.87903
G1 X81.809 Y91.461 E281.87988
G1 X81.947 Y91.292 E281.88124
G1 X81.949 Y91.092 E281.8825
G1 X81.744 Y90.842 E281.88453
G1 X82.395 Y90.69 E281.88872
G1 X82.776 Y90.329 E281.89201
G1 X83.165 Y90.724 E281.89548
G1 X83.409 Y90.835 E281.89717
G1 X83.592 Y90.813 E281.89832
G1 X83.816 Y91.069 E281.90045
G1 X83.782 Y91.369 E281.90235
G1 X83.856 Y91.527 E281.90344
G1 X83.748 Y91.755 E281.90502
G1 X83.804 Y91.944 E281.90626
G1 X83.745 Y92.136 E281.90752
G1 X83.844 Y92.359 E281.90905
G1 X83.784 Y92.5 E281.91001
G1 X83.799 Y92.739 E281.91151
G1 X83.76 Y92.934 E281.91276
G1 X83.872 Y93.143 E281.91424
G1 X83.765 Y93.347 E281.91569
G1 X83.827 Y93.597 E281.9173
G1 X83.786 Y93.694 E281.91796
G1 X83.829 Y93.967 E281.9197
G1 X83.735 Y94.528 E281.92326
G1 X83.806 Y94.741 E281.92467
G1 X83.744 Y94.939 E281.92597
G1 X83.838 Y95.161 E281.92748
G1 X83.786 Y95.284 E281.92832
G1 X83.812 Y95.545 E281.92997
G1 X83.785 Y95.794 E281.93154
G1 X83.841 Y95.928 E281.93245
G1 X83.746 Y96.15 E281.93396
G1 X83.806 Y96.351 E281.93528
G1 X83.742 Y96.543 E281.93655
G1 X83.817 Y96.747 E281.93791
G1 X83.784 Y96.838 E281.93851
G1 X83.818 Y97.122 E281.94031
G1 X83.783 Y97.372 E281.94189
G1 X83.856 Y97.527 E281.94297
G1 X83.748 Y97.755 E281.94455
G1 X83.804 Y97.944 E281.94578
G1 X83.745 Y98.136 E281.94704
G1 X83.844 Y98.36 E281.94858
G1 X83.787 Y98.494 E281.94949
G1 X83.829 Y98.794 E281.95139
G1 X83.781 Y98.906 E281.95215
G1 X83.803 Y99.437 E281.95549
G1 X83.881 Y99.548 E281.95634
G1 X83.968 Y99.569 E281.9569
G1 X84.133 Y99.484 E281.95806
G1 X84.336 Y99.6 E281.95953
G1 X84.795 Y99.6 E281.96241
G1 X84.966 Y99.51 E281.96362
G1 X85.12 Y99.591 E281.96471
G1 X85.12 Y98.604 E281.9709
G1 X85.162 Y98.604 E281.97116
G1 X85.384 Y98.92 E281.97358
G1 X85.792 Y99.222 E281.97677
G1 X85.983 Y98.659 E281.98049
G1 X86.086 Y98.489 E281.98174
G1 X86.14 Y98.471 E281.9821
G1 X86.323 Y98.539 E281.98332
G1 X86.535 Y98.096 E281.9864
G1 X86.427 Y97.891 E281.98785
G1 X86.468 Y97.692 E281.98913
G1 X86.452 Y97.442 E281.9907
G1 X86.503 Y97.315 E281.99156
G1 X86.41 Y97.095 E281.99305
G1 X86.472 Y96.897 E281.99435
G1 X86.406 Y96.698 E281.99567
G1 X86.491 Y96.066 E281.99967
G1 X86.136 Y95.705 E282.00284
G1 X86.025 Y95.421 E282.00475
G1 X86.026 Y95.177 E282.00628
G1 X86.141 Y94.894 E282.0082
G1 X86.548 Y94.458 E282.01194
G1 X86.151 Y94.329 E282.01456
G1 X86.082 Y94.262 E282.01516
G1 X86.059 Y94.168 E282.01577
G1 X86.098 Y94.023 E282.01671
G1 X86.222 Y93.896 E282.01782
G1 X86.337 Y93.56 E282.02005
G1 X86.554 Y93.291 E282.02221
G1 X86.402 Y93.073 E282.02388
G1 X86.195 Y92.259 E282.02915
G1 X86.317 Y91.974 E282.03109
G1 X86.533 Y91.707 E282.03324
G1 X86.175 Y91.304 E282.03662
G1 X86.112 Y91.022 E282.03844
G1 X86.354 Y90.359 E282.04286
G1 X86.509 Y90.155 E282.04447
G1 X86.657 Y90.076 E282.04552
G1 X86.819 Y90.109 E282.04656
G1 X86.91 Y90.008 E282.04741
G1 X87.047 Y89.997 E282.04827
G1 X87.216 Y90.077 E282.04944
G1 X87.441 Y89.971 E282.051
G1 X87.632 Y90.02 E282.05224
G1 X87.822 Y89.967 E282.05348
G1 X88.05 Y90.069 E282.05504
G1 X88.214 Y89.996 E282.05617
G1 X88.671 Y90.001 E282.05903
G1 X88.815 Y90.06 E282.06001
G1 X89.048 Y89.963 E282.06159
G1 X89.303 Y90.015 E282.06322
G1 X89.427 Y89.968 E282.06405
G1 X89.533 Y90.016 E282.06478
G1 X89.618 Y90.149 E282.06577
G1 X89.918 Y90.171 E282.06766
G1 X89.994 Y90.243 E282.06832
G1 X90.009 Y90.359 E282.06905
G1 X89.942 Y90.496 E282.07001
G1 X90.015 Y90.753 E282.07168
G1 X89.908 Y90.96 E282.07314
G1 X90.018 Y91.168 E282.07462
G1 X90.001 Y91.578 E282.07719
G1 X89.925 Y91.743 E282.07833
G1 X90.03 Y91.965 E282.07987
G1 X89.979 Y92.163 E282.08115
G1 X90.031 Y92.345 E282.08234
G1 X89.925 Y92.576 E282.08393
G1 X90.002 Y92.741 E282.08507
G1 X89.974 Y93.38 E282.08908
G1 X90.039 Y93.557 E282.09027
G1 X89.976 Y93.752 E282.09155
G1 X90.033 Y93.948 E282.09283
G1 X89.932 Y94.175 E282.09439
G1 X90.002 Y94.329 E282.09545
G1 X89.998 Y94.814 E282.09849
G1 X89.948 Y94.947 E282.09938
G1 X90.035 Y95.161 E282.10083
G1 X89.974 Y95.368 E282.10218
G1 X90.044 Y95.572 E282.10354
G1 X89.957 Y96.131 E282.10708
G1 X89.999 Y96.381 E282.10867
G1 X89.924 Y96.543 E282.10979
G1 X90.03 Y96.766 E282.11134
G1 X89.979 Y96.963 E282.11262
G1 X90.03 Y97.144 E282.1138
G1 X89.924 Y97.376 E282.11539
G1 X90.002 Y97.54 E282.11653
G1 X90.02 Y97.943 E282.11906
G1 X89.908 Y98.16 E282.12059
G1 X90.019 Y98.37 E282.12208
G1 X89.985 Y98.579 E282.12341
G1 X90.03 Y98.745 E282.12449
G1 X89.924 Y98.976 E282.12608
G1 X90.002 Y99.14 E282.12722
G1 X89.99 Y99.281 E282.12811
G1 X89.925 Y99.346 E282.12869
G1 X89.736 Y99.362 E282.12987
G1 X89.595 Y99.579 E282.1315
G1 X89.436 Y99.595 E282.1325
G1 X89.234 Y99.365 E282.13442
G1 X89.178 Y99.159 E282.13576
G1 X89.066 Y99.003 E282.13696
G1 X89.001 Y98.768 E282.13849
G1 X89.019 Y98.605 E282.13952
G1 X88.906 Y98.309 E282.14151
G1 X89.105 Y97.942 E282.14412
G1 X88.833 Y97.644 E282.14665
G1 X88.768 Y97.362 E282.14847
G1 X89.021 Y96.691 E282.15296
G1 X89.223 Y96.425 E282.15506
G1 X89.068 Y96.206 E282.15674
G1 X88.967 Y95.825 E282.15921
G1 X89.021 Y95.649 E282.16037
G1 X88.928 Y95.417 E282.16193
G1 X89.042 Y95.073 E282.16421
G1 X89.222 Y94.825 E282.16613
G1 X89.067 Y94.605 E282.16781
G1 X88.967 Y94.224 E282.17028
G1 X88.985 Y94.161 E282.17069
G1 X88.875 Y93.812 E282.17299
G1 X89.003 Y93.494 E282.17514
G1 X89.215 Y93.23 E282.17726
G1 X88.994 Y92.968 E282.17941
G1 X88.866 Y92.655 E282.18153
G1 X88.939 Y92.321 E282.18367
G1 X88.901 Y92.219 E282.18436
G1 X89.02 Y91.894 E282.18653
G1 X89.206 Y91.645 E282.18848
G1 X88.866 Y91.228 E282.19185
G1 X88.781 Y90.911 E282.19391
G1 X88.708 Y90.862 E282.19446
G1 X88.686 Y90.78 E282.19499
G1 X88.774 Y90.613 E282.19618
G1 X88.453 Y90.309 E282.19895
G1 X88.047 Y90.693 E282.20245
G1 X87.78 Y90.814 E282.20429
G1 X87.78 Y89.978 E282.20953
G1 F1500 E275.70953
;MESH:test.stl
G0 F7200 X80.665 Y90.414
G0 X79.586 Y90.414
G0 X79.1 Y92.074
G0 X79.24 Y92.074
;TYPE:FILL
G1 F1500 E282.20953
G1 F3600 X72.074 Y99.24 E282.27307
G1 X72.068 Y99.24
G1 X70.76 Y97.931 E282.28468
G0 F7200 X70.76 Y97.725
G1 F3600 X77.725 Y90.76 E282.34644
G1 X77.731 Y90.76
G1 X79.24 Y92.269 E282.35982
G1 X79.268 Y92.297
G0 F7200 X79.1 Y92.297
G0 X79.1 Y94.902
G0 X79.24 Y94.902
G1 F3600 X74.902 Y99.24 E282.39829
G1 X74.897 Y99.24
G1 X70.76 Y95.103 E282.43497
G0 F7200 X70.76 Y94.897
G1 F3600 X74.897 Y90.76 E282.47166
G1 X74.902 Y90.76
G1 X79.24 Y95.097 E282.51012
G1 X79.268 Y95.125
G0 F7200 X79.1 Y95.125
G0 X79.1 Y97.731
G0 X79.24 Y97.731
G1 F3600 X77.731 Y99.24 E282.5235
G1 X77.725 Y99.24
G1 X70.76 Y92.275 E282.58526
G0 F7200 X70.76 Y92.068
G1 F3600 X72.068 Y90.76 E282.59686
G1 X72.074 Y90.76
G1 X79.24 Y97.926 E282.6604
G1 X79.268 Y97.954
G0 F7200 X79.1 Y97.954
G0 X79.13 Y99.13
G0 X79.4 Y99.4
;TYPE:WALL-INNER
G1 F3600 X79.4 Y90.6 E282.71558
G1 X70.6 Y90.6 E282.77076
G1 X70.6 Y99.4 E282.82593
G1 X79.4 Y99.4 E282.88111
G0 F7200 X79.8 Y99.8
;TYPE:WALL-OUTER
G1 F1800 X79.8 Y90.2 E282.94131
G1 X70.2 Y90.2 E283.0015
G1 X70.2 Y99.8 E283.06169
G1 X79.8 Y99.8 E283.12189
G0 F7200 X79.8 Y99.6
G0 X78.8 Y98.918
G1 F1500 E276.62189
G0 F7200 X70.42 Y97.931
G0 X69.335 Y97.931
G0 X60.665 Y97.931
G0 X59.58 Y97.931
G0 X59.24 Y97.931
;TYPE:FILL
G1 F1500 E283.12189
G1 F3600 X57.931 Y99.24 E283.13349
G1 X57.926 Y99.24
G1 X50.76 Y92.073 E283.19704
G1 X50.76 Y92.269
G1 X52.269 Y90.76 E283.21042
G1 X52.275 Y90.76
G1 X59.24 Y97.725 E283.27219
G1 X59.268 Y97.753
G0 F7200 X59.1 Y97.753
G0 X59.1 Y95.103
G0 X59.24 Y95.103
G1 F3600 X55.103 Y99.24 E283.30887
G1 X55.098 Y99.24
G1 X50.76 Y94.902 E283.34734
G1 X50.76 Y95.097
G1 X55.098 Y90.76 E283.3858
G1 X55.103 Y90.76
G1 X59.24 Y94.897 E283.42248
G1 X59.268 Y94.925
G0 F7200 X59.1 Y94.925
G0 X59.1 Y92.275
G0 X59.24 Y92.275
G1 F3600 X52.274 Y99.24 E283.48425
G1 X52.269 Y99.24
G1 X50.76 Y97.73 E283.49763
G1 X50.76 Y97.926
G1 X57.926 Y90.76 E283.56118
G1 X57.932 Y90.76
G1 X59.24 Y92.068 E283.57278
G1 X59.268 Y92.096
G0 F7200 X59.1 Y92.096
G0 X59.13 Y99.13
G0 X59.4 Y99.4
;TYPE:WALL-INNER
G1 F3600 X59.4 Y90.6 E283.62795
G1 X50.6 Y90.6 E283.68313
G1 X50.6 Y99.4 E283.73831
G1 X59.4 Y99.4 E283.79349
G0 F7200 X59.8 Y99.8
;TYPE:WALL-OUTER
G1 F1800 X59.8 Y90.2 E283.85368
G1 X50.2 Y90.2 E283.91387
G1 X50.2 Y99.8 E283.97407
G1 X59.8 Y99.8 E284.03426
G0 F7200 X59.8 Y99.6
G0 X58.8 Y98.918
G1 F1500 E277.53426
;MESH:NONMESH
G0 F600 X58.8 Y98.918 Z9.9
G0 F7200 X50.42 Y99.102
G0 X49.335 Y99.102
G0 X42.56 Y99.102
;TIME_ELAPSED:1363.575679
;LAYER:96
;TYPE:SUPPORT
G1 F1500 E284.03426
G1 F3600 X42.56 Y99.6 E284.03738
G1 X40.431 Y99.6 E284.05073
G1 X40.105 Y99.49 E284.05289
G1 X39.958 Y99.26 E284.0546
G1 X39.989 Y98.887 E284.05695
G1 X39.953 Y98.703 E284.05812
G1 X39.993 Y98.503 E284.0594
G1 X39.953 Y98.303 E284.06068
G1 X39.993 Y98.103 E284.06196
G1 X39.953 Y97.902 E284.06325
G1 X39.993 Y97.703 E284.06452
G1 X39.953 Y97.503 E284.0658
G1 X39.993 Y97.302 E284.06708
G1 X39.953 Y97.103 E284.06836
G1 X39.993 Y96.903 E284.06963
G1 X39.953 Y96.703 E284.07091
G1 X39.993 Y96.503 E284.07219
G1 X39.953 Y96.302 E284.07348
G1 X39.993 Y96.103 E284.07475
G1 X39.953 Y95.902 E284.07604
G1 X39.993 Y95.702 E284.07731
G1 X39.953 Y95.503 E284.07859
G1 X39.993 Y95.303 E284.07987
G1 X39.953 Y95.103 E284.08114
G1 X39.993 Y94.903 E284.08242
G1 X39.953 Y94.702 E284.08371
G1 X39.993 Y94.503 E284.08498
G1 X39.953 Y94.302 E284.08627
G1 X39.993 Y94.1 E284.08756
G1 X39.953 Y93.901 E284.08883
G1 X39.993 Y93.703 E284.0901
G1 X39.953 Y93.502 E284.09138
G1 X39.993 Y93.303 E284.09265
G1 X39.953 Y93.102 E284.09394
G1 X39.993 Y92.903 E284.09521
G1 X39.953 Y92.702 E284.0965
G1 X39.993 Y92.503 E284.09777
G1 X39.953 Y92.303 E284.09905
G1 X39.993 Y92.103 E284.10033
G1 X39.953 Y91.903 E284.10161
G1 X39.993 Y91.703 E284.10289
G1 X39.953 Y91.501 E284.10418
G1 X39.993 Y91.303 E284.10544
G1 X39.953 Y91.102 E284.10673
G1 X39.993 Y90.898 E284.10803
G1 X39.953 Y90.7 E284.1093
G1 X39.999 Y90.463 E284.11081
G1 X40.09 Y90.269 E284.11216
G1 X40.265 Y90.078 E284.11378
G1 X40.409 Y90 E284.11481
G1 X40.66 Y89.952 E284.11641
G1 X40.848 Y89.987 E284.11761
G1 X41.225 Y89.954 E284.11998
G1 X41.446 Y90.091 E284.12161
G1 X41.516 Y90.249 E284.12269
G1 X41.571 Y90.791 E284.12611
G1 X41.531 Y90.999 E284.12744
G1 X41.57 Y91.196 E284.1287
G1 X41.531 Y91.399 E284.12999
G1 X41.57 Y91.596 E284.13125
G1 X41.531 Y91.799 E284.13255
G1 X41.57 Y91.996 E284.13381
G1 X41.531 Y92.199 E284.1351
G1 X41.57 Y92.396 E284.13636
G1 X41.531 Y92.599 E284.13766
G1 X41.57 Y92.796 E284.13892
G1 X41.531 Y92.997 E284.1402
G1 X41.57 Y93.196 E284.14147
G1 X41.531 Y93.399 E284.14277
G1 X41.57 Y93.596 E284.14403
G1 X41.531 Y93.799 E284.14533
G1 X41.57 Y93.996 E284.14659
G1 X41.531 Y94.199 E284.14788
G1 X41.57 Y94.396 E284.14914
G1 X41.531 Y94.599 E284.15044
G1 X41.57 Y94.796 E284.1517
G1 X41.531 Y94.999 E284.15299
G1 X41.57 Y95.196 E284.15425
G1 X41.531 Y95.397 E284.15554
G1 X41.57 Y95.596 E284.15681
G1 X41.531 Y95.799 E284.1581
G1 X41.57 Y95.996 E284.15936
G1 X41.531 Y96.199 E284.16066
G1 X41.57 Y96.396 E284.16192
G1 X41.531 Y96.599 E284.16321
G1 X41.57 Y96.796 E284.16447
G1 X41.531 Y96.999 E284.16577
G1 X41.57 Y97.196 E284.16703
G1 X41.531 Y97.398 E284.16832
G1 X41.585 Y97.667 E284.17004
G1 X41.649 Y97.707 E284.17051
G1 X41.558 Y97.921 E284.17197
G1 X41.707 Y98.006 E284.17305
G1 X41.529 Y98.197 E284.17468
G1 X41.57 Y98.397 E284.17596
G1 X41.536 Y98.571 E284.17707
G1 X41.575 Y98.84 E284.17878
G1 X41.849 Y99.039 E284.1809
G1 X41.922 Y99.04 E284.18136
G1 X42.132 Y99.189 E284.18297
G1 X42.427 Y99.143 E284.18485
G1 X42.49 Y98.978 E284.18595
G1 X42.589 Y99.153 E284.18721
G1 X43.001 Y99.174 E284.1898
G1 X43.243 Y98.953 E284.19186
G1 X43.381 Y99.076 E284.19301
G1 X43.72 Y99.101 E284.19515
G1 X43.781 Y98.639 E284.19807
G1 X43.742 Y98.448 E284.19929
G1 X43.782 Y98.249 E284.20056
G1 X43.742 Y98.049 E284.20184
G1 X43.782 Y97.849 E284.20312
G1 X43.742 Y97.649 E284.2044
G1 X43.782 Y97.449 E284.20568
G1 X43.742 Y97.248 E284.20696
G1 X43.782 Y97.046 E284.20825
G1 X43.742 Y96.848 E284.20952
G1 X43.782 Y96.649 E284.21079
G1 X43.742 Y96.449 E284.21207
G1 X43.782 Y96.249 E284.21335
G1 X43.742 Y96.048 E284.21464
G1 X43.782 Y95.848 E284.21592
G1 X43.742 Y95.649 E284.21719
G1 X43.782 Y95.449 E284.21847
G1 X43.742 Y95.249 E284.21975
G1 X43.782 Y95.049 E284.22103
G1 X43.742 Y94.849 E284.2223
G1 X43.782 Y94.649 E284.22358
G1 X43.742 Y94.448 E284.22487
G1 X43.782 Y94.248 E284.22615
G1 X43.742 Y94.049 E284.22742
G1 X43.782 Y93.849 E284.2287
G1 X43.742 Y93.647 E284.22999
G1 X43.782 Y93.449 E284.23126
G1 X43.742 Y93.249 E284.23253
G1 X43.782 Y93.049 E284.23381
G1 X43.742 Y92.849 E284.23509
G1 X43.782 Y92.648 E284.23638
G1 X43.742 Y92.449 E284.23765
G1 X43.782 Y92.249 E284.23893
G1 X43.742 Y92.049 E284.24021
G1 X43.782 Y91.849 E284.24149
G1 X43.742 Y91.649 E284.24277
G1 X43.782 Y91.449 E284.24404
G1 X43.742 Y91.247 E284.24534
G1 X43.782 Y91.049 E284.2466
G1 X43.742 Y90.847 E284.24789
G1 X43.778 Y90.654 E284.24912
G1 X43.744 Y90.294 E284.25139
G1 X43.892 Y90.054 E284.25316
G1 X44.035 Y89.993 E284.25413
G1 X44.575 Y89.949 E284.25753
G1 X44.786 Y89.991 E284.25888
G1 X44.986 Y89.952 E284.26016
G1 X45.22 Y89.984 E284.26164
G1 X45.22 Y90.414 E284.26434
G1 X45.387 Y90.447 E284.2654
G1 X45.588 Y90.408 E284.26669
G1 X45.789 Y90.448 E284.26797
G1 X46.11 Y90.407 E284.27
G1 X46.232 Y90.555 E284.2712
G1 X46.385 Y90.582 E284.27218
G1 X46.447 Y90.896 E284.27418
G1 X46.408 Y91.093 E284.27544
G1 X46.448 Y91.295 E284.27673
G1 X46.408 Y91.493 E284.278
G1 X46.448 Y91.695 E284.27929
G1 X46.408 Y91.894 E284.28057
G1 X46.448 Y92.095 E284.28185
G1 X46.408 Y92.293 E284.28312
G1 X46.448 Y92.495 E284.28441
G1 X46.408 Y92.693 E284.28567
G1 X46.448 Y92.893 E284.28695
G1 X46.408 Y93.093 E284.28823
G1 X46.448 Y93.295 E284.28952
G1 X46.408 Y93.493 E284.29079
G1 X46.448 Y93.695 E284.29208
G1 X46.408 Y93.893 E284.29335
G1 X46.448 Y94.095 E284.29464
G1 X46.408 Y94.293 E284.29591
G1 X46.448 Y94.494 E284.29719
G1 X46.408 Y94.693 E284.29846
G1 X46.448 Y94.895 E284.29975
G1 X46.408 Y95.094 E284.30103
G1 X46.448 Y95.295 E284.30231
G1 X46.408 Y95.494 E284.30359
G1 X46.448 Y95.695 E284.30487
G1 X46.407 Y95.899 E284.30617
G1 X46.444 Y96.112 E284.30753
G1 X46.408 Y96.294 E284.30869
G1 X46.436 Y96.442 E284.30964
G1 X46.351 Y96.591 E284.31071
G1 X46.445 Y96.906 E284.31277
G1 X46.408 Y97.093 E284.31397
G1 X46.447 Y97.289 E284.31522
G1 X46.394 Y97.618 E284.31731
G1 X46.444 Y97.714 E284.31799
G1 X46.408 Y97.894 E284.31914
G1 X46.448 Y98.095 E284.32043
G1 X46.408 Y98.294 E284.3217
G1 X46.448 Y98.495 E284.32299
G1 X46.408 Y98.694 E284.32426
G1 X46.444 Y98.876 E284.32542
G1 X46.413 Y99.253 E284.32779
G1 X46.561 Y99.484 E284.32951
G1 X46.895 Y99.6 E284.33173
G1 X49.422 Y99.6 E284.34757
G1 X49.525 Y99.46 E284.34866
G1 X49.568 Y99.253 E284.34999
G1 X49.535 Y99.105 E284.35094
G1 X49.571 Y98.91 E284.35218
G1 X49.532 Y98.716 E284.35343
G1 X49.571 Y98.513 E284.35472
G1 X49.532 Y98.316 E284.35598
G1 X49.571 Y98.113 E284.35728
G1 X49.532 Y97.916 E284.35854
G1 X49.571 Y97.713 E284.35983
G1 X49.532 Y97.516 E284.36109
G1 X49.571 Y97.313 E284.36239
G1 X49.532 Y97.116 E284.36365
G1 X49.571 Y96.913 E284.36494
G1 X49.532 Y96.716 E284.3662
G1 X49.571 Y96.513 E284.3675
G1 X49.532 Y96.317 E284.36875
G1 X49.571 Y96.114 E284.37005
G1 X49.531 Y95.917 E284.37131
G1 X49.57 Y95.714 E284.3726
G1 X49.531 Y95.515 E284.37388
G1 X49.57 Y95.314 E284.37516
G1 X49.531 Y95.117 E284.37642
G1 X49.57 Y94.914 E284.37771
G1 X49.531 Y94.717 E284.37897
G1 X49.57 Y94.514 E284.38027
G1 X49.531 Y94.317 E284.38153
G1 X49.57 Y94.114 E284.38282
G1 X49.531 Y93.917 E284.38408
G1 X49.57 Y93.714 E284.38538
G1 X49.531 Y93.517 E284.38664
G1 X49.57 Y93.314 E284.38794
G1 X49.531 Y93.116 E284.3892
G1 X49.57 Y92.916 E284.39048
G1 X49.53 Y92.717 E284.39175
G1 X49.569 Y92.515 E284.39304
G1 X49.53 Y92.318 E284.3943
G1 X49.569 Y92.115 E284.3956
G1 X49.53 Y91.916 E284.39687
G1 X49.569 Y91.715 E284.39815
G1 X49.53 Y91.516 E284.39942
G1 X49.569 Y91.315 E284.40071
G1 X49.53 Y91.116 E284.40198
G1 X49.569 Y90.914 E284.40327
G1 X49.53 Y90.716 E284.40453
G1 X49.57 Y90.514 E284.40583
G1 X49.526 Y90.285 E284.40729
G1 X49.421 Y90.12 E284.40851
G1 X49.322 Y90.079 E284.40919
G1 X49.229 Y90.118 E284.40982
G1 X49.088 Y90.369 E284.41162
G1 X48.929 Y90.539 E284.41308
G1 X48.943 Y90.646 E284.41376
G1 X48.893 Y90.728 E284.41436
G1 X48.928 Y90.876 E284.41531
G1 X49.117 Y91.093 E284.41712
G1 X49.074 Y91.314 E284.41853
G1 X49.115 Y91.525 E284.41988
G1 X48.93 Y91.735 E284.42163
G1 X48.943 Y91.845 E284.42233
G1 X48.893 Y91.927 E284.42293
G1 X48.928 Y92.076 E284.42389
G1 X49.117 Y92.293 E284.42569
G1 X49.074 Y92.514 E284.42711
G1 X49.115 Y92.725 E284.42845
G1 X48.929 Y92.936 E284.43022
G1 X48.945 Y93.062 E284.43101
G1 X48.894 Y93.143 E284.43161
G1 X48.928 Y93.276 E284.43247
G1 X49.118 Y93.494 E284.43429
G1 X49.076 Y93.711 E284.43567
G1 X49.119 Y93.922 E284.43702
G1 X48.929 Y94.132 E284.4388
G1 X48.946 Y94.263 E284.43963
G1 X48.894 Y94.342 E284.44022
G1 X48.929 Y94.479 E284.44111
G1 X49.118 Y94.694 E284.4429
G1 X49.076 Y94.911 E284.44429
G1 X49.119 Y95.122 E284.44564
G1 X48.929 Y95.332 E284.44741
G1 X48.946 Y95.463 E284.44824
G1 X48.894 Y95.542 E284.44884
G1 X48.929 Y95.685 E284.44976
G1 X49.157 Y95.97 E284.45205
G1 X48.948 Y96.1 E284.45359
G1 X49.122 Y96.291 E284.45521
G1 X49.077 Y96.512 E284.45662
G1 X49.116 Y96.722 E284.45796
G1 X48.934 Y96.922 E284.45966
G1 X48.966 Y97.063 E284.46057
G1 X48.883 Y97.185 E284.46149
G1 X49.106 Y97.537 E284.4641
G1 X48.87 Y97.658 E284.46577
G1 X48.939 Y97.747 E284.46647
G1 X48.951 Y97.947 E284.46773
G1 X49.077 Y98.143 E284.46919
G1 X48.942 Y98.299 E284.47048
G1 X49.076 Y98.543 E284.47223
G1 X48.942 Y98.699 E284.47352
G1 X48.972 Y98.937 E284.47502
G1 X48.778 Y98.933 E284.47624
G1 X48.692 Y99.11 E284.47747
G1 X48.453 Y98.919 E284.47939
G1 X48.465 Y99.204 E284.48118
G1 X48.094 Y99.16 E284.48352
G1 X47.88 Y99.036 E284.48507
G1 X47.88 Y99.6 E284.48861
G1 F1500 E277.98861
G0 F7200 X49.347 Y100.653
G0 X60.653 Y100.653
G0 X61.18 Y99.594
G1 F1500 E284.48861
G1 F3600 X61.18 Y89.953 E284.54906
G1 X60.937 Y90 E284.55061
G1 X60.741 Y90.09 E284.55197
G1 X60.553 Y90.269 E284.55359
G1 X60.453 Y90.474 E284.55502
G1 X60.427 Y90.644 E284.5561
G1 X60.469 Y90.85 E284.55742
G1 X60.429 Y91.049 E284.55869
G1 X60.469 Y91.248 E284.55997
G1 X60.429 Y91.449 E284.56125
G1 X60.469 Y91.65 E284.56254
G1 X60.429 Y91.849 E284.56381
G1 X60.469 Y92.05 E284.56509
G1 X60.429 Y92.249 E284.56637
G1 X60.469 Y92.45 E284.56765
G1 X60.429 Y92.65 E284.56893
G1 X60.469 Y92.85 E284.57021
G1 X60.429 Y93.049 E284.57148
G1 X60.469 Y93.25 E284.57277
G1 X60.429 Y93.449 E284.57404
G1 X60.469 Y93.648 E284.57531
G1 X60.429 Y93.849 E284.5766
G1 X60.469 Y94.05 E284.57788
G1 X60.429 Y94.248 E284.57915
G1 X60.469 Y94.448 E284.58043
G1 X60.429 Y94.649 E284.58171
G1 X60.469 Y94.85 E284.583
G1 X60.429 Y95.049 E284.58427
G1 X60.469 Y95.25 E284.58555
G1 X60.429 Y95.449 E284.58683
G1 X60.469 Y95.65 E284.58811
G1 X60.429 Y95.849 E284.58939
G1 X60.469 Y96.048 E284.59066
G1 X60.429 Y96.249 E284.59194
G1 X60.469 Y96.45 E284.59323
G1 X60.429 Y96.649 E284.5945
G1 X60.469 Y96.85 E284.59579
G1 X60.429 Y97.05 E284.59706
G1 X60.469 Y97.25 E284.59834
G1 X60.429 Y97.449 E284.59962
G1 X60.469 Y97.65 E284.6009
G1 X60.429 Y97.849 E284.60217
G1 X60.469 Y98.05 E284.60346
G1 X60.429 Y98.249 E284.60473
G1 X60.469 Y98.45 E284.60602
G1 X60.429 Y98.649 E284.60729
G1 X60.469 Y98.851 E284.60858
G1 X60.435 Y99.2 E284.61078
G1 X60.589 Y99.447 E284.6126
G1 X60.939 Y99.594 E284.61498
G1 X63.84 Y99.598 E284.63317
G1 X63.84 Y99.183 E284.63578
G1 X64.102 Y98.953 E284.63796
G1 X64.219 Y99.056 E284.63894
G1 X64.49 Y99.159 E284.64076
G1 X64.877 Y99.168 E284.64319
G1 X64.965 Y98.94 E284.64472
G1 X65.111 Y98.893 E284.64568
G1 X65.069 Y98.503 E284.64814
G1 X65.11 Y98.299 E284.64944
G1 X65.07 Y98.098 E284.65073
G1 X65.11 Y97.899 E284.652
G1 X65.07 Y97.698 E284.65329
G1 X65.11 Y97.499 E284.65456
G1 X65.07 Y97.298 E284.65584
G1 X65.11 Y97.098 E284.65712
G1 X65.07 Y96.897 E284.65841
G1 X65.11 Y96.699 E284.65967
G1 X65.07 Y96.498 E284.66096
G1 X65.11 Y96.299 E284.66223
G1 X65.07 Y96.098 E284.66352
G1 X65.11 Y95.899 E284.66479
G1 X65.07 Y95.698 E284.66607
G1 X65.11 Y95.498 E284.66735
G1 X65.07 Y95.298 E284.66863
G1 X65.11 Y95.099 E284.66991
G1 X65.07 Y94.898 E284.67119
G1 X65.11 Y94.699 E284.67246
G1 X65.07 Y94.498 E284.67375
G1 X65.11 Y94.299 E284.67502
G1 X65.07 Y94.098 E284.67631
G1 X65.11 Y93.899 E284.67758
G1 X65.07 Y93.698 E284.67886
G1 X65.11 Y93.499 E284.68014
G1 X65.07 Y93.298 E284.68142
G1 X65.11 Y93.099 E284.68269
G1 X65.07 Y92.898 E284.68398
G1 X65.11 Y92.699 E284.68525
G1 X65.07 Y92.498 E284.68654
G1 X65.11 Y92.298 E284.68782
G1 X65.07 Y92.098 E284.68909
G1 X65.11 Y91.899 E284.69037
G1 X65.07 Y91.699 E284.69165
G1 X65.11 Y91.499 E284.69292
G1 X65.07 Y91.298 E284.69421
G1 X65.11 Y91.099 E284.69548
G1 X65.07 Y90.897 E284.69677
G1 X65.106 Y90.711 E284.69796
G1 X65.075 Y90.339 E284.7003
G1 X65.214 Y90.113 E284.70197
G1 X65.596 Y89.985 E284.70449
G1 X65.899 Y89.952 E284.7064
G1 X66.104 Y89.991 E284.70771
G1 X66.304 Y89.952 E284.70899
G1 X66.5 Y89.991 E284.71024
G1 X66.5 Y90.417 E284.71291
G1 X66.704 Y90.447 E284.71421
G1 X66.908 Y90.408 E284.71551
G1 X67.116 Y90.449 E284.71684
G1 X67.603 Y90.417 E284.7199
G1 X67.603 Y90.815 E284.72239
G1 X67.788 Y90.937 E284.72378
G1 X67.736 Y91.203 E284.72548
G1 X67.776 Y91.405 E284.72677
G1 X67.736 Y91.604 E284.72805
G1 X67.776 Y91.805 E284.72933
G1 X67.736 Y92.004 E284.7306
G1 X67.776 Y92.205 E284.73189
G1 X67.736 Y92.404 E284.73316
G1 X67.776 Y92.605 E284.73445
G1 X67.736 Y92.804 E284.73572
G1 X67.776 Y93.005 E284.737
G1 X67.736 Y93.204 E284.73828
G1 X67.776 Y93.405 E284.73956
G1 X67.736 Y93.604 E284.74084
G1 X67.776 Y93.804 E284.74211
G1 X67.736 Y94.004 E284.74339
G1 X67.776 Y94.205 E284.74468
G1 X67.736 Y94.404 E284.74595
G1 X67.776 Y94.605 E284.74724
G1 X67.736 Y94.805 E284.74851
G1 X67.78 Y95.03 E284.74995
G1 X67.643 Y95.292 E284.75181
G1 X67.775 Y95.4 E284.75288
G1 X67.736 Y95.603 E284.75417
G1 X67.776 Y95.805 E284.75546
G1 X67.735 Y96.008 E284.75676
G1 X67.772 Y96.22 E284.75811
G1 X67.736 Y96.404 E284.75929
G1 X67.763 Y96.55 E284.76022
G1 X67.677 Y96.702 E284.76131
G1 X67.772 Y97.021 E284.7634
G1 X67.736 Y97.204 E284.76457
G1 X67.776 Y97.405 E284.76585
G1 X67.736 Y97.604 E284.76713
G1 X67.776 Y97.805 E284.76841
G1 X67.736 Y98.006 E284.7697
G1 X67.785 Y98.264 E284.77134
G1 X67.603 Y98.386 E284.77272
G1 X67.7 Y98.461 E284.77349
G1 X67.685 Y98.716 E284.77509
G1 X67.742 Y98.813 E284.77579
G1 X67.764 Y99.121 E284.77773
G1 X67.885 Y99.494 E284.78019
G1 X68.039 Y99.6 E284.78136
G1 X69.16 Y99.6 E284.78839
G1 X69.16 Y89.962 E284.84882
G1 F1500 E278.34882
G0 F7200 X80.653 Y89.347
G0 X82.46 Y90.432
G1 F1500 E284.84882
G1 F3600 X82.46 Y89.969 E284.85172
G1 X82.177 Y89.991 E284.8535
G1 X81.976 Y89.952 E284.85479
G1 X81.788 Y89.987 E284.85599
G1 X81.411 Y89.954 E284.85836
G1 X81.189 Y90.091 E284.86
G1 X81.119 Y90.249 E284.86108
G1 X81.065 Y90.788 E284.86448
G1 X81.106 Y90.993 E284.86579
G1 X81.066 Y91.194 E284.86707
G1 X81.106 Y91.394 E284.86835
G1 X81.066 Y91.594 E284.86963
G1 X81.106 Y91.795 E284.87091
G1 X81.066 Y91.995 E284.87219
G1 X81.106 Y92.195 E284.87347
G1 X81.066 Y92.394 E284.87474
G1 X81.106 Y92.593 E284.87602
G1 X81.066 Y92.795 E284.87731
G1 X81.106 Y92.994 E284.87858
G1 X81.066 Y93.194 E284.87986
G1 X81.106 Y93.395 E284.88114
G1 X81.066 Y93.595 E284.88242
G1 X81.106 Y93.795 E284.8837
G1 X81.066 Y93.994 E284.88498
G1 X81.106 Y94.193 E284.88625
G1 X81.066 Y94.394 E284.88753
G1 X81.106 Y94.594 E284.88881
G1 X81.066 Y94.794 E284.89009
G1 X81.106 Y94.994 E284.89137
G1 X81.066 Y95.194 E284.89265
G1 X81.106 Y95.395 E284.89393
G1 X81.066 Y95.594 E284.89521
G1 X81.106 Y95.794 E284.89649
G1 X81.066 Y95.994 E284.89776
G1 X81.106 Y96.195 E284.89905
G1 X81.066 Y96.394 E284.90032
G1 X81.106 Y96.595 E284.90161
G1 X81.066 Y96.794 E284.90288
G1 X81.106 Y96.995 E284.90416
G1 X81.066 Y97.195 E284.90544
G1 X81.106 Y97.395 E284.90672
G1 X81.066 Y97.595 E284.908
G1 X81.106 Y97.795 E284.90928
G1 X81.066 Y97.994 E284.91055
G1 X81.106 Y98.195 E284.91184
G1 X81.066 Y98.394 E284.91311
G1 X81.106 Y98.594 E284.91439
G1 X81.066 Y98.795 E284.91567
G1 X81.106 Y98.995 E284.91695
G1 X81.066 Y99.196 E284.91824
G1 X81.109 Y99.423 E284.91969
G1 X81.222 Y99.59 E284.92095
G1 X81.413 Y99.588 E284.92215
G1 X81.516 Y99.436 E284.9233
G1 X81.56 Y99.196 E284.92483
G1 X81.521 Y98.998 E284.9261
G1 X81.561 Y98.795 E284.92739
G1 X81.517 Y98.57 E284.92883
G1 X81.682 Y98.37 E284.93046
G1 X81.452 Y98.214 E284.9322
G1 X81.66 Y98.064 E284.93381
G1 X81.659 Y98.017 E284.9341
G1 X81.511 Y97.9 E284.93528
G1 X81.562 Y97.601 E284.93719
G1 X81.521 Y97.396 E284.9385
G1 X81.598 Y97.073 E284.94058
G1 X81.533 Y96.955 E284.94142
G1 X81.561 Y96.797 E284.94243
G1 X81.521 Y96.591 E284.94375
G1 X81.608 Y96.277 E284.94579
G1 X81.543 Y96.162 E284.94662
G1 X81.534 Y95.796 E284.94891
G1 X81.569 Y95.724 E284.94941
G1 X81.522 Y95.391 E284.95152
G1 X81.561 Y95.195 E284.95278
G1 X81.521 Y94.991 E284.95408
G1 X81.608 Y94.677 E284.95612
G1 X81.542 Y94.563 E284.95695
G1 X81.543 Y94.234 E284.95901
G1 X81.614 Y94.102 E284.95995
G1 X81.524 Y93.787 E284.96201
G1 X81.561 Y93.595 E284.96323
G1 X81.521 Y93.391 E284.96453
G1 X81.608 Y93.078 E284.96657
G1 X81.541 Y92.962 E284.96741
G1 X81.546 Y92.639 E284.96944
G1 X81.629 Y92.501 E284.97045
G1 X81.575 Y92.467 E284.97085
G1 X81.521 Y92.199 E284.97256
G1 X81.561 Y91.995 E284.97386
G1 X81.521 Y91.791 E284.97517
G1 X81.608 Y91.478 E284.97721
G1 X81.541 Y91.362 E284.97805
G1 X81.546 Y91.039 E284.98007
G1 X81.629 Y90.9 E284.98109
G1 X81.571 Y90.864 E284.98151
G1 X81.518 Y90.555 E284.98348
G1 X81.783 Y90.422 E284.98534
G1 X82.144 Y90.432 E284.9876
G1 X82.274 Y90.514 E284.98857
G1 X82.305 Y90.462 E284.98895
G1 X82.579 Y90.408 E284.9907
G1 X82.777 Y90.447 E284.99196
G1 X82.99 Y90.407 E284.99332
G1 X83.239 Y90.483 E284.99495
G1 X83.274 Y90.546 E284.99541
G1 X83.405 Y90.414 E284.99657
G1 X83.695 Y90.5 E284.99847
G1 X83.771 Y90.949 E285.00132
G1 X83.732 Y91.144 E285.00257
G1 X83.772 Y91.344 E285.00385
G1 X83.732 Y91.543 E285.00512
G1 X83.772 Y91.741 E285.00639
G1 X83.732 Y91.943 E285.00768
G1 X83.772 Y92.143 E285.00896
G1 X83.732 Y92.343 E285.01024
G1 X83.772 Y92.544 E285.01152
G1 X83.732 Y92.744 E285.0128
G1 X83.772 Y92.943 E285.01407
G1 X83.732 Y93.143 E285.01535
G1 X83.772 Y93.341 E285.01662
G1 X83.732 Y93.543 E285.01791
G1 X83.772 Y93.744 E285.0192
G1 X83.732 Y93.944 E285.02048
G1 X83.772 Y94.143 E285.02175
G1 X83.732 Y94.344 E285.02303
G1 X83.772 Y94.544 E285.02431
G1 X83.732 Y94.744 E285.02559
G1 X83.772 Y94.944 E285.02687
G1 X83.732 Y95.144 E285.02815
G1 X83.772 Y95.344 E285.02943
G1 X83.732 Y95.544 E285.03071
G1 X83.772 Y95.744 E285.03199
G1 X83.732 Y95.944 E285.03326
G1 X83.772 Y96.143 E285.03454
G1 X83.732 Y96.344 E285.03582
G1 X83.772 Y96.544 E285.0371
G1 X83.732 Y96.744 E285.03838
G1 X83.772 Y96.944 E285.03966
G1 X83.732 Y97.144 E285.04094
G1 X83.772 Y97.344 E285.04222
G1 X83.732 Y97.543 E285.04349
G1 X83.772 Y97.742 E285.04476
G1 X83.732 Y97.944 E285.04605
G1 X83.772 Y98.144 E285.04733
G1 X83.732 Y98.344 E285.04861
G1 X83.772 Y98.544 E285.04989
G1 X83.732 Y98.744 E285.05117
G1 X83.768 Y98.93 E285.05236
G1 X83.733 Y99.309 E285.05474
G1 X83.874 Y99.533 E285.0564
G1 X84.019 Y99.596 E285.05739
G1 X85.12 Y99.597 E285.0643
G1 X85.12 Y99.026 E285.06788
G1 X85.549 Y99.182 E285.07074
G1 X85.993 Y99.157 E285.07353
G1 X86.147 Y98.948 E285.07516
G1 X86.449 Y98.959 E285.07705
G1 X86.397 Y98.503 E285.07993
G1 X86.438 Y98.3 E285.08123
G1 X86.398 Y98.098 E285.08252
G1 X86.438 Y97.899 E285.08379
G1 X86.398 Y97.698 E285.08508
G1 X86.438 Y97.5 E285.08634
G1 X86.398 Y97.298 E285.08763
G1 X86.438 Y97.1 E285.0889
G1 X86.398 Y96.898 E285.09019
G1 X86.438 Y96.7 E285.09146
G1 X86.398 Y96.498 E285.09275
G1 X86.438 Y96.3 E285.09402
G1 X86.398 Y96.097 E285.09531
G1 X86.437 Y95.896 E285.0966
G1 X86.38 Y95.631 E285.0983
G1 X86.326 Y95.6 E285.09869
G1 X86.413 Y95.459 E285.09973
G1 X86.417 Y95.132 E285.10178
G1 X86.33 Y94.997 E285.10278
G1 X86.385 Y94.964 E285.10319
G1 X86.438 Y94.7 E285.10487
G1 X86.398 Y94.498 E285.10616
G1 X86.445 Y94.273 E285.10761
G1 X86.289 Y94.157 E285.10883
G1 X86.29 Y94.114 E285.10909
G1 X86.449 Y93.989 E285.11036
G1 X86.398 Y93.703 E285.11218
G1 X86.438 Y93.5 E285.11348
G1 X86.398 Y93.298 E285.11477
G1 X86.438 Y93.1 E285.11604
G1 X86.398 Y92.898 E285.11733
G1 X86.438 Y92.7 E285.1186
G1 X86.398 Y92.498 E285.11989
G1 X86.434 Y92.319 E285.12103
G1 X86.384 Y92.223 E285.12171
G1 X86.437 Y91.894 E285.1238
G1 X86.398 Y91.699 E285.12505
G1 X86.435 Y91.512 E285.12624
G1 X86.341 Y91.196 E285.12831
G1 X86.426 Y91.048 E285.12938
G1 X86.397 Y90.898 E285.13034
G1 X86.431 Y90.726 E285.13144
G1 X86.403 Y90.342 E285.13385
G1 X86.543 Y90.114 E285.13553
G1 X86.928 Y89.984 E285.13808
G1 X87.226 Y89.952 E285.13996
G1 X87.432 Y89.991 E285.14127
G1 X87.632 Y89.952 E285.14255
G1 X87.832 Y89.991 E285.14383
G1 X88.032 Y89.952 E285.1451
G1 X88.232 Y89.991 E285.14638
G1 X88.432 Y89.952 E285.14766
G1 X88.632 Y89.991 E285.14894
G1 X88.832 Y89.952 E285.15022
G1 X89.032 Y89.991 E285.15149
G1 X89.233 Y89.952 E285.15278
G1 X89.505 Y89.993 E285.1545
G1 X89.887 Y90.148 E285.15709
G1 X90.041 Y90.405 E285.15897
G1 X90.008 Y90.759 E285.16119
G1 X90.047 Y90.957 E285.16246
G1 X90.008 Y91.16 E285.16376
G1 X90.047 Y91.357 E285.16502
G1 X90.008 Y91.56 E285.16631
G1 X90.047 Y91.757 E285.16757
G1 X90.008 Y91.96 E285.16887
G1 X90.047 Y92.157 E285.17013
G1 X90.008 Y92.36 E285.17142
G1 X90.047 Y92.557 E285.17268
G1 X90.008 Y92.76 E285.17398
G1 X90.047 Y92.957 E285.17524
G1 X90.008 Y93.16 E285.17653
G1 X90.047 Y93.357 E285.17779
G1 X90.008 Y93.56 E285.17909
G1 X90.047 Y93.757 E285.18035
G1 X90.008 Y93.96 E285.18164
G1 X90.047 Y94.157 E285.1829
G1 X90.008 Y94.36 E285.1842
G1 X90.047 Y94.557 E285.18546
G1 X90.008 Y94.76 E285.18675
G1 X90.047 Y94.957 E285.18801
G1 X90.008 Y95.16 E285.18931
G1 X90.047 Y95.357 E285.19057
G1 X90.008 Y95.56 E285.19186
G1 X90.047 Y95.757 E285.19312
G1 X90.008 Y95.96 E285.19442
G1 X90.047 Y96.157 E285.19568
G1 X90.008 Y96.36 E285.19698
G1 X90.047 Y96.557 E285.19823
G1 X90.008 Y96.76 E285.19953
G1 X90.047 Y96.957 E285.20079
G1 X90.008 Y97.16 E285.20209
G1 X90.047 Y97.357 E285.20334
G1 X90.008 Y97.56 E285.20464
G1 X90.047 Y97.757 E285.2059
G1 X90.008 Y97.958 E285.20718
G1 X90.047 Y98.157 E285.20846
G1 X90.008 Y98.358 E285.20974
G1 X90.047 Y98.557 E285.21101
G1 X90.008 Y98.76 E285.21231
G1 X90.047 Y98.955 E285.21355
G1 X90 Y99.205 E285.21515
G1 X89.93 Y99.331 E285.21605
G1 X89.635 Y99.58 E285.21847
G1 X89.362 Y99.574 E285.22019
G1 X89.264 Y99.49 E285.22099
G1 X89.101 Y99.083 E285.22374
G1 X89.062 Y98.838 E285.2253
G1 X89.104 Y98.633 E285.22661
G1 X89.064 Y98.433 E285.22789
G1 X89.104 Y98.233 E285.22917
G1 X89.064 Y98.032 E285.23045
G1 X89.103 Y97.834 E285.23172
G1 X89.046 Y97.548 E285.23355
G1 X89.005 Y97.523 E285.23385
G1 X89.09 Y97.376 E285.23491
G1 X89.064 Y97.233 E285.23583
G1 X89.1 Y97.049 E285.237
G1 X89.063 Y96.836 E285.23836
G1 X89.104 Y96.633 E285.23965
G1 X89.064 Y96.433 E285.24093
G1 X89.104 Y96.233 E285.24221
G1 X89.064 Y96.033 E285.24349
G1 X89.104 Y95.832 E285.24478
G1 X89.064 Y95.633 E285.24605
G1 X89.104 Y95.432 E285.24733
G1 X89.064 Y95.233 E285.24861
G1 X89.104 Y95.033 E285.24989
G1 X89.064 Y94.833 E285.25116
G1 X89.104 Y94.633 E285.25244
G1 X89.064 Y94.433 E285.25372
G1 X89.104 Y94.232 E285.25501
G1 X89.064 Y94.033 E285.25628
G1 X89.096 Y93.873 E285.2573
G1 X89.064 Y93.636 E285.2588
G1 X89.104 Y93.433 E285.2601
G1 X89.064 Y93.233 E285.26138
G1 X89.102 Y93.042 E285.2626
G1 X89.063 Y92.707 E285.26471
G1 X89.103 Y92.629 E285.26526
G1 X89.064 Y92.433 E285.26652
G1 X89.1 Y92.247 E285.26771
G1 X89.063 Y92.036 E285.26905
G1 X89.104 Y91.833 E285.27035
G1 X89.064 Y91.632 E285.27163
G1 X89.104 Y91.427 E285.27294
G1 X89.029 Y91.12 E285.27492
G1 X89.164 Y90.87 E285.2767
G1 X88.911 Y90.764 E285.27842
G1 X89.108 Y90.498 E285.2805
G1 X88.635 Y90.408 E285.28352
G1 X88.434 Y90.447 E285.2848
G1 X88.235 Y90.408 E285.28607
G1 X87.961 Y90.462 E285.28783
G1 X87.93 Y90.514 E285.28821
G1 X87.78 Y90.431 E285.28928
G1 X87.78 Y89.981 E285.2921
G1 F1500 E278.7921
;MESH:test.stl
G0 F7200 X80.665 Y90.414
G0 X79.586 Y90.414
G0 X79.1 Y92.074
G0 X79.24 Y92.074
;TYPE:FILL
G1 F1500 E285.2921
G1 F3600 X72.074 Y99.24 E285.35565
G1 X72.068 Y99.24
G1 X70.76 Y97.931 E285.36725
G0 F7200 X70.76 Y97.725
G1 F3600 X77.725 Y90.76 E285.42901
G1 X77.731 Y90.76
G1 X79.24 Y92.269 E285.44239
G1 X79.268 Y92.297
G0 F7200 X79.1 Y92.297
G0 X79.1 Y94.902
G0 X79.24 Y94.902
G1 F3600 X74.902 Y99.24 E285.48086
G1 X74.897 Y99.24
G1 X70.76 Y95.103 E285.51754
G0 F7200 X70.76 Y94.897
G1 F3600 X74.897 Y90.76 E285.55423
G1 X74.902 Y90.76
G1 X79.24 Y95.097 E285.59269
G1 X79.268 Y95.125
G0 F7200 X79.1 Y95.125
G0 X79.1 Y97.731
G0 X79.24 Y97.731
G1 F3600 X77.731 Y99.24 E285.60607
G1 X77.725 Y99.24
G1 X70.76 Y92.275 E285.66783
G0 F7200 X70.76 Y92.068
G1 F3600 X72.068 Y90.76 E285.67943
G1 X72.074 Y90.76
G1 X79.24 Y97.926 E285.74297
G1 X79.268 Y97.954
G0 F7200 X79.1 Y97.954
G0 X79.13 Y99.13
G0 X79.4 Y99.4
;TYPE:WALL-INNER
G1 F3600 X79.4 Y90.6 E285.79815
G1 X70.6 Y90.6 E285.85333
G1 X70.6 Y99.4 E285.90851
G1 X79.4 Y99.4 E285.96368
G0 F7200 X79.8 Y99.8
;TYPE:WALL-OUTER
G1 F1800 X79.8 Y90.2 E286.02388
G1 X70.2 Y90.2 E286.08407
G1 X70.2 Y99.8 E286.14426
G1 X79.8 Y99.8 E286.20446
G0 F7200 X79.8 Y99.6
G0 X78.8 Y98.918
G1 F1500 E279.70446
G0 F7200 X70.42 Y97.931
G0 X69.335 Y97.931
G0 X60.665 Y97.931
G0 X59.58 Y97.931
G0 X59.24 Y97.931
;TYPE:FILL
G1 F1500 E286.20446
G1 F3600 X57.931 Y99.24 E286.21607
G1 X57.926 Y99.24
G1 X50.76 Y92.073 E286.27961
G1 X50.76 Y92.269
G1 X52.269 Y90.76 E286.29299
G1 X52.275 Y90.76
G1 X59.24 Y97.725 E286.35476
G1 X59.268 Y97.753
G0 F7200 X59.1 Y97.753
G0 X59.1 Y95.103
G0 X59.24 Y95.103
G1 F3600 X55.103 Y99.24 E286.39144
G1 X55.098 Y99.24
G1 X50.76 Y94.902 E286.42991
G1 X50.76 Y95.097
G1 X55.098 Y90.76 E286.46837
G1 X55.103 Y90.76
G1 X59.24 Y94.897 E286.50505
G1 X59.268 Y94.925
G0 F7200 X59.1 Y94.925
G0 X59.1 Y92.275
G0 X59.24 Y92.275
G1 F3600 X52.274 Y99.24 E286.56682
G1 X52.269 Y99.24
G1 X50.76 Y97.73 E286.5802
G1 X50.76 Y97.926
G1 X57.926 Y90.76 E286.64375
G1 X57.932 Y90.76
G1 X59.24 Y92.068 E286.65535
G1 X59.268 Y92.096
G0 F7200 X59.1 Y92.096
G0 X59.13 Y99.13
G0 X59.4 Y99.4
;TYPE:WALL-INNER
G1 F3600 X59.4 Y90.6 E286.71052
G1 X50.6 Y90.6 E286.7657
G1 X50.6 Y99.4 E286.82088
G1 X59.4 Y99.4 E286.87606
G0 F7200 X59.8 Y99.8
;TYPE:WALL-OUTER
G1 F1800 X59.8 Y90.2 E286.93625
G1 X50.2 Y90.2 E286.99644
G1 X50.2 Y99.8 E287.05664
G1 X59.8 Y99.8 E287.11683
G0 F7200 X59.8 Y99.6
G0 X58.8 Y98.918
G1 F1500 E280.61683
;MESH:NONMESH
G0 F600 X58.8 Y98.918 Z10
G0 F7200 X50.42 Y90.454
G0 X49.335 Y90.454
G0 X40.778 Y90.454
;TIME_ELAPSED:1378.371344
;LAYER:97
;TYPE:SUPPORT
G1 F1500 E287.11683
G1 F3600 X40.701 Y90.569 E287.1177
G1 X40.54 Y90.575 E287.11871
G1 X40.516 Y90.836 E287.12035
G1 X40.433 Y90.925 E287.12112
G1 X40.43 Y91.268 E287.12327
G1 X40.494 Y91.384 E287.1241
G1 X40.408 Y91.698 E287.12614
G1 X40.447 Y91.902 E287.12744
G1 X40.409 Y92.107 E287.12875
G1 X40.447 Y92.302 E287.12999
G1 X40.409 Y92.507 E287.1313
G1 X40.447 Y92.702 E287.13255
G1 X40.414 Y92.879 E287.13368
G1 X40.468 Y92.978 E287.13438
G1 X40.41 Y93.308 E287.13648
G1 X40.447 Y93.502 E287.13772
G1 X40.409 Y93.707 E287.13903
G1 X40.448 Y93.906 E287.1403
G1 X40.412 Y94.124 E287.14169
G1 X40.447 Y94.302 E287.14282
G1 X40.409 Y94.507 E287.14413
G1 X40.447 Y94.702 E287.14538
G1 X40.409 Y94.907 E287.14669
G1 X40.447 Y95.102 E287.14793
G1 X40.409 Y95.307 E287.14924
G1 X40.447 Y95.502 E287.15048
G1 X40.409 Y95.707 E287.15179
G1 X40.447 Y95.902 E287.15304
G1 X40.409 Y96.107 E287.15434
G1 X40.447 Y96.302 E287.15559
G1 X40.409 Y96.507 E287.1569
G1 X40.447 Y96.702 E287.15814
G1 X40.411 Y96.898 E287.15939
G1 X40.446 Y97.232 E287.1615
G1 X40.416 Y97.292 E287.16192
G1 X40.432 Y97.673 E287.16431
G1 X40.494 Y97.785 E287.16511
G1 X40.408 Y98.098 E287.16715
G1 X40.447 Y98.302 E287.16845
G1 X40.419 Y98.455 E287.16943
G1 X40.487 Y98.578 E287.17031
G1 X40.373 Y98.923 E287.17258
G1 X41.04 Y98.98 E287.17678
G1 X41.115 Y98.595 E287.17924
G1 X41.076 Y98.395 E287.18052
G1 X41.115 Y98.195 E287.1818
G1 X41.075 Y97.995 E287.18308
G1 X41.115 Y97.793 E287.18437
G1 X41.076 Y97.594 E287.18564
G1 X41.115 Y97.395 E287.18691
G1 X41.076 Y97.195 E287.18819
G1 X41.115 Y96.995 E287.18947
G1 X41.075 Y96.795 E287.19074
G1 X41.115 Y96.594 E287.19203
G1 X41.076 Y96.395 E287.1933
G1 X41.115 Y96.195 E287.19458
G1 X41.076 Y95.995 E287.19586
G1 X41.115 Y95.795 E287.19713
G1 X41.075 Y95.595 E287.19841
G1 X41.115 Y95.391 E287.19972
G1 X41.056 Y95.126 E287.20142
G1 X41.004 Y95.096 E287.20179
G1 X41.092 Y94.953 E287.20285
G1 X41.093 Y94.628 E287.20489
G1 X41.002 Y94.486 E287.20594
G1 X41.067 Y94.44 E287.20644
G1 X41.115 Y94.195 E287.20801
G1 X41.076 Y93.995 E287.20929
G1 X41.115 Y93.795 E287.21056
G1 X41.061 Y93.519 E287.21233
G1 X41.011 Y93.49 E287.21269
G1 X41.094 Y93.35 E287.21371
G1 X41.073 Y92.808 E287.21711
G1 X41.115 Y92.595 E287.21847
G1 X41.076 Y92.395 E287.21975
G1 X41.115 Y92.195 E287.22103
G1 X41.076 Y91.995 E287.2223
G1 X41.115 Y91.795 E287.22358
G1 X41.076 Y91.595 E287.22486
G1 X41.112 Y91.411 E287.22604
G1 X41.063 Y91.321 E287.22668
G1 X41.113 Y90.997 E287.22873
G1 X41.047 Y90.516 E287.23178
G1 X40.778 Y90.454 E287.23351
G1 F1500 E280.73351
G0 F7200 X42.56 Y99.102
G1 F1500 E287.23351
G1 F3600 X42.56 Y99.6 E287.23663
G1 X40.431 Y99.6 E287.24998
G1 X40.106 Y99.49 E287.25213
G1 X39.958 Y99.258 E287.25386
G1 X39.99 Y98.892 E287.25616
G1 X39.953 Y98.702 E287.25737
G1 X39.993 Y98.503 E287.25865
G1 X39.953 Y98.303 E287.25993
G1 X39.993 Y98.103 E287.2612
G1 X39.953 Y97.903 E287.26248
G1 X39.993 Y97.703 E287.26376
G1 X39.953 Y97.503 E287.26504
G1 X39.993 Y97.302 E287.26633
G1 X39.953 Y97.103 E287.2676
G1 X39.993 Y96.903 E287.26888
G1 X39.953 Y96.703 E287.27016
G1 X39.993 Y96.503 E287.27144
G1 X39.953 Y96.302 E287.27272
G1 X39.993 Y96.103 E287.27399
G1 X39.953 Y95.902 E287.27528
G1 X39.993 Y95.702 E287.27656
G1 X39.953 Y95.503 E287.27783
G1 X39.993 Y95.303 E287.27911
G1 X39.953 Y95.103 E287.28039
G1 X39.993 Y94.903 E287.28167
G1 X39.953 Y94.702 E287.28295
G1 X39.993 Y94.503 E287.28422
G1 X39.953 Y94.302 E287.28551
G1 X39.993 Y94.1 E287.2868
G1 X39.953 Y93.901 E287.28807
G1 X39.993 Y93.703 E287.28934
G1 X39.953 Y93.502 E287.29063
G1 X39.993 Y93.303 E287.2919
G1 X39.953 Y93.102 E287.29318
G1 X39.993 Y92.903 E287.29446
G1 X39.953 Y92.702 E287.29574
G1 X39.993 Y92.503 E287.29701
G1 X39.953 Y92.303 E287.29829
G1 X39.993 Y92.103 E287.29957
G1 X39.953 Y91.903 E287.30085
G1 X39.993 Y91.703 E287.30213
G1 X39.953 Y91.501 E287.30342
G1 X39.993 Y91.303 E287.30469
G1 X39.953 Y91.102 E287.30597
G1 X39.993 Y90.898 E287.30728
G1 X39.953 Y90.7 E287.30854
G1 X39.999 Y90.463 E287.31006
G1 X40.089 Y90.271 E287.31138
G1 X40.267 Y90.077 E287.31304
G1 X40.407 Y90.001 E287.31403
G1 X40.661 Y89.953 E287.31566
G1 X40.851 Y89.988 E287.31687
G1 X41.226 Y89.954 E287.31923
G1 X41.447 Y90.092 E287.32086
G1 X41.516 Y90.25 E287.32194
G1 X41.571 Y90.791 E287.32535
G1 X41.531 Y90.999 E287.32668
G1 X41.57 Y91.196 E287.32794
G1 X41.531 Y91.399 E287.32924
G1 X41.57 Y91.596 E287.33049
G1 X41.531 Y91.799 E287.33179
G1 X41.57 Y91.996 E287.33305
G1 X41.531 Y92.199 E287.33435
G1 X41.57 Y92.396 E287.33561
G1 X41.531 Y92.599 E287.3369
G1 X41.57 Y92.796 E287.33816
G1 X41.531 Y92.997 E287.33944
G1 X41.57 Y93.196 E287.34072
G1 X41.531 Y93.399 E287.34201
G1 X41.57 Y93.596 E287.34327
G1 X41.531 Y93.799 E287.34457
G1 X41.57 Y93.996 E287.34583
G1 X41.531 Y94.199 E287.34712
G1 X41.57 Y94.396 E287.34838
G1 X41.531 Y94.599 E287.34968
G1 X41.57 Y94.796 E287.35094
G1 X41.531 Y94.999 E287.35223
G1 X41.57 Y95.196 E287.35349
G1 X41.531 Y95.397 E287.35478
G1 X41.57 Y95.596 E287.35605
G1 X41.531 Y95.799 E287.35734
G1 X41.57 Y95.996 E287.3586
G1 X41.531 Y96.199 E287.3599
G1 X41.57 Y96.396 E287.36116
G1 X41.531 Y96.599 E287.36245
G1 X41.57 Y96.796 E287.36371
G1 X41.531 Y96.999 E287.36501
G1 X41.57 Y97.196 E287.36627
G1 X41.531 Y97.398 E287.36756
G1 X41.585 Y97.666 E287.36927
G1 X41.65 Y97.707 E287.36976
G1 X41.559 Y97.921 E287.37121
G1 X41.707 Y98.006 E287.37228
G1 X41.529 Y98.197 E287.37392
G1 X41.57 Y98.397 E287.3752
G1 X41.536 Y98.572 E287.37632
G1 X41.577 Y98.842 E287.37803
G1 X41.849 Y99.039 E287.38014
G1 X41.923 Y99.04 E287.3806
G1 X42.145 Y99.195 E287.3823
G1 X42.427 Y99.137 E287.3841
G1 X42.49 Y98.977 E287.38518
G1 X42.589 Y99.153 E287.38645
G1 X43.001 Y99.174 E287.38903
G1 X43.243 Y98.953 E287.39109
G1 X43.381 Y99.076 E287.39225
G1 X43.72 Y99.101 E287.39438
G1 X43.781 Y98.639 E287.3973
G1 X43.742 Y98.448 E287.39852
G1 X43.782 Y98.249 E287.3998
G1 X43.742 Y98.049 E287.40108
G1 X43.782 Y97.849 E287.40235
G1 X43.742 Y97.649 E287.40363
G1 X43.782 Y97.449 E287.40491
G1 X43.742 Y97.248 E287.4062
G1 X43.782 Y97.046 E287.40749
G1 X43.742 Y96.848 E287.40876
G1 X43.782 Y96.649 E287.41003
G1 X43.742 Y96.449 E287.41131
G1 X43.782 Y96.249 E287.41259
G1 X43.742 Y96.048 E287.41387
G1 X43.782 Y95.848 E287.41515
G1 X43.742 Y95.649 E287.41642
G1 X43.782 Y95.449 E287.4177
G1 X43.742 Y95.249 E287.41898
G1 X43.782 Y95.049 E287.42026
G1 X43.742 Y94.849 E287.42154
G1 X43.782 Y94.649 E287.42282
G1 X43.742 Y94.448 E287.4241
G1 X43.782 Y94.248 E287.42538
G1 X43.742 Y94.049 E287.42665
G1 X43.782 Y93.849 E287.42793
G1 X43.742 Y93.647 E287.42922
G1 X43.782 Y93.449 E287.43049
G1 X43.742 Y93.249 E287.43177
G1 X43.782 Y93.049 E287.43305
G1 X43.742 Y92.849 E287.43433
G1 X43.782 Y92.648 E287.43561
G1 X43.742 Y92.449 E287.43688
G1 X43.782 Y92.249 E287.43816
G1 X43.742 Y92.049 E287.43944
G1 X43.782 Y91.849 E287.44072
G1 X43.742 Y91.649 E287.442
G1 X43.782 Y91.449 E287.44328
G1 X43.742 Y91.247 E287.44457
G1 X43.782 Y91.049 E287.44584
G1 X43.742 Y90.846 E287.44713
G1 X43.779 Y90.655 E287.44835
G1 X43.744 Y90.294 E287.45063
G1 X43.892 Y90.054 E287.4524
G1 X44.036 Y89.993 E287.45338
G1 X44.571 Y89.95 E287.45674
G1 X44.786 Y89.991 E287.45811
G1 X44.986 Y89.952 E287.45939
G1 X45.22 Y89.984 E287.46087
G1 X45.22 Y90.414 E287.46357
G1 X45.387 Y90.447 E287.46464
G1 X45.588 Y90.408 E287.46592
G1 X45.789 Y90.448 E287.46721
G1 X46.11 Y90.407 E287.46923
G1 X46.233 Y90.556 E287.47045
G1 X46.385 Y90.586 E287.47142
G1 X46.447 Y90.893 E287.47338
G1 X46.408 Y91.092 E287.47465
G1 X46.448 Y91.295 E287.47595
G1 X46.408 Y91.493 E287.47722
G1 X46.448 Y91.695 E287.47851
G1 X46.408 Y91.894 E287.47978
G1 X46.448 Y92.095 E287.48107
G1 X46.408 Y92.294 E287.48234
G1 X46.448 Y92.495 E287.48362
G1 X46.408 Y92.693 E287.48489
G1 X46.448 Y92.893 E287.48617
G1 X46.408 Y93.093 E287.48745
G1 X46.448 Y93.295 E287.48874
G1 X46.408 Y93.493 E287.49
G1 X46.448 Y93.695 E287.4913
G1 X46.408 Y93.893 E287.49256
G1 X46.448 Y94.095 E287.49385
G1 X46.408 Y94.293 E287.49512
G1 X46.448 Y94.494 E287.49641
G1 X46.408 Y94.692 E287.49767
G1 X46.448 Y94.895 E287.49897
G1 X46.408 Y95.094 E287.50024
G1 X46.448 Y95.295 E287.50153
G1 X46.408 Y95.494 E287.5028
G1 X46.448 Y95.695 E287.50408
G1 X46.407 Y95.897 E287.50538
G1 X46.444 Y96.108 E287.50672
G1 X46.408 Y96.294 E287.50791
G1 X46.436 Y96.441 E287.50885
G1 X46.353 Y96.588 E287.50991
G1 X46.449 Y96.882 E287.51184
G1 X46.408 Y97.093 E287.51319
G1 X46.447 Y97.289 E287.51445
G1 X46.395 Y97.621 E287.51655
G1 X46.444 Y97.712 E287.5172
G1 X46.408 Y97.894 E287.51836
G1 X46.448 Y98.095 E287.51965
G1 X46.408 Y98.294 E287.52092
G1 X46.448 Y98.495 E287.52221
G1 X46.408 Y98.695 E287.52349
G1 X46.445 Y98.884 E287.52469
G1 X46.414 Y99.251 E287.527
G1 X46.562 Y99.483 E287.52873
G1 X46.897 Y99.6 E287.53095
G1 X49.421 Y99.6 E287.54678
G1 X49.525 Y99.462 E287.54786
G1 X49.568 Y99.253 E287.5492
G1 X49.535 Y99.105 E287.55015
G1 X49.571 Y98.912 E287.55138
G1 X49.532 Y98.716 E287.55263
G1 X49.571 Y98.513 E287.55393
G1 X49.532 Y98.316 E287.55519
G1 X49.571 Y98.113 E287.55649
G1 X49.532 Y97.916 E287.55775
G1 X49.571 Y97.713 E287.55904
G1 X49.532 Y97.516 E287.5603
G1 X49.571 Y97.313 E287.5616
G1 X49.532 Y97.116 E287.56286
G1 X49.571 Y96.913 E287.56415
G1 X49.532 Y96.716 E287.56541
G1 X49.571 Y96.513 E287.56671
G1 X49.532 Y96.317 E287.56796
G1 X49.571 Y96.114 E287.56926
G1 X49.531 Y95.917 E287.57052
G1 X49.57 Y95.714 E287.57181
G1 X49.531 Y95.515 E287.57308
G1 X49.57 Y95.314 E287.57437
G1 X49.531 Y95.117 E287.57563
G1 X49.57 Y94.914 E287.57692
G1 X49.531 Y94.717 E287.57818
G1 X49.57 Y94.514 E287.57948
G1 X49.531 Y94.317 E287.58074
G1 X49.57 Y94.114 E287.58203
G1 X49.531 Y93.917 E287.58329
G1 X49.57 Y93.714 E287.58459
G1 X49.531 Y93.517 E287.58585
G1 X49.57 Y93.314 E287.58715
G1 X49.531 Y93.116 E287.58841
G1 X49.57 Y92.916 E287.58969
G1 X49.53 Y92.717 E287.59096
G1 X49.569 Y92.515 E287.59225
G1 X49.53 Y92.318 E287.59351
G1 X49.569 Y92.115 E287.59481
G1 X49.53 Y91.916 E287.59608
G1 X49.569 Y91.715 E287.59736
G1 X49.53 Y91.516 E287.59863
G1 X49.569 Y91.315 E287.59992
G1 X49.53 Y91.116 E287.60119
G1 X49.569 Y90.914 E287.60248
G1 X49.53 Y90.716 E287.60374
G1 X49.57 Y90.514 E287.60503
G1 X49.524 Y90.283 E287.60651
G1 X49.421 Y90.12 E287.60772
G1 X49.322 Y90.079 E287.60839
G1 X49.229 Y90.118 E287.60902
G1 X49.088 Y90.369 E287.61083
G1 X48.929 Y90.539 E287.61229
G1 X48.943 Y90.646 E287.61297
G1 X48.893 Y90.728 E287.61357
G1 X48.928 Y90.876 E287.61452
G1 X49.118 Y91.092 E287.61633
G1 X49.074 Y91.314 E287.61774
G1 X49.116 Y91.526 E287.6191
G1 X48.93 Y91.736 E287.62086
G1 X48.943 Y91.845 E287.62155
G1 X48.893 Y91.927 E287.62215
G1 X48.928 Y92.076 E287.62311
G1 X49.118 Y92.292 E287.62491
G1 X49.074 Y92.514 E287.62633
G1 X49.116 Y92.726 E287.62769
G1 X48.929 Y92.937 E287.62945
G1 X48.945 Y93.062 E287.63024
G1 X48.894 Y93.142 E287.63084
G1 X48.929 Y93.278 E287.63172
G1 X49.119 Y93.493 E287.63352
G1 X49.076 Y93.712 E287.63492
G1 X49.119 Y93.922 E287.63626
G1 X48.929 Y94.132 E287.63804
G1 X48.946 Y94.262 E287.63886
G1 X48.894 Y94.342 E287.63946
G1 X48.929 Y94.478 E287.64034
G1 X49.119 Y94.692 E287.64213
G1 X49.076 Y94.912 E287.64354
G1 X49.119 Y95.122 E287.64488
G1 X48.929 Y95.332 E287.64666
G1 X48.946 Y95.462 E287.64748
G1 X48.894 Y95.542 E287.64808
G1 X48.929 Y95.685 E287.649
G1 X49.157 Y95.97 E287.65129
G1 X48.948 Y96.1 E287.65283
G1 X49.122 Y96.292 E287.65446
G1 X49.077 Y96.514 E287.65588
G1 X49.117 Y96.721 E287.6572
G1 X48.935 Y96.923 E287.65891
G1 X48.966 Y97.062 E287.6598
G1 X48.892 Y97.172 E287.66063
G1 X49.074 Y97.557 E287.6633
G1 X48.871 Y97.66 E287.66473
G1 X48.939 Y97.747 E287.66542
G1 X48.951 Y97.945 E287.66666
G1 X49.077 Y98.143 E287.66814
G1 X48.942 Y98.299 E287.66943
G1 X49.076 Y98.543 E287.67117
G1 X48.942 Y98.698 E287.67246
G1 X48.972 Y98.935 E287.67396
G1 X48.777 Y98.933 E287.67518
G1 X48.691 Y99.108 E287.6764
G1 X48.454 Y98.921 E287.6783
G1 X48.469 Y99.204 E287.68007
G1 X48.094 Y99.16 E287.68244
G1 X47.88 Y99.036 E287.68399
G1 X47.88 Y99.6 E287.68753
G1 F1500 E281.18753
G0 F7200 X49.347 Y100.653
G0 X60.653 Y100.653
G0 X61.18 Y99.594
G1 F1500 E287.68753
G1 F3600 X61.18 Y98.893 E287.69192
G1 X61.23 Y99.03 E287.69284
G1 X61.49 Y99.047 E287.69447
G1 X61.575 Y98.883 E287.69563
G1 X61.683 Y99.182 E287.69762
G1 X61.991 Y98.861 E287.70041
G1 X62.089 Y98.853 E287.70103
G1 X62.349 Y99.066 E287.70314
G1 X62.443 Y98.595 E287.70615
G1 X62.403 Y98.395 E287.70743
G1 X62.443 Y98.194 E287.70871
G1 X62.404 Y97.995 E287.70998
G1 X62.443 Y97.794 E287.71127
G1 X62.404 Y97.595 E287.71254
G1 X62.443 Y97.395 E287.71382
G1 X62.404 Y97.195 E287.71509
G1 X62.443 Y96.995 E287.71637
G1 X62.403 Y96.792 E287.71767
G1 X62.439 Y96.574 E287.71905
G1 X62.404 Y96.394 E287.7202
G1 X62.44 Y96.208 E287.72139
G1 X62.403 Y95.996 E287.72274
G1 X62.443 Y95.795 E287.72403
G1 X62.404 Y95.595 E287.7253
G1 X62.443 Y95.395 E287.72658
G1 X62.403 Y95.195 E287.72786
G1 X62.443 Y94.994 E287.72914
G1 X62.404 Y94.795 E287.73042
G1 X62.443 Y94.595 E287.73169
G1 X62.404 Y94.395 E287.73297
G1 X62.443 Y94.195 E287.73425
G1 X62.404 Y93.995 E287.73553
G1 X62.443 Y93.795 E287.7368
G1 X62.404 Y93.595 E287.73808
G1 X62.443 Y93.395 E287.73936
G1 X62.404 Y93.195 E287.74064
G1 X62.443 Y92.995 E287.74192
G1 X62.403 Y92.795 E287.74319
G1 X62.443 Y92.594 E287.74448
G1 X62.404 Y92.395 E287.74575
G1 X62.443 Y92.195 E287.74703
G1 X62.404 Y91.995 E287.74831
G1 X62.443 Y91.795 E287.74958
G1 X62.403 Y91.595 E287.75086
G1 X62.443 Y91.391 E287.75217
G1 X62.382 Y91.124 E287.75388
G1 X62.332 Y91.095 E287.75425
G1 X62.423 Y90.948 E287.75533
G1 X62.408 Y90.648 E287.75721
G1 X62.174 Y90.405 E287.75933
G1 X61.872 Y90.482 E287.76128
G1 X61.753 Y90.416 E287.76214
G1 X61.589 Y90.448 E287.76318
G1 X61.391 Y90.409 E287.76445
G1 X61.18 Y90.45 E287.7658
G1 X61.18 Y89.953 E287.76891
G1 X60.937 Y90 E287.77046
G1 X60.739 Y90.09 E287.77183
G1 X60.555 Y90.267 E287.77343
G1 X60.454 Y90.473 E287.77487
G1 X60.428 Y90.646 E287.77596
G1 X60.469 Y90.85 E287.77727
G1 X60.429 Y91.049 E287.77854
G1 X60.469 Y91.248 E287.77981
G1 X60.429 Y91.449 E287.7811
G1 X60.469 Y91.65 E287.78238
G1 X60.429 Y91.849 E287.78366
G1 X60.469 Y92.05 E287.78494
G1 X60.429 Y92.249 E287.78622
G1 X60.469 Y92.45 E287.7875
G1 X60.429 Y92.65 E287.78878
G1 X60.469 Y92.85 E287.79006
G1 X60.429 Y93.049 E287.79133
G1 X60.469 Y93.25 E287.79262
G1 X60.429 Y93.449 E287.79389
G1 X60.469 Y93.648 E287.79516
G1 X60.429 Y93.849 E287.79645
G1 X60.469 Y94.05 E287.79773
G1 X60.429 Y94.248 E287.799
G1 X60.469 Y94.448 E287.80028
G1 X60.429 Y94.649 E287.80156
G1 X60.469 Y94.85 E287.80285
G1 X60.429 Y95.049 E287.80412
G1 X60.469 Y95.25 E287.8054
G1 X60.429 Y95.449 E287.80668
G1 X60.469 Y95.65 E287.80796
G1 X60.429 Y95.849 E287.80923
G1 X60.469 Y96.048 E287.81051
G1 X60.429 Y96.249 E287.81179
G1 X60.469 Y96.45 E287.81308
G1 X60.429 Y96.649 E287.81435
G1 X60.469 Y96.85 E287.81564
G1 X60.429 Y97.05 E287.81691
G1 X60.469 Y97.25 E287.81819
G1 X60.429 Y97.449 E287.81947
G1 X60.469 Y97.65 E287.82075
G1 X60.429 Y97.849 E287.82202
G1 X60.469 Y98.05 E287.82331
G1 X60.429 Y98.249 E287.82458
G1 X60.469 Y98.45 E287.82587
G1 X60.429 Y98.649 E287.82714
G1 X60.469 Y98.85 E287.82842
G1 X60.435 Y99.2 E287.83063
G1 X60.588 Y99.445 E287.83244
G1 X60.943 Y99.594 E287.83485
G1 X63.84 Y99.598 E287.85302
G1 X63.84 Y99.185 E287.85561
G1 X64.102 Y98.953 E287.8578
G1 X64.224 Y99.061 E287.85882
G1 X64.635 Y99.186 E287.86152
G1 X64.887 Y99.143 E287.86312
G1 X64.965 Y98.94 E287.86448
G1 X65.111 Y98.893 E287.86545
G1 X65.069 Y98.503 E287.86791
G1 X65.11 Y98.299 E287.86921
G1 X65.07 Y98.097 E287.8705
G1 X65.11 Y97.899 E287.87177
G1 X65.07 Y97.697 E287.87306
G1 X65.11 Y97.499 E287.87433
G1 X65.07 Y97.298 E287.87561
G1 X65.11 Y97.098 E287.87689
G1 X65.07 Y96.897 E287.87817
G1 X65.11 Y96.699 E287.87944
G1 X65.07 Y96.498 E287.88073
G1 X65.11 Y96.299 E287.882
G1 X65.07 Y96.098 E287.88328
G1 X65.11 Y95.899 E287.88456
G1 X65.07 Y95.698 E287.88584
G1 X65.11 Y95.498 E287.88712
G1 X65.07 Y95.298 E287.8884
G1 X65.11 Y95.099 E287.88967
G1 X65.07 Y94.898 E287.89096
G1 X65.11 Y94.699 E287.89223
G1 X65.07 Y94.498 E287.89352
G1 X65.11 Y94.299 E287.89479
G1 X65.07 Y94.098 E287.89607
G1 X65.11 Y93.899 E287.89735
G1 X65.07 Y93.698 E287.89863
G1 X65.11 Y93.499 E287.8999
G1 X65.07 Y93.298 E287.90119
G1 X65.11 Y93.099 E287.90246
G1 X65.07 Y92.898 E287.90375
G1 X65.11 Y92.699 E287.90502
G1 X65.07 Y92.498 E287.9063
G1 X65.11 Y92.298 E287.90758
G1 X65.07 Y92.098 E287.90886
G1 X65.11 Y91.899 E287.91013
G1 X65.07 Y91.699 E287.91141
G1 X65.11 Y91.499 E287.91269
G1 X65.07 Y91.298 E287.91398
G1 X65.11 Y91.099 E287.91525
G1 X65.07 Y90.897 E287.91654
G1 X65.107 Y90.71 E287.91774
G1 X65.076 Y90.341 E287.92006
G1 X65.215 Y90.112 E287.92174
G1 X65.605 Y89.984 E287.92431
G1 X65.899 Y89.952 E287.92617
G1 X66.104 Y89.991 E287.92747
G1 X66.304 Y89.952 E287.92875
G1 X66.5 Y89.991 E287.93001
G1 X66.5 Y90.417 E287.93268
G1 X66.704 Y90.447 E287.93397
G1 X66.908 Y90.408 E287.93527
G1 X67.106 Y90.447 E287.93654
G1 X67.308 Y90.408 E287.93783
G1 X67.627 Y90.472 E287.93987
G1 X67.679 Y90.734 E287.94154
G1 X67.603 Y90.815 E287.94224
G1 X67.788 Y90.937 E287.94363
G1 X67.736 Y91.203 E287.94533
G1 X67.776 Y91.405 E287.94662
G1 X67.736 Y91.604 E287.94789
G1 X67.776 Y91.805 E287.94918
G1 X67.736 Y92.004 E287.95045
G1 X67.776 Y92.205 E287.95173
G1 X67.736 Y92.404 E287.95301
G1 X67.776 Y92.605 E287.95429
G1 X67.736 Y92.804 E287.95556
G1 X67.776 Y93.005 E287.95685
G1 X67.736 Y93.204 E287.95812
G1 X67.776 Y93.405 E287.95941
G1 X67.736 Y93.604 E287.96068
G1 X67.776 Y93.804 E287.96196
G1 X67.736 Y94.004 E287.96324
G1 X67.776 Y94.205 E287.96452
G1 X67.736 Y94.404 E287.9658
G1 X67.776 Y94.605 E287.96708
G1 X67.736 Y94.805 E287.96836
G1 X67.78 Y95.031 E287.9698
G1 X67.644 Y95.291 E287.97164
G1 X67.777 Y95.4 E287.97272
G1 X67.736 Y95.604 E287.97403
G1 X67.776 Y95.805 E287.97531
G1 X67.735 Y96.008 E287.97661
G1 X67.772 Y96.22 E287.97796
G1 X67.736 Y96.404 E287.97913
G1 X67.765 Y96.549 E287.98006
G1 X67.679 Y96.7 E287.98115
G1 X67.777 Y96.991 E287.98308
G1 X67.736 Y97.203 E287.98443
G1 X67.776 Y97.405 E287.98572
G1 X67.736 Y97.604 E287.98699
G1 X67.776 Y97.805 E287.98828
G1 X67.736 Y98.006 E287.98956
G1 X67.785 Y98.264 E287.99121
G1 X67.603 Y98.386 E287.99258
G1 X67.7 Y98.461 E287.99335
G1 X67.685 Y98.716 E287.99495
G1 X67.742 Y98.813 E287.99566
G1 X67.764 Y99.121 E287.9976
G1 X67.885 Y99.494 E288.00006
G1 X68.041 Y99.6 E288.00124
G1 X69.305 Y99.6 E288.00916
G1 X69.461 Y99.495 E288.01034
G1 X69.525 Y99.345 E288.01136
G1 X69.573 Y98.81 E288.01473
G1 X69.532 Y98.603 E288.01606
G1 X69.571 Y98.4 E288.01735
G1 X69.532 Y98.203 E288.01861
G1 X69.571 Y98 E288.01991
G1 X69.532 Y97.803 E288.02117
G1 X69.571 Y97.6 E288.02246
G1 X69.532 Y97.403 E288.02372
G1 X69.571 Y97.2 E288.02502
G1 X69.532 Y97.003 E288.02628
G1 X69.571 Y96.8 E288.02757
G1 X69.532 Y96.603 E288.02883
G1 X69.571 Y96.4 E288.03013
G1 X69.532 Y96.203 E288.03139
G1 X69.571 Y96 E288.03268
G1 X69.532 Y95.803 E288.03394
G1 X69.571 Y95.6 E288.03524
G1 X69.532 Y95.403 E288.0365
G1 X69.571 Y95.2 E288.03779
G1 X69.532 Y95.003 E288.03905
G1 X69.571 Y94.8 E288.04035
G1 X69.532 Y94.603 E288.04161
G1 X69.571 Y94.4 E288.04291
G1 X69.532 Y94.203 E288.04416
G1 X69.571 Y94 E288.04546
G1 X69.532 Y93.803 E288.04672
G1 X69.571 Y93.6 E288.04802
G1 X69.532 Y93.403 E288.04928
G1 X69.571 Y93.2 E288.05057
G1 X69.532 Y93.003 E288.05183
G1 X69.571 Y92.8 E288.05313
G1 X69.532 Y92.603 E288.05439
G1 X69.571 Y92.4 E288.05568
G1 X69.532 Y92.203 E288.05694
G1 X69.571 Y92 E288.05824
G1 X69.532 Y91.803 E288.0595
G1 X69.571 Y91.6 E288.06079
G1 X69.532 Y91.403 E288.06205
G1 X69.571 Y91.2 E288.06335
G1 X69.532 Y91.003 E288.06461
G1 X69.572 Y90.799 E288.06591
G1 X69.533 Y90.603 E288.06716
G1 X69.553 Y90.238 E288.06946
G1 X69.423 Y90.02 E288.07105
G1 X69.271 Y89.952 E288.07209
G1 X69.16 Y89.962 E288.07279
G1 X69.16 Y91.701 E288.08369
G1 X68.953 Y91.59 E288.08517
G1 X69.117 Y91.408 E288.0867
G1 X69.077 Y91.2 E288.08803
G1 X69.119 Y90.986 E288.0894
G1 X68.922 Y90.772 E288.09122
G1 X68.929 Y90.711 E288.09161
G1 X68.795 Y90.45 E288.09345
G1 X68.157 Y90.422 E288.09745
G1 X68.23 Y90.803 E288.09988
G1 X68.192 Y91.009 E288.1012
G1 X68.23 Y91.203 E288.10244
G1 X68.192 Y91.409 E288.10375
G1 X68.23 Y91.604 E288.105
G1 X68.192 Y91.809 E288.1063
G1 X68.23 Y92.004 E288.10755
G1 X68.192 Y92.209 E288.10886
G1 X68.23 Y92.404 E288.1101
G1 X68.192 Y92.609 E288.11141
G1 X68.23 Y92.804 E288.11265
G1 X68.192 Y93.009 E288.11396
G1 X68.23 Y93.204 E288.11521
G1 X68.192 Y93.409 E288.11651
G1 X68.23 Y93.604 E288.11776
G1 X68.192 Y93.809 E288.11907
G1 X68.23 Y94.004 E288.12031
G1 X68.192 Y94.209 E288.12162
G1 X68.23 Y94.404 E288.12287
G1 X68.192 Y94.609 E288.12417
G1 X68.23 Y94.804 E288.12542
G1 X68.192 Y95.009 E288.12673
G1 X68.23 Y95.204 E288.12797
G1 X68.192 Y95.409 E288.12928
G1 X68.23 Y95.604 E288.13053
G1 X68.192 Y95.809 E288.13183
G1 X68.23 Y96.004 E288.13308
G1 X68.192 Y96.209 E288.13439
G1 X68.23 Y96.404 E288.13563
G1 X68.192 Y96.609 E288.13694
G1 X68.23 Y96.803 E288.13818
G1 X68.192 Y97.009 E288.13949
G1 X68.23 Y97.204 E288.14074
G1 X68.192 Y97.409 E288.14204
G1 X68.23 Y97.604 E288.14329
G1 X68.192 Y97.809 E288.1446
G1 X68.23 Y98.004 E288.14584
G1 X68.192 Y98.209 E288.14715
G1 X68.233 Y98.415 E288.14847
G1 X68.202 Y98.765 E288.15067
G1 X68.407 Y98.935 E288.15234
G1 X68.579 Y98.933 E288.15342
G1 X68.713 Y99.035 E288.15447
G1 X69.149 Y98.945 E288.15727
G1 X68.943 Y98.585 E288.15987
G1 X69.077 Y98.433 E288.16114
G1 X68.943 Y98.185 E288.1629
G1 X69.077 Y98.033 E288.16418
G1 X68.943 Y97.785 E288.16594
G1 X69.026 Y97.69 E288.16673
G1 X68.882 Y97.497 E288.16824
G1 X69.04 Y97.389 E288.16944
G1 X68.89 Y97.054 E288.17175
G1 X68.961 Y96.949 E288.17254
G1 X68.933 Y96.812 E288.17342
G1 X69.117 Y96.608 E288.17514
G1 X69.077 Y96.4 E288.17647
G1 X69.121 Y96.177 E288.17789
G1 X68.928 Y95.965 E288.17969
G1 X68.895 Y95.811 E288.18068
G1 X68.942 Y95.732 E288.18125
G1 X68.927 Y95.618 E288.18198
G1 X69.117 Y95.408 E288.18375
G1 X69.077 Y95.2 E288.18508
G1 X69.121 Y94.977 E288.1865
G1 X68.928 Y94.765 E288.1883
G1 X68.895 Y94.611 E288.18929
G1 X68.942 Y94.532 E288.18987
G1 X68.927 Y94.418 E288.19059
G1 X69.117 Y94.208 E288.19236
G1 X69.077 Y94 E288.19369
G1 X69.121 Y93.777 E288.19512
G1 X68.928 Y93.565 E288.19691
G1 X68.895 Y93.411 E288.1979
G1 X68.942 Y93.332 E288.19848
G1 X68.927 Y93.218 E288.1992
G1 X69.117 Y93.008 E288.20097
G1 X69.077 Y92.8 E288.2023
G1 X69.121 Y92.577 E288.20373
G1 X68.928 Y92.365 E288.20552
G1 X68.895 Y92.211 E288.20651
G1 X68.942 Y92.132 E288.20709
G1 X68.927 Y92.015 E288.20783
G1 X69.16 Y91.735 E288.21011
G1 X69.16 Y99.6 E288.25943
G1 F1500 E281.75943
G0 F7200 X69.347 Y100.653
G0 X80.653 Y100.653
G0 X82.46 Y90.432
G1 F1500 E288.25943
G1 F3600 X82.46 Y89.969 E288.26233
G1 X82.177 Y89.991 E288.26411
G1 X81.975 Y89.953 E288.2654
G1 X81.785 Y89.988 E288.26661
G1 X81.41 Y89.954 E288.26897
G1 X81.189 Y90.091 E288.2706
G1 X81.119 Y90.252 E288.2717
G1 X81.065 Y90.788 E288.27508
G1 X81.106 Y90.993 E288.27639
G1 X81.066 Y91.194 E288.27768
G1 X81.106 Y91.394 E288.27896
G1 X81.066 Y91.594 E288.28023
G1 X81.106 Y91.795 E288.28152
G1 X81.066 Y91.995 E288.2828
G1 X81.106 Y92.195 E288.28408
G1 X81.066 Y92.394 E288.28535
G1 X81.106 Y92.593 E288.28662
G1 X81.066 Y92.795 E288.28791
G1 X81.106 Y92.994 E288.28919
G1 X81.066 Y93.194 E288.29046
G1 X81.106 Y93.395 E288.29175
G1 X81.066 Y93.595 E288.29303
G1 X81.106 Y93.795 E288.29431
G1 X81.066 Y93.994 E288.29558
G1 X81.106 Y94.193 E288.29685
G1 X81.066 Y94.394 E288.29814
G1 X81.106 Y94.594 E288.29942
G1 X81.066 Y94.794 E288.3007
G1 X81.106 Y94.994 E288.30197
G1 X81.066 Y95.194 E288.30325
G1 X81.106 Y95.395 E288.30454
G1 X81.066 Y95.594 E288.30581
G1 X81.106 Y95.794 E288.30709
G1 X81.066 Y95.994 E288.30837
G1 X81.106 Y96.195 E288.30965
G1 X81.066 Y96.394 E288.31093
G1 X81.106 Y96.595 E288.31221
G1 X81.066 Y96.794 E288.31348
G1 X81.106 Y96.995 E288.31477
G1 X81.066 Y97.195 E288.31605
G1 X81.106 Y97.395 E288.31733
G1 X81.066 Y97.595 E288.31861
G1 X81.106 Y97.795 E288.31989
G1 X81.066 Y97.994 E288.32116
G1 X81.106 Y98.195 E288.32244
G1 X81.066 Y98.394 E288.32372
G1 X81.106 Y98.594 E288.32499
G1 X81.066 Y98.795 E288.32628
G1 X81.106 Y98.995 E288.32756
G1 X81.066 Y99.196 E288.32884
G1 X81.11 Y99.423 E288.33029
G1 X81.221 Y99.589 E288.33155
G1 X81.413 Y99.588 E288.33275
G1 X81.514 Y99.437 E288.33389
G1 X81.56 Y99.195 E288.33543
G1 X81.521 Y98.999 E288.33669
G1 X81.561 Y98.795 E288.33799
G1 X81.517 Y98.57 E288.33943
G1 X81.682 Y98.371 E288.34105
G1 X81.453 Y98.218 E288.34277
G1 X81.66 Y98.065 E288.34439
G1 X81.659 Y98.017 E288.34469
G1 X81.512 Y97.901 E288.34586
G1 X81.561 Y97.599 E288.34778
G1 X81.521 Y97.396 E288.34908
G1 X81.599 Y97.076 E288.35114
G1 X81.531 Y96.954 E288.35202
G1 X81.56 Y96.794 E288.35304
G1 X81.521 Y96.591 E288.35434
G1 X81.607 Y96.277 E288.35638
G1 X81.544 Y96.162 E288.3572
G1 X81.533 Y95.797 E288.35949
G1 X81.569 Y95.723 E288.36001
G1 X81.522 Y95.391 E288.36211
G1 X81.561 Y95.195 E288.36336
G1 X81.521 Y94.991 E288.36466
G1 X81.607 Y94.678 E288.3667
G1 X81.542 Y94.562 E288.36753
G1 X81.543 Y94.234 E288.36959
G1 X81.612 Y94.107 E288.3705
G1 X81.52 Y93.81 E288.37245
G1 X81.56 Y93.594 E288.37382
G1 X81.521 Y93.391 E288.37512
G1 X81.607 Y93.078 E288.37715
G1 X81.541 Y92.961 E288.378
G1 X81.546 Y92.639 E288.38002
G1 X81.629 Y92.5 E288.38103
G1 X81.575 Y92.466 E288.38143
G1 X81.521 Y92.199 E288.38314
G1 X81.561 Y91.995 E288.38444
G1 X81.521 Y91.791 E288.38575
G1 X81.607 Y91.478 E288.38778
G1 X81.541 Y91.361 E288.38862
G1 X81.546 Y91.039 E288.39064
G1 X81.629 Y90.9 E288.39166
G1 X81.574 Y90.866 E288.39206
G1 X81.513 Y90.554 E288.39406
G1 X81.784 Y90.421 E288.39595
G1 X82.145 Y90.432 E288.39821
G1 X82.273 Y90.513 E288.39916
G1 X82.303 Y90.462 E288.39954
G1 X82.579 Y90.408 E288.4013
G1 X82.776 Y90.447 E288.40256
G1 X82.99 Y90.407 E288.40392
G1 X83.238 Y90.483 E288.40555
G1 X83.278 Y90.547 E288.40602
G1 X83.407 Y90.412 E288.40719
G1 X83.69 Y90.473 E288.40901
G1 X83.771 Y90.949 E288.41204
G1 X83.732 Y91.144 E288.41328
G1 X83.772 Y91.344 E288.41456
G1 X83.732 Y91.543 E288.41583
G1 X83.772 Y91.741 E288.4171
G1 X83.732 Y91.943 E288.41839
G1 X83.772 Y92.143 E288.41967
G1 X83.732 Y92.343 E288.42095
G1 X83.772 Y92.544 E288.42224
G1 X83.732 Y92.744 E288.42351
G1 X83.772 Y92.943 E288.42479
G1 X83.732 Y93.143 E288.42607
G1 X83.772 Y93.341 E288.42733
G1 X83.732 Y93.543 E288.42862
G1 X83.772 Y93.744 E288.42991
G1 X83.732 Y93.944 E288.43119
G1 X83.772 Y94.143 E288.43246
G1 X83.732 Y94.344 E288.43374
G1 X83.772 Y94.544 E288.43502
G1 X83.732 Y94.744 E288.4363
G1 X83.772 Y94.944 E288.43758
G1 X83.732 Y95.144 E288.43886
G1 X83.772 Y95.344 E288.44014
G1 X83.732 Y95.544 E288.44142
G1 X83.772 Y95.744 E288.4427
G1 X83.732 Y95.944 E288.44398
G1 X83.772 Y96.143 E288.44525
G1 X83.732 Y96.344 E288.44653
G1 X83.772 Y96.544 E288.44781
G1 X83.732 Y96.744 E288.44909
G1 X83.772 Y96.944 E288.45037
G1 X83.732 Y97.143 E288.45164
G1 X83.772 Y97.344 E288.45293
G1 X83.732 Y97.543 E288.4542
G1 X83.772 Y97.742 E288.45547
G1 X83.732 Y97.944 E288.45676
G1 X83.772 Y98.144 E288.45804
G1 X83.732 Y98.344 E288.45932
G1 X83.772 Y98.544 E288.4606
G1 X83.732 Y98.744 E288.46188
G1 X83.769 Y98.934 E288.46309
G1 X83.733 Y99.309 E288.46546
G1 X83.873 Y99.532 E288.46711
G1 X84.02 Y99.596 E288.46811
G1 X85.12 Y99.597 E288.47501
G1 X85.12 Y99.026 E288.47859
G1 X85.55 Y99.183 E288.48146
G1 X85.994 Y99.156 E288.48425
G1 X86.147 Y98.948 E288.48587
G1 X86.449 Y98.959 E288.48776
G1 X86.397 Y98.503 E288.49064
G1 X86.438 Y98.3 E288.49194
G1 X86.398 Y98.098 E288.49323
G1 X86.438 Y97.899 E288.4945
G1 X86.398 Y97.698 E288.49579
G1 X86.438 Y97.5 E288.49705
G1 X86.398 Y97.298 E288.49835
G1 X86.438 Y97.1 E288.49961
G1 X86.398 Y96.898 E288.5009
G1 X86.438 Y96.7 E288.50217
G1 X86.398 Y96.498 E288.50346
G1 X86.438 Y96.3 E288.50473
G1 X86.398 Y96.097 E288.50603
G1 X86.437 Y95.893 E288.50733
G1 X86.379 Y95.631 E288.50901
G1 X86.326 Y95.6 E288.5094
G1 X86.413 Y95.459 E288.51043
G1 X86.417 Y95.131 E288.51249
G1 X86.331 Y94.997 E288.51349
G1 X86.385 Y94.964 E288.51389
G1 X86.438 Y94.7 E288.51557
G1 X86.398 Y94.498 E288.51687
G1 X86.448 Y94.25 E288.51845
G1 X86.289 Y94.148 E288.51964
G1 X86.451 Y93.988 E288.52106
G1 X86.398 Y93.7 E288.5229
G1 X86.438 Y93.5 E288.52418
G1 X86.398 Y93.298 E288.52547
G1 X86.438 Y93.1 E288.52674
G1 X86.398 Y92.898 E288.52803
G1 X86.438 Y92.7 E288.52929
G1 X86.398 Y92.498 E288.53059
G1 X86.434 Y92.317 E288.53174
G1 X86.385 Y92.226 E288.53239
G1 X86.437 Y91.894 E288.5345
G1 X86.398 Y91.698 E288.53575
G1 X86.439 Y91.487 E288.5371
G1 X86.343 Y91.194 E288.53903
G1 X86.426 Y91.048 E288.54008
G1 X86.398 Y90.899 E288.54104
G1 X86.433 Y90.723 E288.54216
G1 X86.403 Y90.342 E288.54456
G1 X86.543 Y90.114 E288.54623
G1 X86.928 Y89.984 E288.54878
G1 X87.226 Y89.952 E288.55066
G1 X87.432 Y89.991 E288.55198
G1 X87.632 Y89.952 E288.55325
G1 X87.832 Y89.991 E288.55453
G1 X88.032 Y89.952 E288.55581
G1 X88.232 Y89.991 E288.55709
G1 X88.432 Y89.952 E288.55836
G1 X88.632 Y89.991 E288.55964
G1 X88.832 Y89.952 E288.56092
G1 X89.032 Y89.991 E288.5622
G1 X89.233 Y89.952 E288.56348
G1 X89.505 Y89.993 E288.56521
G1 X89.887 Y90.148 E288.56779
G1 X90.039 Y90.402 E288.56965
G1 X90.008 Y90.76 E288.5719
G1 X90.047 Y90.957 E288.57316
G1 X90.008 Y91.16 E288.57446
G1 X90.047 Y91.357 E288.57571
G1 X90.008 Y91.56 E288.57701
G1 X90.047 Y91.757 E288.57827
G1 X90.008 Y91.96 E288.57957
G1 X90.047 Y92.157 E288.58083
G1 X90.008 Y92.36 E288.58212
G1 X90.047 Y92.557 E288.58338
G1 X90.008 Y92.76 E288.58468
G1 X90.047 Y92.957 E288.58594
G1 X90.008 Y93.16 E288.58723
G1 X90.047 Y93.357 E288.58849
G1 X90.008 Y93.56 E288.58979
G1 X90.047 Y93.757 E288.59105
G1 X90.008 Y93.96 E288.59234
G1 X90.047 Y94.157 E288.5936
G1 X90.008 Y94.36 E288.5949
G1 X90.047 Y94.557 E288.59616
G1 X90.008 Y94.76 E288.59745
G1 X90.047 Y94.957 E288.59871
G1 X90.008 Y95.16 E288.60001
G1 X90.047 Y95.357 E288.60127
G1 X90.008 Y95.56 E288.60256
G1 X90.047 Y95.757 E288.60382
G1 X90.008 Y95.96 E288.60512
G1 X90.047 Y96.157 E288.60638
G1 X90.008 Y96.36 E288.60767
G1 X90.047 Y96.557 E288.60893
G1 X90.008 Y96.76 E288.61023
G1 X90.047 Y96.957 E288.61149
G1 X90.008 Y97.16 E288.61279
G1 X90.047 Y97.357 E288.61404
G1 X90.008 Y97.56 E288.61534
G1 X90.047 Y97.757 E288.6166
G1 X90.008 Y97.958 E288.61788
G1 X90.047 Y98.157 E288.61916
G1 X90.008 Y98.358 E288.62044
G1 X90.047 Y98.557 E288.62171
G1 X90.008 Y98.76 E288.62301
G1 X90.047 Y98.955 E288.62425
G1 X90 Y99.206 E288.62585
G1 X89.93 Y99.33 E288.62675
G1 X89.635 Y99.579 E288.62917
G1 X89.362 Y99.574 E288.63088
G1 X89.264 Y99.49 E288.63169
G1 X89.104 Y99.09 E288.63439
G1 X89.063 Y98.836 E288.636
G1 X89.104 Y98.633 E288.6373
G1 X89.064 Y98.433 E288.63858
G1 X89.104 Y98.233 E288.63986
G1 X89.064 Y98.032 E288.64115
G1 X89.103 Y97.834 E288.64241
G1 X89.046 Y97.547 E288.64425
G1 X89.007 Y97.524 E288.64453
G1 X89.092 Y97.376 E288.6456
G1 X89.064 Y97.233 E288.64651
G1 X89.1 Y97.05 E288.64768
G1 X89.063 Y96.836 E288.64904
G1 X89.104 Y96.633 E288.65034
G1 X89.064 Y96.433 E288.65162
G1 X89.104 Y96.233 E288.6529
G1 X89.064 Y96.033 E288.65418
G1 X89.104 Y95.832 E288.65546
G1 X89.064 Y95.633 E288.65674
G1 X89.104 Y95.432 E288.65802
G1 X89.064 Y95.233 E288.65929
G1 X89.104 Y95.033 E288.66057
G1 X89.064 Y94.833 E288.66185
G1 X89.104 Y94.633 E288.66313
G1 X89.064 Y94.433 E288.66441
G1 X89.104 Y94.232 E288.6657
G1 X89.064 Y94.033 E288.66697
G1 X89.096 Y93.873 E288.66799
G1 X89.064 Y93.636 E288.66949
G1 X89.104 Y93.433 E288.67079
G1 X89.064 Y93.233 E288.67207
G1 X89.102 Y93.042 E288.67329
G1 X89.063 Y92.708 E288.6754
G1 X89.103 Y92.631 E288.67594
G1 X89.064 Y92.433 E288.67721
G1 X89.1 Y92.247 E288.67839
G1 X89.063 Y92.034 E288.67975
G1 X89.104 Y91.833 E288.68104
G1 X89.064 Y91.632 E288.68232
G1 X89.104 Y91.428 E288.68362
G1 X89.028 Y91.121 E288.68561
G1 X89.163 Y90.871 E288.68739
G1 X88.911 Y90.763 E288.68911
G1 X89.108 Y90.498 E288.69118
G1 X88.635 Y90.408 E288.6942
G1 X88.434 Y90.447 E288.69548
G1 X88.235 Y90.408 E288.69675
G1 X87.959 Y90.462 E288.69852
G1 X87.929 Y90.513 E288.69889
G1 X87.78 Y90.431 E288.69995
G1 X87.78 Y89.981 E288.70277
G1 F1500 E282.20277
;MESH:test.stl
G0 F7200 X80.665 Y90.414
G0 X79.586 Y90.414
G0 X79.1 Y92.074
G0 X79.24 Y92.074
;TYPE:FILL
G1 F1500 E288.70277
G1 F3600 X72.074 Y99.24 E288.76632
G1 X72.068 Y99.24
G1 X70.76 Y97.931 E288.77792
G0 F7200 X70.76 Y97.725
G1 F3600 X77.725 Y90.76 E288.83968
G1 X77.731 Y90.76
G1 X79.24 Y92.269 E288.85306
G1 X79.268 Y92.297
G0 F7200 X79.1 Y92.297
G0 X79.1 Y94.902
G0 X79.24 Y94.902
G1 F3600 X74.902 Y99.24 E288.89153
G1 X74.897 Y99.24
G1 X70.76 Y95.103 E288.92821
G0 F7200 X70.76 Y94.897
G1 F3600 X74.897 Y90.76 E288.9649
G1 X74.902 Y90.76
G1 X79.24 Y95.097 E289.00336
G1 X79.268 Y95.125
G0 F7200 X79.1 Y95.125
G0 X79.1 Y97.731
G0 X79.24 Y97.731
G1 F3600 X77.731 Y99.24 E289.01674
G1 X77.725 Y99.24
G1 X70.76 Y92.275 E289.0785
G0 F7200 X70.76 Y92.068
G1 F3600 X72.068 Y90.76 E289.0901
G1 X72.074 Y90.76
G1 X79.24 Y97.926 E289.15365
G1 X79.268 Y97.954
G0 F7200 X79.1 Y97.954
G0 X79.13 Y99.13
G0 X79.4 Y99.4
;TYPE:WALL-INNER
G1 F3600 X79.4 Y90.6 E289.20882
G1 X70.6 Y90.6 E289.264
G1 X70.6 Y99.4 E289.31918
G1 X79.4 Y99.4 E289.37436
G0 F7200 X79.8 Y99.8
;TYPE:WALL-OUTER
G1 F1800 X79.8 Y90.2 E289.43455
G1 X70.2 Y90.2 E289.49474
G1 X70.2 Y99.8 E289.55494
G1 X79.8 Y99.8 E289.61513
G0 F7200 X79.8 Y99.6
G0 X78.8 Y98.918
G1 F1500 E283.11513
G0 F7200 X70.42 Y97.931
G0 X69.335 Y97.931
G0 X60.665 Y97.931
G0 X59.58 Y97.931
G0 X59.24 Y97.931
;TYPE:FILL
G1 F1500 E289.61513
G1 F3600 X57.931 Y99.24 E289.62674
G1 X57.926 Y99.24
G1 X50.76 Y92.073 E289.69029
G1 X50.76 Y92.269
G1 X52.269 Y90.76 E289.70367
G1 X52.275 Y90.76
G1 X59.24 Y97.725 E289.76543
G1 X59.268 Y97.753
G0 F7200 X59.1 Y97.753
G0 X59.1 Y95.103
G0 X59.24 Y95.103
G1 F3600 X55.103 Y99.24 E289.80211
G1 X55.098 Y99.24
G1 X50.76 Y94.902 E289.84058
G1 X50.76 Y95.097
G1 X55.098 Y90.76 E289.87904
G1 X55.103 Y90.76
G1 X59.24 Y94.897 E289.91573
G1 X59.268 Y94.925
G0 F7200 X59.1 Y94.925
G0 X59.1 Y92.275
G0 X59.24 Y92.275
G1 F3600 X52.274 Y99.24 E289.97749
G1 X52.269 Y99.24
G1 X50.76 Y97.73 E289.99088
G1 X50.76 Y97.926
G1 X57.926 Y90.76 E290.05442
G1 X57.932 Y90.76
G1 X59.24 Y92.068 E290.06602
G1 X59.268 Y92.096
G0 F7200 X59.1 Y92.096
G0 X59.13 Y99.13
G0 X59.4 Y99.4
;TYPE:WALL-INNER
G1 F3600 X59.4 Y90.6 E290.1212
G1 X50.6 Y90.6 E290.17638
G1 X50.6 Y99.4 E290.23155
G1 X59.4 Y99.4 E290.28673
G0 F7200 X59.8 Y99.8
;TYPE:WALL-OUTER
G1 F1800 X59.8 Y90.2 E290.34692
G1 X50.2 Y90.2 E290.40712
G1 X50.2 Y99.8 E290.46731
G1 X59.8 Y99.8 E290.52751
G0 F7200 X59.8 Y99.6
G0 X58.8 Y98.918
;MESH:NONMESH
G0 F600 X58.8 Y98.918 Z10.1
G0 F7200 X52.269 Y90.9
G0 X52.269 Y90.76
;TIME_ELAPSED:1394.810185
;LAYER:98
;TYPE:FILL
;MESH:test.stl
G1 F3600 X50.96 Y92.07 E290.53912
G0 F7200 X50.96 Y92.273
G1 F3600 X57.926 Y99.24 E290.60089
G1 X57.931 Y99.24
G1 X59.04 Y98.132 E290.61072
G0 F7200 X59.041 Y97.526
G1 F3600 X52.275 Y90.76 E290.67072
G1 X52.247 Y90.732
G0 F7200 X52.247 Y90.9
G0 X55.098 Y90.9
G0 X55.098 Y90.76
G1 F3600 X50.96 Y94.898 E290.70741
G0 F7200 X50.96 Y95.102
G1 F3600 X55.098 Y99.24 E290.7441
G1 X55.103 Y99.24
G1 X59.04 Y95.303 E290.77902
G0 F7200 X59.041 Y94.697
G1 F3600 X55.103 Y90.76 E290.81393
G1 X55.075 Y90.732
G0 F7200 X55.075 Y90.9
G0 X57.926 Y90.9
G0 X57.926 Y90.76
G1 F3600 X50.96 Y97.726 E290.8757
G0 F7200 X50.96 Y97.93
G1 F3600 X52.269 Y99.24 E290.88731
G1 X52.274 Y99.24
G1 X59.04 Y92.475 E290.94731
G0 F7200 X59.041 Y91.869
G1 F3600 X57.932 Y90.76 E290.95714
G1 X57.904 Y90.732
G0 F7200 X57.904 Y90.9
G0 X70.96 Y91.868
G1 F3600 X72.068 Y90.76 E290.96696
G1 X72.074 Y90.76
G1 X79.04 Y97.726 E291.02873
G0 F7200 X79.04 Y97.931
G1 F3600 X77.73 Y99.24 E291.04035
G1 X77.726 Y99.24
G1 X70.96 Y92.474 E291.10034
G1 X70.932 Y92.446
G0 F7200 X70.96 Y94.696
G1 F3600 X74.897 Y90.76 E291.13525
G1 X74.902 Y90.76
G1 X79.04 Y94.898 E291.17194
G0 F7200 X79.04 Y95.102
G1 F3600 X74.902 Y99.24 E291.20864
G1 X74.897 Y99.24
G1 X70.96 Y95.302 E291.24355
G1 X70.932 Y95.274
G0 F7200 X70.96 Y97.525
G1 F3600 X77.725 Y90.76 E291.30354
G1 X77.731 Y90.76
G1 X79.04 Y92.07 E291.31515
G0 F7200 X79.04 Y92.274
G1 F3600 X72.073 Y99.24 E291.37693
G1 X72.069 Y99.24
G1 X70.96 Y98.131 E291.38676
G1 X70.932 Y98.103
G0 F7200 X89.13 Y99.13
G0 X89.4 Y99.4
;TYPE:WALL-INNER
G1 F3600 X89.4 Y90.6 E291.44194
G1 X40.6 Y90.6 E291.74792
G1 X40.6 Y99.4 E291.8031
G1 X89.4 Y99.4 E292.10908
G0 F7200 X89.8 Y99.8
;TYPE:WALL-OUTER
G1 F1800 X89.8 Y90.2 E292.16928
G1 X40.2 Y90.2 E292.48028
G1 X40.2 Y99.8 E292.54047
G1 X89.8 Y99.8 E292.85147
G0 F7200 X89.8 Y99.6
G0 X89.02 Y99.02
;TYPE:SKIN
G1 F1800 X79.18 Y99.02 E292.91317
G1 X79.18 Y90.98 E292.96359
G1 X89.02 Y90.98 E293.02528
G1 X89.02 Y99.02 E293.0757
G0 F7200 X88.352 Y91.18
G1 F1800 X88.82 Y91.649 E293.07985
G0 F7200 X88.82 Y92.215
G1 F1800 X87.786 Y91.18 E293.08902
G0 F7200 X87.22 Y91.18
G1 F1800 X88.82 Y92.78 E293.10321
G0 F7200 X88.82 Y93.346
G1 F1800 X86.655 Y91.18 E293.12241
G0 F7200 X86.089 Y91.18
G1 F1800 X88.82 Y93.912 E293.14664
G0 F7200 X88.82 Y94.477
G1 F1800 X85.523 Y91.18 E293.17587
G0 F7200 X84.957 Y91.18
G1 F1800 X88.82 Y95.043 E293.21013
G0 F7200 X88.82 Y95.609
G1 F1800 X84.392 Y91.18 E293.2494
G0 F7200 X83.826 Y91.18
G1 F1800 X88.82 Y96.174 E293.29368
G0 F7200 X88.82 Y96.74
G1 F1800 X83.26 Y91.18 E293.34298
G0 F7200 X82.695 Y91.18
G1 F1800 X88.82 Y97.306 E293.3973
G0 F7200 X88.82 Y97.871
G1 F1800 X82.129 Y91.18 E293.45663
G0 F7200 X81.563 Y91.18
G1 F1800 X88.82 Y98.437 E293.52098
G0 F7200 X88.637 Y98.82
G1 F1800 X80.998 Y91.18 E293.58872
G0 F7200 X80.432 Y91.18
G1 F1800 X88.072 Y98.82 E293.65647
G0 F7200 X87.506 Y98.82
G1 F1800 X79.866 Y91.18 E293.72422
G0 F7200 X79.38 Y91.259
G1 F1800 X86.94 Y98.82 E293.79126
G0 F7200 X86.375 Y98.82
G1 F1800 X79.38 Y91.825 E293.85329
G0 F7200 X79.38 Y92.391
G1 F1800 X85.809 Y98.82 E293.91029
G0 F7200 X85.243 Y98.82
G1 F1800 X79.38 Y92.956 E293.96229
G0 F7200 X79.38 Y93.522
G1 F1800 X84.677 Y98.82 E294.00926
G0 F7200 X84.112 Y98.82
G1 F1800 X79.38 Y94.088 E294.05122
G0 F7200 X79.38 Y94.653
G1 F1800 X83.546 Y98.82 E294.08817
G0 F7200 X82.98 Y98.82
G1 F1800 X79.38 Y95.219 E294.1201
G0 F7200 X79.38 Y95.785
G1 F1800 X82.415 Y98.82 E294.14701
G0 F7200 X81.849 Y98.82
G1 F1800 X79.38 Y96.35 E294.16891
G0 F7200 X79.38 Y96.916
G1 F1800 X81.283 Y98.82 E294.18579
G0 F7200 X80.718 Y98.82
G1 F1800 X79.38 Y97.482 E294.19765
G0 F7200 X79.38 Y98.047
G1 F1800 X80.152 Y98.82 E294.2045
G0 F7200 X79.586 Y98.82
G1 F1800 X79.38 Y98.613 E294.20633
G0 F7200 X70.82 Y99.02
G1 F1800 X59.18 Y99.02 E294.27932
G1 X59.18 Y90.98 E294.32973
G1 X70.82 Y90.98 E294.40271
G1 X70.82 Y99.02 E294.45313
G0 F7200 X70.25 Y91.18
G1 F1800 X70.62 Y91.551 E294.45641
G0 F7200 X70.62 Y92.116
G1 F1800 X69.684 Y91.18 E294.46471
G0 F7200 X69.118 Y91.18
G1 F1800 X70.62 Y92.682 E294.47803
G0 F7200 X70.62 Y93.248
G1 F1800 X68.553 Y91.18 E294.49636
G0 F7200 X67.987 Y91.18
G1 F1800 X70.62 Y93.813 E294.51971
G0 F7200 X70.62 Y94.379
G1 F1800 X67.421 Y91.18 E294.54808
G0 F7200 X66.856 Y91.18
G1 F1800 X70.62 Y94.945 E294.58146
G0 F7200 X70.62 Y95.51
G1 F1800 X66.29 Y91.18 E294.61986
G0 F7200 X65.724 Y91.18
G1 F1800 X70.62 Y96.076 E294.66327
G0 F7200 X70.62 Y96.642
G1 F1800 X65.158 Y91.18 E294.7117
G0 F7200 X64.593 Y91.18
G1 F1800 X70.62 Y97.207 E294.76515
G0 F7200 X70.62 Y97.773
G1 F1800 X64.027 Y91.18 E294.82361
G0 F7200 X63.461 Y91.18
G1 F1800 X70.62 Y98.339 E294.88709
G0 F7200 X70.535 Y98.82
G1 F1800 X62.896 Y91.18 E294.95483
G0 F7200 X62.33 Y91.18
G1 F1800 X69.97 Y98.82 E295.02258
G0 F7200 X69.404 Y98.82
G1 F1800 X61.764 Y91.18 E295.09033
G0 F7200 X61.199 Y91.18
G1 F1800 X68.838 Y98.82 E295.15807
G0 F7200 X68.273 Y98.82
G1 F1800 X60.633 Y91.18 E295.22582
G0 F7200 X60.067 Y91.18
G1 F1800 X67.707 Y98.82 E295.29356
G0 F7200 X67.141 Y98.82
G1 F1800 X59.502 Y91.18 E295.36131
G0 F7200 X59.38 Y91.624
G1 F1800 X66.576 Y98.82 E295.42512
G0 F7200 X66.01 Y98.82
G1 F1800 X59.38 Y92.19 E295.48391
G0 F7200 X59.38 Y92.755
G1 F1800 X65.444 Y98.82 E295.53768
G0 F7200 X64.878 Y98.82
G1 F1800 X59.38 Y93.321 E295.58644
G0 F7200 X59.38 Y93.887
G1 F1800 X64.313 Y98.82 E295.63018
G0 F7200 X63.747 Y98.82
G1 F1800 X59.38 Y94.452 E295.66891
G0 F7200 X59.38 Y95.018
G1 F1800 X63.181 Y98.82 E295.70262
G0 F7200 X62.616 Y98.82
G1 F1800 X59.38 Y95.584 E295.73132
G0 F7200 X59.38 Y96.15
G1 F1800 X62.05 Y98.82 E295.75499
G0 F7200 X61.484 Y98.82
G1 F1800 X59.38 Y96.715 E295.77365
G0 F7200 X59.38 Y97.281
G1 F1800 X60.919 Y98.82 E295.7873
G0 F7200 X60.353 Y98.82
G1 F1800 X59.38 Y97.847 E295.79593
G0 F7200 X59.38 Y98.412
G1 F1800 X59.787 Y98.82 E295.79954
G0 F7200 X50.82 Y99.02
G1 F1800 X40.98 Y99.02 E295.86124
G1 X40.98 Y90.98 E295.91165
G1 X50.82 Y90.98 E295.97335
G1 X50.82 Y99.02 E296.02376
G0 F7200 X50.451 Y91.18
G1 F1800 X50.62 Y91.35 E296.02527
G0 F7200 X50.62 Y91.915
G1 F1800 X49.885 Y91.18 E296.03178
G0 F7200 X49.319 Y91.18
G1 F1800 X50.62 Y92.481 E296.04332
G0 F7200 X50.62 Y93.047
G1 F1800 X48.754 Y91.18 E296.05987
G0 F7200 X48.188 Y91.18
G1 F1800 X50.62 Y93.612 E296.08144
G0 F7200 X50.62 Y94.178
G1 F1800 X47.622 Y91.18 E296.10802
G0 F7200 X47.057 Y91.18
G1 F1800 X50.62 Y94.744 E296.13962
G0 F7200 X50.62 Y95.31
G1 F1800 X46.491 Y91.18 E296.17624
G0 F7200 X45.925 Y91.18
G1 F1800 X50.62 Y95.875 E296.21787
G0 F7200 X50.62 Y96.441
G1 F1800 X45.359 Y91.18 E296.26452
G0 F7200 X44.794 Y91.18
G1 F1800 X50.62 Y97.007 E296.31619
G0 F7200 X50.62 Y97.572
G1 F1800 X44.228 Y91.18 E296.37287
G0 F7200 X43.662 Y91.18
G1 F1800 X50.62 Y98.138 E296.43457
G0 F7200 X50.62 Y98.704
G1 F1800 X43.097 Y91.18 E296.50128
G0 F7200 X42.531 Y91.18
G1 F1800 X50.171 Y98.82 E296.56903
G0 F7200 X49.606 Y98.82
G1 F1800 X41.965 Y91.18 E296.63678
G0 F7200 X41.4 Y91.18
G1 F1800 X49.04 Y98.82 E296.70452
G0 F7200 X48.474 Y98.82
G1 F1800 X41.18 Y91.526 E296.7692
G0 F7200 X41.18 Y92.091
G1 F1800 X47.909 Y98.82 E296.82887
G0 F7200 X47.343 Y98.82
G1 F1800 X41.18 Y92.657 E296.88352
G0 F7200 X41.18 Y93.223
G1 F1800 X46.777 Y98.82 E296.93315
G0 F7200 X46.212 Y98.82
G1 F1800 X41.18 Y93.789 E296.97777
G0 F7200 X41.18 Y94.354
G1 F1800 X45.646 Y98.82 E297.01737
G0 F7200 X45.08 Y98.82
G1 F1800 X41.18 Y94.92 E297.05195
G0 F7200 X41.18 Y95.486
G1 F1800 X44.514 Y98.82 E297.08152
G0 F7200 X43.949 Y98.82
G1 F1800 X41.18 Y96.051 E297.10607
G0 F7200 X41.18 Y96.617
G1 F1800 X43.383 Y98.82 E297.12561
G0 F7200 X42.817 Y98.82
G1 F1800 X41.18 Y97.183 E297.14012
G0 F7200 X41.18 Y97.748
G1 F1800 X42.252 Y98.82 E297.14963
G0 F7200 X41.686 Y98.82
G1 F1800 X41.18 Y98.314 E297.15411
G0 F7200 X41.2 Y98.314
;MESH:NONMESH
G0 F600 X41.2 Y98.314 Z10.2
G0 F7200 X52.269 Y90.9
G0 X52.269 Y90.76
;TIME_ELAPSED:1429.359208
;LAYER:99
;TYPE:FILL
;MESH:test.stl
G1 F3600 X50.96 Y92.07 E297.16573
G0 F7200 X50.96 Y92.273
G1 F3600 X57.926 Y99.24 E297.2275
G1 X57.931 Y99.24
G1 X59.04 Y98.132 E297.23733
G0 F7200 X59.041 Y97.526
G1 F3600 X52.275 Y90.76 E297.29733
G1 X52.247 Y90.732
G0 F7200 X52.247 Y90.9
G0 X55.098 Y90.9
G0 X55.098 Y90.76
G1 F3600 X50.96 Y94.898 E297.33402
G0 F7200 X50.96 Y95.102
G1 F3600 X55.098 Y99.24 E297.37071
G1 X55.103 Y99.24
G1 X59.04 Y95.303 E297.40562
G0 F7200 X59.041 Y94.697
G1 F3600 X55.103 Y90.76 E297.44054
G1 X55.075 Y90.732
G0 F7200 X55.075 Y90.9
G0 X57.926 Y90.9
G0 X57.926 Y90.76
G1 F3600 X50.96 Y97.726 E297.50231
G0 F7200 X50.96 Y97.93
G1 F3600 X52.269 Y99.24 E297.51392
G1 X52.274 Y99.24
G1 X59.04 Y92.475 E297.57391
G0 F7200 X59.041 Y91.869
G1 F3600 X57.932 Y90.76 E297.58375
G1 X57.904 Y90.732
G0 F7200 X57.904 Y90.9
G0 X70.96 Y91.868
G1 F3600 X72.068 Y90.76 E297.59357
G1 X72.074 Y90.76
G1 X79.04 Y97.726 E297.65534
G0 F7200 X79.04 Y97.931
G1 F3600 X77.73 Y99.24 E297.66695
G1 X77.726 Y99.24
G1 X70.96 Y92.474 E297.72695
G1 X70.932 Y92.446
G0 F7200 X70.96 Y94.696
G1 F3600 X74.897 Y90.76 E297.76186
G1 X74.902 Y90.76
G1 X79.04 Y94.898 E297.79855
G0 F7200 X79.04 Y95.102
G1 F3600 X74.902 Y99.24 E297.83524
G1 X74.897 Y99.24
G1 X70.96 Y95.302 E297.87016
G1 X70.932 Y95.274
G0 F7200 X70.96 Y97.525
G1 F3600 X77.725 Y90.76 E297.93015
G1 X77.731 Y90.76
G1 X79.04 Y92.07 E297.94176
G0 F7200 X79.04 Y92.274
G1 F3600 X72.073 Y99.24 E298.00353
G1 X72.069 Y99.24
G1 X70.96 Y98.131 E298.01337
G1 X70.932 Y98.103
G0 F7200 X89.13 Y99.13
G0 X89.4 Y99.4
;TYPE:WALL-INNER
G1 F3600 X89.4 Y90.6 E298.06855
G1 X40.6 Y90.6 E298.37453
G1 X40.6 Y99.4 E298.42971
G1 X89.4 Y99.4 E298.73569
G0 F7200 X89.8 Y99.8
;TYPE:WALL-OUTER
G1 F1800 X89.8 Y90.2 E298.79589
G1 X40.2 Y90.2 E299.10689
G1 X40.2 Y99.8 E299.16708
G1 X89.8 Y99.8 E299.47808
G0 F7200 X89.8 Y99.6
G0 X89.02 Y99.02
;TYPE:SKIN
G1 F1800 X79.18 Y99.02 E299.53978
G1 X79.18 Y90.98 E299.59019
G1 X89.02 Y90.98 E299.65189
G1 X89.02 Y99.02 E299.70231
G0 F7200 X88.422 Y98.82
G1 F1800 X88.82 Y98.422 E299.70583
G0 F7200 X88.82 Y97.857
G1 F1800 X87.856 Y98.82 E299.71438
G0 F7200 X87.29 Y98.82
G1 F1800 X88.82 Y97.291 E299.72794
G0 F7200 X88.82 Y96.725
G1 F1800 X86.725 Y98.82 E299.74652
G0 F7200 X86.159 Y98.82
G1 F1800 X88.82 Y96.159 E299.77011
G0 F7200 X88.82 Y95.594
G1 F1800 X85.593 Y98.82 E299.79872
G0 F7200 X85.027 Y98.82
G1 F1800 X88.82 Y95.028 E299.83235
G0 F7200 X88.82 Y94.462
G1 F1800 X84.462 Y98.82 E299.871
G0 F7200 X83.896 Y98.82
G1 F1800 X88.82 Y93.897 E299.91466
G0 F7200 X88.82 Y93.331
G1 F1800 X83.33 Y98.82 E299.96333
G0 F7200 X82.765 Y98.82
G1 F1800 X88.82 Y92.765 E300.01703
G0 F7200 X88.82 Y92.2
G1 F1800 X82.199 Y98.82 E300.07573
G0 F7200 X81.633 Y98.82
G1 F1800 X88.82 Y91.634 E300.13946
G0 F7200 X88.708 Y91.18
G1 F1800 X81.068 Y98.82 E300.20721
G0 F7200 X80.502 Y98.82
G1 F1800 X88.142 Y91.18 E300.27495
G0 F7200 X87.577 Y91.18
G1 F1800 X79.936 Y98.82 E300.3427
G0 F7200 X79.38 Y98.811
G1 F1800 X87.011 Y91.18 E300.41037
G0 F7200 X86.445 Y91.18
G1 F1800 X79.38 Y98.245 E300.47302
G0 F7200 X79.38 Y97.68
G1 F1800 X85.88 Y91.18 E300.53066
G0 F7200 X85.314 Y91.18
G1 F1800 X79.38 Y97.114 E300.58328
G0 F7200 X79.38 Y96.548
G1 F1800 X84.748 Y91.18 E300.63088
G0 F7200 X84.182 Y91.18
G1 F1800 X79.38 Y95.983 E300.67346
G0 F7200 X79.38 Y95.417
G1 F1800 X83.617 Y91.18 E300.71103
G0 F7200 X83.051 Y91.18
G1 F1800 X79.38 Y94.851 E300.74358
G0 F7200 X79.38 Y94.286
G1 F1800 X82.485 Y91.18 E300.77112
G0 F7200 X81.92 Y91.18
G1 F1800 X79.38 Y93.72 E300.79364
G0 F7200 X79.38 Y93.154
G1 F1800 X81.354 Y91.18 E300.81115
G0 F7200 X80.788 Y91.18
G1 F1800 X79.38 Y92.589 E300.82364
G0 F7200 X79.38 Y92.023
G1 F1800 X80.223 Y91.18 E300.83111
G0 F7200 X79.657 Y91.18
G1 F1800 X79.38 Y91.457 E300.83357
G0 F7200 X70.82 Y99.02
G1 F1800 X59.18 Y99.02 E300.90656
G1 X59.18 Y90.98 E300.95697
G1 X70.82 Y90.98 E301.02995
G1 X70.82 Y99.02 E301.08036
G0 F7200 X70.32 Y98.82
G1 F1800 X70.62 Y98.52 E301.08302
G0 F7200 X70.62 Y97.954
G1 F1800 X69.755 Y98.82 E301.0907
G0 F7200 X69.189 Y98.82
G1 F1800 X70.62 Y97.388 E301.10339
G0 F7200 X70.62 Y96.823
G1 F1800 X68.623 Y98.82 E301.1211
G0 F7200 X68.058 Y98.82
G1 F1800 X70.62 Y96.257 E301.14382
G0 F7200 X70.62 Y95.691
G1 F1800 X67.492 Y98.82 E301.17157
G0 F7200 X66.926 Y98.82
G1 F1800 X70.62 Y95.126 E301.20432
G0 F7200 X70.62 Y94.56
G1 F1800 X66.361 Y98.82 E301.24209
G0 F7200 X65.795 Y98.82
G1 F1800 X70.62 Y93.994 E301.28488
G0 F7200 X70.62 Y93.429
G1 F1800 X65.229 Y98.82 E301.33269
G0 F7200 X64.664 Y98.82
G1 F1800 X70.62 Y92.863 E301.3855
G0 F7200 X70.62 Y92.297
G1 F1800 X64.098 Y98.82 E301.44334
G0 F7200 X63.532 Y98.82
G1 F1800 X70.62 Y91.732 E301.50619
G0 F7200 X70.606 Y91.18
G1 F1800 X62.966 Y98.82 E301.57394
G0 F7200 X62.401 Y98.82
G1 F1800 X70.04 Y91.18 E301.64168
G0 F7200 X69.475 Y91.18
G1 F1800 X61.835 Y98.82 E301.70943
G0 F7200 X61.269 Y98.82
G1 F1800 X68.909 Y91.18 E301.77718
G0 F7200 X68.343 Y91.18
G1 F1800 X60.704 Y98.82 E301.84492
G0 F7200 X60.138 Y98.82
G1 F1800 X67.778 Y91.18 E301.91267
G0 F7200 X67.212 Y91.18
G1 F1800 X59.572 Y98.82 E301.98041
G0 F7200 X59.38 Y98.446
G1 F1800 X66.646 Y91.18 E302.04484
G0 F7200 X66.081 Y91.18
G1 F1800 X59.38 Y97.881 E302.10426
G0 F7200 X59.38 Y97.315
G1 F1800 X65.515 Y91.18 E302.15866
G0 F7200 X64.949 Y91.18
G1 F1800 X59.38 Y96.749 E302.20805
G0 F7200 X59.38 Y96.183
G1 F1800 X64.383 Y91.18 E302.25241
G0 F7200 X63.818 Y91.18
G1 F1800 X59.38 Y95.618 E302.29176
G0 F7200 X59.38 Y95.052
G1 F1800 X63.252 Y91.18 E302.3261
G0 F7200 X62.686 Y91.18
G1 F1800 X59.38 Y94.486 E302.35541
G0 F7200 X59.38 Y93.921
G1 F1800 X62.121 Y91.18 E302.37972
G0 F7200 X61.555 Y91.18
G1 F1800 X59.38 Y93.355 E302.39901
G0 F7200 X59.38 Y92.789
G1 F1800 X60.989 Y91.18 E302.41327
G0 F7200 X60.424 Y91.18
G1 F1800 X59.38 Y92.224 E302.42253
G0 F7200 X59.38 Y91.658
G1 F1800 X59.858 Y91.18 E302.42677
G0 F7200 X50.82 Y99.02
G1 F1800 X40.98 Y99.02 E302.48847
G1 X40.98 Y90.98 E302.53888
G1 X50.82 Y90.98 E302.60058
G1 X50.82 Y99.02 E302.65099
G0 F7200 X50.521 Y98.82
G1 F1800 X50.62 Y98.721 E302.65187
G0 F7200 X50.62 Y98.156
G1 F1800 X49.955 Y98.82 E302.65776
G0 F7200 X49.389 Y98.82
G1 F1800 X50.62 Y97.59 E302.66867
G0 F7200 X50.62 Y97.024
G1 F1800 X48.824 Y98.82 E302.6846
G0 F7200 X48.258 Y98.82
G1 F1800 X50.62 Y96.459 E302.70554
G0 F7200 X50.62 Y95.893
G1 F1800 X47.692 Y98.82 E302.7315
G0 F7200 X47.127 Y98.82
G1 F1800 X50.62 Y95.327 E302.76247
G0 F7200 X50.62 Y94.762
G1 F1800 X46.561 Y98.82 E302.79846
G0 F7200 X45.995 Y98.82
G1 F1800 X50.62 Y94.196 E302.83947
G0 F7200 X50.62 Y93.63
G1 F1800 X45.429 Y98.82 E302.88549
G0 F7200 X44.864 Y98.82
G1 F1800 X50.62 Y93.064 E302.93654
G0 F7200 X50.62 Y92.499
G1 F1800 X44.298 Y98.82 E302.99259
G0 F7200 X43.732 Y98.82
G1 F1800 X50.62 Y91.933 E303.05366
G0 F7200 X50.62 Y91.367
G1 F1800 X43.167 Y98.82 E303.11975
G0 F7200 X42.601 Y98.82
G1 F1800 X50.241 Y91.18 E303.1875
G0 F7200 X49.676 Y91.18
G1 F1800 X42.035 Y98.82 E303.25525
G0 F7200 X41.47 Y98.82
G1 F1800 X49.11 Y91.18 E303.323
G0 F7200 X48.544 Y91.18
G1 F1800 X41.18 Y98.544 E303.3883
G0 F7200 X41.18 Y97.978
G1 F1800 X47.979 Y91.18 E303.44858
G0 F7200 X47.413 Y91.18
G1 F1800 X41.18 Y97.412 E303.50385
G0 F7200 X41.18 Y96.847
G1 F1800 X46.847 Y91.18 E303.5541
G0 F7200 X46.282 Y91.18
G1 F1800 X41.18 Y96.281 E303.59934
G0 F7200 X41.18 Y95.715
G1 F1800 X45.716 Y91.18 E303.63955
G0 F7200 X45.15 Y91.18
G1 F1800 X41.18 Y95.15 E303.67476
G0 F7200 X41.18 Y94.584
G1 F1800 X44.584 Y91.18 E303.70494
G0 F7200 X44.019 Y91.18
G1 F1800 X41.18 Y94.018 E303.73011
G0 F7200 X41.18 Y93.453
G1 F1800 X43.453 Y91.18 E303.75027
G0 F7200 X42.887 Y91.18
G1 F1800 X41.18 Y92.887 E303.7654
G0 F7200 X41.18 Y92.321
G1 F1800 X42.322 Y91.18 E303.77553
G0 F7200 X41.756 Y91.18
G1 F1800 X41.18 Y91.756 E303.78063
G1 X41.152 Y91.784
G0 F7200 X41.2 Y91.784
;MESH:NONMESH
G0 F600 X41.2 Y91.784 Z10.3
G0 F7200 X52.269 Y90.9
G0 X52.269 Y90.76
;TIME_ELAPSED:1463.725103
;LAYER:100
;TYPE:FILL
;MESH:test.stl
G1 F3600 X50.96 Y92.07 E303.79225
G0 F7200 X50.96 Y92.273
G1 F3600 X57.926 Y99.24 E303.85402
G1 X57.931 Y99.24
G1 X59.04 Y98.132 E303.86385
G0 F7200 X59.041 Y97.526
G1 F3600 X52.275 Y90.76 E303.92385
G1 X52.247 Y90.732
G0 F7200 X52.247 Y90.9
G0 X55.098 Y90.9
G0 X55.098 Y90.76
G1 F3600 X50.96 Y94.898 E303.96054
G0 F7200 X50.96 Y95.102
G1 F3600 X55.098 Y99.24 E303.99723
G1 X55.103 Y99.24
G1 X59.04 Y95.303 E304.03214
G0 F7200 X59.041 Y94.697
G1 F3600 X55.103 Y90.76 E304.06706
G1 X55.075 Y90.732
G0 F7200 X55.075 Y90.9
G0 X57.926 Y90.9
G0 X57.926 Y90.76
G1 F3600 X50.96 Y97.726 E304.12883
G0 F7200 X50.96 Y97.93
G1 F3600 X52.269 Y99.24 E304.14044
G1 X52.274 Y99.24
G1 X59.04 Y92.475 E304.20043
G0 F7200 X59.041 Y91.869
G1 F3600 X57.932 Y90.76 E304.21027
G1 X57.904 Y90.732
G0 F7200 X57.904 Y90.9
G0 X70.96 Y91.868
G1 F3600 X72.068 Y90.76 E304.22009
G1 X72.074 Y90.76
G1 X79.04 Y97.726 E304.28186
G0 F7200 X79.04 Y97.931
G1 F3600 X77.73 Y99.24 E304.29347
G1 X77.726 Y99.24
G1 X70.96 Y92.474 E304.35347
G1 X70.932 Y92.446
G0 F7200 X70.96 Y94.696
G1 F3600 X74.897 Y90.76 E304.38838
G1 X74.902 Y90.76
G1 X79.04 Y94.898 E304.42507
G0 F7200 X79.04 Y95.102
G1 F3600 X74.902 Y99.24 E304.46176
G1 X74.897 Y99.24
G1 X70.96 Y95.302 E304.49668
G1 X70.932 Y95.274
G0 F7200 X70.96 Y97.525
G1 F3600 X77.725 Y90.76 E304.55667
G1 X77.731 Y90.76
G1 X79.04 Y92.07 E304.56828
G0 F7200 X79.04 Y92.274
G1 F3600 X72.073 Y99.24 E304.63005
G1 X72.069 Y99.24
G1 X70.96 Y98.131 E304.63989
G1 X70.932 Y98.103
G0 F7200 X89.13 Y99.13
G0 X89.4 Y99.4
;TYPE:WALL-INNER
G1 F3600 X89.4 Y90.6 E304.69507
G1 X40.6 Y90.6 E305.00105
G1 X40.6 Y99.4 E305.05623
G1 X89.4 Y99.4 E305.36221
G0 F7200 X89.8 Y99.8
;TYPE:WALL-OUTER
G1 F1800 X89.8 Y90.2 E305.42241
G1 X40.2 Y90.2 E305.73341
G1 X40.2 Y99.8 E305.7936
G1 X89.8 Y99.8 E306.1046
G0 F7200 X89.8 Y99.6
G0 X89.02 Y99.02
;TYPE:SKIN
G1 F1800 X79.18 Y99.02 E306.1663
G1 X79.18 Y90.98 E306.21671
G1 X89.02 Y90.98 E306.27841
G1 X89.02 Y99.02 E306.32883
G0 F7200 X88.352 Y91.18
G1 F1800 X88.82 Y91.649 E306.33298
G0 F7200 X88.82 Y92.215
G1 F1800 X87.786 Y91.18 E306.34215
G0 F7200 X87.22 Y91.18
G1 F1800 X88.82 Y92.78 E306.35634
G0 F7200 X88.82 Y93.346
G1 F1800 X86.655 Y91.18 E306.37554
G0 F7200 X86.089 Y91.18
G1 F1800 X88.82 Y93.912 E306.39976
G0 F7200 X88.82 Y94.477
G1 F1800 X85.523 Y91.18 E306.429
G0 F7200 X84.957 Y91.18
G1 F1800 X88.82 Y95.043 E306.46325
G0 F7200 X88.82 Y95.609
G1 F1800 X84.392 Y91.18 E306.50252
G0 F7200 X83.826 Y91.18
G1 F1800 X88.82 Y96.174 E306.54681
G0 F7200 X88.82 Y96.74
G1 F1800 X83.26 Y91.18 E306.59611
G0 F7200 X82.695 Y91.18
G1 F1800 X88.82 Y97.306 E306.65043
G0 F7200 X88.82 Y97.871
G1 F1800 X82.129 Y91.18 E306.70976
G0 F7200 X81.563 Y91.18
G1 F1800 X88.82 Y98.437 E306.77411
G0 F7200 X88.637 Y98.82
G1 F1800 X80.998 Y91.18 E306.84185
G0 F7200 X80.432 Y91.18
G1 F1800 X88.072 Y98.82 E306.9096
G0 F7200 X87.506 Y98.82
G1 F1800 X79.866 Y91.18 E306.97735
G0 F7200 X79.38 Y91.259
G1 F1800 X86.94 Y98.82 E307.04439
G0 F7200 X86.375 Y98.82
G1 F1800 X79.38 Y91.825 E307.10641
G0 F7200 X79.38 Y92.391
G1 F1800 X85.809 Y98.82 E307.16342
G0 F7200 X85.243 Y98.82
G1 F1800 X79.38 Y92.956 E307.21542
G0 F7200 X79.38 Y93.522
G1 F1800 X84.677 Y98.82 E307.26239
G0 F7200 X84.112 Y98.82
G1 F1800 X79.38 Y94.088 E307.30435
G0 F7200 X79.38 Y94.653
G1 F1800 X83.546 Y98.82 E307.3413
G0 F7200 X82.98 Y98.82
G1 F1800 X79.38 Y95.219 E307.37323
G0 F7200 X79.38 Y95.785
G1 F1800 X82.415 Y98.82 E307.40014
G0 F7200 X81.849 Y98.82
G1 F1800 X79.38 Y96.35 E307.42204
G0 F7200 X79.38 Y96.916
G1 F1800 X81.283 Y98.82 E307.43892
G0 F7200 X80.718 Y98.82
G1 F1800 X79.38 Y97.482 E307.45078
G0 F7200 X79.38 Y98.047
G1 F1800 X80.152 Y98.82 E307.45763
G0 F7200 X79.586 Y98.82
G1 F1800 X79.38 Y98.613 E307.45946
G0 F7200 X70.82 Y99.02
G1 F1800 X59.18 Y99.02 E307.53245
G1 X59.18 Y90.98 E307.58286
G1 X70.82 Y90.98 E307.65584
G1 X70.82 Y99.02 E307.70626
G0 F7200 X70.25 Y91.18
G1 F1800 X70.62 Y91.551 E307.70954
G0 F7200 X70.62 Y92.116
G1 F1800 X69.684 Y91.18 E307.71784
G0 F7200 X69.118 Y91.18
G1 F1800 X70.62 Y92.682 E307.73116
G0 F7200 X70.62 Y93.248
G1 F1800 X68.553 Y91.18 E307.74949
G0 F7200 X67.987 Y91.18
G1 F1800 X70.62 Y93.813 E307.77284
G0 F7200 X70.62 Y94.379
G1 F1800 X67.421 Y91.18 E307.80121
G0 F7200 X66.856 Y91.18
G1 F1800 X70.62 Y94.945 E307.83459
G0 F7200 X70.62 Y95.51
G1 F1800 X66.29 Y91.18 E307.87298
G0 F7200 X65.724 Y91.18
G1 F1800 X70.62 Y96.076 E307.9164
G0 F7200 X70.62 Y96.642
G1 F1800 X65.158 Y91.18 E307.96483
G0 F7200 X64.593 Y91.18
G1 F1800 X70.62 Y97.207 E308.01828
G0 F7200 X70.62 Y97.773
G1 F1800 X64.027 Y91.18 E308.07674
G0 F7200 X63.461 Y91.18
G1 F1800 X70.62 Y98.339 E308.14022
G0 F7200 X70.535 Y98.82
G1 F1800 X62.896 Y91.18 E308.20796
G0 F7200 X62.33 Y91.18
G1 F1800 X69.97 Y98.82 E308.27571
G0 F7200 X69.404 Y98.82
G1 F1800 X61.764 Y91.18 E308.34346
G0 F7200 X61.199 Y91.18
G1 F1800 X68.838 Y98.82 E308.4112
G0 F7200 X68.273 Y98.82
G1 F1800 X60.633 Y91.18 E308.47895
G0 F7200 X60.067 Y91.18
G1 F1800 X67.707 Y98.82 E308.54669
G0 F7200 X67.141 Y98.82
G1 F1800 X59.502 Y91.18 E308.61443
G0 F7200 X59.38 Y91.624
G1 F1800 X66.576 Y98.82 E308.67824
G0 F7200 X66.01 Y98.82
G1 F1800 X59.38 Y92.19 E308.73704
G0 F7200 X59.38 Y92.755
G1 F1800 X65.444 Y98.82 E308.79081
G0 F7200 X64.878 Y98.82
G1 F1800 X59.38 Y93.321 E308.83957
G0 F7200 X59.38 Y93.887
G1 F1800 X64.313 Y98.82 E308.88331
G0 F7200 X63.747 Y98.82
G1 F1800 X59.38 Y94.452 E308.92204
G0 F7200 X59.38 Y95.018
G1 F1800 X63.181 Y98.82 E308.95575
G0 F7200 X62.616 Y98.82
G1 F1800 X59.38 Y95.584 E308.98444
G0 F7200 X59.38 Y96.15
G1 F1800 X62.05 Y98.82 E309.00812
G0 F7200 X61.484 Y98.82
G1 F1800 X59.38 Y96.715 E309.02678
G0 F7200 X59.38 Y97.281
G1 F1800 X60.919 Y98.82 E309.04043
G0 F7200 X60.353 Y98.82
G1 F1800 X59.38 Y97.847 E309.04906
G0 F7200 X59.38 Y98.412
G1 F1800 X59.787 Y98.82 E309.05267
G0 F7200 X50.82 Y99.02
G1 F1800 X40.98 Y99.02 E309.11437
G1 X40.98 Y90.98 E309.16478
G1 X50.82 Y90.98 E309.22648
G1 X50.82 Y99.02 E309.27689
G0 F7200 X50.451 Y91.18
G1 F1800 X50.62 Y91.35 E309.27839
G0 F7200 X50.62 Y91.915
G1 F1800 X49.885 Y91.18 E309.28491
G0 F7200 X49.319 Y91.18
G1 F1800 X50.62 Y92.481 E309.29645
G0 F7200 X50.62 Y93.047
G1 F1800 X48.754 Y91.18 E309.313
G0 F7200 X48.188 Y91.18
G1 F1800 X50.62 Y93.612 E309.33456
G0 F7200 X50.62 Y94.178
G1 F1800 X47.622 Y91.18 E309.36115
G0 F7200 X47.057 Y91.18
G1 F1800 X50.62 Y94.744 E309.39275
G0 F7200 X50.62 Y95.31
G1 F1800 X46.491 Y91.18 E309.42937
G0 F7200 X45.925 Y91.18
G1 F1800 X50.62 Y95.875 E309.471
G0 F7200 X50.62 Y96.441
G1 F1800 X45.359 Y91.18 E309.51765
G0 F7200 X44.794 Y91.18
G1 F1800 X50.62 Y97.007 E309.56932
G0 F7200 X50.62 Y97.572
G1 F1800 X44.228 Y91.18 E309.626
G0 F7200 X43.662 Y91.18
G1 F1800 X50.62 Y98.138 E309.6877
G0 F7200 X50.62 Y98.704
G1 F1800 X43.097 Y91.18 E309.75441
G0 F7200 X42.531 Y91.18
G1 F1800 X50.171 Y98.82 E309.82216
G0 F7200 X49.606 Y98.82
G1 F1800 X41.965 Y91.18 E309.88991
G0 F7200 X41.4 Y91.18
G1 F1800 X49.04 Y98.82 E309.95765
G0 F7200 X48.474 Y98.82
G1 F1800 X41.18 Y91.526 E310.02233
G0 F7200 X41.18 Y92.091
G1 F1800 X47.909 Y98.82 E310.082
G0 F7200 X47.343 Y98.82
G1 F1800 X41.18 Y92.657 E310.13665
G0 F7200 X41.18 Y93.223
G1 F1800 X46.777 Y98.82 E310.18628
G0 F7200 X46.212 Y98.82
G1 F1800 X41.18 Y93.789 E310.2309
G0 F7200 X41.18 Y94.354
G1 F1800 X45.646 Y98.82 E310.2705
G0 F7200 X45.08 Y98.82
G1 F1800 X41.18 Y94.92 E310.30508
G0 F7200 X41.18 Y95.486
G1 F1800 X44.514 Y98.82 E310.33465
G0 F7200 X43.949 Y98.82
G1 F1800 X41.18 Y96.051 E310.3592
G0 F7200 X41.18 Y96.617
G1 F1800 X43.383 Y98.82 E310.37873
G0 F7200 X42.817 Y98.82
G1 F1800 X41.18 Y97.183 E310.39325
G0 F7200 X41.18 Y97.748
G1 F1800 X42.252 Y98.82 E310.40276
G0 F7200 X41.686 Y98.82
G1 F1800 X41.18 Y98.314 E310.40724
G0 F7200 X41.2 Y98.314
;MESH:NONMESH
G0 F600 X41.2 Y98.314 Z10.4
G0 F7200 X52.269 Y90.9
G0 X52.269 Y90.76
;TIME_ELAPSED:1498.274127
;LAYER:101
;TYPE:FILL
;MESH:test.stl
G1 F3600 X50.96 Y92.07 E310.41885
G0 F7200 X50.96 Y92.273
G1 F3600 X57.926 Y99.24 E310.48063
G1 X57.931 Y99.24
G1 X59.04 Y98.132 E310.49046
G0 F7200 X59.041 Y97.526
G1 F3600 X52.275 Y90.76 E310.55046
G1 X52.247 Y90.732
G0 F7200 X52.247 Y90.9
G0 X55.098 Y90.9
G0 X55.098 Y90.76
G1 F3600 X50.96 Y94.898 E310.58715
G0 F7200 X50.96 Y95.102
G1 F3600 X55.098 Y99.24 E310.62384
G1 X55.103 Y99.24
G1 X59.04 Y95.303 E310.65875
G0 F7200 X59.041 Y94.697
G1 F3600 X55.103 Y90.76 E310.69367
G1 X55.075 Y90.732
G0 F7200 X55.075 Y90.9
G0 X57.926 Y90.9
G0 X57.926 Y90.76
G1 F3600 X50.96 Y97.726 E310.75544
G0 F7200 X50.96 Y97.93
G1 F3600 X52.269 Y99.24 E310.76705
G1 X52.274 Y99.24
G1 X59.04 Y92.475 E310.82704
G0 F7200 X59.041 Y91.869
G1 F3600 X57.932 Y90.76 E310.83688
G1 X57.904 Y90.732
G0 F7200 X57.904 Y90.9
G0 X70.96 Y91.868
G1 F3600 X72.068 Y90.76 E310.8467
G1 X72.074 Y90.76
G1 X79.04 Y97.726 E310.90847
G0 F7200 X79.04 Y97.931
G1 F3600 X77.73 Y99.24 E310.92008
G1 X77.726 Y99.24
G1 X70.96 Y92.474 E310.98008
G1 X70.932 Y92.446
G0 F7200 X70.96 Y94.696
G1 F3600 X74.897 Y90.76 E311.01499
G1 X74.902 Y90.76
G1 X79.04 Y94.898 E311.05168
G0 F7200 X79.04 Y95.102
G1 F3600 X74.902 Y99.24 E311.08837
G1 X74.897 Y99.24
G1 X70.96 Y95.302 E311.12329
G1 X70.932 Y95.274
G0 F7200 X70.96 Y97.525
G1 F3600 X77.725 Y90.76 E311.18328
G1 X77.731 Y90.76
G1 X79.04 Y92.07 E311.19489
G0 F7200 X79.04 Y92.274
G1 F3600 X72.073 Y99.24 E311.25666
G1 X72.069 Y99.24
G1 X70.96 Y98.131 E311.2665
G1 X70.932 Y98.103
G0 F7200 X89.13 Y99.13
G0 X89.4 Y99.4
;TYPE:WALL-INNER
G1 F3600 X89.4 Y90.6 E311.32167
G1 X40.6 Y90.6 E311.62766
G1 X40.6 Y99.4 E311.68284
G1 X89.4 Y99.4 E311.98882
G0 F7200 X89.8 Y99.8
;TYPE:WALL-OUTER
G1 F1800 X89.8 Y90.2 E312.04902
G1 X40.2 Y90.2 E312.36002
G1 X40.2 Y99.8 E312.42021
G1 X89.8 Y99.8 E312.73121
G0 F7200 X89.8 Y99.6
G0 X89.02 Y99.02
;TYPE:SKIN
G1 F1800 X79.18 Y99.02 E312.79291
G1 X79.18 Y90.98 E312.84332
G1 X89.02 Y90.98 E312.90502
G1 X89.02 Y99.02 E312.95543
G0 F7200 X88.422 Y98.82
G1 F1800 X88.82 Y98.422 E312.95896
G0 F7200 X88.82 Y97.857
G1 F1800 X87.856 Y98.82 E312.96751
G0 F7200 X87.29 Y98.82
G1 F1800 X88.82 Y97.291 E312.98107
G0 F7200 X88.82 Y96.725
G1 F1800 X86.725 Y98.82 E312.99965
G0 F7200 X86.159 Y98.82
G1 F1800 X88.82 Y96.159 E313.02324
G0 F7200 X88.82 Y95.594
G1 F1800 X85.593 Y98.82 E313.05185
G0 F7200 X85.027 Y98.82
G1 F1800 X88.82 Y95.028 E313.08548
G0 F7200 X88.82 Y94.462
G1 F1800 X84.462 Y98.82 E313.12413
G0 F7200 X83.896 Y98.82
G1 F1800 X88.82 Y93.897 E313.16779
G0 F7200 X88.82 Y93.331
G1 F1800 X83.33 Y98.82 E313.21646
G0 F7200 X82.765 Y98.82
G1 F1800 X88.82 Y92.765 E313.27016
G0 F7200 X88.82 Y92.2
G1 F1800 X82.199 Y98.82 E313.32886
G0 F7200 X81.633 Y98.82
G1 F1800 X88.82 Y91.634 E313.39259
G0 F7200 X88.708 Y91.18
G1 F1800 X81.068 Y98.82 E313.46033
G0 F7200 X80.502 Y98.82
G1 F1800 X88.142 Y91.18 E313.52808
G0 F7200 X87.577 Y91.18
G1 F1800 X79.936 Y98.82 E313.59583
G0 F7200 X79.38 Y98.811
G1 F1800 X87.011 Y91.18 E313.6635
G0 F7200 X86.445 Y91.18
G1 F1800 X79.38 Y98.245 E313.72615
G0 F7200 X79.38 Y97.68
G1 F1800 X85.88 Y91.18 E313.78378
G0 F7200 X85.314 Y91.18
G1 F1800 X79.38 Y97.114 E313.8364
G0 F7200 X79.38 Y96.548
G1 F1800 X84.748 Y91.18 E313.884
G0 F7200 X84.182 Y91.18
G1 F1800 X79.38 Y95.983 E313.92659
G0 F7200 X79.38 Y95.417
G1 F1800 X83.617 Y91.18 E313.96416
G0 F7200 X83.051 Y91.18
G1 F1800 X79.38 Y94.851 E313.99671
G0 F7200 X79.38 Y94.286
G1 F1800 X82.485 Y91.18 E314.02425
G0 F7200 X81.92 Y91.18
G1 F1800 X79.38 Y93.72 E314.04677
G0 F7200 X79.38 Y93.154
G1 F1800 X81.354 Y91.18 E314.06428
G0 F7200 X80.788 Y91.18
G1 F1800 X79.38 Y92.589 E314.07677
G0 F7200 X79.38 Y92.023
G1 F1800 X80.223 Y91.18 E314.08424
G0 F7200 X79.657 Y91.18
G1 F1800 X79.38 Y91.457 E314.0867
G0 F7200 X70.82 Y99.02
G1 F1800 X59.18 Y99.02 E314.15968
G1 X59.18 Y90.98 E314.2101
G1 X70.82 Y90.98 E314.28308
G1 X70.82 Y99.02 E314.33349
G0 F7200 X70.32 Y98.82
G1 F1800 X70.62 Y98.52 E314.33615
G0 F7200 X70.62 Y97.954
G1 F1800 X69.755 Y98.82 E314.34383
G0 F7200 X69.189 Y98.82
G1 F1800 X70.62 Y97.388 E314.35652
G0 F7200 X70.62 Y96.823
G1 F1800 X68.623 Y98.82 E314.37423
G0 F7200 X68.058 Y98.82
G1 F1800 X70.62 Y96.257 E314.39695
G0 F7200 X70.62 Y95.691
G1 F1800 X67.492 Y98.82 E314.42469
G0 F7200 X66.926 Y98.82
G1 F1800 X70.62 Y95.126 E314.45745
G0 F7200 X70.62 Y94.56
G1 F1800 X66.361 Y98.82 E314.49522
G0 F7200 X65.795 Y98.82
G1 F1800 X70.62 Y93.994 E314.53801
G0 F7200 X70.62 Y93.429
G1 F1800 X65.229 Y98.82 E314.58581
G0 F7200 X64.664 Y98.82
G1 F1800 X70.62 Y92.863 E314.63863
G0 F7200 X70.62 Y92.297
G1 F1800 X64.098 Y98.82 E314.69647
G0 F7200 X63.532 Y98.82
G1 F1800 X70.62 Y91.732 E314.75932
G0 F7200 X70.606 Y91.18
G1 F1800 X62.966 Y98.82 E314.82707
G0 F7200 X62.401 Y98.82
G1 F1800 X70.04 Y91.18 E314.89481
G0 F7200 X69.475 Y91.18
G1 F1800 X61.835 Y98.82 E314.96256
G0 F7200 X61.269 Y98.82
G1 F1800 X68.909 Y91.18 E315.03031
G0 F7200 X68.343 Y91.18
G1 F1800 X60.704 Y98.82 E315.09805
G0 F7200 X60.138 Y98.82
G1 F1800 X67.778 Y91.18 E315.16579
G0 F7200 X67.212 Y91.18
G1 F1800 X59.572 Y98.82 E315.23354
G0 F7200 X59.38 Y98.446
G1 F1800 X66.646 Y91.18 E315.29797
G0 F7200 X66.081 Y91.18
G1 F1800 X59.38 Y97.881 E315.35739
G0 F7200 X59.38 Y97.315
G1 F1800 X65.515 Y91.18 E315.41179
G0 F7200 X64.949 Y91.18
G1 F1800 X59.38 Y96.749 E315.46118
G0 F7200 X59.38 Y96.183
G1 F1800 X64.383 Y91.18 E315.50554
G0 F7200 X63.818 Y91.18
G1 F1800 X59.38 Y95.618 E315.54489
G0 F7200 X59.38 Y95.052
G1 F1800 X63.252 Y91.18 E315.57923
G0 F7200 X62.686 Y91.18
G1 F1800 X59.38 Y94.486 E315.60854
G0 F7200 X59.38 Y93.921
G1 F1800 X62.121 Y91.18 E315.63285
G0 F7200 X61.555 Y91.18
G1 F1800 X59.38 Y93.355 E315.65214
G0 F7200 X59.38 Y92.789
G1 F1800 X60.989 Y91.18 E315.6664
G0 F7200 X60.424 Y91.18
G1 F1800 X59.38 Y92.224 E315.67566
G0 F7200 X59.38 Y91.658
G1 F1800 X59.858 Y91.18 E315.6799
G0 F7200 X50.82 Y99.02
G1 F1800 X40.98 Y99.02 E315.7416
G1 X40.98 Y90.98 E315.79201
G1 X50.82 Y90.98 E315.85371
G1 X50.82 Y99.02 E315.90412
G0 F7200 X50.521 Y98.82
G1 F1800 X50.62 Y98.721 E315.905
G0 F7200 X50.62 Y98.156
G1 F1800 X49.955 Y98.82 E315.91089
G0 F7200 X49.389 Y98.82
G1 F1800 X50.62 Y97.59 E315.9218
G0 F7200 X50.62 Y97.024
G1 F1800 X48.824 Y98.82 E315.93773
G0 F7200 X48.258 Y98.82
G1 F1800 X50.62 Y96.459 E315.95867
G0 F7200 X50.62 Y95.893
G1 F1800 X47.692 Y98.82 E315.98463
G0 F7200 X47.127 Y98.82
G1 F1800 X50.62 Y95.327 E316.0156
G0 F7200 X50.62 Y94.762
G1 F1800 X46.561 Y98.82 E316.05159
G0 F7200 X45.995 Y98.82
G1 F1800 X50.62 Y94.196 E316.0926
G0 F7200 X50.62 Y93.63
G1 F1800 X45.429 Y98.82 E316.13862
G0 F7200 X44.864 Y98.82
G1 F1800 X50.62 Y93.064 E316.18966
G0 F7200 X50.62 Y92.499
G1 F1800 X44.298 Y98.82 E316.24572
G0 F7200 X43.732 Y98.82
G1 F1800 X50.62 Y91.933 E316.30679
G0 F7200 X50.62 Y91.367
G1 F1800 X43.167 Y98.82 E316.37288
G0 F7200 X42.601 Y98.82
G1 F1800 X50.241 Y91.18 E316.44063
G0 F7200 X49.676 Y91.18
G1 F1800 X42.035 Y98.82 E316.50838
G0 F7200 X41.47 Y98.82
G1 F1800 X49.11 Y91.18 E316.57613
G0 F7200 X48.544 Y91.18
G1 F1800 X41.18 Y98.544 E316.64143
G0 F7200 X41.18 Y97.978
G1 F1800 X47.979 Y91.18 E316.70171
G0 F7200 X47.413 Y91.18
G1 F1800 X41.18 Y97.412 E316.75698
G0 F7200 X41.18 Y96.847
G1 F1800 X46.847 Y91.18 E316.80723
G0 F7200 X46.282 Y91.18
G1 F1800 X41.18 Y96.281 E316.85247
G0 F7200 X41.18 Y95.715
G1 F1800 X45.716 Y91.18 E316.89268
G0 F7200 X45.15 Y91.18
G1 F1800 X41.18 Y95.15 E316.92789
G0 F7200 X41.18 Y94.584
G1 F1800 X44.584 Y91.18 E316.95807
G0 F7200 X44.019 Y91.18
G1 F1800 X41.18 Y94.018 E316.98324
G0 F7200 X41.18 Y93.453
G1 F1800 X43.453 Y91.18 E317.0034
G0 F7200 X42.887 Y91.18
G1 F1800 X41.18 Y92.887 E317.01853
G0 F7200 X41.18 Y92.321
G1 F1800 X42.322 Y91.18 E317.02866
G0 F7200 X41.756 Y91.18
G1 F1800 X41.18 Y91.756 E317.03376
G1 X41.152 Y91.784
G0 F7200 X41.2 Y91.784
;MESH:NONMESH
G0 F600 X41.2 Y91.784 Z10.5
G0 F7200 X52.269 Y90.9
G0 X52.269 Y90.76
;TIME_ELAPSED:1532.640022
;LAYER:102
;TYPE:FILL
;MESH:test.stl
G1 F3600 X50.96 Y92.07 E317.04537
G0 F7200 X50.96 Y92.273
G1 F3600 X57.926 Y99.24 E317.10715
G1 X57.931 Y99.24
G1 X59.04 Y98.132 E317.11698
G0 F7200 X59.041 Y97.526
G1 F3600 X52.275 Y90.76 E317.17698
G1 X52.247 Y90.732
G0 F7200 X52.247 Y90.9
G0 X55.098 Y90.9
G0 X55.098 Y90.76
G1 F3600 X50.96 Y94.898 E317.21367
G0 F7200 X50.96 Y95.102
G1 F3600 X55.098 Y99.24 E317.25036
G1 X55.103 Y99.24
G1 X59.04 Y95.303 E317.28527
G0 F7200 X59.041 Y94.697
G1 F3600 X55.103 Y90.76 E317.32019
G1 X55.075 Y90.732
G0 F7200 X55.075 Y90.9
G0 X57.926 Y90.9
G0 X57.926 Y90.76
G1 F3600 X50.96 Y97.726 E317.38196
G0 F7200 X50.96 Y97.93
G1 F3600 X52.269 Y99.24 E317.39357
G1 X52.274 Y99.24
G1 X59.04 Y92.475 E317.45356
G0 F7200 X59.041 Y91.869
G1 F3600 X57.932 Y90.76 E317.4634
G1 X57.904 Y90.732
G0 F7200 X57.904 Y90.9
G0 X70.96 Y91.868
G1 F3600 X72.068 Y90.76 E317.47322
G1 X72.074 Y90.76
G1 X79.04 Y97.726 E317.53499
G0 F7200 X79.04 Y97.931
G1 F3600 X77.73 Y99.24 E317.5466
G1 X77.726 Y99.24
G1 X70.96 Y92.474 E317.6066
G1 X70.932 Y92.446
G0 F7200 X70.96 Y94.696
G1 F3600 X74.897 Y90.76 E317.64151
G1 X74.902 Y90.76
G1 X79.04 Y94.898 E317.6782
G0 F7200 X79.04 Y95.102
G1 F3600 X74.902 Y99.24 E317.71489
G1 X74.897 Y99.24
G1 X70.96 Y95.302 E317.74981
G1 X70.932 Y95.274
G0 F7200 X70.96 Y97.525
G1 F3600 X77.725 Y90.76 E317.8098
G1 X77.731 Y90.76
G1 X79.04 Y92.07 E317.82141
G0 F7200 X79.04 Y92.274
G1 F3600 X72.073 Y99.24 E317.88318
G1 X72.069 Y99.24
G1 X70.96 Y98.131 E317.89302
G1 X70.932 Y98.103
G0 F7200 X89.13 Y99.13
G0 X89.4 Y99.4
;TYPE:WALL-INNER
G1 F3600 X89.4 Y90.6 E317.94819
G1 X40.6 Y90.6 E318.25418
G1 X40.6 Y99.4 E318.30936
G1 X89.4 Y99.4 E318.61534
G0 F7200 X89.8 Y99.8
;TYPE:WALL-OUTER
G1 F1800 X89.8 Y90.2 E318.67554
G1 X40.2 Y90.2 E318.98654
G1 X40.2 Y99.8 E319.04673
G1 X89.8 Y99.8 E319.35773
G0 F7200 X89.8 Y99.6
G0 X89.02 Y99.02
;TYPE:SKIN
G1 F1800 X79.18 Y99.02 E319.41943
G1 X79.18 Y90.98 E319.46984
G1 X89.02 Y90.98 E319.53154
G1 X89.02 Y99.02 E319.58195
G0 F7200 X88.352 Y91.18
G1 F1800 X88.82 Y91.649 E319.58611
G0 F7200 X88.82 Y92.215
G1 F1800 X87.786 Y91.18 E319.59528
G0 F7200 X87.22 Y91.18
G1 F1800 X88.82 Y92.78 E319.60947
G0 F7200 X88.82 Y93.346
G1 F1800 X86.655 Y91.18 E319.62867
G0 F7200 X86.089 Y91.18
G1 F1800 X88.82 Y93.912 E319.65289
G0 F7200 X88.82 Y94.477
G1 F1800 X85.523 Y91.18 E319.68213
G0 F7200 X84.957 Y91.18
G1 F1800 X88.82 Y95.043 E319.71638
G0 F7200 X88.82 Y95.609
G1 F1800 X84.392 Y91.18 E319.75565
G0 F7200 X83.826 Y91.18
G1 F1800 X88.82 Y96.174 E319.79994
G0 F7200 X88.82 Y96.74
G1 F1800 X83.26 Y91.18 E319.84924
G0 F7200 X82.695 Y91.18
G1 F1800 X88.82 Y97.306 E319.90356
G0 F7200 X88.82 Y97.871
G1 F1800 X82.129 Y91.18 E319.96289
G0 F7200 X81.563 Y91.18
G1 F1800 X88.82 Y98.437 E320.02724
G0 F7200 X88.637 Y98.82
G1 F1800 X80.998 Y91.18 E320.09498
G0 F7200 X80.432 Y91.18
G1 F1800 X88.072 Y98.82 E320.16273
G0 F7200 X87.506 Y98.82
G1 F1800 X79.866 Y91.18 E320.23047
G0 F7200 X79.38 Y91.259
G1 F1800 X86.94 Y98.82 E320.29752
G0 F7200 X86.375 Y98.82
G1 F1800 X79.38 Y91.825 E320.35954
G0 F7200 X79.38 Y92.391
G1 F1800 X85.809 Y98.82 E320.41655
G0 F7200 X85.243 Y98.82
G1 F1800 X79.38 Y92.956 E320.46855
G0 F7200 X79.38 Y93.522
G1 F1800 X84.677 Y98.82 E320.51552
G0 F7200 X84.112 Y98.82
G1 F1800 X79.38 Y94.088 E320.55748
G0 F7200 X79.38 Y94.653
G1 F1800 X83.546 Y98.82 E320.59443
G0 F7200 X82.98 Y98.82
G1 F1800 X79.38 Y95.219 E320.62635
G0 F7200 X79.38 Y95.785
G1 F1800 X82.415 Y98.82 E320.65327
G0 F7200 X81.849 Y98.82
G1 F1800 X79.38 Y96.35 E320.67516
G0 F7200 X79.38 Y96.916
G1 F1800 X81.283 Y98.82 E320.69204
G0 F7200 X80.718 Y98.82
G1 F1800 X79.38 Y97.482 E320.70391
G0 F7200 X79.38 Y98.047
G1 F1800 X80.152 Y98.82 E320.71076
G0 F7200 X79.586 Y98.82
G1 F1800 X79.38 Y98.613 E320.71259
G0 F7200 X70.82 Y99.02
G1 F1800 X59.18 Y99.02 E320.78557
G1 X59.18 Y90.98 E320.83599
G1 X70.82 Y90.98 E320.90897
G1 X70.82 Y99.02 E320.95938
G0 F7200 X70.25 Y91.18
G1 F1800 X70.62 Y91.551 E320.96267
G0 F7200 X70.62 Y92.116
G1 F1800 X69.684 Y91.18 E320.97097
G0 F7200 X69.118 Y91.18
G1 F1800 X70.62 Y92.682 E320.98429
G0 F7200 X70.62 Y93.248
G1 F1800 X68.553 Y91.18 E321.00262
G0 F7200 X67.987 Y91.18
G1 F1800 X70.62 Y93.813 E321.02597
G0 F7200 X70.62 Y94.379
G1 F1800 X67.421 Y91.18 E321.05434
G0 F7200 X66.856 Y91.18
G1 F1800 X70.62 Y94.945 E321.08772
G0 F7200 X70.62 Y95.51
G1 F1800 X66.29 Y91.18 E321.12611
G0 F7200 X65.724 Y91.18
G1 F1800 X70.62 Y96.076 E321.16953
G0 F7200 X70.62 Y96.642
G1 F1800 X65.158 Y91.18 E321.21796
G0 F7200 X64.593 Y91.18
G1 F1800 X70.62 Y97.207 E321.2714
G0 F7200 X70.62 Y97.773
G1 F1800 X64.027 Y91.18 E321.32987
G0 F7200 X63.461 Y91.18
G1 F1800 X70.62 Y98.339 E321.39335
G0 F7200 X70.535 Y98.82
G1 F1800 X62.896 Y91.18 E321.46109
G0 F7200 X62.33 Y91.18
G1 F1800 X69.97 Y98.82 E321.52884
G0 F7200 X69.404 Y98.82
G1 F1800 X61.764 Y91.18 E321.59659
G0 F7200 X61.199 Y91.18
G1 F1800 X68.838 Y98.82 E321.66433
G0 F7200 X68.273 Y98.82
G1 F1800 X60.633 Y91.18 E321.73207
G0 F7200 X60.067 Y91.18
G1 F1800 X67.707 Y98.82 E321.79982
G0 F7200 X67.141 Y98.82
G1 F1800 X59.502 Y91.18 E321.86756
G0 F7200 X59.38 Y91.624
G1 F1800 X66.576 Y98.82 E321.93137
G0 F7200 X66.01 Y98.82
G1 F1800 X59.38 Y92.19 E321.99016
G0 F7200 X59.38 Y92.755
G1 F1800 X65.444 Y98.82 E322.04394
G0 F7200 X64.878 Y98.82
G1 F1800 X59.38 Y93.321 E322.0927
G0 F7200 X59.38 Y93.887
G1 F1800 X64.313 Y98.82 E322.13644
G0 F7200 X63.747 Y98.82
G1 F1800 X59.38 Y94.452 E322.17517
G0 F7200 X59.38 Y95.018
G1 F1800 X63.181 Y98.82 E322.20888
G0 F7200 X62.616 Y98.82
G1 F1800 X59.38 Y95.584 E322.23757
G0 F7200 X59.38 Y96.15
G1 F1800 X62.05 Y98.82 E322.26125
G0 F7200 X61.484 Y98.82
G1 F1800 X59.38 Y96.715 E322.27991
G0 F7200 X59.38 Y97.281
G1 F1800 X60.919 Y98.82 E322.29356
G0 F7200 X60.353 Y98.82
G1 F1800 X59.38 Y97.847 E322.30218
G0 F7200 X59.38 Y98.412
G1 F1800 X59.787 Y98.82 E322.3058
G0 F7200 X50.82 Y99.02
G1 F1800 X40.98 Y99.02 E322.3675
G1 X40.98 Y90.98 E322.41791
G1 X50.82 Y90.98 E322.47961
G1 X50.82 Y99.02 E322.53002
G0 F7200 X50.451 Y91.18
G1 F1800 X50.62 Y91.35 E322.53152
G0 F7200 X50.62 Y91.915
G1 F1800 X49.885 Y91.18 E322.53804
G0 F7200 X49.319 Y91.18
G1 F1800 X50.62 Y92.481 E322.54958
G0 F7200 X50.62 Y93.047
G1 F1800 X48.754 Y91.18 E322.56613
G0 F7200 X48.188 Y91.18
G1 F1800 X50.62 Y93.612 E322.58769
G0 F7200 X50.62 Y94.178
G1 F1800 X47.622 Y91.18 E322.61428
G0 F7200 X47.057 Y91.18
G1 F1800 X50.62 Y94.744 E322.64588
G0 F7200 X50.62 Y95.31
G1 F1800 X46.491 Y91.18 E322.68249
G0 F7200 X45.925 Y91.18
G1 F1800 X50.62 Y95.875 E322.72413
G0 F7200 X50.62 Y96.441
G1 F1800 X45.359 Y91.18 E322.77078
G0 F7200 X44.794 Y91.18
G1 F1800 X50.62 Y97.007 E322.82244
G0 F7200 X50.62 Y97.572
G1 F1800 X44.228 Y91.18 E322.87912
G0 F7200 X43.662 Y91.18
G1 F1800 X50.62 Y98.138 E322.94082
G0 F7200 X50.62 Y98.704
G1 F1800 X43.097 Y91.18 E323.00754
G0 F7200 X42.531 Y91.18
G1 F1800 X50.171 Y98.82 E323.07528
G0 F7200 X49.606 Y98.82
G1 F1800 X41.965 Y91.18 E323.14304
G0 F7200 X41.4 Y91.18
G1 F1800 X49.04 Y98.82 E323.21078
G0 F7200 X48.474 Y98.82
G1 F1800 X41.18 Y91.526 E323.27546
G0 F7200 X41.18 Y92.091
G1 F1800 X47.909 Y98.82 E323.33513
G0 F7200 X47.343 Y98.82
G1 F1800 X41.18 Y92.657 E323.38978
G0 F7200 X41.18 Y93.223
G1 F1800 X46.777 Y98.82 E323.43941
G0 F7200 X46.212 Y98.82
G1 F1800 X41.18 Y93.789 E323.48403
G0 F7200 X41.18 Y94.354
G1 F1800 X45.646 Y98.82 E323.52363
G0 F7200 X45.08 Y98.82
G1 F1800 X41.18 Y94.92 E323.55821
G0 F7200 X41.18 Y95.486
G1 F1800 X44.514 Y98.82 E323.58777
G0 F7200 X43.949 Y98.82
G1 F1800 X41.18 Y96.051 E323.61233
G0 F7200 X41.18 Y96.617
G1 F1800 X43.383 Y98.82 E323.63186
G0 F7200 X42.817 Y98.82
G1 F1800 X41.18 Y97.183 E323.64638
G0 F7200 X41.18 Y97.748
G1 F1800 X42.252 Y98.82 E323.65588
G0 F7200 X41.686 Y98.82
G1 F1800 X41.18 Y98.314 E323.66037
G0 F7200 X41.2 Y98.314
;MESH:NONMESH
G0 F600 X41.2 Y98.314 Z10.6
G0 F7200 X52.269 Y90.9
G0 X52.269 Y90.76
;TIME_ELAPSED:1567.189046
;LAYER:103
;TYPE:FILL
;MESH:test.stl
G1 F3600 X50.96 Y92.07 E323.67198
G0 F7200 X50.96 Y92.273
G1 F3600 X57.926 Y99.24 E323.73376
G1 X57.931 Y99.24
G1 X59.04 Y98.132 E323.74359
G0 F7200 X59.041 Y97.526
G1 F3600 X52.275 Y90.76 E323.80358
G1 X52.247 Y90.732
G0 F7200 X52.247 Y90.9
G0 X55.098 Y90.9
G0 X55.098 Y90.76
G1 F3600 X50.96 Y94.898 E323.84028
G0 F7200 X50.96 Y95.102
G1 F3600 X55.098 Y99.24 E323.87697
G1 X55.103 Y99.24
G1 X59.04 Y95.303 E323.91188
G0 F7200 X59.041 Y94.697
G1 F3600 X55.103 Y90.76 E323.9468
G1 X55.075 Y90.732
G0 F7200 X55.075 Y90.9
G0 X57.926 Y90.9
G0 X57.926 Y90.76
G1 F3600 X50.96 Y97.726 E324.00857
G0 F7200 X50.96 Y97.93
G1 F3600 X52.269 Y99.24 E324.02018
G1 X52.274 Y99.24
G1 X59.04 Y92.475 E324.08017
G0 F7200 X59.041 Y91.869
G1 F3600 X57.932 Y90.76 E324.09001
G1 X57.904 Y90.732
G0 F7200 X57.904 Y90.9
G0 X70.96 Y91.868
G1 F3600 X72.068 Y90.76 E324.09983
G1 X72.074 Y90.76
G1 X79.04 Y97.726 E324.1616
G0 F7200 X79.04 Y97.931
G1 F3600 X77.73 Y99.24 E324.17321
G1 X77.726 Y99.24
G1 X70.96 Y92.474 E324.23321
G1 X70.932 Y92.446
G0 F7200 X70.96 Y94.696
G1 F3600 X74.897 Y90.76 E324.26812
G1 X74.902 Y90.76
G1 X79.04 Y94.898 E324.30481
G0 F7200 X79.04 Y95.102
G1 F3600 X74.902 Y99.24 E324.3415
G1 X74.897 Y99.24
G1 X70.96 Y95.302 E324.37642
G1 X70.932 Y95.274
G0 F7200 X70.96 Y97.525
G1 F3600 X77.725 Y90.76 E324.43641
G1 X77.731 Y90.76
G1 X79.04 Y92.07 E324.44802
G0 F7200 X79.04 Y92.274
G1 F3600 X72.073 Y99.24 E324.50979
G1 X72.069 Y99.24
G1 X70.96 Y98.131 E324.51963
G1 X70.932 Y98.103
G0 F7200 X89.13 Y99.13
G0 X89.4 Y99.4
;TYPE:WALL-INNER
G1 F3600 X89.4 Y90.6 E324.5748
G1 X40.6 Y90.6 E324.88079
G1 X40.6 Y99.4 E324.93597
G1 X89.4 Y99.4 E325.24195
G0 F7200 X89.8 Y99.8
;TYPE:WALL-OUTER
G1 F1800 X89.8 Y90.2 E325.30214
G1 X40.2 Y90.2 E325.61315
G1 X40.2 Y99.8 E325.67334
G1 X89.8 Y99.8 E325.98434
G0 F7200 X89.8 Y99.6
G0 X89.02 Y99.02
;TYPE:SKIN
G1 F1800 X79.18 Y99.02 E326.04604
G1 X79.18 Y90.98 E326.09645
G1 X89.02 Y90.98 E326.15815
G1 X89.02 Y99.02 E326.20856
G0 F7200 X88.422 Y98.82
G1 F1800 X88.82 Y98.422 E326.21209
G0 F7200 X88.82 Y97.857
G1 F1800 X87.856 Y98.82 E326.22064
G0 F7200 X87.29 Y98.82
G1 F1800 X88.82 Y97.291 E326.2342
G0 F7200 X88.82 Y96.725
G1 F1800 X86.725 Y98.82 E326.25278
G0 F7200 X86.159 Y98.82
G1 F1800 X88.82 Y96.159 E326.27637
G0 F7200 X88.82 Y95.594
G1 F1800 X85.593 Y98.82 E326.30498
G0 F7200 X85.027 Y98.82
G1 F1800 X88.82 Y95.028 E326.33861
G0 F7200 X88.82 Y94.462
G1 F1800 X84.462 Y98.82 E326.37726
G0 F7200 X83.896 Y98.82
G1 F1800 X88.82 Y93.897 E326.42091
G0 F7200 X88.82 Y93.331
G1 F1800 X83.33 Y98.82 E326.46959
G0 F7200 X82.765 Y98.82
G1 F1800 X88.82 Y92.765 E326.52328
G0 F7200 X88.82 Y92.2
G1 F1800 X82.199 Y98.82 E326.58199
G0 F7200 X81.633 Y98.82
G1 F1800 X88.82 Y91.634 E326.64572
G0 F7200 X88.708 Y91.18
G1 F1800 X81.068 Y98.82 E326.71346
G0 F7200 X80.502 Y98.82
G1 F1800 X88.142 Y91.18 E326.78121
G0 F7200 X87.577 Y91.18
G1 F1800 X79.936 Y98.82 E326.84896
G0 F7200 X79.38 Y98.811
G1 F1800 X87.011 Y91.18 E326.91663
G0 F7200 X86.445 Y91.18
G1 F1800 X79.38 Y98.245 E326.97928
G0 F7200 X79.38 Y97.68
G1 F1800 X85.88 Y91.18 E327.03691
G0 F7200 X85.314 Y91.18
G1 F1800 X79.38 Y97.114 E327.08953
G0 F7200 X79.38 Y96.548
G1 F1800 X84.748 Y91.18 E327.13713
G0 F7200 X84.182 Y91.18
G1 F1800 X79.38 Y95.983 E327.17972
G0 F7200 X79.38 Y95.417
G1 F1800 X83.617 Y91.18 E327.21729
G0 F7200 X83.051 Y91.18
G1 F1800 X79.38 Y94.851 E327.24984
G0 F7200 X79.38 Y94.286
G1 F1800 X82.485 Y91.18 E327.27738
G0 F7200 X81.92 Y91.18
G1 F1800 X79.38 Y93.72 E327.2999
G0 F7200 X79.38 Y93.154
G1 F1800 X81.354 Y91.18 E327.31741
G0 F7200 X80.788 Y91.18
G1 F1800 X79.38 Y92.589 E327.3299
G0 F7200 X79.38 Y92.023
G1 F1800 X80.223 Y91.18 E327.33737
G0 F7200 X79.657 Y91.18
G1 F1800 X79.38 Y91.457 E327.33983
G0 F7200 X70.82 Y99.02
G1 F1800 X59.18 Y99.02 E327.41281
G1 X59.18 Y90.98 E327.46323
G1 X70.82 Y90.98 E327.53621
G1 X70.82 Y99.02 E327.58662
G0 F7200 X70.32 Y98.82
G1 F1800 X70.62 Y98.52 E327.58928
G0 F7200 X70.62 Y97.954
G1 F1800 X69.755 Y98.82 E327.59696
G0 F7200 X69.189 Y98.82
G1 F1800 X70.62 Y97.388 E327.60965
G0 F7200 X70.62 Y96.823
G1 F1800 X68.623 Y98.82 E327.62736
G0 F7200 X68.058 Y98.82
G1 F1800 X70.62 Y96.257 E327.65008
G0 F7200 X70.62 Y95.691
G1 F1800 X67.492 Y98.82 E327.67782
G0 F7200 X66.926 Y98.82
G1 F1800 X70.62 Y95.126 E327.71058
G0 F7200 X70.62 Y94.56
G1 F1800 X66.361 Y98.82 E327.74835
G0 F7200 X65.795 Y98.82
G1 F1800 X70.62 Y93.994 E327.79114
G0 F7200 X70.62 Y93.429
G1 F1800 X65.229 Y98.82 E327.83894
G0 F7200 X64.664 Y98.82
G1 F1800 X70.62 Y92.863 E327.89176
G0 F7200 X70.62 Y92.297
G1 F1800 X64.098 Y98.82 E327.9496
G0 F7200 X63.532 Y98.82
G1 F1800 X70.62 Y91.732 E328.01245
G0 F7200 X70.606 Y91.18
G1 F1800 X62.966 Y98.82 E328.0802
G0 F7200 X62.401 Y98.82
G1 F1800 X70.04 Y91.18 E328.14794
G0 F7200 X69.475 Y91.18
G1 F1800 X61.835 Y98.82 E328.21569
G0 F7200 X61.269 Y98.82
G1 F1800 X68.909 Y91.18 E328.28343
G0 F7200 X68.343 Y91.18
G1 F1800 X60.704 Y98.82 E328.35118
G0 F7200 X60.138 Y98.82
G1 F1800 X67.778 Y91.18 E328.41892
G0 F7200 X67.212 Y91.18
G1 F1800 X59.572 Y98.82 E328.48667
G0 F7200 X59.38 Y98.446
G1 F1800 X66.646 Y91.18 E328.5511
G0 F7200 X66.081 Y91.18
G1 F1800 X59.38 Y97.881 E328.61052
G0 F7200 X59.38 Y97.315
G1 F1800 X65.515 Y91.18 E328.66492
G0 F7200 X64.949 Y91.18
G1 F1800 X59.38 Y96.749 E328.7143
G0 F7200 X59.38 Y96.183
G1 F1800 X64.383 Y91.18 E328.75867
G0 F7200 X63.818 Y91.18
G1 F1800 X59.38 Y95.618 E328.79802
G0 F7200 X59.38 Y95.052
G1 F1800 X63.252 Y91.18 E328.83236
G0 F7200 X62.686 Y91.18
G1 F1800 X59.38 Y94.486 E328.86167
G0 F7200 X59.38 Y93.921
G1 F1800 X62.121 Y91.18 E328.88598
G0 F7200 X61.555 Y91.18
G1 F1800 X59.38 Y93.355 E328.90526
G0 F7200 X59.38 Y92.789
G1 F1800 X60.989 Y91.18 E328.91953
G0 F7200 X60.424 Y91.18
G1 F1800 X59.38 Y92.224 E328.92879
G0 F7200 X59.38 Y91.658
G1 F1800 X59.858 Y91.18 E328.93303
G0 F7200 X50.82 Y99.02
G1 F1800 X40.98 Y99.02 E328.99473
G1 X40.98 Y90.98 E329.04514
G1 X50.82 Y90.98 E329.10684
G1 X50.82 Y99.02 E329.15725
G0 F7200 X50.521 Y98.82
G1 F1800 X50.62 Y98.721 E329.15813
G0 F7200 X50.62 Y98.156
G1 F1800 X49.955 Y98.82 E329.16402
G0 F7200 X49.389 Y98.82
G1 F1800 X50.62 Y97.59 E329.17493
G0 F7200 X50.62 Y97.024
G1 F1800 X48.824 Y98.82 E329.19086
G0 F7200 X48.258 Y98.82
G1 F1800 X50.62 Y96.459 E329.2118
G0 F7200 X50.62 Y95.893
G1 F1800 X47.692 Y98.82 E329.23776
G0 F7200 X47.127 Y98.82
G1 F1800 X50.62 Y95.327 E329.26873
G0 F7200 X50.62 Y94.762
G1 F1800 X46.561 Y98.82 E329.30472
G0 F7200 X45.995 Y98.82
G1 F1800 X50.62 Y94.196 E329.34573
G0 F7200 X50.62 Y93.63
G1 F1800 X45.429 Y98.82 E329.39175
G0 F7200 X44.864 Y98.82
G1 F1800 X50.62 Y93.064 E329.44279
G0 F7200 X50.62 Y92.499
G1 F1800 X44.298 Y98.82 E329.49885
G0 F7200 X43.732 Y98.82
G1 F1800 X50.62 Y91.933 E329.55992
G0 F7200 X50.62 Y91.367
G1 F1800 X43.167 Y98.82 E329.62601
G0 F7200 X42.601 Y98.82
G1 F1800 X50.241 Y91.18 E329.69376
G0 F7200 X49.676 Y91.18
G1 F1800 X42.035 Y98.82 E329.76151
G0 F7200 X41.47 Y98.82
G1 F1800 X49.11 Y91.18 E329.82926
G0 F7200 X48.544 Y91.18
G1 F1800 X41.18 Y98.544 E329.89455
G0 F7200 X41.18 Y97.978
G1 F1800 X47.979 Y91.18 E329.95484
G0 F7200 X47.413 Y91.18
G1 F1800 X41.18 Y97.412 E330.01011
G0 F7200 X41.18 Y96.847
G1 F1800 X46.847 Y91.18 E330.06036
G0 F7200 X46.282 Y91.18
G1 F1800 X41.18 Y96.281 E330.10559
G0 F7200 X41.18 Y95.715
G1 F1800 X45.716 Y91.18 E330.14581
G0 F7200 X45.15 Y91.18
G1 F1800 X41.18 Y95.15 E330.18102
G0 F7200 X41.18 Y94.584
G1 F1800 X44.584 Y91.18 E330.2112
G0 F7200 X44.019 Y91.18
G1 F1800 X41.18 Y94.018 E330.23637
G0 F7200 X41.18 Y93.453
G1 F1800 X43.453 Y91.18 E330.25653
G0 F7200 X42.887 Y91.18
G1 F1800 X41.18 Y92.887 E330.27166
G0 F7200 X41.18 Y92.321
G1 F1800 X42.322 Y91.18 E330.28178
G0 F7200 X41.756 Y91.18
G1 F1800 X41.18 Y91.756 E330.28689
G1 X41.152 Y91.784
G0 F7200 X41.2 Y91.784
;MESH:NONMESH
G0 F600 X41.2 Y91.784 Z10.7
G0 F7200 X40.956 Y90.76
;TIME_ELAPSED:1601.459084
;LAYER:104
;TYPE:FILL
;MESH:test.stl
G1 F3600 X40.76 Y90.955 E330.28863
G0 F7200 X40.961 Y90.76
G1 F3600 X49.441 Y99.24 E330.36382
G1 X49.446 Y99.24
G1 X57.926 Y90.76 E330.43902
G1 X57.932 Y90.76
G1 X66.411 Y99.24 E330.51421
G1 X66.416 Y99.24
G1 X74.897 Y90.76 E330.58941
G1 X74.902 Y90.76
G1 X83.382 Y99.24 E330.6646
G1 X83.387 Y99.24
G1 X89.24 Y93.388 E330.7165
G0 F7200 X89.24 Y93.784
G1 F3600 X86.216 Y90.76 E330.74331
G1 X86.21 Y90.76
G1 X77.73 Y99.24 E330.81851
G1 X77.725 Y99.24
G1 X69.246 Y90.76 E330.8937
G1 X69.24 Y90.76
G1 X60.76 Y99.24 E330.9689
G1 X60.755 Y99.24
G1 X52.275 Y90.76 E331.04409
G1 X52.269 Y90.76
G1 X43.789 Y99.24 E331.11929
G1 X43.784 Y99.24
G1 X40.76 Y96.215 E331.14611
G0 F7200 X40.76 Y96.612
G1 F3600 X46.612 Y90.76 E331.198
G1 X46.618 Y90.76
G1 X55.098 Y99.24 E331.27319
G1 X55.103 Y99.24
G1 X63.583 Y90.76 E331.34839
G1 X63.589 Y90.76
G1 X72.068 Y99.24 E331.42358
G1 X72.073 Y99.24
G1 X80.554 Y90.76 E331.49878
G1 X80.559 Y90.76
G1 X89.039 Y99.24 E331.57397
G1 X89.044 Y99.24
G1 X89.24 Y99.044 E331.57571
G0 F7200 X89.1 Y99.044
G0 X89.1 Y96.612
G0 X89.24 Y96.612
G1 F3600 X83.388 Y90.76 E331.6276
G1 X83.382 Y90.76
G1 X74.902 Y99.24 E331.7028
G1 X74.897 Y99.24
G1 X66.417 Y90.76 E331.778
G1 X66.411 Y90.76
G1 X57.931 Y99.24 E331.85319
G1 X57.926 Y99.24
G1 X49.447 Y90.76 E331.92838
G1 X49.441 Y90.76
G1 X40.961 Y99.24 E332.00358
G1 X40.956 Y99.24
G1 X40.76 Y99.044 E332.00532
G0 F7200 X40.9 Y99.044
G0 X40.9 Y93.784
G0 X40.76 Y93.784
G1 F3600 X43.784 Y90.76 E332.03213
G1 X43.79 Y90.76
G1 X52.269 Y99.24 E332.10732
G1 X52.274 Y99.24
G1 X60.755 Y90.76 E332.18252
G1 X60.76 Y90.76
G1 X69.24 Y99.24 E332.25772
G1 X69.245 Y99.24
G1 X77.725 Y90.76 E332.33291
G1 X77.731 Y90.76
G1 X86.21 Y99.24 E332.4081
G1 X86.215 Y99.24
G1 X89.24 Y96.216 E332.43492
G1 X89.268 Y96.188
G0 F7200 X89.1 Y96.188
G0 X89.1 Y90.955
G0 X89.24 Y90.955
G1 F3600 X89.045 Y90.76 E332.43665
G1 X89.039 Y90.76
G1 X80.559 Y99.24 E332.51185
G1 X80.554 Y99.24
G1 X72.074 Y90.76 E332.58704
G1 X72.068 Y90.76
G1 X63.588 Y99.24 E332.66224
G1 X63.583 Y99.24
G1 X55.103 Y90.76 E332.73743
G1 X55.098 Y90.76
G1 X46.617 Y99.24 E332.81263
G1 X46.612 Y99.24
G1 X40.76 Y93.387 E332.86453
G1 X40.732 Y93.359
G0 F7200 X40.9 Y93.359
G0 X89.13 Y99.13
G0 X89.4 Y99.4
;TYPE:WALL-INNER
G1 F3600 X89.4 Y90.6 E332.91971
G1 X40.6 Y90.6 E333.22569
G1 X40.6 Y99.4 E333.28087
G1 X89.4 Y99.4 E333.58685
G0 F7200 X89.8 Y99.8
;TYPE:WALL-OUTER
G1 F1800 X89.8 Y90.2 E333.64705
G1 X40.2 Y90.2 E333.95805
G1 X40.2 Y99.8 E334.01824
G1 X89.8 Y99.8 E334.32924
G0 F7200 X89.8 Y99.6
G0 X88.8 Y98.918
;MESH:NONMESH
G0 F600 X88.8 Y98.918 Z10.8
G0 F7200 X40.956 Y90.9
G0 X40.956 Y90.76
;TIME_ELAPSED:1615.697337
;LAYER:105
;TYPE:FILL
;MESH:test.stl
G1 F3600 X40.76 Y90.955 E334.33098
G0 F7200 X40.961 Y90.76
G1 F3600 X49.441 Y99.24 E334.40617
G1 X49.446 Y99.24
G1 X57.926 Y90.76 E334.48137
G1 X57.932 Y90.76
G1 X66.411 Y99.24 E334.55656
G1 X66.416 Y99.24
G1 X74.897 Y90.76 E334.63176
G1 X74.902 Y90.76
G1 X83.382 Y99.24 E334.70695
G1 X83.387 Y99.24
G1 X89.24 Y93.388 E334.75885
G0 F7200 X89.24 Y93.784
G1 F3600 X86.216 Y90.76 E334.78567
G1 X86.21 Y90.76
G1 X77.73 Y99.24 E334.86086
G1 X77.725 Y99.24
G1 X69.246 Y90.76 E334.93605
G1 X69.24 Y90.76
G1 X60.76 Y99.24 E335.01125
G1 X60.755 Y99.24
G1 X52.275 Y90.76 E335.08644
G1 X52.269 Y90.76
G1 X43.789 Y99.24 E335.16164
G1 X43.784 Y99.24
G1 X40.76 Y96.215 E335.18846
G0 F7200 X40.76 Y96.612
G1 F3600 X46.612 Y90.76 E335.24035
G1 X46.618 Y90.76
G1 X55.098 Y99.24 E335.31555
G1 X55.103 Y99.24
G1 X63.583 Y90.76 E335.39074
G1 X63.589 Y90.76
G1 X72.068 Y99.24 E335.46593
G1 X72.073 Y99.24
G1 X80.554 Y90.76 E335.54113
G1 X80.559 Y90.76
G1 X89.039 Y99.24 E335.61633
G1 X89.044 Y99.24
G1 X89.24 Y99.044 E335.61806
G0 F7200 X89.1 Y99.044
G0 X89.1 Y96.612
G0 X89.24 Y96.612
G1 F3600 X83.388 Y90.76 E335.66996
G1 X83.382 Y90.76
G1 X74.902 Y99.24 E335.74515
G1 X74.897 Y99.24
G1 X66.417 Y90.76 E335.82035
G1 X66.411 Y90.76
G1 X57.931 Y99.24 E335.89554
G1 X57.926 Y99.24
G1 X49.447 Y90.76 E335.97073
G1 X49.441 Y90.76
G1 X40.961 Y99.24 E336.04593
G1 X40.956 Y99.24
G1 X40.76 Y99.044 E336.04767
G0 F7200 X40.9 Y99.044
G0 X40.9 Y93.784
G0 X40.76 Y93.784
G1 F3600 X43.784 Y90.76 E336.07448
G1 X43.79 Y90.76
G1 X52.269 Y99.24 E336.14967
G1 X52.274 Y99.24
G1 X60.755 Y90.76 E336.22487
G1 X60.76 Y90.76
G1 X69.24 Y99.24 E336.30007
G1 X69.245 Y99.24
G1 X77.725 Y90.76 E336.37526
G1 X77.731 Y90.76
G1 X86.21 Y99.24 E336.45045
G1 X86.215 Y99.24
G1 X89.24 Y96.216 E336.47727
G1 X89.268 Y96.188
G0 F7200 X89.1 Y96.188
G0 X89.1 Y90.955
G0 X89.24 Y90.955
G1 F3600 X89.045 Y90.76 E336.479
G1 X89.039 Y90.76
G1 X80.559 Y99.24 E336.5542
G1 X80.554 Y99.24
G1 X72.074 Y90.76 E336.62939
G1 X72.068 Y90.76
G1 X63.588 Y99.24 E336.70459
G1 X63.583 Y99.24
G1 X55.103 Y90.76 E336.77978
G1 X55.098 Y90.76
G1 X46.617 Y99.24 E336.85498
G1 X46.612 Y99.24
G1 X40.76 Y93.387 E336.90688
G1 X40.732 Y93.359
G0 F7200 X40.9 Y93.359
G0 X89.13 Y99.13
G0 X89.4 Y99.4
;TYPE:WALL-INNER
G1 F3600 X89.4 Y90.6 E336.96206
G1 X40.6 Y90.6 E337.26804
G1 X40.6 Y99.4 E337.32322
G1 X89.4 Y99.4 E337.62921
G0 F7200 X89.8 Y99.8
;TYPE:WALL-OUTER
G1 F1800 X89.8 Y90.2 E337.6894
G1 X40.2 Y90.2 E338.0004
G1 X40.2 Y99.8 E338.0606
G1 X89.8 Y99.8 E338.3716
G0 F7200 X89.8 Y99.6
G0 X88.8 Y98.918
;MESH:NONMESH
G0 F600 X88.8 Y98.918 Z10.9
G0 F7200 X40.956 Y90.9
G0 X40.956 Y90.76
;TIME_ELAPSED:1629.935591
;LAYER:106
;TYPE:FILL
;MESH:test.stl
G1 F3600 X40.76 Y90.955 E338.37333
G0 F7200 X40.961 Y90.76
G1 F3600 X49.441 Y99.24 E338.44853
G1 X49.446 Y99.24
G1 X57.926 Y90.76 E338.52372
G1 X57.932 Y90.76
G1 X66.411 Y99.24 E338.59891
G1 X66.416 Y99.24
G1 X74.897 Y90.76 E338.67411
G1 X74.902 Y90.76
G1 X83.382 Y99.24 E338.74931
G1 X83.387 Y99.24
G1 X89.24 Y93.388 E338.8012
G0 F7200 X89.24 Y93.784
G1 F3600 X86.216 Y90.76 E338.82802
G1 X86.21 Y90.76
G1 X77.73 Y99.24 E338.90321
G1 X77.725 Y99.24
G1 X69.246 Y90.76 E338.9784
G1 X69.24 Y90.76
G1 X60.76 Y99.24 E339.0536
G1 X60.755 Y99.24
G1 X52.275 Y90.76 E339.1288
G1 X52.269 Y90.76
G1 X43.789 Y99.24 E339.20399
G1 X43.784 Y99.24
G1 X40.76 Y96.215 E339.23081
G0 F7200 X40.76 Y96.612
G1 F3600 X46.612 Y90.76 E339.2827
G1 X46.618 Y90.76
G1 X55.098 Y99.24 E339.3579
G1 X55.103 Y99.24
G1 X63.583 Y90.76 E339.43309
G1 X63.589 Y90.76
G1 X72.068 Y99.24 E339.50828
G1 X72.073 Y99.24
G1 X80.554 Y90.76 E339.58348
G1 X80.559 Y90.76
G1 X89.039 Y99.24 E339.65868
G1 X89.044 Y99.24
G1 X89.24 Y99.044 E339.66042
G0 F7200 X89.1 Y99.044
G0 X89.1 Y96.612
G0 X89.24 Y96.612
G1 F3600 X83.388 Y90.76 E339.71231
G1 X83.382 Y90.76
G1 X74.902 Y99.24 E339.7875
G1 X74.897 Y99.24
G1 X66.417 Y90.76 E339.8627
G1 X66.411 Y90.76
G1 X57.931 Y99.24 E339.9379
G1 X57.926 Y99.24
G1 X49.447 Y90.76 E340.01309
G1 X49.441 Y90.76
G1 X40.961 Y99.24 E340.08828
G1 X40.956 Y99.24
G1 X40.76 Y99.044 E340.09002
G0 F7200 X40.9 Y99.044
G0 X40.9 Y93.784
G0 X40.76 Y93.784
G1 F3600 X43.784 Y90.76 E340.11683
G1 X43.79 Y90.76
G1 X52.269 Y99.24 E340.19203
G1 X52.274 Y99.24
G1 X60.755 Y90.76 E340.26723
G1 X60.76 Y90.76
G1 X69.24 Y99.24 E340.34242
G1 X69.245 Y99.24
G1 X77.725 Y90.76 E340.41762
G1 X77.731 Y90.76
G1 X86.21 Y99.24 E340.49281
G1 X86.215 Y99.24
G1 X89.24 Y96.216 E340.51963
G1 X89.268 Y96.188
G0 F7200 X89.1 Y96.188
G0 X89.1 Y90.955
G0 X89.24 Y90.955
G1 F3600 X89.045 Y90.76 E340.52136
G1 X89.039 Y90.76
G1 X80.559 Y99.24 E340.59655
G1 X80.554 Y99.24
G1 X72.074 Y90.76 E340.67175
G1 X72.068 Y90.76
G1 X63.588 Y99.24 E340.74694
G1 X63.583 Y99.24
G1 X55.103 Y90.76 E340.82214
G1 X55.098 Y90.76
G1 X46.617 Y99.24 E340.89734
G1 X46.612 Y99.24
G1 X40.76 Y93.387 E340.94923
G1 X40.732 Y93.359
G0 F7200 X40.9 Y93.359
G0 X89.13 Y99.13
G0 X89.4 Y99.4
;TYPE:WALL-INNER
G1 F3600 X89.4 Y90.6 E341.00441
G1 X40.6 Y90.6 E341.3104
G1 X40.6 Y99.4 E341.36557
G1 X89.4 Y99.4 E341.67156
G0 F7200 X89.8 Y99.8
;TYPE:WALL-OUTER
G1 F1800 X89.8 Y90.2 E341.73175
G1 X40.2 Y90.2 E342.04275
G1 X40.2 Y99.8 E342.10295
G1 X89.8 Y99.8 E342.41395
G0 F7200 X89.8 Y99.6
G0 X88.8 Y98.918
;MESH:NONMESH
G0 F600 X88.8 Y98.918 Z11
G0 F7200 X40.956 Y90.9
G0 X40.956 Y90.76
;TIME_ELAPSED:1644.173845
;LAYER:107
;TYPE:FILL
;MESH:test.stl
G1 F3600 X40.76 Y90.955 E342.41568
G0 F7200 X40.961 Y90.76
G1 F3600 X49.441 Y99.24 E342.49088
G1 X49.446 Y99.24
G1 X57.926 Y90.76 E342.56607
G1 X57.932 Y90.76
G1 X66.411 Y99.24 E342.64126
G1 X66.416 Y99.24
G1 X74.897 Y90.76 E342.71646
G1 X74.902 Y90.76
G1 X83.382 Y99.24 E342.79166
G1 X83.387 Y99.24
G1 X89.24 Y93.388 E342.84356
G0 F7200 X89.24 Y93.784
G1 F3600 X86.216 Y90.76 E342.87037
G1 X86.21 Y90.76
G1 X77.73 Y99.24 E342.94557
G1 X77.725 Y99.24
G1 X69.246 Y90.76 E343.02076
G1 X69.24 Y90.76
G1 X60.76 Y99.24 E343.09595
G1 X60.755 Y99.24
G1 X52.275 Y90.76 E343.17115
G1 X52.269 Y90.76
G1 X43.789 Y99.24 E343.24634
G1 X43.784 Y99.24
G1 X40.76 Y96.215 E343.27316
G0 F7200 X40.76 Y96.612
G1 F3600 X46.612 Y90.76 E343.32505
G1 X46.618 Y90.76
G1 X55.098 Y99.24 E343.40025
G1 X55.103 Y99.24
G1 X63.583 Y90.76 E343.47545
G1 X63.589 Y90.76
G1 X72.068 Y99.24 E343.55064
G1 X72.073 Y99.24
G1 X80.554 Y90.76 E343.62584
G1 X80.559 Y90.76
G1 X89.039 Y99.24 E343.70103
G1 X89.044 Y99.24
G1 X89.24 Y99.044 E343.70277
G0 F7200 X89.1 Y99.044
G0 X89.1 Y96.612
G0 X89.24 Y96.612
G1 F3600 X83.388 Y90.76 E343.75466
G1 X83.382 Y90.76
G1 X74.902 Y99.24 E343.82986
G1 X74.897 Y99.24
G1 X66.417 Y90.76 E343.90505
G1 X66.411 Y90.76
G1 X57.931 Y99.24 E343.98025
G1 X57.926 Y99.24
G1 X49.447 Y90.76 E344.05544
G1 X49.441 Y90.76
G1 X40.961 Y99.24 E344.13063
G1 X40.956 Y99.24
G1 X40.76 Y99.044 E344.13237
G0 F7200 X40.9 Y99.044
G0 X40.9 Y93.784
G0 X40.76 Y93.784
G1 F3600 X43.784 Y90.76 E344.15919
G1 X43.79 Y90.76
G1 X52.269 Y99.24 E344.23438
G1 X52.274 Y99.24
G1 X60.755 Y90.76 E344.30958
G1 X60.76 Y90.76
G1 X69.24 Y99.24 E344.38477
G1 X69.245 Y99.24
G1 X77.725 Y90.76 E344.45997
G1 X77.731 Y90.76
G1 X86.21 Y99.24 E344.53516
G1 X86.215 Y99.24
G1 X89.24 Y96.216 E344.56198
G1 X89.268 Y96.188
G0 F7200 X89.1 Y96.188
G0 X89.1 Y90.955
G0 X89.24 Y90.955
G1 F3600 X89.045 Y90.76 E344.56371
G1 X89.039 Y90.76
G1 X80.559 Y99.24 E344.6389
G1 X80.554 Y99.24
G1 X72.074 Y90.76 E344.7141
G1 X72.068 Y90.76
G1 X63.588 Y99.24 E344.78929
G1 X63.583 Y99.24
G1 X55.103 Y90.76 E344.86449
G1 X55.098 Y90.76
G1 X46.617 Y99.24 E344.93969
G1 X46.612 Y99.24
G1 X40.76 Y93.387 E344.99159
G1 X40.732 Y93.359
G0 F7200 X40.9 Y93.359
G0 X89.13 Y99.13
G0 X89.4 Y99.4
;TYPE:WALL-INNER
G1 F3600 X89.4 Y90.6 E345.04676
G1 X40.6 Y90.6 E345.35275
G1 X40.6 Y99.4 E345.40793
G1 X89.4 Y99.4 E345.71391
G0 F7200 X89.8 Y99.8
;TYPE:WALL-OUTER
G1 F1800 X89.8 Y90.2 E345.7741
G1 X40.2 Y90.2 E346.08511
G1 X40.2 Y99.8 E346.1453
G1 X89.8 Y99.8 E346.4563
G0 F7200 X89.8 Y99.6
G0 X88.8 Y98.918
;MESH:NONMESH
G0 F600 X88.8 Y98.918 Z11.1
G0 F7200 X40.956 Y90.9
G0 X40.956 Y90.76
;TIME_ELAPSED:1658.412099
;LAYER:108
;TYPE:FILL
;MESH:test.stl
G1 F3600 X40.76 Y90.955 E346.45803
G0 F7200 X40.961 Y90.76
G1 F3600 X49.441 Y99.24 E346.53323
G1 X49.446 Y99.24
G1 X57.926 Y90.76 E346.60843
G1 X57.932 Y90.76
G1 X66.411 Y99.24 E346.68362
G1 X66.416 Y99.24
G1 X74.897 Y90.76 E346.75882
G1 X74.902 Y90.76
G1 X83.382 Y99.24 E346.83401
G1 X83.387 Y99.24
G1 X89.24 Y93.388 E346.88591
G0 F7200 X89.24 Y93.784
G1 F3600 X86.216 Y90.76 E346.91272
G1 X86.21 Y90.76
G1 X77.73 Y99.24 E346.98792
G1 X77.725 Y99.24
G1 X69.246 Y90.76 E347.06311
G1 X69.24 Y90.76
G1 X60.76 Y99.24 E347.1383
G1 X60.755 Y99.24
G1 X52.275 Y90.76 E347.2135
G1 X52.269 Y90.76
G1 X43.789 Y99.24 E347.2887
G1 X43.784 Y99.24
G1 X40.76 Y96.215 E347.31551
G0 F7200 X40.76 Y96.612
G1 F3600 X46.612 Y90.76 E347.36741
G1 X46.618 Y90.76
G1 X55.098 Y99.24 E347.4426
G1 X55.103 Y99.24
G1 X63.583 Y90.76 E347.5178
G1 X63.589 Y90.76
G1 X72.068 Y99.24 E347.59299
G1 X72.073 Y99.24
G1 X80.554 Y90.76 E347.66819
G1 X80.559 Y90.76
G1 X89.039 Y99.24 E347.74338
G1 X89.044 Y99.24
G1 X89.24 Y99.044 E347.74512
G0 F7200 X89.1 Y99.044
G0 X89.1 Y96.612
G0 X89.24 Y96.612
G1 F3600 X83.388 Y90.76 E347.79701
G1 X83.382 Y90.76
G1 X74.902 Y99.24 E347.87221
G1 X74.897 Y99.24
G1 X66.417 Y90.76 E347.9474
G1 X66.411 Y90.76
G1 X57.931 Y99.24 E348.0226
G1 X57.926 Y99.24
G1 X49.447 Y90.76 E348.09779
G1 X49.441 Y90.76
G1 X40.961 Y99.24 E348.17299
G1 X40.956 Y99.24
G1 X40.76 Y99.044 E348.17472
G0 F7200 X40.9 Y99.044
G0 X40.9 Y93.784
G0 X40.76 Y93.784
G1 F3600 X43.784 Y90.76 E348.20154
G1 X43.79 Y90.76
G1 X52.269 Y99.24 E348.27673
G1 X52.274 Y99.24
G1 X60.755 Y90.76 E348.35193
G1 X60.76 Y90.76
G1 X69.24 Y99.24 E348.42713
G1 X69.245 Y99.24
G1 X77.725 Y90.76 E348.50232
G1 X77.731 Y90.76
G1 X86.21 Y99.24 E348.57751
G1 X86.215 Y99.24
G1 X89.24 Y96.216 E348.60433
G1 X89.268 Y96.188
G0 F7200 X89.1 Y96.188
G0 X89.1 Y90.955
G0 X89.24 Y90.955
G1 F3600 X89.045 Y90.76 E348.60606
G1 X89.039 Y90.76
G1 X80.559 Y99.24 E348.68126
G1 X80.554 Y99.24
G1 X72.074 Y90.76 E348.75645
G1 X72.068 Y90.76
G1 X63.588 Y99.24 E348.83165
G1 X63.583 Y99.24
G1 X55.103 Y90.76 E348.90684
G1 X55.098 Y90.76
G1 X46.617 Y99.24 E348.98204
G1 X46.612 Y99.24
G1 X40.76 Y93.387 E349.03394
G1 X40.732 Y93.359
G0 F7200 X40.9 Y93.359
G0 X89.13 Y99.13
G0 X89.4 Y99.4
;TYPE:WALL-INNER
G1 F3600 X89.4 Y90.6 E349.08912
G1 X40.6 Y90.6 E349.3951
G1 X40.6 Y99.4 E349.45028
G1 X89.4 Y99.4 E349.75626
G0 F7200 X89.8 Y99.8
;TYPE:WALL-OUTER
G1 F1800 X89.8 Y90.2 E349.81646
G1 X40.2 Y90.2 E350.12746
G1 X40.2 Y99.8 E350.18765
G1 X89.8 Y99.8 E350.49865
G0 F7200 X89.8 Y99.6
G0 X88.8 Y98.918
;MESH:NONMESH
G0 F600 X88.8 Y98.918 Z11.2
G0 F7200 X40.956 Y90.9
G0 X40.956 Y90.76
;TIME_ELAPSED:1672.650352
;LAYER:109
;TYPE:FILL
;MESH:test.stl
G1 F3600 X40.76 Y90.955 E350.50039
G0 F7200 X40.961 Y90.76
G1 F3600 X49.441 Y99.24 E350.57558
G1 X49.446 Y99.24
G1 X57.926 Y90.76 E350.65078
G1 X57.932 Y90.76
G1 X66.411 Y99.24 E350.72597
G1 X66.416 Y99.24
G1 X74.897 Y90.76 E350.80117
G1 X74.902 Y90.76
G1 X83.382 Y99.24 E350.87636
G1 X83.387 Y99.24
G1 X89.24 Y93.388 E350.92826
G0 F7200 X89.24 Y93.784
G1 F3600 X86.216 Y90.76 E350.95508
G1 X86.21 Y90.76
G1 X77.73 Y99.24 E351.03027
G1 X77.725 Y99.24
G1 X69.246 Y90.76 E351.10546
G1 X69.24 Y90.76
G1 X60.76 Y99.24 E351.18066
G1 X60.755 Y99.24
G1 X52.275 Y90.76 E351.25585
G1 X52.269 Y90.76
G1 X43.789 Y99.24 E351.33105
G1 X43.784 Y99.24
G1 X40.76 Y96.215 E351.35787
G0 F7200 X40.76 Y96.612
G1 F3600 X46.612 Y90.76 E351.40976
G1 X46.618 Y90.76
G1 X55.098 Y99.24 E351.48495
G1 X55.103 Y99.24
G1 X63.583 Y90.76 E351.56015
G1 X63.589 Y90.76
G1 X72.068 Y99.24 E351.63534
G1 X72.073 Y99.24
G1 X80.554 Y90.76 E351.71054
G1 X80.559 Y90.76
G1 X89.039 Y99.24 E351.78574
G1 X89.044 Y99.24
G1 X89.24 Y99.044 E351.78747
G0 F7200 X89.1 Y99.044
G0 X89.1 Y96.612
G0 X89.24 Y96.612
G1 F3600 X83.388 Y90.76 E351.83937
G1 X83.382 Y90.76
G1 X74.902 Y99.24 E351.91456
G1 X74.897 Y99.24
G1 X66.417 Y90.76 E351.98976
G1 X66.411 Y90.76
G1 X57.931 Y99.24 E352.06495
G1 X57.926 Y99.24
G1 X49.447 Y90.76 E352.14014
G1 X49.441 Y90.76
G1 X40.961 Y99.24 E352.21534
G1 X40.956 Y99.24
G1 X40.76 Y99.044 E352.21708
G0 F7200 X40.9 Y99.044
G0 X40.9 Y93.784
G0 X40.76 Y93.784
G1 F3600 X43.784 Y90.76 E352.24389
G1 X43.79 Y90.76
G1 X52.269 Y99.24 E352.31908
G1 X52.274 Y99.24
G1 X60.755 Y90.76 E352.39428
G1 X60.76 Y90.76
G1 X69.24 Y99.24 E352.46948
G1 X69.245 Y99.24
G1 X77.725 Y90.76 E352.54467
G1 X77.731 Y90.76
G1 X86.21 Y99.24 E352.61986
G1 X86.215 Y99.24
G1 X89.24 Y96.216 E352.64668
G1 X89.268 Y96.188
G0 F7200 X89.1 Y96.188
G0 X89.1 Y90.955
G0 X89.24 Y90.955
G1 F3600 X89.045 Y90.76 E352.64841
G1 X89.039 Y90.76
G1 X80.559 Y99.24 E352.72361
G1 X80.554 Y99.24
G1 X72.074 Y90.76 E352.7988
G1 X72.068 Y90.76
G1 X63.588 Y99.24 E352.874
G1 X63.583 Y99.24
G1 X55.103 Y90.76 E352.94919
G1 X55.098 Y90.76
G1 X46.617 Y99.24 E353.02439
G1 X46.612 Y99.24
G1 X40.76 Y93.387 E353.07629
G1 X40.732 Y93.359
G0 F7200 X40.9 Y93.359
G0 X89.13 Y99.13
G0 X89.4 Y99.4
;TYPE:WALL-INNER
G1 F3600 X89.4 Y90.6 E353.13147
G1 X40.6 Y90.6 E353.43745
G1 X40.6 Y99.4 E353.49263
G1 X89.4 Y99.4 E353.79862
G0 F7200 X89.8 Y99.8
;TYPE:WALL-OUTER
G1 F1800 X89.8 Y90.2 E353.85881
G1 X40.2 Y90.2 E354.16981
G1 X40.2 Y99.8 E354.23
G1 X89.8 Y99.8 E354.54101
G0 F7200 X89.8 Y99.6
G0 X88.8 Y98.918
;MESH:NONMESH
G0 F600 X88.8 Y98.918 Z11.3
G0 F7200 X40.956 Y90.9
G0 X40.956 Y90.76
;TIME_ELAPSED:1686.888606
;LAYER:110
;TYPE:FILL
;MESH:test.stl
G1 F3600 X40.76 Y90.955 E354.54274
G0 F7200 X40.961 Y90.76
G1 F3600 X49.441 Y99.24 E354.61793
G1 X49.446 Y99.24
G1 X57.926 Y90.76 E354.69313
G1 X57.932 Y90.76
G1 X66.411 Y99.24 E354.76832
G1 X66.416 Y99.24
G1 X74.897 Y90.76 E354.84352
G1 X74.902 Y90.76
G1 X83.382 Y99.24 E354.91872
G1 X83.387 Y99.24
G1 X89.24 Y93.388 E354.97061
G0 F7200 X89.24 Y93.784
G1 F3600 X86.216 Y90.76 E354.99743
G1 X86.21 Y90.76
G1 X77.73 Y99.24 E355.07262
G1 X77.725 Y99.24
G1 X69.246 Y90.76 E355.14781
G1 X69.24 Y90.76
G1 X60.76 Y99.24 E355.22301
G1 X60.755 Y99.24
G1 X52.275 Y90.76 E355.2982
G1 X52.269 Y90.76
G1 X43.789 Y99.24 E355.3734
G1 X43.784 Y99.24
G1 X40.76 Y96.215 E355.40022
G0 F7200 X40.76 Y96.612
G1 F3600 X46.612 Y90.76 E355.45211
G1 X46.618 Y90.76
G1 X55.098 Y99.24 E355.52731
G1 X55.103 Y99.24
G1 X63.583 Y90.76 E355.6025
G1 X63.589 Y90.76
G1 X72.068 Y99.24 E355.67769
G1 X72.073 Y99.24
G1 X80.554 Y90.76 E355.75289
G1 X80.559 Y90.76
G1 X89.039 Y99.24 E355.82809
G1 X89.044 Y99.24
G1 X89.24 Y99.044 E355.82983
G0 F7200 X89.1 Y99.044
G0 X89.1 Y96.612
G0 X89.24 Y96.612
G1 F3600 X83.388 Y90.76 E355.88172
G1 X83.382 Y90.76
G1 X74.902 Y99.24 E355.95691
G1 X74.897 Y99.24
G1 X66.417 Y90.76 E356.03211
G1 X66.411 Y90.76
G1 X57.931 Y99.24 E356.1073
G1 X57.926 Y99.24
G1 X49.447 Y90.76 E356.1825
G1 X49.441 Y90.76
G1 X40.961 Y99.24 E356.25769
G1 X40.956 Y99.24
G1 X40.76 Y99.044 E356.25943
G0 F7200 X40.9 Y99.044
G0 X40.9 Y93.784
G0 X40.76 Y93.784
G1 F3600 X43.784 Y90.76 E356.28624
G1 X43.79 Y90.76
G1 X52.269 Y99.24 E356.36143
G1 X52.274 Y99.24
G1 X60.755 Y90.76 E356.43663
G1 X60.76 Y90.76
G1 X69.24 Y99.24 E356.51183
G1 X69.245 Y99.24
G1 X77.725 Y90.76 E356.58703
G1 X77.731 Y90.76
G1 X86.21 Y99.24 E356.66222
G1 X86.215 Y99.24
G1 X89.24 Y96.216 E356.68904
G1 X89.268 Y96.188
G0 F7200 X89.1 Y96.188
G0 X89.1 Y90.955
G0 X89.24 Y90.955
G1 F3600 X89.045 Y90.76 E356.69076
G1 X89.039 Y90.76
G1 X80.559 Y99.24 E356.76596
G1 X80.554 Y99.24
G1 X72.074 Y90.76 E356.84116
G1 X72.068 Y90.76
G1 X63.588 Y99.24 E356.91635
G1 X63.583 Y99.24
G1 X55.103 Y90.76 E356.99155
G1 X55.098 Y90.76
G1 X46.617 Y99.24 E357.06675
G1 X46.612 Y99.24
G1 X40.76 Y93.387 E357.11864
G1 X40.732 Y93.359
G0 F7200 X40.9 Y93.359
G0 X89.13 Y99.13
G0 X89.4 Y99.4
;TYPE:WALL-INNER
G1 F3600 X89.4 Y90.6 E357.17382
G1 X40.6 Y90.6 E357.47981
G1 X40.6 Y99.4 E357.53498
G1 X89.4 Y99.4 E357.84097
G0 F7200 X89.8 Y99.8
;TYPE:WALL-OUTER
G1 F1800 X89.8 Y90.2 E357.90116
G1 X40.2 Y90.2 E358.21216
G1 X40.2 Y99.8 E358.27236
G1 X89.8 Y99.8 E358.58336
G0 F7200 X89.8 Y99.6
G0 X88.8 Y98.918
;MESH:NONMESH
G0 F600 X88.8 Y98.918 Z11.4
G0 F7200 X40.956 Y90.9
G0 X40.956 Y90.76
;TIME_ELAPSED:1701.126860
;LAYER:111
;TYPE:FILL
;MESH:test.stl
G1 F3600 X40.76 Y90.955 E358.58509
G0 F7200 X40.961 Y90.76
G1 F3600 X49.441 Y99.24 E358.66029
G1 X49.446 Y99.24
G1 X57.926 Y90.76 E358.73548
G1 X57.932 Y90.76
G1 X66.411 Y99.24 E358.81067
G1 X66.416 Y99.24
G1 X74.897 Y90.76 E358.88587
G1 X74.902 Y90.76
G1 X83.382 Y99.24 E358.96107
G1 X83.387 Y99.24
G1 X89.24 Y93.388 E359.01296
G0 F7200 X89.24 Y93.784
G1 F3600 X86.216 Y90.76 E359.03978
G1 X86.21 Y90.76
G1 X77.73 Y99.24 E359.11498
G1 X77.725 Y99.24
G1 X69.246 Y90.76 E359.19017
G1 X69.24 Y90.76
G1 X60.76 Y99.24 E359.26536
G1 X60.755 Y99.24
G1 X52.275 Y90.76 E359.34056
G1 X52.269 Y90.76
G1 X43.789 Y99.24 E359.41575
G1 X43.784 Y99.24
G1 X40.76 Y96.215 E359.44257
G0 F7200 X40.76 Y96.612
G1 F3600 X46.612 Y90.76 E359.49446
G1 X46.618 Y90.76
G1 X55.098 Y99.24 E359.56966
G1 X55.103 Y99.24
G1 X63.583 Y90.76 E359.64485
G1 X63.589 Y90.76
G1 X72.068 Y99.24 E359.72005
G1 X72.073 Y99.24
G1 X80.554 Y90.76 E359.79525
G1 X80.559 Y90.76
G1 X89.039 Y99.24 E359.87044
G1 X89.044 Y99.24
G1 X89.24 Y99.044 E359.87218
G0 F7200 X89.1 Y99.044
G0 X89.1 Y96.612
G0 X89.24 Y96.612
G1 F3600 X83.388 Y90.76 E359.92407
G1 X83.382 Y90.76
G1 X74.902 Y99.24 E359.99927
G1 X74.897 Y99.24
G1 X66.417 Y90.76 E360.07446
G1 X66.411 Y90.76
G1 X57.931 Y99.24 E360.14966
G1 X57.926 Y99.24
G1 X49.447 Y90.76 E360.22485
G1 X49.441 Y90.76
G1 X40.961 Y99.24 E360.30004
G1 X40.956 Y99.24
G1 X40.76 Y99.044 E360.30178
G0 F7200 X40.9 Y99.044
G0 X40.9 Y93.784
G0 X40.76 Y93.784
G1 F3600 X43.784 Y90.76 E360.3286
G1 X43.79 Y90.76
G1 X52.269 Y99.24 E360.40379
G1 X52.274 Y99.24
G1 X60.755 Y90.76 E360.47899
G1 X60.76 Y90.76
G1 X69.24 Y99.24 E360.55418
G1 X69.245 Y99.24
G1 X77.725 Y90.76 E360.62938
G1 X77.731 Y90.76
G1 X86.21 Y99.24 E360.70457
G1 X86.215 Y99.24
G1 X89.24 Y96.216 E360.73139
G1 X89.268 Y96.188
G0 F7200 X89.1 Y96.188
G0 X89.1 Y90.955
G0 X89.24 Y90.955
G1 F3600 X89.045 Y90.76 E360.73312
G1 X89.039 Y90.76
G1 X80.559 Y99.24 E360.80831
G1 X80.554 Y99.24
G1 X72.074 Y90.76 E360.88351
G1 X72.068 Y90.76
G1 X63.588 Y99.24 E360.9587
G1 X63.583 Y99.24
G1 X55.103 Y90.76 E361.0339
G1 X55.098 Y90.76
G1 X46.617 Y99.24 E361.1091
G1 X46.612 Y99.24
G1 X40.76 Y93.387 E361.16099
G1 X40.732 Y93.359
G0 F7200 X40.9 Y93.359
G0 X89.13 Y99.13
G0 X89.4 Y99.4
;TYPE:WALL-INNER
G1 F3600 X89.4 Y90.6 E361.21617
G1 X40.6 Y90.6 E361.52216
G1 X40.6 Y99.4 E361.57734
G1 X89.4 Y99.4 E361.88332
G0 F7200 X89.8 Y99.8
;TYPE:WALL-OUTER
G1 F1800 X89.8 Y90.2 E361.94351
G1 X40.2 Y90.2 E362.25452
G1 X40.2 Y99.8 E362.31471
G1 X89.8 Y99.8 E362.62571
G0 F7200 X89.8 Y99.6
G0 X88.8 Y98.918
;MESH:NONMESH
G0 F600 X88.8 Y98.918 Z11.5
G0 F7200 X40.956 Y90.9
G0 X40.956 Y90.76
;TIME_ELAPSED:1715.365114
;LAYER:112
;TYPE:FILL
;MESH:test.stl
G1 F3600 X40.76 Y90.955 E362.62744
G0 F7200 X40.961 Y90.76
G1 F3600 X49.441 Y99.24 E362.70264
G1 X49.446 Y99.24
G1 X57.926 Y90.76 E362.77783
G1 X57.932 Y90.76
G1 X66.411 Y99.24 E362.85303
G1 X66.416 Y99.24
G1 X74.897 Y90.76 E362.92823
G1 X74.902 Y90.76
G1 X83.382 Y99.24 E363.00342
G1 X83.387 Y99.24
G1 X89.24 Y93.388 E363.05532
G0 F7200 X89.24 Y93.784
G1 F3600 X86.216 Y90.76 E363.08213
G1 X86.21 Y90.76
G1 X77.73 Y99.24 E363.15733
G1 X77.725 Y99.24
G1 X69.246 Y90.76 E363.23252
G1 X69.24 Y90.76
G1 X60.76 Y99.24 E363.30771
G1 X60.755 Y99.24
G1 X52.275 Y90.76 E363.38291
G1 X52.269 Y90.76
G1 X43.789 Y99.24 E363.4581
G1 X43.784 Y99.24
G1 X40.76 Y96.215 E363.48492
G0 F7200 X40.76 Y96.612
G1 F3600 X46.612 Y90.76 E363.53682
G1 X46.618 Y90.76
G1 X55.098 Y99.24 E363.61201
G1 X55.103 Y99.24
G1 X63.583 Y90.76 E363.68721
G1 X63.589 Y90.76
G1 X72.068 Y99.24 E363.7624
G1 X72.073 Y99.24
G1 X80.554 Y90.76 E363.8376
G1 X80.559 Y90.76
G1 X89.039 Y99.24 E363.91279
G1 X89.044 Y99.24
G1 X89.24 Y99.044 E363.91453
G0 F7200 X89.1 Y99.044
G0 X89.1 Y96.612
G0 X89.24 Y96.612
G1 F3600 X83.388 Y90.76 E363.96642
G1 X83.382 Y90.76
G1 X74.902 Y99.24 E364.04162
G1 X74.897 Y99.24
G1 X66.417 Y90.76 E364.11681
G1 X66.411 Y90.76
G1 X57.931 Y99.24 E364.19201
G1 X57.926 Y99.24
G1 X49.447 Y90.76 E364.2672
G1 X49.441 Y90.76
G1 X40.961 Y99.24 E364.3424
G1 X40.956 Y99.24
G1 X40.76 Y99.044 E364.34413
G0 F7200 X40.9 Y99.044
G0 X40.9 Y93.784
G0 X40.76 Y93.784
G1 F3600 X43.784 Y90.76 E364.37095
G1 X43.79 Y90.76
G1 X52.269 Y99.24 E364.44614
G1 X52.274 Y99.24
G1 X60.755 Y90.76 E364.52134
G1 X60.76 Y90.76
G1 X69.24 Y99.24 E364.59653
G1 X69.245 Y99.24
G1 X77.725 Y90.76 E364.67173
G1 X77.731 Y90.76
G1 X86.21 Y99.24 E364.74692
G1 X86.215 Y99.24
G1 X89.24 Y96.216 E364.77374
G1 X89.268 Y96.188
G0 F7200 X89.1 Y96.188
G0 X89.1 Y90.955
G0 X89.24 Y90.955
G1 F3600 X89.045 Y90.76 E364.77547
G1 X89.039 Y90.76
G1 X80.559 Y99.24 E364.85066
G1 X80.554 Y99.24
G1 X72.074 Y90.76 E364.92586
G1 X72.068 Y90.76
G1 X63.588 Y99.24 E365.00106
G1 X63.583 Y99.24
G1 X55.103 Y90.76 E365.07625
G1 X55.098 Y90.76
G1 X46.617 Y99.24 E365.15145
G1 X46.612 Y99.24
G1 X40.76 Y93.387 E365.20335
G1 X40.732 Y93.359
G0 F7200 X40.9 Y93.359
G0 X89.13 Y99.13
G0 X89.4 Y99.4
;TYPE:WALL-INNER
G1 F3600 X89.4 Y90.6 E365.25852
G1 X40.6 Y90.6 E365.56451
G1 X40.6 Y99.4 E365.61969
G1 X89.4 Y99.4 E365.92567
G0 F7200 X89.8 Y99.8
;TYPE:WALL-OUTER
G1 F1800 X89.8 Y90.2 E365.98587
G1 X40.2 Y90.2 E366.29687
G1 X40.2 Y99.8 E366.35706
G1 X89.8 Y99.8 E366.66806
G0 F7200 X89.8 Y99.6
G0 X88.8 Y98.918
;MESH:NONMESH
G0 F600 X88.8 Y98.918 Z11.6
G0 F7200 X40.956 Y90.9
G0 X40.956 Y90.76
;TIME_ELAPSED:1729.603367
;LAYER:113
;TYPE:FILL
;MESH:test.stl
G1 F3600 X40.76 Y90.955 E366.6698
G0 F7200 X40.961 Y90.76
G1 F3600 X49.441 Y99.24 E366.74499
G1 X49.446 Y99.24
G1 X57.926 Y90.76 E366.82019
G1 X57.932 Y90.76
G1 X66.411 Y99.24 E366.89538
G1 X66.416 Y99.24
G1 X74.897 Y90.76 E366.97058
G1 X74.902 Y90.76
G1 X83.382 Y99.24 E367.04577
G1 X83.387 Y99.24
G1 X89.24 Y93.388 E367.09767
G0 F7200 X89.24 Y93.784
G1 F3600 X86.216 Y90.76 E367.12448
G1 X86.21 Y90.76
G1 X77.73 Y99.24 E367.19968
G1 X77.725 Y99.24
G1 X69.246 Y90.76 E367.27487
G1 X69.24 Y90.76
G1 X60.76 Y99.24 E367.35007
G1 X60.755 Y99.24
G1 X52.275 Y90.76 E367.42526
G1 X52.269 Y90.76
G1 X43.789 Y99.24 E367.50046
G1 X43.784 Y99.24
G1 X40.76 Y96.215 E367.52728
G0 F7200 X40.76 Y96.612
G1 F3600 X46.612 Y90.76 E367.57917
G1 X46.618 Y90.76
G1 X55.098 Y99.24 E367.65436
G1 X55.103 Y99.24
G1 X63.583 Y90.76 E367.72956
G1 X63.589 Y90.76
G1 X72.068 Y99.24 E367.80475
G1 X72.073 Y99.24
G1 X80.554 Y90.76 E367.87995
G1 X80.559 Y90.76
G1 X89.039 Y99.24 E367.95515
G1 X89.044 Y99.24
G1 X89.24 Y99.044 E367.95688
G0 F7200 X89.1 Y99.044
G0 X89.1 Y96.612
G0 X89.24 Y96.612
G1 F3600 X83.388 Y90.76 E368.00877
G1 X83.382 Y90.76
G1 X74.902 Y99.24 E368.08397
G1 X74.897 Y99.24
G1 X66.417 Y90.76 E368.15917
G1 X66.411 Y90.76
G1 X57.931 Y99.24 E368.23436
G1 X57.926 Y99.24
G1 X49.447 Y90.76 E368.30955
G1 X49.441 Y90.76
G1 X40.961 Y99.24 E368.38475
G1 X40.956 Y99.24
G1 X40.76 Y99.044 E368.38649
G0 F7200 X40.9 Y99.044
G0 X40.9 Y93.784
G0 X40.76 Y93.784
G1 F3600 X43.784 Y90.76 E368.4133
G1 X43.79 Y90.76
G1 X52.269 Y99.24 E368.48849
G1 X52.274 Y99.24
G1 X60.755 Y90.76 E368.56369
G1 X60.76 Y90.76
G1 X69.24 Y99.24 E368.63889
G1 X69.245 Y99.24
G1 X77.725 Y90.76 E368.71408
G1 X77.731 Y90.76
G1 X86.21 Y99.24 E368.78927
G1 X86.215 Y99.24
G1 X89.24 Y96.216 E368.81609
G1 X89.268 Y96.188
G0 F7200 X89.1 Y96.188
G0 X89.1 Y90.955
G0 X89.24 Y90.955
G1 F3600 X89.045 Y90.76 E368.81782
G1 X89.039 Y90.76
G1 X80.559 Y99.24 E368.89302
G1 X80.554 Y99.24
G1 X72.074 Y90.76 E368.96821
G1 X72.068 Y90.76
G1 X63.588 Y99.24 E369.04341
G1 X63.583 Y99.24
G1 X55.103 Y90.76 E369.1186
G1 X55.098 Y90.76
G1 X46.617 Y99.24 E369.1938
G1 X46.612 Y99.24
G1 X40.76 Y93.387 E369.2457
G1 X40.732 Y93.359
G0 F7200 X40.9 Y93.359
G0 X89.13 Y99.13
G0 X89.4 Y99.4
;TYPE:WALL-INNER
G1 F3600 X89.4 Y90.6 E369.30088
G1 X40.6 Y90.6 E369.60686
G1 X40.6 Y99.4 E369.66204
G1 X89.4 Y99.4 E369.96802
G0 F7200 X89.8 Y99.8
;TYPE:WALL-OUTER
G1 F1800 X89.8 Y90.2 E370.02822
G1 X40.2 Y90.2 E370.33922
G1 X40.2 Y99.8 E370.39941
G1 X89.8 Y99.8 E370.71041
G0 F7200 X89.8 Y99.6
G0 X88.8 Y98.918
;MESH:NONMESH
G0 F600 X88.8 Y98.918 Z11.7
G0 F7200 X40.956 Y90.9
G0 X40.956 Y90.76
;TIME_ELAPSED:1743.841621
;LAYER:114
;TYPE:FILL
;MESH:test.stl
G1 F3600 X40.76 Y90.955 E370.71215
G0 F7200 X40.961 Y90.76
G1 F3600 X49.441 Y99.24 E370.78734
G1 X49.446 Y99.24
G1 X57.926 Y90.76 E370.86254
G1 X57.932 Y90.76
G1 X66.411 Y99.24 E370.93773
G1 X66.416 Y99.24
G1 X74.897 Y90.76 E371.01293
G1 X74.902 Y90.76
G1 X83.382 Y99.24 E371.08813
G1 X83.387 Y99.24
G1 X89.24 Y93.388 E371.14002
G0 F7200 X89.24 Y93.784
G1 F3600 X86.216 Y90.76 E371.16684
G1 X86.21 Y90.76
G1 X77.73 Y99.24 E371.24203
G1 X77.725 Y99.24
G1 X69.246 Y90.76 E371.31722
G1 X69.24 Y90.76
G1 X60.76 Y99.24 E371.39242
G1 X60.755 Y99.24
G1 X52.275 Y90.76 E371.46761
G1 X52.269 Y90.76
G1 X43.789 Y99.24 E371.54281
G1 X43.784 Y99.24
G1 X40.76 Y96.215 E371.56963
G0 F7200 X40.76 Y96.612
G1 F3600 X46.612 Y90.76 E371.62152
G1 X46.618 Y90.76
G1 X55.098 Y99.24 E371.69672
G1 X55.103 Y99.24
G1 X63.583 Y90.76 E371.77191
G1 X63.589 Y90.76
G1 X72.068 Y99.24 E371.8471
G1 X72.073 Y99.24
G1 X80.554 Y90.76 E371.9223
G1 X80.559 Y90.76
G1 X89.039 Y99.24 E371.9975
G1 X89.044 Y99.24
G1 X89.24 Y99.044 E371.99924
G0 F7200 X89.1 Y99.044
G0 X89.1 Y96.612
G0 X89.24 Y96.612
G1 F3600 X83.388 Y90.76 E372.05113
G1 X83.382 Y90.76
G1 X74.902 Y99.24 E372.12632
G1 X74.897 Y99.24
G1 X66.417 Y90.76 E372.20152
G1 X66.411 Y90.76
G1 X57.931 Y99.24 E372.27671
G1 X57.926 Y99.24
G1 X49.447 Y90.76 E372.3519
G1 X49.441 Y90.76
G1 X40.961 Y99.24 E372.4271
G1 X40.956 Y99.24
G1 X40.76 Y99.044 E372.42884
G0 F7200 X40.9 Y99.044
G0 X40.9 Y93.784
G0 X40.76 Y93.784
G1 F3600 X43.784 Y90.76 E372.45565
G1 X43.79 Y90.76
G1 X52.269 Y99.24 E372.53084
G1 X52.274 Y99.24
G1 X60.755 Y90.76 E372.60604
G1 X60.76 Y90.76
G1 X69.24 Y99.24 E372.68124
G1 X69.245 Y99.24
G1 X77.725 Y90.76 E372.75643
G1 X77.731 Y90.76
G1 X86.21 Y99.24 E372.83163
G1 X86.215 Y99.24
G1 X89.24 Y96.216 E372.85844
G1 X89.268 Y96.188
G0 F7200 X89.1 Y96.188
G0 X89.1 Y90.955
G0 X89.24 Y90.955
G1 F3600 X89.045 Y90.76 E372.86017
G1 X89.039 Y90.76
G1 X80.559 Y99.24 E372.93537
G1 X80.554 Y99.24
G1 X72.074 Y90.76 E373.01056
G1 X72.068 Y90.76
G1 X63.588 Y99.24 E373.08576
G1 X63.583 Y99.24
G1 X55.103 Y90.76 E373.16096
G1 X55.098 Y90.76
G1 X46.617 Y99.24 E373.23616
G1 X46.612 Y99.24
G1 X40.76 Y93.387 E373.28805
G1 X40.732 Y93.359
G0 F7200 X40.9 Y93.359
G0 X89.13 Y99.13
G0 X89.4 Y99.4
;TYPE:WALL-INNER
G1 F3600 X89.4 Y90.6 E373.34323
G1 X40.6 Y90.6 E373.64921
G1 X40.6 Y99.4 E373.70439
G1 X89.4 Y99.4 E374.01038
G0 F7200 X89.8 Y99.8
;TYPE:WALL-OUTER
G1 F1800 X89.8 Y90.2 E374.07057
G1 X40.2 Y90.2 E374.38157
G1 X40.2 Y99.8 E374.44177
G1 X89.8 Y99.8 E374.75277
G0 F7200 X89.8 Y99.6
G0 X88.8 Y98.918
;MESH:NONMESH
G0 F600 X88.8 Y98.918 Z11.8
G0 F7200 X40.956 Y90.9
G0 X40.956 Y90.76
;TIME_ELAPSED:1758.079875
;LAYER:115
;TYPE:FILL
;MESH:test.stl
G1 F3600 X40.76 Y90.955 E374.7545
G0 F7200 X40.961 Y90.76
G1 F3600 X49.441 Y99.24 E374.8297
G1 X49.446 Y99.24
G1 X57.926 Y90.76 E374.90489
G1 X57.932 Y90.76
G1 X66.411 Y99.24 E374.98008
G1 X66.416 Y99.24
G1 X74.897 Y90.76 E375.05528
G1 X74.902 Y90.76
G1 X83.382 Y99.24 E375.13048
G1 X83.387 Y99.24
G1 X89.24 Y93.388 E375.18237
G0 F7200 X89.24 Y93.784
G1 F3600 X86.216 Y90.76 E375.20919
G1 X86.21 Y90.76
G1 X77.73 Y99.24 E375.28438
G1 X77.725 Y99.24
G1 X69.246 Y90.76 E375.35958
G1 X69.24 Y90.76
G1 X60.76 Y99.24 E375.43477
G1 X60.755 Y99.24
G1 X52.275 Y90.76 E375.50997
G1 X52.269 Y90.76
G1 X43.789 Y99.24 E375.58516
G1 X43.784 Y99.24
G1 X40.76 Y96.215 E375.61198
G0 F7200 X40.76 Y96.612
G1 F3600 X46.612 Y90.76 E375.66387
G1 X46.618 Y90.76
G1 X55.098 Y99.24 E375.73907
G1 X55.103 Y99.24
G1 X63.583 Y90.76 E375.81426
G1 X63.589 Y90.76
G1 X72.068 Y99.24 E375.88945
G1 X72.073 Y99.24
G1 X80.554 Y90.76 E375.96465
G1 X80.559 Y90.76
G1 X89.039 Y99.24 E376.03985
G1 X89.044 Y99.24
G1 X89.24 Y99.044 E376.04159
G0 F7200 X89.1 Y99.044
G0 X89.1 Y96.612
G0 X89.24 Y96.612
G1 F3600 X83.388 Y90.76 E376.09348
G1 X83.382 Y90.76
G1 X74.902 Y99.24 E376.16867
G1 X74.897 Y99.24
G1 X66.417 Y90.76 E376.24387
G1 X66.411 Y90.76
G1 X57.931 Y99.24 E376.31907
G1 X57.926 Y99.24
G1 X49.447 Y90.76 E376.39426
G1 X49.441 Y90.76
G1 X40.961 Y99.24 E376.46945
G1 X40.956 Y99.24
G1 X40.76 Y99.044 E376.47119
G0 F7200 X40.9 Y99.044
G0 X40.9 Y93.784
G0 X40.76 Y93.784
G1 F3600 X43.784 Y90.76 E376.498
G1 X43.79 Y90.76
G1 X52.269 Y99.24 E376.5732
G1 X52.274 Y99.24
G1 X60.755 Y90.76 E376.6484
G1 X60.76 Y90.76
G1 X69.24 Y99.24 E376.72359
G1 X69.245 Y99.24
G1 X77.725 Y90.76 E376.79879
G1 X77.731 Y90.76
G1 X86.21 Y99.24 E376.87398
G1 X86.215 Y99.24
G1 X89.24 Y96.216 E376.9008
G1 X89.268 Y96.188
G0 F7200 X89.1 Y96.188
G0 X89.1 Y90.955
G0 X89.24 Y90.955
G1 F3600 X89.045 Y90.76 E376.90253
G1 X89.039 Y90.76
G1 X80.559 Y99.24 E376.97772
G1 X80.554 Y99.24
G1 X72.074 Y90.76 E377.05292
G1 X72.068 Y90.76
G1 X63.588 Y99.24 E377.12811
G1 X63.583 Y99.24
G1 X55.103 Y90.76 E377.20331
G1 X55.098 Y90.76
G1 X46.617 Y99.24 E377.27851
G1 X46.612 Y99.24
G1 X40.76 Y93.387 E377.3304
G1 X40.732 Y93.359
G0 F7200 X40.9 Y93.359
G0 X89.13 Y99.13
G0 X89.4 Y99.4
;TYPE:WALL-INNER
G1 F3600 X89.4 Y90.6 E377.38558
G1 X40.6 Y90.6 E377.69157
G1 X40.6 Y99.4 E377.74674
G1 X89.4 Y99.4 E378.05273
G0 F7200 X89.8 Y99.8
;TYPE:WALL-OUTER
G1 F1800 X89.8 Y90.2 E378.11292
G1 X40.2 Y90.2 E378.42392
G1 X40.2 Y99.8 E378.48412
G1 X89.8 Y99.8 E378.79512
G0 F7200 X89.8 Y99.6
G0 X88.8 Y98.918
;MESH:NONMESH
G0 F600 X88.8 Y98.918 Z11.9
G0 F7200 X40.956 Y90.9
G0 X40.956 Y90.76
;TIME_ELAPSED:1772.318129
;LAYER:116
;TYPE:FILL
;MESH:test.stl
G1 F3600 X40.76 Y90.955 E378.79685
G0 F7200 X40.961 Y90.76
G1 F3600 X49.441 Y99.24 E378.87205
G1 X49.446 Y99.24
G1 X57.926 Y90.76 E378.94724
G1 X57.932 Y90.76
G1 X66.411 Y99.24 E379.02243
G1 X66.416 Y99.24
G1 X74.897 Y90.76 E379.09763
G1 X74.902 Y90.76
G1 X83.382 Y99.24 E379.17283
G1 X83.387 Y99.24
G1 X89.24 Y93.388 E379.22473
G0 F7200 X89.24 Y93.784
G1 F3600 X86.216 Y90.76 E379.25154
G1 X86.21 Y90.76
G1 X77.73 Y99.24 E379.32674
G1 X77.725 Y99.24
G1 X69.246 Y90.76 E379.40193
G1 X69.24 Y90.76
G1 X60.76 Y99.24 E379.47712
G1 X60.755 Y99.24
G1 X52.275 Y90.76 E379.55232
G1 X52.269 Y90.76
G1 X43.789 Y99.24 E379.62751
G1 X43.784 Y99.24
G1 X40.76 Y96.215 E379.65433
G0 F7200 X40.76 Y96.612
G1 F3600 X46.612 Y90.76 E379.70622
G1 X46.618 Y90.76
G1 X55.098 Y99.24 E379.78142
G1 X55.103 Y99.24
G1 X63.583 Y90.76 E379.85662
G1 X63.589 Y90.76
G1 X72.068 Y99.24 E379.93181
G1 X72.073 Y99.24
G1 X80.554 Y90.76 E380.00701
G1 X80.559 Y90.76
G1 X89.039 Y99.24 E380.0822
G1 X89.044 Y99.24
G1 X89.24 Y99.044 E380.08394
G0 F7200 X89.1 Y99.044
G0 X89.1 Y96.612
G0 X89.24 Y96.612
G1 F3600 X83.388 Y90.76 E380.13583
G1 X83.382 Y90.76
G1 X74.902 Y99.24 E380.21103
G1 X74.897 Y99.24
G1 X66.417 Y90.76 E380.28622
G1 X66.411 Y90.76
G1 X57.931 Y99.24 E380.36142
G1 X57.926 Y99.24
G1 X49.447 Y90.76 E380.43661
G1 X49.441 Y90.76
G1 X40.961 Y99.24 E380.5118
G1 X40.956 Y99.24
G1 X40.76 Y99.044 E380.51354
G0 F7200 X40.9 Y99.044
G0 X40.9 Y93.784
G0 X40.76 Y93.784
G1 F3600 X43.784 Y90.76 E380.54036
G1 X43.79 Y90.76
G1 X52.269 Y99.24 E380.61555
G1 X52.274 Y99.24
G1 X60.755 Y90.76 E380.69075
G1 X60.76 Y90.76
G1 X69.24 Y99.24 E380.76594
G1 X69.245 Y99.24
G1 X77.725 Y90.76 E380.84114
G1 X77.731 Y90.76
G1 X86.21 Y99.24 E380.91633
G1 X86.215 Y99.24
G1 X89.24 Y96.216 E380.94315
G1 X89.268 Y96.188
G0 F7200 X89.1 Y96.188
G0 X89.1 Y90.955
G0 X89.24 Y90.955
G1 F3600 X89.045 Y90.76 E380.94488
G1 X89.039 Y90.76
G1 X80.559 Y99.24 E381.02007
G1 X80.554 Y99.24
G1 X72.074 Y90.76 E381.09527
G1 X72.068 Y90.76
G1 X63.588 Y99.24 E381.17046
G1 X63.583 Y99.24
G1 X55.103 Y90.76 E381.24566
G1 X55.098 Y90.76
G1 X46.617 Y99.24 E381.32086
G1 X46.612 Y99.24
G1 X40.76 Y93.387 E381.37276
G1 X40.732 Y93.359
G0 F7200 X40.9 Y93.359
G0 X89.13 Y99.13
G0 X89.4 Y99.4
;TYPE:WALL-INNER
G1 F3600 X89.4 Y90.6 E381.42793
G1 X40.6 Y90.6 E381.73392
G1 X40.6 Y99.4 E381.7891
G1 X89.4 Y99.4 E382.09508
G0 F7200 X89.8 Y99.8
;TYPE:WALL-OUTER
G1 F1800 X89.8 Y90.2 E382.15528
G1 X40.2 Y90.2 E382.46628
G1 X40.2 Y99.8 E382.52647
G1 X89.8 Y99.8 E382.83747
G0 F7200 X89.8 Y99.6
G0 X88.8 Y98.918
;MESH:NONMESH
G0 F600 X88.8 Y98.918 Z12
G0 F7200 X40.956 Y90.9
G0 X40.956 Y90.76
;TIME_ELAPSED:1786.556382
;LAYER:117
;TYPE:FILL
;MESH:test.stl
G1 F3600 X40.76 Y90.955 E382.8392
G0 F7200 X40.961 Y90.76
G1 F3600 X49.441 Y99.24 E382.9144
G1 X49.446 Y99.24
G1 X57.926 Y90.76 E382.9896
G1 X57.932 Y90.76
G1 X66.411 Y99.24 E383.06479
G1 X66.416 Y99.24
G1 X74.897 Y90.76 E383.13999
G1 X74.902 Y90.76
G1 X83.382 Y99.24 E383.21518
G1 X83.387 Y99.24
G1 X89.24 Y93.388 E383.26708
G0 F7200 X89.24 Y93.784
G1 F3600 X86.216 Y90.76 E383.29389
G1 X86.21 Y90.76
G1 X77.73 Y99.24 E383.36909
G1 X77.725 Y99.24
G1 X69.246 Y90.76 E383.44428
G1 X69.24 Y90.76
G1 X60.76 Y99.24 E383.51948
G1 X60.755 Y99.24
G1 X52.275 Y90.76 E383.59467
G1 X52.269 Y90.76
G1 X43.789 Y99.24 E383.66987
G1 X43.784 Y99.24
G1 X40.76 Y96.215 E383.69669
G0 F7200 X40.76 Y96.612
G1 F3600 X46.612 Y90.76 E383.74858
G1 X46.618 Y90.76
G1 X55.098 Y99.24 E383.82377
G1 X55.103 Y99.24
G1 X63.583 Y90.76 E383.89897
G1 X63.589 Y90.76
G1 X72.068 Y99.24 E383.97416
G1 X72.073 Y99.24
G1 X80.554 Y90.76 E384.04936
G1 X80.559 Y90.76
G1 X89.039 Y99.24 E384.12455
G1 X89.044 Y99.24
G1 X89.24 Y99.044 E384.12629
G0 F7200 X89.1 Y99.044
G0 X89.1 Y96.612
G0 X89.24 Y96.612
G1 F3600 X83.388 Y90.76 E384.17818
G1 X83.382 Y90.76
G1 X74.902 Y99.24 E384.25338
G1 X74.897 Y99.24
G1 X66.417 Y90.76 E384.32857
G1 X66.411 Y90.76
G1 X57.931 Y99.24 E384.40377
G1 X57.926 Y99.24
G1 X49.447 Y90.76 E384.47896
G1 X49.441 Y90.76
G1 X40.961 Y99.24 E384.55416
G1 X40.956 Y99.24
G1 X40.76 Y99.044 E384.55589
G0 F7200 X40.9 Y99.044
G0 X40.9 Y93.784
G0 X40.76 Y93.784
G1 F3600 X43.784 Y90.76 E384.58271
G1 X43.79 Y90.76
G1 X52.269 Y99.24 E384.6579
G1 X52.274 Y99.24
G1 X60.755 Y90.76 E384.7331
G1 X60.76 Y90.76
G1 X69.24 Y99.24 E384.8083
G1 X69.245 Y99.24
G1 X77.725 Y90.76 E384.88349
G1 X77.731 Y90.76
G1 X86.21 Y99.24 E384.95868
G1 X86.215 Y99.24
G1 X89.24 Y96.216 E384.9855
G1 X89.268 Y96.188
G0 F7200 X89.1 Y96.188
G0 X89.1 Y90.955
G0 X89.24 Y90.955
G1 F3600 X89.045 Y90.76 E384.98723
G1 X89.039 Y90.76
G1 X80.559 Y99.24 E385.06243
G1 X80.554 Y99.24
G1 X72.074 Y90.76 E385.13762
G1 X72.068 Y90.76
G1 X63.588 Y99.24 E385.21282
G1 X63.583 Y99.24
G1 X55.103 Y90.76 E385.28801
G1 X55.098 Y90.76
G1 X46.617 Y99.24 E385.36321
G1 X46.612 Y99.24
G1 X40.76 Y93.387 E385.41511
G1 X40.732 Y93.359
G0 F7200 X40.9 Y93.359
G0 X89.13 Y99.13
G0 X89.4 Y99.4
;TYPE:WALL-INNER
G1 F3600 X89.4 Y90.6 E385.47029
G1 X40.6 Y90.6 E385.77627
G1 X40.6 Y99.4 E385.83145
G1 X89.4 Y99.4 E386.13743
G0 F7200 X89.8 Y99.8
;TYPE:WALL-OUTER
G1 F1800 X89.8 Y90.2 E386.19763
G1 X40.2 Y90.2 E386.50863
G1 X40.2 Y99.8 E386.56882
G1 X89.8 Y99.8 E386.87982
G0 F7200 X89.8 Y99.6
G0 X88.8 Y98.918
;MESH:NONMESH
G0 F600 X88.8 Y98.918 Z12.1
G0 F7200 X40.956 Y90.9
G0 X40.956 Y90.76
;TIME_ELAPSED:1800.794636
;LAYER:118
;TYPE:FILL
;MESH:test.stl
G1 F3600 X40.76 Y90.955 E386.88156
G0 F7200 X40.961 Y90.76
G1 F3600 X49.441 Y99.24 E386.95675
G1 X49.446 Y99.24
G1 X57.926 Y90.76 E387.03195
G1 X57.932 Y90.76
G1 X66.411 Y99.24 E387.10714
G1 X66.416 Y99.24
G1 X74.897 Y90.76 E387.18234
G1 X74.902 Y90.76
G1 X83.382 Y99.24 E387.25753
G1 X83.387 Y99.24
G1 X89.24 Y93.388 E387.30943
G0 F7200 X89.24 Y93.784
G1 F3600 X86.216 Y90.76 E387.33625
G1 X86.21 Y90.76
G1 X77.73 Y99.24 E387.41144
G1 X77.725 Y99.24
G1 X69.246 Y90.76 E387.48663
G1 X69.24 Y90.76
G1 X60.76 Y99.24 E387.56183
G1 X60.755 Y99.24
G1 X52.275 Y90.76 E387.63702
G1 X52.269 Y90.76
G1 X43.789 Y99.24 E387.71222
G1 X43.784 Y99.24
G1 X40.76 Y96.215 E387.73904
G0 F7200 X40.76 Y96.612
G1 F3600 X46.612 Y90.76 E387.79093
G1 X46.618 Y90.76
G1 X55.098 Y99.24 E387.86612
G1 X55.103 Y99.24
G1 X63.583 Y90.76 E387.94132
G1 X63.589 Y90.76
G1 X72.068 Y99.24 E388.01651
G1 X72.073 Y99.24
G1 X80.554 Y90.76 E388.09171
G1 X80.559 Y90.76
G1 X89.039 Y99.24 E388.16691
G1 X89.044 Y99.24
G1 X89.24 Y99.044 E388.16864
G0 F7200 X89.1 Y99.044
G0 X89.1 Y96.612
G0 X89.24 Y96.612
G1 F3600 X83.388 Y90.76 E388.22054
G1 X83.382 Y90.76
G1 X74.902 Y99.24 E388.29573
G1 X74.897 Y99.24
G1 X66.417 Y90.76 E388.37093
G1 X66.411 Y90.76
G1 X57.931 Y99.24 E388.44612
G1 X57.926 Y99.24
G1 X49.447 Y90.76 E388.52131
G1 X49.441 Y90.76
G1 X40.961 Y99.24 E388.59651
G1 X40.956 Y99.24
G1 X40.76 Y99.044 E388.59825
G0 F7200 X40.9 Y99.044
G0 X40.9 Y93.784
G0 X40.76 Y93.784
G1 F3600 X43.784 Y90.76 E388.62506
G1 X43.79 Y90.76
G1 X52.269 Y99.24 E388.70025
G1 X52.274 Y99.24
G1 X60.755 Y90.76 E388.77545
G1 X60.76 Y90.76
G1 X69.24 Y99.24 E388.85065
G1 X69.245 Y99.24
G1 X77.725 Y90.76 E388.92584
G1 X77.731 Y90.76
G1 X86.21 Y99.24 E389.00103
G1 X86.215 Y99.24
G1 X89.24 Y96.216 E389.02785
G1 X89.268 Y96.188
G0 F7200 X89.1 Y96.188
G0 X89.1 Y90.955
G0 X89.24 Y90.955
G1 F3600 X89.045 Y90.76 E389.02958
G1 X89.039 Y90.76
G1 X80.559 Y99.24 E389.10478
G1 X80.554 Y99.24
G1 X72.074 Y90.76 E389.17997
G1 X72.068 Y90.76
G1 X63.588 Y99.24 E389.25517
G1 X63.583 Y99.24
G1 X55.103 Y90.76 E389.33036
G1 X55.098 Y90.76
G1 X46.617 Y99.24 E389.40556
G1 X46.612 Y99.24
G1 X40.76 Y93.387 E389.45746
G1 X40.732 Y93.359
G0 F7200 X40.9 Y93.359
G0 X89.13 Y99.13
G0 X89.4 Y99.4
;TYPE:WALL-INNER
G1 F3600 X89.4 Y90.6 E389.51264
G1 X40.6 Y90.6 E389.81862
G1 X40.6 Y99.4 E389.8738
G1 X89.4 Y99.4 E390.17979
G0 F7200 X89.8 Y99.8
;TYPE:WALL-OUTER
G1 F1800 X89.8 Y90.2 E390.23998
G1 X40.2 Y90.2 E390.55098
G1 X40.2 Y99.8 E390.61117
G1 X89.8 Y99.8 E390.92218
G0 F7200 X89.8 Y99.6
G0 X88.8 Y98.918
;MESH:NONMESH
G0 F600 X88.8 Y98.918 Z12.2
G0 F7200 X40.956 Y90.9
G0 X40.956 Y90.76
;TIME_ELAPSED:1815.032890
;LAYER:119
;TYPE:FILL
;MESH:test.stl
G1 F3600 X40.76 Y90.955 E390.92391
G0 F7200 X40.961 Y90.76
G1 F3600 X49.441 Y99.24 E390.9991
G1 X49.446 Y99.24
G1 X57.926 Y90.76 E391.0743
G1 X57.932 Y90.76
G1 X66.411 Y99.24 E391.14949
G1 X66.416 Y99.24
G1 X74.897 Y90.76 E391.22469
G1 X74.902 Y90.76
G1 X83.382 Y99.24 E391.29989
G1 X83.387 Y99.24
G1 X89.24 Y93.388 E391.35178
G0 F7200 X89.24 Y93.784
G1 F3600 X86.216 Y90.76 E391.3786
G1 X86.21 Y90.76
G1 X77.73 Y99.24 E391.45379
G1 X77.725 Y99.24
G1 X69.246 Y90.76 E391.52898
G1 X69.24 Y90.76
G1 X60.76 Y99.24 E391.60418
G1 X60.755 Y99.24
G1 X52.275 Y90.76 E391.67937
G1 X52.269 Y90.76
G1 X43.789 Y99.24 E391.75457
G1 X43.784 Y99.24
G1 X40.76 Y96.215 E391.78139
G0 F7200 X40.76 Y96.612
G1 F3600 X46.612 Y90.76 E391.83328
G1 X46.618 Y90.76
G1 X55.098 Y99.24 E391.90848
G1 X55.103 Y99.24
G1 X63.583 Y90.76 E391.98367
G1 X63.589 Y90.76
G1 X72.068 Y99.24 E392.05886
G1 X72.073 Y99.24
G1 X80.554 Y90.76 E392.13406
G1 X80.559 Y90.76
G1 X89.039 Y99.24 E392.20926
G1 X89.044 Y99.24
G1 X89.24 Y99.044 E392.211
G0 F7200 X89.1 Y99.044
G0 X89.1 Y96.612
G0 X89.24 Y96.612
G1 F3600 X83.388 Y90.76 E392.26289
G1 X83.382 Y90.76
G1 X74.902 Y99.24 E392.33808
G1 X74.897 Y99.24
G1 X66.417 Y90.76 E392.41328
G1 X66.411 Y90.76
G1 X57.931 Y99.24 E392.48847
G1 X57.926 Y99.24
G1 X49.447 Y90.76 E392.56367
G1 X49.441 Y90.76
G1 X40.961 Y99.24 E392.63886
G1 X40.956 Y99.24
G1 X40.76 Y99.044 E392.6406
G0 F7200 X40.9 Y99.044
G0 X40.9 Y93.784
G0 X40.76 Y93.784
G1 F3600 X43.784 Y90.76 E392.66741
G1 X43.79 Y90.76
G1 X52.269 Y99.24 E392.74261
G1 X52.274 Y99.24
G1 X60.755 Y90.76 E392.8178
G1 X60.76 Y90.76
G1 X69.24 Y99.24 E392.893
G1 X69.245 Y99.24
G1 X77.725 Y90.76 E392.9682
G1 X77.731 Y90.76
G1 X86.21 Y99.24 E393.04339
G1 X86.215 Y99.24
G1 X89.24 Y96.216 E393.07021
G1 X89.268 Y96.188
G0 F7200 X89.1 Y96.188
G0 X89.1 Y90.955
G0 X89.24 Y90.955
G1 F3600 X89.045 Y90.76 E393.07194
G1 X89.039 Y90.76
G1 X80.559 Y99.24 E393.14713
G1 X80.554 Y99.24
G1 X72.074 Y90.76 E393.22233
G1 X72.068 Y90.76
G1 X63.588 Y99.24 E393.29752
G1 X63.583 Y99.24
G1 X55.103 Y90.76 E393.37272
G1 X55.098 Y90.76
G1 X46.617 Y99.24 E393.44792
G1 X46.612 Y99.24
G1 X40.76 Y93.387 E393.49981
G1 X40.732 Y93.359
G0 F7200 X40.9 Y93.359
G0 X89.13 Y99.13
G0 X89.4 Y99.4
;TYPE:WALL-INNER
G1 F3600 X89.4 Y90.6 E393.55499
G1 X40.6 Y90.6 E393.86098
G1 X40.6 Y99.4 E393.91615
G1 X89.4 Y99.4 E394.22214
G0 F7200 X89.8 Y99.8
;TYPE:WALL-OUTER
G1 F1800 X89.8 Y90.2 E394.28233
G1 X40.2 Y90.2 E394.59333
G1 X40.2 Y99.8 E394.65353
G1 X89.8 Y99.8 E394.96453
G0 F7200 X89.8 Y99.6
G0 X88.8 Y98.918
;MESH:NONMESH
G0 F600 X88.8 Y98.918 Z12.3
G0 F7200 X40.956 Y90.9
G0 X40.956 Y90.76
;TIME_ELAPSED:1829.271144
;LAYER:120
;TYPE:FILL
;MESH:test.stl
G1 F3600 X40.76 Y90.955 E394.96626
G0 F7200 X40.961 Y90.76
G1 F3600 X49.441 Y99.24 E395.04146
G1 X49.446 Y99.24
G1 X57.926 Y90.76 E395.11665
G1 X57.932 Y90.76
G1 X66.411 Y99.24 E395.19184
G1 X66.416 Y99.24
G1 X74.897 Y90.76 E395.26704
G1 X74.902 Y90.76
G1 X83.382 Y99.24 E395.34224
G1 X83.387 Y99.24
G1 X89.24 Y93.388 E395.39414
G0 F7200 X89.24 Y93.784
G1 F3600 X86.216 Y90.76 E395.42095
G1 X86.21 Y90.76
G1 X77.73 Y99.24 E395.49615
G1 X77.725 Y99.24
G1 X69.246 Y90.76 E395.57134
G1 X69.24 Y90.76
G1 X60.76 Y99.24 E395.64653
G1 X60.755 Y99.24
G1 X52.275 Y90.76 E395.72173
G1 X52.269 Y90.76
G1 X43.789 Y99.24 E395.79692
G1 X43.784 Y99.24
G1 X40.76 Y96.215 E395.82374
G0 F7200 X40.76 Y96.612
G1 F3600 X46.612 Y90.76 E395.87563
G1 X46.618 Y90.76
G1 X55.098 Y99.24 E395.95083
G1 X55.103 Y99.24
G1 X63.583 Y90.76 E396.02602
G1 X63.589 Y90.76
G1 X72.068 Y99.24 E396.10122
G1 X72.073 Y99.24
G1 X80.554 Y90.76 E396.17642
G1 X80.559 Y90.76
G1 X89.039 Y99.24 E396.25161
G1 X89.044 Y99.24
G1 X89.24 Y99.044 E396.25335
G0 F7200 X89.1 Y99.044
G0 X89.1 Y96.612
G0 X89.24 Y96.612
G1 F3600 X83.388 Y90.76 E396.30524
G1 X83.382 Y90.76
G1 X74.902 Y99.24 E396.38044
G1 X74.897 Y99.24
G1 X66.417 Y90.76 E396.45563
G1 X66.411 Y90.76
G1 X57.931 Y99.24 E396.53083
G1 X57.926 Y99.24
G1 X49.447 Y90.76 E396.60602
G1 X49.441 Y90.76
G1 X40.961 Y99.24 E396.68121
G1 X40.956 Y99.24
G1 X40.76 Y99.044 E396.68295
G0 F7200 X40.9 Y99.044
G0 X40.9 Y93.784
G0 X40.76 Y93.784
G1 F3600 X43.784 Y90.76 E396.70977
G1 X43.79 Y90.76
G1 X52.269 Y99.24 E396.78496
G1 X52.274 Y99.24
G1 X60.755 Y90.76 E396.86016
G1 X60.76 Y90.76
G1 X69.24 Y99.24 E396.93535
G1 X69.245 Y99.24
G1 X77.725 Y90.76 E397.01055
G1 X77.731 Y90.76
G1 X86.21 Y99.24 E397.08574
G1 X86.215 Y99.24
G1 X89.24 Y96.216 E397.11256
G1 X89.268 Y96.188
G0 F7200 X89.1 Y96.188
G0 X89.1 Y90.955
G0 X89.24 Y90.955
G1 F3600 X89.045 Y90.76 E397.11429
G1 X89.039 Y90.76
G1 X80.559 Y99.24 E397.18948
G1 X80.554 Y99.24
G1 X72.074 Y90.76 E397.26468
G1 X72.068 Y90.76
G1 X63.588 Y99.24 E397.33987
G1 X63.583 Y99.24
G1 X55.103 Y90.76 E397.41507
G1 X55.098 Y90.76
G1 X46.617 Y99.24 E397.49027
G1 X46.612 Y99.24
G1 X40.76 Y93.387 E397.54217
G1 X40.732 Y93.359
G0 F7200 X40.9 Y93.359
G0 X89.13 Y99.13
G0 X89.4 Y99.4
;TYPE:WALL-INNER
G1 F3600 X89.4 Y90.6 E397.59734
G1 X40.6 Y90.6 E397.90333
G1 X40.6 Y99.4 E397.95851
G1 X89.4 Y99.4 E398.26449
G0 F7200 X89.8 Y99.8
;TYPE:WALL-OUTER
G1 F1800 X89.8 Y90.2 E398.32468
G1 X40.2 Y90.2 E398.63569
G1 X40.2 Y99.8 E398.69588
G1 X89.8 Y99.8 E399.00688
G0 F7200 X89.8 Y99.6
G0 X88.8 Y98.918
;MESH:NONMESH
G0 F600 X88.8 Y98.918 Z12.4
G0 F7200 X40.956 Y90.9
G0 X40.956 Y90.76
;TIME_ELAPSED:1843.509397
;LAYER:121
;TYPE:FILL
;MESH:test.stl
G1 F3600 X40.76 Y90.955 E399.00861
G0 F7200 X40.961 Y90.76
G1 F3600 X49.441 Y99.24 E399.08381
G1 X49.446 Y99.24
G1 X57.926 Y90.76 E399.159
G1 X57.932 Y90.76
G1 X66.411 Y99.24 E399.2342
G1 X66.416 Y99.24
G1 X74.897 Y90.76 E399.3094
G1 X74.902 Y90.76
G1 X83.382 Y99.24 E399.38459
G1 X83.387 Y99.24
G1 X89.24 Y93.388 E399.43649
G0 F7200 X89.24 Y93.784
G1 F3600 X86.216 Y90.76 E399.4633
G1 X86.21 Y90.76
G1 X77.73 Y99.24 E399.5385
G1 X77.725 Y99.24
G1 X69.246 Y90.76 E399.61369
G1 X69.24 Y90.76
G1 X60.76 Y99.24 E399.68888
G1 X60.755 Y99.24
G1 X52.275 Y90.76 E399.76408
G1 X52.269 Y90.76
G1 X43.789 Y99.24 E399.83927
G1 X43.784 Y99.24
G1 X40.76 Y96.215 E399.86609
G0 F7200 X40.76 Y96.612
G1 F3600 X46.612 Y90.76 E399.91799
G1 X46.618 Y90.76
G1 X55.098 Y99.24 E399.99318
G1 X55.103 Y99.24
G1 X63.583 Y90.76 E400.06838
G1 X63.589 Y90.76
G1 X72.068 Y99.24 E400.14357
G1 X72.073 Y99.24
G1 X80.554 Y90.76 E400.21877
G1 X80.559 Y90.76
G1 X89.039 Y99.24 E400.29396
G1 X89.044 Y99.24
G1 X89.24 Y99.044 E400.2957
G0 F7200 X89.1 Y99.044
G0 X89.1 Y96.612
G0 X89.24 Y96.612
G1 F3600 X83.388 Y90.76 E400.34759
G1 X83.382 Y90.76
G1 X74.902 Y99.24 E400.42279
G1 X74.897 Y99.24
G1 X66.417 Y90.76 E400.49798
G1 X66.411 Y90.76
G1 X57.931 Y99.24 E400.57318
G1 X57.926 Y99.24
G1 X49.447 Y90.76 E400.64837
G1 X49.441 Y90.76
G1 X40.961 Y99.24 E400.72357
G1 X40.956 Y99.24
G1 X40.76 Y99.044 E400.7253
G0 F7200 X40.9 Y99.044
G0 X40.9 Y93.784
G0 X40.76 Y93.784
G1 F3600 X43.784 Y90.76 E400.75212
G1 X43.79 Y90.76
G1 X52.269 Y99.24 E400.82731
G1 X52.274 Y99.24
G1 X60.755 Y90.76 E400.90251
G1 X60.76 Y90.76
G1 X69.24 Y99.24 E400.9777
G1 X69.245 Y99.24
G1 X77.725 Y90.76 E401.0529
G1 X77.731 Y90.76
G1 X86.21 Y99.24 E401.12809
G1 X86.215 Y99.24
G1 X89.24 Y96.216 E401.15491
G1 X89.268 Y96.188
G0 F7200 X89.1 Y96.188
G0 X89.1 Y90.955
G0 X89.24 Y90.955
G1 F3600 X89.045 Y90.76 E401.15664
G1 X89.039 Y90.76
G1 X80.559 Y99.24 E401.23184
G1 X80.554 Y99.24
G1 X72.074 Y90.76 E401.30703
G1 X72.068 Y90.76
G1 X63.588 Y99.24 E401.38223
G1 X63.583 Y99.24
G1 X55.103 Y90.76 E401.45742
G1 X55.098 Y90.76
G1 X46.617 Y99.24 E401.53262
G1 X46.612 Y99.24
G1 X40.76 Y93.387 E401.58452
G1 X40.732 Y93.359
G0 F7200 X40.9 Y93.359
G0 X89.13 Y99.13
G0 X89.4 Y99.4
;TYPE:WALL-INNER
G1 F3600 X89.4 Y90.6 E401.6397
G1 X40.6 Y90.6 E401.94568
G1 X40.6 Y99.4 E402.00086
G1 X89.4 Y99.4 E402.30684
G0 F7200 X89.8 Y99.8
;TYPE:WALL-OUTER
G1 F1800 X89.8 Y90.2 E402.36704
G1 X40.2 Y90.2 E402.67804
G1 X40.2 Y99.8 E402.73823
G1 X89.8 Y99.8 E403.04923
G0 F7200 X89.8 Y99.6
G0 X88.8 Y98.918
;MESH:NONMESH
G0 F600 X88.8 Y98.918 Z12.5
G0 F7200 X40.956 Y90.9
G0 X40.956 Y90.76
;TIME_ELAPSED:1857.747651
;LAYER:122
;TYPE:FILL
;MESH:test.stl
G1 F3600 X40.76 Y90.955 E403.05097
G0 F7200 X40.961 Y90.76
G1 F3600 X49.441 Y99.24 E403.12616
G1 X49.446 Y99.24
G1 X57.926 Y90.76 E403.20136
G1 X57.932 Y90.76
G1 X66.411 Y99.24 E403.27655
G1 X66.416 Y99.24
G1 X74.897 Y90.76 E403.35175
G1 X74.902 Y90.76
G1 X83.382 Y99.24 E403.42694
G1 X83.387 Y99.24
G1 X89.24 Y93.388 E403.47884
G0 F7200 X89.24 Y93.784
G1 F3600 X86.216 Y90.76 E403.50565
G1 X86.21 Y90.76
G1 X77.73 Y99.24 E403.58085
G1 X77.725 Y99.24
G1 X69.246 Y90.76 E403.65604
G1 X69.24 Y90.76
G1 X60.76 Y99.24 E403.73124
G1 X60.755 Y99.24
G1 X52.275 Y90.76 E403.80643
G1 X52.269 Y90.76
G1 X43.789 Y99.24 E403.88163
G1 X43.784 Y99.24
G1 X40.76 Y96.215 E403.90845
G0 F7200 X40.76 Y96.612
G1 F3600 X46.612 Y90.76 E403.96034
G1 X46.618 Y90.76
G1 X55.098 Y99.24 E404.03553
G1 X55.103 Y99.24
G1 X63.583 Y90.76 E404.11073
G1 X63.589 Y90.76
G1 X72.068 Y99.24 E404.18592
G1 X72.073 Y99.24
G1 X80.554 Y90.76 E404.26112
G1 X80.559 Y90.76
G1 X89.039 Y99.24 E404.33632
G1 X89.044 Y99.24
G1 X89.24 Y99.044 E404.33805
G0 F7200 X89.1 Y99.044
G0 X89.1 Y96.612
G0 X89.24 Y96.612
G1 F3600 X83.388 Y90.76 E404.38995
G1 X83.382 Y90.76
G1 X74.902 Y99.24 E404.46514
G1 X74.897 Y99.24
G1 X66.417 Y90.76 E404.54034
G1 X66.411 Y90.76
G1 X57.931 Y99.24 E404.61553
G1 X57.926 Y99.24
G1 X49.447 Y90.76 E404.69072
G1 X49.441 Y90.76
G1 X40.961 Y99.24 E404.76592
G1 X40.956 Y99.24
G1 X40.76 Y99.044 E404.76766
G0 F7200 X40.9 Y99.044
G0 X40.9 Y93.784
G0 X40.76 Y93.784
G1 F3600 X43.784 Y90.76 E404.79447
G1 X43.79 Y90.76
G1 X52.269 Y99.24 E404.86966
G1 X52.274 Y99.24
G1 X60.755 Y90.76 E404.94486
G1 X60.76 Y90.76
G1 X69.24 Y99.24 E405.02006
G1 X69.245 Y99.24
G1 X77.725 Y90.76 E405.09525
G1 X77.731 Y90.76
G1 X86.21 Y99.24 E405.17044
G1 X86.215 Y99.24
G1 X89.24 Y96.216 E405.19726
G1 X89.268 Y96.188
G0 F7200 X89.1 Y96.188
G0 X89.1 Y90.955
G0 X89.24 Y90.955
G1 F3600 X89.045 Y90.76 E405.19899
G1 X89.039 Y90.76
G1 X80.559 Y99.24 E405.27419
G1 X80.554 Y99.24
G1 X72.074 Y90.76 E405.34938
G1 X72.068 Y90.76
G1 X63.588 Y99.24 E405.42458
G1 X63.583 Y99.24
G1 X55.103 Y90.76 E405.49977
G1 X55.098 Y90.76
G1 X46.617 Y99.24 E405.57497
G1 X46.612 Y99.24
G1 X40.76 Y93.387 E405.62687
G1 X40.732 Y93.359
G0 F7200 X40.9 Y93.359
G0 X89.13 Y99.13
G0 X89.4 Y99.4
;TYPE:WALL-INNER
G1 F3600 X89.4 Y90.6 E405.68205
G1 X40.6 Y90.6 E405.98803
G1 X40.6 Y99.4 E406.04321
G1 X89.4 Y99.4 E406.3492
G0 F7200 X89.8 Y99.8
;TYPE:WALL-OUTER
G1 F1800 X89.8 Y90.2 E406.40939
G1 X40.2 Y90.2 E406.72039
G1 X40.2 Y99.8 E406.78058
G1 X89.8 Y99.8 E407.09159
G0 F7200 X89.8 Y99.6
G0 X88.8 Y98.918
;MESH:NONMESH
G0 F600 X88.8 Y98.918 Z12.6
G0 F7200 X40.956 Y90.9
G0 X40.956 Y90.76
;TIME_ELAPSED:1871.985905
;LAYER:123
;TYPE:FILL
;MESH:test.stl
G1 F3600 X40.76 Y90.955 E407.09332
G0 F7200 X40.961 Y90.76
G1 F3600 X49.441 Y99.24 E407.16851
G1 X49.446 Y99.24
G1 X57.926 Y90.76 E407.24371
G1 X57.932 Y90.76
G1 X66.411 Y99.24 E407.3189
G1 X66.416 Y99.24
G1 X74.897 Y90.76 E407.3941
G1 X74.902 Y90.76
G1 X83.382 Y99.24 E407.4693
G1 X83.387 Y99.24
G1 X89.24 Y93.388 E407.52119
G0 F7200 X89.24 Y93.784
G1 F3600 X86.216 Y90.76 E407.54801
G1 X86.21 Y90.76
G1 X77.73 Y99.24 E407.6232
G1 X77.725 Y99.24
G1 X69.246 Y90.76 E407.69839
G1 X69.24 Y90.76
G1 X60.76 Y99.24 E407.77359
G1 X60.755 Y99.24
G1 X52.275 Y90.76 E407.84878
G1 X52.269 Y90.76
G1 X43.789 Y99.24 E407.92398
G1 X43.784 Y99.24
G1 X40.76 Y96.215 E407.9508
G0 F7200 X40.76 Y96.612
G1 F3600 X46.612 Y90.76 E408.00269
G1 X46.618 Y90.76
G1 X55.098 Y99.24 E408.07789
G1 X55.103 Y99.24
G1 X63.583 Y90.76 E408.15308
G1 X63.589 Y90.76
G1 X72.068 Y99.24 E408.22827
G1 X72.073 Y99.24
G1 X80.554 Y90.76 E408.30347
G1 X80.559 Y90.76
G1 X89.039 Y99.24 E408.37867
G1 X89.044 Y99.24
G1 X89.24 Y99.044 E408.38041
G0 F7200 X89.1 Y99.044
G0 X89.1 Y96.612
G0 X89.24 Y96.612
G1 F3600 X83.388 Y90.76 E408.4323
G1 X83.382 Y90.76
G1 X74.902 Y99.24 E408.50749
G1 X74.897 Y99.24
G1 X66.417 Y90.76 E408.58269
G1 X66.411 Y90.76
G1 X57.931 Y99.24 E408.65788
G1 X57.926 Y99.24
G1 X49.447 Y90.76 E408.73307
G1 X49.441 Y90.76
G1 X40.961 Y99.24 E408.80827
G1 X40.956 Y99.24
G1 X40.76 Y99.044 E408.81001
G0 F7200 X40.9 Y99.044
G0 X40.9 Y93.784
G0 X40.76 Y93.784
G1 F3600 X43.784 Y90.76 E408.83682
G1 X43.79 Y90.76
G1 X52.269 Y99.24 E408.91201
G1 X52.274 Y99.24
G1 X60.755 Y90.76 E408.98721
G1 X60.76 Y90.76
G1 X69.24 Y99.24 E409.06241
G1 X69.245 Y99.24
G1 X77.725 Y90.76 E409.1376
G1 X77.731 Y90.76
G1 X86.21 Y99.24 E409.2128
G1 X86.215 Y99.24
G1 X89.24 Y96.216 E409.23962
G1 X89.268 Y96.188
G0 F7200 X89.1 Y96.188
G0 X89.1 Y90.955
G0 X89.24 Y90.955
G1 F3600 X89.045 Y90.76 E409.24134
G1 X89.039 Y90.76
G1 X80.559 Y99.24 E409.31654
G1 X80.554 Y99.24
G1 X72.074 Y90.76 E409.39173
G1 X72.068 Y90.76
G1 X63.588 Y99.24 E409.46693
G1 X63.583 Y99.24
G1 X55.103 Y90.76 E409.54213
G1 X55.098 Y90.76
G1 X46.617 Y99.24 E409.61733
G1 X46.612 Y99.24
G1 X40.76 Y93.387 E409.66922
G1 X40.732 Y93.359
G0 F7200 X40.9 Y93.359
G0 X89.13 Y99.13
G0 X89.4 Y99.4
;TYPE:WALL-INNER
G1 F3600 X89.4 Y90.6 E409.7244
G1 X40.6 Y90.6 E410.03038
G1 X40.6 Y99.4 E410.08556
G1 X89.4 Y99.4 E410.39155
G0 F7200 X89.8 Y99.8
;TYPE:WALL-OUTER
G1 F1800 X89.8 Y90.2 E410.45174
G1 X40.2 Y90.2 E410.76274
G1 X40.2 Y99.8 E410.82294
G1 X89.8 Y99.8 E411.13394
G0 F7200 X89.8 Y99.6
G0 X88.8 Y98.918
;MESH:NONMESH
G0 F600 X88.8 Y98.918 Z12.7
G0 F7200 X40.956 Y90.9
G0 X40.956 Y90.76
;TIME_ELAPSED:1886.224159
;LAYER:124
;TYPE:FILL
;MESH:test.stl
G1 F3600 X40.76 Y90.955 E411.13567
G0 F7200 X40.961 Y90.76
G1 F3600 X49.441 Y99.24 E411.21087
G1 X49.446 Y99.24
G1 X57.926 Y90.76 E411.28606
G1 X57.932 Y90.76
G1 X66.411 Y99.24 E411.36125
G1 X66.416 Y99.24
G1 X74.897 Y90.76 E411.43645
G1 X74.902 Y90.76
G1 X83.382 Y99.24 E411.51165
G1 X83.387 Y99.24
G1 X89.24 Y93.388 E411.56354
G0 F7200 X89.24 Y93.784
G1 F3600 X86.216 Y90.76 E411.59036
G1 X86.21 Y90.76
G1 X77.73 Y99.24 E411.66555
G1 X77.725 Y99.24
G1 X69.246 Y90.76 E411.74075
G1 X69.24 Y90.76
G1 X60.76 Y99.24 E411.81594
G1 X60.755 Y99.24
G1 X52.275 Y90.76 E411.89114
G1 X52.269 Y90.76
G1 X43.789 Y99.24 E411.96633
G1 X43.784 Y99.24
G1 X40.76 Y96.215 E411.99315
G0 F7200 X40.76 Y96.612
G1 F3600 X46.612 Y90.76 E412.04504
G1 X46.618 Y90.76
G1 X55.098 Y99.24 E412.12024
G1 X55.103 Y99.24
G1 X63.583 Y90.76 E412.19543
G1 X63.589 Y90.76
G1 X72.068 Y99.24 E412.27062
G1 X72.073 Y99.24
G1 X80.554 Y90.76 E412.34582
G1 X80.559 Y90.76
G1 X89.039 Y99.24 E412.42102
G1 X89.044 Y99.24
G1 X89.24 Y99.044 E412.42276
G0 F7200 X89.1 Y99.044
G0 X89.1 Y96.612
G0 X89.24 Y96.612
G1 F3600 X83.388 Y90.76 E412.47465
G1 X83.382 Y90.76
G1 X74.902 Y99.24 E412.54985
G1 X74.897 Y99.24
G1 X66.417 Y90.76 E412.62504
G1 X66.411 Y90.76
G1 X57.931 Y99.24 E412.70024
G1 X57.926 Y99.24
G1 X49.447 Y90.76 E412.77543
G1 X49.441 Y90.76
G1 X40.961 Y99.24 E412.85062
G1 X40.956 Y99.24
G1 X40.76 Y99.044 E412.85236
G0 F7200 X40.9 Y99.044
G0 X40.9 Y93.784
G0 X40.76 Y93.784
G1 F3600 X43.784 Y90.76 E412.87918
G1 X43.79 Y90.76
G1 X52.269 Y99.24 E412.95437
G1 X52.274 Y99.24
G1 X60.755 Y90.76 E413.02957
G1 X60.76 Y90.76
G1 X69.24 Y99.24 E413.10476
G1 X69.245 Y99.24
G1 X77.725 Y90.76 E413.17996
G1 X77.731 Y90.76
G1 X86.21 Y99.24 E413.25515
G1 X86.215 Y99.24
G1 X89.24 Y96.216 E413.28197
G1 X89.268 Y96.188
G0 F7200 X89.1 Y96.188
G0 X89.1 Y90.955
G0 X89.24 Y90.955
G1 F3600 X89.045 Y90.76 E413.2837
G1 X89.039 Y90.76
G1 X80.559 Y99.24 E413.35889
G1 X80.554 Y99.24
G1 X72.074 Y90.76 E413.43409
G1 X72.068 Y90.76
G1 X63.588 Y99.24 E413.50928
G1 X63.583 Y99.24
G1 X55.103 Y90.76 E413.58448
G1 X55.098 Y90.76
G1 X46.617 Y99.24 E413.65968
G1 X46.612 Y99.24
G1 X40.76 Y93.387 E413.71157
G1 X40.732 Y93.359
G0 F7200 X40.9 Y93.359
G0 X89.13 Y99.13
G0 X89.4 Y99.4
;TYPE:WALL-INNER
G1 F3600 X89.4 Y90.6 E413.76675
G1 X40.6 Y90.6 E414.07274
G1 X40.6 Y99.4 E414.12791
G1 X89.4 Y99.4 E414.4339
G0 F7200 X89.8 Y99.8
;TYPE:WALL-OUTER
G1 F1800 X89.8 Y90.2 E414.49409
G1 X40.2 Y90.2 E414.80509
G1 X40.2 Y99.8 E414.86529
G1 X89.8 Y99.8 E415.17629
G0 F7200 X89.8 Y99.6
G0 X88.8 Y98.918
;MESH:NONMESH
G0 F600 X88.8 Y98.918 Z12.8
G0 F7200 X40.956 Y90.9
G0 X40.956 Y90.76
;TIME_ELAPSED:1900.462412
;LAYER:125
;TYPE:FILL
;MESH:test.stl
G1 F3600 X40.76 Y90.955 E415.17802
G0 F7200 X40.961 Y90.76
G1 F3600 X49.441 Y99.24 E415.25322
G1 X49.446 Y99.24
G1 X57.926 Y90.76 E415.32841
G1 X57.932 Y90.76
G1 X66.411 Y99.24 E415.4036
G1 X66.416 Y99.24
G1 X74.897 Y90.76 E415.4788
G1 X74.902 Y90.76
G1 X83.382 Y99.24 E415.554
G1 X83.387 Y99.24
G1 X89.24 Y93.388 E415.6059
G0 F7200 X89.24 Y93.784
G1 F3600 X86.216 Y90.76 E415.63271
G1 X86.21 Y90.76
G1 X77.73 Y99.24 E415.70791
G1 X77.725 Y99.24
G1 X69.246 Y90.76 E415.7831
G1 X69.24 Y90.76
G1 X60.76 Y99.24 E415.85829
G1 X60.755 Y99.24
G1 X52.275 Y90.76 E415.93349
G1 X52.269 Y90.76
G1 X43.789 Y99.24 E416.00868
G1 X43.784 Y99.24
G1 X40.76 Y96.215 E416.0355
G0 F7200 X40.76 Y96.612
G1 F3600 X46.612 Y90.76 E416.0874
G1 X46.618 Y90.76
G1 X55.098 Y99.24 E416.16259
G1 X55.103 Y99.24
G1 X63.583 Y90.76 E416.23779
G1 X63.589 Y90.76
G1 X72.068 Y99.24 E416.31298
G1 X72.073 Y99.24
G1 X80.554 Y90.76 E416.38818
G1 X80.559 Y90.76
G1 X89.039 Y99.24 E416.46337
G1 X89.044 Y99.24
G1 X89.24 Y99.044 E416.46511
G0 F7200 X89.1 Y99.044
G0 X89.1 Y96.612
G0 X89.24 Y96.612
G1 F3600 X83.388 Y90.76 E416.517
G1 X83.382 Y90.76
G1 X74.902 Y99.24 E416.5922
G1 X74.897 Y99.24
G1 X66.417 Y90.76 E416.66739
G1 X66.411 Y90.76
G1 X57.931 Y99.24 E416.74259
G1 X57.926 Y99.24
G1 X49.447 Y90.76 E416.81778
G1 X49.441 Y90.76
G1 X40.961 Y99.24 E416.89297
G1 X40.956 Y99.24
G1 X40.76 Y99.044 E416.89471
G0 F7200 X40.9 Y99.044
G0 X40.9 Y93.784
G0 X40.76 Y93.784
G1 F3600 X43.784 Y90.76 E416.92153
G1 X43.79 Y90.76
G1 X52.269 Y99.24 E416.99672
G1 X52.274 Y99.24
G1 X60.755 Y90.76 E417.07192
G1 X60.76 Y90.76
G1 X69.24 Y99.24 E417.14711
G1 X69.245 Y99.24
G1 X77.725 Y90.76 E417.22231
G1 X77.731 Y90.76
G1 X86.21 Y99.24 E417.2975
G1 X86.215 Y99.24
G1 X89.24 Y96.216 E417.32432
G1 X89.268 Y96.188
G0 F7200 X89.1 Y96.188
G0 X89.1 Y90.955
G0 X89.24 Y90.955
G1 F3600 X89.045 Y90.76 E417.32605
G1 X89.039 Y90.76
G1 X80.559 Y99.24 E417.40124
G1 X80.554 Y99.24
G1 X72.074 Y90.76 E417.47644
G1 X72.068 Y90.76
G1 X63.588 Y99.24 E417.55163
G1 X63.583 Y99.24
G1 X55.103 Y90.76 E417.62683
G1 X55.098 Y90.76
G1 X46.617 Y99.24 E417.70203
G1 X46.612 Y99.24
G1 X40.76 Y93.387 E417.75393
G1 X40.732 Y93.359
G0 F7200 X40.9 Y93.359
G0 X89.13 Y99.13
G0 X89.4 Y99.4
;TYPE:WALL-INNER
G1 F3600 X89.4 Y90.6 E417.8091
G1 X40.6 Y90.6 E418.11509
G1 X40.6 Y99.4 E418.17027
G1 X89.4 Y99.4 E418.47625
G0 F7200 X89.8 Y99.8
;TYPE:WALL-OUTER
G1 F1800 X89.8 Y90.2 E418.53645
G1 X40.2 Y90.2 E418.84745
G1 X40.2 Y99.8 E418.90764
G1 X89.8 Y99.8 E419.21864
G0 F7200 X89.8 Y99.6
G0 X88.8 Y98.918
;MESH:NONMESH
G0 F600 X88.8 Y98.918 Z12.9
G0 F7200 X40.956 Y90.9
G0 X40.956 Y90.76
;TIME_ELAPSED:1914.700666
;LAYER:126
;TYPE:FILL
;MESH:test.stl
G1 F3600 X40.76 Y90.955 E419.22038
G0 F7200 X40.961 Y90.76
G1 F3600 X49.441 Y99.24 E419.29557
G1 X49.446 Y99.24
G1 X57.926 Y90.76 E419.37077
G1 X57.932 Y90.76
G1 X66.411 Y99.24 E419.44596
G1 X66.416 Y99.24
G1 X74.897 Y90.76 E419.52116
G1 X74.902 Y90.76
G1 X83.382 Y99.24 E419.59635
G1 X83.387 Y99.24
G1 X89.24 Y93.388 E419.64825
G0 F7200 X89.24 Y93.784
G1 F3600 X86.216 Y90.76 E419.67506
G1 X86.21 Y90.76
G1 X77.73 Y99.24 E419.75026
G1 X77.725 Y99.24
G1 X69.246 Y90.76 E419.82545
G1 X69.24 Y90.76
G1 X60.76 Y99.24 E419.90065
G1 X60.755 Y99.24
G1 X52.275 Y90.76 E419.97584
G1 X52.269 Y90.76
G1 X43.789 Y99.24 E420.05104
G1 X43.784 Y99.24
G1 X40.76 Y96.215 E420.07786
G0 F7200 X40.76 Y96.612
G1 F3600 X46.612 Y90.76 E420.12975
G1 X46.618 Y90.76
G1 X55.098 Y99.24 E420.20494
G1 X55.103 Y99.24
G1 X63.583 Y90.76 E420.28014
G1 X63.589 Y90.76
G1 X72.068 Y99.24 E420.35533
G1 X72.073 Y99.24
G1 X80.554 Y90.76 E420.43053
G1 X80.559 Y90.76
G1 X89.039 Y99.24 E420.50572
G1 X89.044 Y99.24
G1 X89.24 Y99.044 E420.50746
G0 F7200 X89.1 Y99.044
G0 X89.1 Y96.612
G0 X89.24 Y96.612
G1 F3600 X83.388 Y90.76 E420.55935
G1 X83.382 Y90.76
G1 X74.902 Y99.24 E420.63455
G1 X74.897 Y99.24
G1 X66.417 Y90.76 E420.70975
G1 X66.411 Y90.76
G1 X57.931 Y99.24 E420.78494
G1 X57.926 Y99.24
G1 X49.447 Y90.76 E420.86013
G1 X49.441 Y90.76
G1 X40.961 Y99.24 E420.93533
G1 X40.956 Y99.24
G1 X40.76 Y99.044 E420.93706
G0 F7200 X40.9 Y99.044
G0 X40.9 Y93.784
G0 X40.76 Y93.784
G1 F3600 X43.784 Y90.76 E420.96388
G1 X43.79 Y90.76
G1 X52.269 Y99.24 E421.03907
G1 X52.274 Y99.24
G1 X60.755 Y90.76 E421.11427
G1 X60.76 Y90.76
G1 X69.24 Y99.24 E421.18947
G1 X69.245 Y99.24
G1 X77.725 Y90.76 E421.26466
G1 X77.731 Y90.76
G1 X86.21 Y99.24 E421.33985
G1 X86.215 Y99.24
G1 X89.24 Y96.216 E421.36667
G1 X89.268 Y96.188
G0 F7200 X89.1 Y96.188
G0 X89.1 Y90.955
G0 X89.24 Y90.955
G1 F3600 X89.045 Y90.76 E421.3684
G1 X89.039 Y90.76
G1 X80.559 Y99.24 E421.4436
G1 X80.554 Y99.24
G1 X72.074 Y90.76 E421.51879
G1 X72.068 Y90.76
G1 X63.588 Y99.24 E421.59399
G1 X63.583 Y99.24
G1 X55.103 Y90.76 E421.66918
G1 X55.098 Y90.76
G1 X46.617 Y99.24 E421.74438
G1 X46.612 Y99.24
G1 X40.76 Y93.387 E421.79628
G1 X40.732 Y93.359
G0 F7200 X40.9 Y93.359
G0 X89.13 Y99.13
G0 X89.4 Y99.4
;TYPE:WALL-INNER
G1 F3600 X89.4 Y90.6 E421.85146
G1 X40.6 Y90.6 E422.15744
G1 X40.6 Y99.4 E422.21262
G1 X89.4 Y99.4 E422.5186
G0 F7200 X89.8 Y99.8
;TYPE:WALL-OUTER
G1 F1800 X89.8 Y90.2 E422.5788
G1 X40.2 Y90.2 E422.8898
G1 X40.2 Y99.8 E422.94999
G1 X89.8 Y99.8 E423.26099
G0 F7200 X89.8 Y99.6
G0 X88.8 Y98.918
;MESH:NONMESH
G0 F600 X88.8 Y98.918 Z13
G0 F7200 X40.956 Y90.9
G0 X40.956 Y90.76
;TIME_ELAPSED:1928.938920
;LAYER:127
;TYPE:FILL
;MESH:test.stl
G1 F3600 X40.76 Y90.955 E423.26273
G0 F7200 X40.961 Y90.76
G1 F3600 X49.441 Y99.24 E423.33792
G1 X49.446 Y99.24
G1 X57.926 Y90.76 E423.41312
G1 X57.932 Y90.76
G1 X66.411 Y99.24 E423.48831
G1 X66.416 Y99.24
G1 X74.897 Y90.76 E423.56351
G1 X74.902 Y90.76
G1 X83.382 Y99.24 E423.6387
G1 X83.387 Y99.24
G1 X89.24 Y93.388 E423.6906
G0 F7200 X89.24 Y93.784
G1 F3600 X86.216 Y90.76 E423.71742
G1 X86.21 Y90.76
G1 X77.73 Y99.24 E423.79261
G1 X77.725 Y99.24
G1 X69.246 Y90.76 E423.8678
G1 X69.24 Y90.76
G1 X60.76 Y99.24 E423.943
G1 X60.755 Y99.24
G1 X52.275 Y90.76 E424.01819
G1 X52.269 Y90.76
G1 X43.789 Y99.24 E424.09339
G1 X43.784 Y99.24
G1 X40.76 Y96.215 E424.12021
G0 F7200 X40.76 Y96.612
G1 F3600 X46.612 Y90.76 E424.1721
G1 X46.618 Y90.76
G1 X55.098 Y99.24 E424.2473
G1 X55.103 Y99.24
G1 X63.583 Y90.76 E424.32249
G1 X63.589 Y90.76
G1 X72.068 Y99.24 E424.39768
G1 X72.073 Y99.24
G1 X80.554 Y90.76 E424.47288
G1 X80.559 Y90.76
G1 X89.039 Y99.24 E424.54808
G1 X89.044 Y99.24
G1 X89.24 Y99.044 E424.54981
G0 F7200 X89.1 Y99.044
G0 X89.1 Y96.612
G0 X89.24 Y96.612
G1 F3600 X83.388 Y90.76 E424.60171
G1 X83.382 Y90.76
G1 X74.902 Y99.24 E424.6769
G1 X74.897 Y99.24
G1 X66.417 Y90.76 E424.7521
G1 X66.411 Y90.76
G1 X57.931 Y99.24 E424.82729
G1 X57.926 Y99.24
G1 X49.447 Y90.76 E424.90248
G1 X49.441 Y90.76
G1 X40.961 Y99.24 E424.97768
G1 X40.956 Y99.24
G1 X40.76 Y99.044 E424.97942
G0 F7200 X40.9 Y99.044
G0 X40.9 Y93.784
G0 X40.76 Y93.784
G1 F3600 X43.784 Y90.76 E425.00623
G1 X43.79 Y90.76
G1 X52.269 Y99.24 E425.08142
G1 X52.274 Y99.24
G1 X60.755 Y90.76 E425.15662
G1 X60.76 Y90.76
G1 X69.24 Y99.24 E425.23182
G1 X69.245 Y99.24
G1 X77.725 Y90.76 E425.30701
G1 X77.731 Y90.76
G1 X86.21 Y99.24 E425.3822
G1 X86.215 Y99.24
G1 X89.24 Y96.216 E425.40902
G1 X89.268 Y96.188
G0 F7200 X89.1 Y96.188
G0 X89.1 Y90.955
G0 X89.24 Y90.955
G1 F3600 X89.045 Y90.76 E425.41075
G1 X89.039 Y90.76
G1 X80.559 Y99.24 E425.48595
G1 X80.554 Y99.24
G1 X72.074 Y90.76 E425.56114
G1 X72.068 Y90.76
G1 X63.588 Y99.24 E425.63634
G1 X63.583 Y99.24
G1 X55.103 Y90.76 E425.71153
G1 X55.098 Y90.76
G1 X46.617 Y99.24 E425.78673
G1 X46.612 Y99.24
G1 X40.76 Y93.387 E425.83863
G1 X40.732 Y93.359
G0 F7200 X40.9 Y93.359
G0 X89.13 Y99.13
G0 X89.4 Y99.4
;TYPE:WALL-INNER
G1 F3600 X89.4 Y90.6 E425.89381
G1 X40.6 Y90.6 E426.19979
G1 X40.6 Y99.4 E426.25497
G1 X89.4 Y99.4 E426.56096
G0 F7200 X89.8 Y99.8
;TYPE:WALL-OUTER
G1 F1800 X89.8 Y90.2 E426.62115
G1 X40.2 Y90.2 E426.93215
G1 X40.2 Y99.8 E426.99235
G1 X89.8 Y99.8 E427.30335
G0 F7200 X89.8 Y99.6
G0 X88.8 Y98.918
;MESH:NONMESH
G0 F600 X88.8 Y98.918 Z13.1
G0 F7200 X40.956 Y90.9
G0 X40.956 Y90.76
;TIME_ELAPSED:1943.177174
;LAYER:128
;TYPE:FILL
;MESH:test.stl
G1 F3600 X40.76 Y90.955 E427.30508
G0 F7200 X40.961 Y90.76
G1 F3600 X49.441 Y99.24 E427.38028
G1 X49.446 Y99.24
G1 X57.926 Y90.76 E427.45547
G1 X57.932 Y90.76
G1 X66.411 Y99.24 E427.53066
G1 X66.416 Y99.24
G1 X74.897 Y90.76 E427.60586
G1 X74.902 Y90.76
G1 X83.382 Y99.24 E427.68106
G1 X83.387 Y99.24
G1 X89.24 Y93.388 E427.73295
G0 F7200 X89.24 Y93.784
G1 F3600 X86.216 Y90.76 E427.75977
G1 X86.21 Y90.76
G1 X77.73 Y99.24 E427.83496
G1 X77.725 Y99.24
G1 X69.246 Y90.76 E427.91015
G1 X69.24 Y90.76
G1 X60.76 Y99.24 E427.98535
G1 X60.755 Y99.24
G1 X52.275 Y90.76 E428.06055
G1 X52.269 Y90.76
G1 X43.789 Y99.24 E428.13574
G1 X43.784 Y99.24
G1 X40.76 Y96.215 E428.16256
G0 F7200 X40.76 Y96.612
G1 F3600 X46.612 Y90.76 E428.21445
G1 X46.618 Y90.76
G1 X55.098 Y99.24 E428.28965
G1 X55.103 Y99.24
G1 X63.583 Y90.76 E428.36484
G1 X63.589 Y90.76
G1 X72.068 Y99.24 E428.44003
G1 X72.073 Y99.24
G1 X80.554 Y90.76 E428.51523
G1 X80.559 Y90.76
G1 X89.039 Y99.24 E428.59043
G1 X89.044 Y99.24
G1 X89.24 Y99.044 E428.59217
G0 F7200 X89.1 Y99.044
G0 X89.1 Y96.612
G0 X89.24 Y96.612
G1 F3600 X83.388 Y90.76 E428.64406
G1 X83.382 Y90.76
G1 X74.902 Y99.24 E428.71925
G1 X74.897 Y99.24
G1 X66.417 Y90.76 E428.79445
G1 X66.411 Y90.76
G1 X57.931 Y99.24 E428.86965
G1 X57.926 Y99.24
G1 X49.447 Y90.76 E428.94484
G1 X49.441 Y90.76
G1 X40.961 Y99.24 E429.02003
G1 X40.956 Y99.24
G1 X40.76 Y99.044 E429.02177
G0 F7200 X40.9 Y99.044
G0 X40.9 Y93.784
G0 X40.76 Y93.784
G1 F3600 X43.784 Y90.76 E429.04858
G1 X43.79 Y90.76
G1 X52.269 Y99.24 E429.12378
G1 X52.274 Y99.24
G1 X60.755 Y90.76 E429.19898
G1 X60.76 Y90.76
G1 X69.24 Y99.24 E429.27417
G1 X69.245 Y99.24
G1 X77.725 Y90.76 E429.34937
G1 X77.731 Y90.76
G1 X86.21 Y99.24 E429.42456
G1 X86.215 Y99.24
G1 X89.24 Y96.216 E429.45138
G1 X89.268 Y96.188
G0 F7200 X89.1 Y96.188
G0 X89.1 Y90.955
G0 X89.24 Y90.955
G1 F3600 X89.045 Y90.76 E429.45311
G1 X89.039 Y90.76
G1 X80.559 Y99.24 E429.5283
G1 X80.554 Y99.24
G1 X72.074 Y90.76 E429.6035
G1 X72.068 Y90.76
G1 X63.588 Y99.24 E429.67869
G1 X63.583 Y99.24
G1 X55.103 Y90.76 E429.75389
G1 X55.098 Y90.76
G1 X46.617 Y99.24 E429.82909
G1 X46.612 Y99.24
G1 X40.76 Y93.387 E429.88098
G1 X40.732 Y93.359
G0 F7200 X40.9 Y93.359
G0 X89.13 Y99.13
G0 X89.4 Y99.4
;TYPE:WALL-INNER
G1 F3600 X89.4 Y90.6 E429.93616
G1 X40.6 Y90.6 E430.24215
G1 X40.6 Y99.4 E430.29732
G1 X89.4 Y99.4 E430.60331
G0 F7200 X89.8 Y99.8
;TYPE:WALL-OUTER
G1 F1800 X89.8 Y90.2 E430.6635
G1 X40.2 Y90.2 E430.9745
G1 X40.2 Y99.8 E431.0347
G1 X89.8 Y99.8 E431.3457
G0 F7200 X89.8 Y99.6
G0 X88.8 Y98.918
;MESH:NONMESH
G0 F600 X88.8 Y98.918 Z13.2
G0 F7200 X40.956 Y90.9
G0 X40.956 Y90.76
;TIME_ELAPSED:1957.415427
;LAYER:129
;TYPE:FILL
;MESH:test.stl
G1 F3600 X40.76 Y90.955 E431.34743
G0 F7200 X40.961 Y90.76
G1 F3600 X49.441 Y99.24 E431.42263
G1 X49.446 Y99.24
G1 X57.926 Y90.76 E431.49782
G1 X57.932 Y90.76
G1 X66.411 Y99.24 E431.57301
G1 X66.416 Y99.24
G1 X74.897 Y90.76 E431.64821
G1 X74.902 Y90.76
G1 X83.382 Y99.24 E431.72341
G1 X83.387 Y99.24
G1 X89.24 Y93.388 E431.77531
G0 F7200 X89.24 Y93.784
G1 F3600 X86.216 Y90.76 E431.80212
G1 X86.21 Y90.76
G1 X77.73 Y99.24 E431.87732
G1 X77.725 Y99.24
G1 X69.246 Y90.76 E431.95251
G1 X69.24 Y90.76
G1 X60.76 Y99.24 E432.0277
G1 X60.755 Y99.24
G1 X52.275 Y90.76 E432.1029
G1 X52.269 Y90.76
G1 X43.789 Y99.24 E432.17809
G1 X43.784 Y99.24
G1 X40.76 Y96.215 E432.20491
G0 F7200 X40.76 Y96.612
G1 F3600 X46.612 Y90.76 E432.2568
G1 X46.618 Y90.76
G1 X55.098 Y99.24 E432.332
G1 X55.103 Y99.24
G1 X63.583 Y90.76 E432.4072
G1 X63.589 Y90.76
G1 X72.068 Y99.24 E432.48239
G1 X72.073 Y99.24
G1 X80.554 Y90.76 E432.55759
G1 X80.559 Y90.76
G1 X89.039 Y99.24 E432.63278
G1 X89.044 Y99.24
G1 X89.24 Y99.044 E432.63452
G0 F7200 X89.1 Y99.044
G0 X89.1 Y96.612
G0 X89.24 Y96.612
G1 F3600 X83.388 Y90.76 E432.68641
G1 X83.382 Y90.76
G1 X74.902 Y99.24 E432.76161
G1 X74.897 Y99.24
G1 X66.417 Y90.76 E432.8368
G1 X66.411 Y90.76
G1 X57.931 Y99.24 E432.912
G1 X57.926 Y99.24
G1 X49.447 Y90.76 E432.98719
G1 X49.441 Y90.76
G1 X40.961 Y99.24 E433.06238
G1 X40.956 Y99.24
G1 X40.76 Y99.044 E433.06412
G0 F7200 X40.9 Y99.044
G0 X40.9 Y93.784
G0 X40.76 Y93.784
G1 F3600 X43.784 Y90.76 E433.09094
G1 X43.79 Y90.76
G1 X52.269 Y99.24 E433.16613
G1 X52.274 Y99.24
G1 X60.755 Y90.76 E433.24133
G1 X60.76 Y90.76
G1 X69.24 Y99.24 E433.31652
G1 X69.245 Y99.24
G1 X77.725 Y90.76 E433.39172
G1 X77.731 Y90.76
G1 X86.21 Y99.24 E433.46691
G1 X86.215 Y99.24
G1 X89.24 Y96.216 E433.49373
G1 X89.268 Y96.188
G0 F7200 X89.1 Y96.188
G0 X89.1 Y90.955
G0 X89.24 Y90.955
G1 F3600 X89.045 Y90.76 E433.49546
G1 X89.039 Y90.76
G1 X80.559 Y99.24 E433.57065
G1 X80.554 Y99.24
G1 X72.074 Y90.76 E433.64585
G1 X72.068 Y90.76
G1 X63.588 Y99.24 E433.72104
G1 X63.583 Y99.24
G1 X55.103 Y90.76 E433.79624
G1 X55.098 Y90.76
G1 X46.617 Y99.24 E433.87144
G1 X46.612 Y99.24
G1 X40.76 Y93.387 E433.92334
G1 X40.732 Y93.359
G0 F7200 X40.9 Y93.359
G0 X89.13 Y99.13
G0 X89.4 Y99.4
;TYPE:WALL-INNER
G1 F3600 X89.4 Y90.6 E433.97851
G1 X40.6 Y90.6 E434.2845
G1 X40.6 Y99.4 E434.33968
G1 X89.4 Y99.4 E434.64566
G0 F7200 X89.8 Y99.8
;TYPE:WALL-OUTER
G1 F1800 X89.8 Y90.2 E434.70585
G1 X40.2 Y90.2 E435.01686
G1 X40.2 Y99.8 E435.07705
G1 X89.8 Y99.8 E435.38805
G0 F7200 X89.8 Y99.6
G0 X88.8 Y98.918
;MESH:NONMESH
G0 F600 X88.8 Y98.918 Z13.3
G0 F7200 X40.956 Y90.9
G0 X40.956 Y90.76
;TIME_ELAPSED:1971.653681
;LAYER:130
;TYPE:FILL
;MESH:test.stl
G1 F3600 X40.76 Y90.955 E435.38978
G0 F7200 X40.961 Y90.76
G1 F3600 X49.441 Y99.24 E435.46498
G1 X49.446 Y99.24
G1 X57.926 Y90.76 E435.54018
G1 X57.932 Y90.76
G1 X66.411 Y99.24 E435.61537
G1 X66.416 Y99.24
G1 X74.897 Y90.76 E435.69057
G1 X74.902 Y90.76
G1 X83.382 Y99.24 E435.76576
G1 X83.387 Y99.24
G1 X89.24 Y93.388 E435.81766
G0 F7200 X89.24 Y93.784
G1 F3600 X86.216 Y90.76 E435.84447
G1 X86.21 Y90.76
G1 X77.73 Y99.24 E435.91967
G1 X77.725 Y99.24
G1 X69.246 Y90.76 E435.99486
G1 X69.24 Y90.76
G1 X60.76 Y99.24 E436.07005
G1 X60.755 Y99.24
G1 X52.275 Y90.76 E436.14525
G1 X52.269 Y90.76
G1 X43.789 Y99.24 E436.22045
G1 X43.784 Y99.24
G1 X40.76 Y96.215 E436.24726
G0 F7200 X40.76 Y96.612
G1 F3600 X46.612 Y90.76 E436.29916
G1 X46.618 Y90.76
G1 X55.098 Y99.24 E436.37435
G1 X55.103 Y99.24
G1 X63.583 Y90.76 E436.44955
G1 X63.589 Y90.76
G1 X72.068 Y99.24 E436.52474
G1 X72.073 Y99.24
G1 X80.554 Y90.76 E436.59994
G1 X80.559 Y90.76
G1 X89.039 Y99.24 E436.67513
G1 X89.044 Y99.24
G1 X89.24 Y99.044 E436.67687
G0 F7200 X89.1 Y99.044
G0 X89.1 Y96.612
G0 X89.24 Y96.612
G1 F3600 X83.388 Y90.76 E436.72876
G1 X83.382 Y90.76
G1 X74.902 Y99.24 E436.80396
G1 X74.897 Y99.24
G1 X66.417 Y90.76 E436.87915
G1 X66.411 Y90.76
G1 X57.931 Y99.24 E436.95435
G1 X57.926 Y99.24
G1 X49.447 Y90.76 E437.02954
G1 X49.441 Y90.76
G1 X40.961 Y99.24 E437.10474
G1 X40.956 Y99.24
G1 X40.76 Y99.044 E437.10647
G0 F7200 X40.9 Y99.044
G0 X40.9 Y93.784
G0 X40.76 Y93.784
G1 F3600 X43.784 Y90.76 E437.13329
G1 X43.79 Y90.76
G1 X52.269 Y99.24 E437.20848
G1 X52.274 Y99.24
G1 X60.755 Y90.76 E437.28368
G1 X60.76 Y90.76
G1 X69.24 Y99.24 E437.35888
G1 X69.245 Y99.24
G1 X77.725 Y90.76 E437.43407
G1 X77.731 Y90.76
G1 X86.21 Y99.24 E437.50926
G1 X86.215 Y99.24
G1 X89.24 Y96.216 E437.53608
G1 X89.268 Y96.188
G0 F7200 X89.1 Y96.188
G0 X89.1 Y90.955
G0 X89.24 Y90.955
G1 F3600 X89.045 Y90.76 E437.53781
G1 X89.039 Y90.76
G1 X80.559 Y99.24 E437.61301
G1 X80.554 Y99.24
G1 X72.074 Y90.76 E437.6882
G1 X72.068 Y90.76
G1 X63.588 Y99.24 E437.7634
G1 X63.583 Y99.24
G1 X55.103 Y90.76 E437.83859
G1 X55.098 Y90.76
G1 X46.617 Y99.24 E437.91379
G1 X46.612 Y99.24
G1 X40.76 Y93.387 E437.96569
G1 X40.732 Y93.359
G0 F7200 X40.9 Y93.359
G0 X89.13 Y99.13
G0 X89.4 Y99.4
;TYPE:WALL-INNER
G1 F3600 X89.4 Y90.6 E438.02087
G1 X40.6 Y90.6 E438.32685
G1 X40.6 Y99.4 E438.38203
G1 X89.4 Y99.4 E438.68801
G0 F7200 X89.8 Y99.8
;TYPE:WALL-OUTER
G1 F1800 X89.8 Y90.2 E438.74821
G1 X40.2 Y90.2 E439.05921
G1 X40.2 Y99.8 E439.1194
G1 X89.8 Y99.8 E439.4304
G0 F7200 X89.8 Y99.6
G0 X88.8 Y98.918
;MESH:NONMESH
G0 F600 X88.8 Y98.918 Z13.4
G0 F7200 X40.956 Y90.9
G0 X40.956 Y90.76
;TIME_ELAPSED:1985.891935
;LAYER:131
;TYPE:FILL
;MESH:test.stl
G1 F3600 X40.76 Y90.955 E439.43214
G0 F7200 X40.961 Y90.76
G1 F3600 X49.441 Y99.24 E439.50733
G1 X49.446 Y99.24
G1 X57.926 Y90.76 E439.58253
G1 X57.932 Y90.76
G1 X66.411 Y99.24 E439.65772
G1 X66.416 Y99.24
G1 X74.897 Y90.76 E439.73292
G1 X74.902 Y90.76
G1 X83.382 Y99.24 E439.80811
G1 X83.387 Y99.24
G1 X89.24 Y93.388 E439.86001
G0 F7200 X89.24 Y93.784
G1 F3600 X86.216 Y90.76 E439.88683
G1 X86.21 Y90.76
G1 X77.73 Y99.24 E439.96202
G1 X77.725 Y99.24
G1 X69.246 Y90.76 E440.03721
G1 X69.24 Y90.76
G1 X60.76 Y99.24 E440.11241
G1 X60.755 Y99.24
G1 X52.275 Y90.76 E440.1876
G1 X52.269 Y90.76
G1 X43.789 Y99.24 E440.2628
G1 X43.784 Y99.24
G1 X40.76 Y96.215 E440.28962
G0 F7200 X40.76 Y96.612
G1 F3600 X46.612 Y90.76 E440.34151
G1 X46.618 Y90.76
G1 X55.098 Y99.24 E440.4167
G1 X55.103 Y99.24
G1 X63.583 Y90.76 E440.4919
G1 X63.589 Y90.76
G1 X72.068 Y99.24 E440.56709
G1 X72.073 Y99.24
G1 X80.554 Y90.76 E440.64229
G1 X80.559 Y90.76
G1 X89.039 Y99.24 E440.71749
G1 X89.044 Y99.24
G1 X89.24 Y99.044 E440.71922
G0 F7200 X89.1 Y99.044
G0 X89.1 Y96.612
G0 X89.24 Y96.612
G1 F3600 X83.388 Y90.76 E440.77112
G1 X83.382 Y90.76
G1 X74.902 Y99.24 E440.84631
G1 X74.897 Y99.24
G1 X66.417 Y90.76 E440.92151
G1 X66.411 Y90.76
G1 X57.931 Y99.24 E440.9967
G1 X57.926 Y99.24
G1 X49.447 Y90.76 E441.07189
G1 X49.441 Y90.76
G1 X40.961 Y99.24 E441.14709
G1 X40.956 Y99.24
G1 X40.76 Y99.044 E441.14883
G0 F7200 X40.9 Y99.044
G0 X40.9 Y93.784
G0 X40.76 Y93.784
G1 F3600 X43.784 Y90.76 E441.17564
G1 X43.79 Y90.76
G1 X52.269 Y99.24 E441.25083
G1 X52.274 Y99.24
G1 X60.755 Y90.76 E441.32603
G1 X60.76 Y90.76
G1 X69.24 Y99.24 E441.40123
G1 X69.245 Y99.24
G1 X77.725 Y90.76 E441.47642
G1 X77.731 Y90.76
G1 X86.21 Y99.24 E441.55161
G1 X86.215 Y99.24
G1 X89.24 Y96.216 E441.57843
G1 X89.268 Y96.188
G0 F7200 X89.1 Y96.188
G0 X89.1 Y90.955
G0 X89.24 Y90.955
G1 F3600 X89.045 Y90.76 E441.58016
G1 X89.039 Y90.76
G1 X80.559 Y99.24 E441.65536
G1 X80.554 Y99.24
G1 X72.074 Y90.76 E441.73055
G1 X72.068 Y90.76
G1 X63.588 Y99.24 E441.80575
G1 X63.583 Y99.24
G1 X55.103 Y90.76 E441.88094
G1 X55.098 Y90.76
G1 X46.617 Y99.24 E441.95614
G1 X46.612 Y99.24
G1 X40.76 Y93.387 E442.00804
G1 X40.732 Y93.359
G0 F7200 X40.9 Y93.359
G0 X89.13 Y99.13
G0 X89.4 Y99.4
;TYPE:WALL-INNER
G1 F3600 X89.4 Y90.6 E442.06322
G1 X40.6 Y90.6 E442.3692
G1 X40.6 Y99.4 E442.42438
G1 X89.4 Y99.4 E442.73037
G0 F7200 X89.8 Y99.8
;TYPE:WALL-OUTER
G1 F1800 X89.8 Y90.2 E442.79056
G1 X40.2 Y90.2 E443.10156
G1 X40.2 Y99.8 E443.16175
G1 X89.8 Y99.8 E443.47276
G0 F7200 X89.8 Y99.6
G0 X88.8 Y98.918
;MESH:NONMESH
G0 F600 X88.8 Y98.918 Z13.5
G0 F7200 X40.956 Y90.9
G0 X40.956 Y90.76
;TIME_ELAPSED:2000.130189
;LAYER:132
;TYPE:FILL
;MESH:test.stl
G1 F3600 X40.76 Y90.955 E443.47449
G0 F7200 X40.961 Y90.76
G1 F3600 X49.441 Y99.24 E443.54968
G1 X49.446 Y99.24
G1 X57.926 Y90.76 E443.62488
G1 X57.932 Y90.76
G1 X66.411 Y99.24 E443.70007
G1 X66.416 Y99.24
G1 X74.897 Y90.76 E443.77527
G1 X74.902 Y90.76
G1 X83.382 Y99.24 E443.85047
G1 X83.387 Y99.24
G1 X89.24 Y93.388 E443.90236
G0 F7200 X89.24 Y93.784
G1 F3600 X86.216 Y90.76 E443.92918
G1 X86.21 Y90.76
G1 X77.73 Y99.24 E444.00437
G1 X77.725 Y99.24
G1 X69.246 Y90.76 E444.07956
G1 X69.24 Y90.76
G1 X60.76 Y99.24 E444.15476
G1 X60.755 Y99.24
G1 X52.275 Y90.76 E444.22995
G1 X52.269 Y90.76
G1 X43.789 Y99.24 E444.30515
G1 X43.784 Y99.24
G1 X40.76 Y96.215 E444.33197
G0 F7200 X40.76 Y96.612
G1 F3600 X46.612 Y90.76 E444.38386
G1 X46.618 Y90.76
G1 X55.098 Y99.24 E444.45906
G1 X55.103 Y99.24
G1 X63.583 Y90.76 E444.53425
G1 X63.589 Y90.76
G1 X72.068 Y99.24 E444.60944
G1 X72.073 Y99.24
G1 X80.554 Y90.76 E444.68464
G1 X80.559 Y90.76
G1 X89.039 Y99.24 E444.75984
G1 X89.044 Y99.24
G1 X89.24 Y99.044 E444.76158
G0 F7200 X89.1 Y99.044
G0 X89.1 Y96.612
G0 X89.24 Y96.612
G1 F3600 X83.388 Y90.76 E444.81347
G1 X83.382 Y90.76
G1 X74.902 Y99.24 E444.88866
G1 X74.897 Y99.24
G1 X66.417 Y90.76 E444.96386
G1 X66.411 Y90.76
G1 X57.931 Y99.24 E445.03905
G1 X57.926 Y99.24
G1 X49.447 Y90.76 E445.11425
G1 X49.441 Y90.76
G1 X40.961 Y99.24 E445.18944
G1 X40.956 Y99.24
G1 X40.76 Y99.044 E445.19118
G0 F7200 X40.9 Y99.044
G0 X40.9 Y93.784
G0 X40.76 Y93.784
G1 F3600 X43.784 Y90.76 E445.21799
G1 X43.79 Y90.76
G1 X52.269 Y99.24 E445.29318
G1 X52.274 Y99.24
G1 X60.755 Y90.76 E445.36838
G1 X60.76 Y90.76
G1 X69.24 Y99.24 E445.44358
G1 X69.245 Y99.24
G1 X77.725 Y90.76 E445.51878
G1 X77.731 Y90.76
G1 X86.21 Y99.24 E445.59397
G1 X86.215 Y99.24
G1 X89.24 Y96.216 E445.62079
G1 X89.268 Y96.188
G0 F7200 X89.1 Y96.188
G0 X89.1 Y90.955
G0 X89.24 Y90.955
G1 F3600 X89.045 Y90.76 E445.62251
G1 X89.039 Y90.76
G1 X80.559 Y99.24 E445.69771
G1 X80.554 Y99.24
G1 X72.074 Y90.76 E445.77291
G1 X72.068 Y90.76
G1 X63.588 Y99.24 E445.8481
G1 X63.583 Y99.24
G1 X55.103 Y90.76 E445.9233
G1 X55.098 Y90.76
G1 X46.617 Y99.24 E445.9985
G1 X46.612 Y99.24
G1 X40.76 Y93.387 E446.05039
G1 X40.732 Y93.359
G0 F7200 X40.9 Y93.359
G0 X89.13 Y99.13
G0 X89.4 Y99.4
;TYPE:WALL-INNER
G1 F3600 X89.4 Y90.6 E446.10557
G1 X40.6 Y90.6 E446.41156
G1 X40.6 Y99.4 E446.46673
G1 X89.4 Y99.4 E446.77272
G0 F7200 X89.8 Y99.8
;TYPE:WALL-OUTER
G1 F1800 X89.8 Y90.2 E446.83291
G1 X40.2 Y90.2 E447.14391
G1 X40.2 Y99.8 E447.20411
G1 X89.8 Y99.8 E447.51511
G0 F7200 X89.8 Y99.6
G0 X88.8 Y98.918
;MESH:NONMESH
G0 F600 X88.8 Y98.918 Z13.6
G0 F7200 X40.956 Y90.9
G0 X40.956 Y90.76
;TIME_ELAPSED:2014.368442
;LAYER:133
;TYPE:FILL
;MESH:test.stl
G1 F3600 X40.76 Y90.955 E447.51684
G0 F7200 X40.961 Y90.76
G1 F3600 X49.441 Y99.24 E447.59204
G1 X49.446 Y99.24
G1 X57.926 Y90.76 E447.66723
G1 X57.932 Y90.76
G1 X66.411 Y99.24 E447.74242
G1 X66.416 Y99.24
G1 X74.897 Y90.76 E447.81762
G1 X74.902 Y90.76
G1 X83.382 Y99.24 E447.89282
G1 X83.387 Y99.24
G1 X89.24 Y93.388 E447.94471
G0 F7200 X89.24 Y93.784
G1 F3600 X86.216 Y90.76 E447.97153
G1 X86.21 Y90.76
G1 X77.73 Y99.24 E448.04672
G1 X77.725 Y99.24
G1 X69.246 Y90.76 E448.12192
G1 X69.24 Y90.76
G1 X60.76 Y99.24 E448.19711
G1 X60.755 Y99.24
G1 X52.275 Y90.76 E448.27231
G1 X52.269 Y90.76
G1 X43.789 Y99.24 E448.3475
G1 X43.784 Y99.24
G1 X40.76 Y96.215 E448.37432
G0 F7200 X40.76 Y96.612
G1 F3600 X46.612 Y90.76 E448.42621
G1 X46.618 Y90.76
G1 X55.098 Y99.24 E448.50141
G1 X55.103 Y99.24
G1 X63.583 Y90.76 E448.5766
G1 X63.589 Y90.76
G1 X72.068 Y99.24 E448.6518
G1 X72.073 Y99.24
G1 X80.554 Y90.76 E448.72699
G1 X80.559 Y90.76
G1 X89.039 Y99.24 E448.80219
G1 X89.044 Y99.24
G1 X89.24 Y99.044 E448.80393
G0 F7200 X89.1 Y99.044
G0 X89.1 Y96.612
G0 X89.24 Y96.612
G1 F3600 X83.388 Y90.76 E448.85582
G1 X83.382 Y90.76
G1 X74.902 Y99.24 E448.93102
G1 X74.897 Y99.24
G1 X66.417 Y90.76 E449.00621
G1 X66.411 Y90.76
G1 X57.931 Y99.24 E449.08141
G1 X57.926 Y99.24
G1 X49.447 Y90.76 E449.1566
G1 X49.441 Y90.76
G1 X40.961 Y99.24 E449.23179
G1 X40.956 Y99.24
G1 X40.76 Y99.044 E449.23353
G0 F7200 X40.9 Y99.044
G0 X40.9 Y93.784
G0 X40.76 Y93.784
G1 F3600 X43.784 Y90.76 E449.26035
G1 X43.79 Y90.76
G1 X52.269 Y99.24 E449.33554
G1 X52.274 Y99.24
G1 X60.755 Y90.76 E449.41074
G1 X60.76 Y90.76
G1 X69.24 Y99.24 E449.48593
G1 X69.245 Y99.24
G1 X77.725 Y90.76 E449.56113
G1 X77.731 Y90.76
G1 X86.21 Y99.24 E449.63632
G1 X86.215 Y99.24
G1 X89.24 Y96.216 E449.66314
G1 X89.268 Y96.188
G0 F7200 X89.1 Y96.188
G0 X89.1 Y90.955
G0 X89.24 Y90.955
G1 F3600 X89.045 Y90.76 E449.66487
G1 X89.039 Y90.76
G1 X80.559 Y99.24 E449.74006
G1 X80.554 Y99.24
G1 X72.074 Y90.76 E449.81526
G1 X72.068 Y90.76
G1 X63.588 Y99.24 E449.89045
G1 X63.583 Y99.24
G1 X55.103 Y90.76 E449.96565
G1 X55.098 Y90.76
G1 X46.617 Y99.24 E450.04085
G1 X46.612 Y99.24
G1 X40.76 Y93.387 E450.09274
G1 X40.732 Y93.359
G0 F7200 X40.9 Y93.359
G0 X89.13 Y99.13
G0 X89.4 Y99.4
;TYPE:WALL-INNER
G1 F3600 X89.4 Y90.6 E450.14792
G1 X40.6 Y90.6 E450.45391
G1 X40.6 Y99.4 E450.50908
G1 X89.4 Y99.4 E450.81507
G0 F7200 X89.8 Y99.8
;TYPE:WALL-OUTER
G1 F1800 X89.8 Y90.2 E450.87526
G1 X40.2 Y90.2 E451.18626
G1 X40.2 Y99.8 E451.24646
G1 X89.8 Y99.8 E451.55746
G0 F7200 X89.8 Y99.6
G0 X88.8 Y98.918
;MESH:NONMESH
G0 F600 X88.8 Y98.918 Z13.7
G0 F7200 X40.956 Y90.9
G0 X40.956 Y90.76
;TIME_ELAPSED:2028.606696
;LAYER:134
;TYPE:FILL
;MESH:test.stl
G1 F3600 X40.76 Y90.955 E451.55919
G0 F7200 X40.961 Y90.76
G1 F3600 X49.441 Y99.24 E451.63439
G1 X49.446 Y99.24
G1 X57.926 Y90.76 E451.70958
G1 X57.932 Y90.76
G1 X66.411 Y99.24 E451.78478
G1 X66.416 Y99.24
G1 X74.897 Y90.76 E451.85998
G1 X74.902 Y90.76
G1 X83.382 Y99.24 E451.93517
G1 X83.387 Y99.24
G1 X89.24 Y93.388 E451.98707
G0 F7200 X89.24 Y93.784
G1 F3600 X86.216 Y90.76 E452.01388
G1 X86.21 Y90.76
G1 X77.73 Y99.24 E452.08908
G1 X77.725 Y99.24
G1 X69.246 Y90.76 E452.16427
G1 X69.24 Y90.76
G1 X60.76 Y99.24 E452.23946
G1 X60.755 Y99.24
G1 X52.275 Y90.76 E452.31466
G1 X52.269 Y90.76
G1 X43.789 Y99.24 E452.38985
G1 X43.784 Y99.24
G1 X40.76 Y96.215 E452.41667
G0 F7200 X40.76 Y96.612
G1 F3600 X46.612 Y90.76 E452.46857
G1 X46.618 Y90.76
G1 X55.098 Y99.24 E452.54376
G1 X55.103 Y99.24
G1 X63.583 Y90.76 E452.61896
G1 X63.589 Y90.76
G1 X72.068 Y99.24 E452.69415
G1 X72.073 Y99.24
G1 X80.554 Y90.76 E452.76935
G1 X80.559 Y90.76
G1 X89.039 Y99.24 E452.84454
G1 X89.044 Y99.24
G1 X89.24 Y99.044 E452.84628
G0 F7200 X89.1 Y99.044
G0 X89.1 Y96.612
G0 X89.24 Y96.612
G1 F3600 X83.388 Y90.76 E452.89817
G1 X83.382 Y90.76
G1 X74.902 Y99.24 E452.97337
G1 X74.897 Y99.24
G1 X66.417 Y90.76 E453.04856
G1 X66.411 Y90.76
G1 X57.931 Y99.24 E453.12376
G1 X57.926 Y99.24
G1 X49.447 Y90.76 E453.19895
G1 X49.441 Y90.76
G1 X40.961 Y99.24 E453.27415
G1 X40.956 Y99.24
G1 X40.76 Y99.044 E453.27588
G0 F7200 X40.9 Y99.044
G0 X40.9 Y93.784
G0 X40.76 Y93.784
G1 F3600 X43.784 Y90.76 E453.3027
G1 X43.79 Y90.76
G1 X52.269 Y99.24 E453.37789
G1 X52.274 Y99.24
G1 X60.755 Y90.76 E453.45309
G1 X60.76 Y90.76
G1 X69.24 Y99.24 E453.52828
G1 X69.245 Y99.24
G1 X77.725 Y90.76 E453.60348
G1 X77.731 Y90.76
G1 X86.21 Y99.24 E453.67867
G1 X86.215 Y99.24
G1 X89.24 Y96.216 E453.70549
G1 X89.268 Y96.188
G0 F7200 X89.1 Y96.188
G0 X89.1 Y90.955
G0 X89.24 Y90.955
G1 F3600 X89.045 Y90.76 E453.70722
G1 X89.039 Y90.76
G1 X80.559 Y99.24 E453.78241
G1 X80.554 Y99.24
G1 X72.074 Y90.76 E453.85761
G1 X72.068 Y90.76
G1 X63.588 Y99.24 E453.93281
G1 X63.583 Y99.24
G1 X55.103 Y90.76 E454.008
G1 X55.098 Y90.76
G1 X46.617 Y99.24 E454.0832
G1 X46.612 Y99.24
G1 X40.76 Y93.387 E454.1351
G1 X40.732 Y93.359
G0 F7200 X40.9 Y93.359
G0 X89.13 Y99.13
G0 X89.4 Y99.4
;TYPE:WALL-INNER
G1 F3600 X89.4 Y90.6 E454.19027
G1 X40.6 Y90.6 E454.49626
G1 X40.6 Y99.4 E454.55144
G1 X89.4 Y99.4 E454.85742
G0 F7200 X89.8 Y99.8
;TYPE:WALL-OUTER
G1 F1800 X89.8 Y90.2 E454.91762
G1 X40.2 Y90.2 E455.22862
G1 X40.2 Y99.8 E455.28881
G1 X89.8 Y99.8 E455.59981
G0 F7200 X89.8 Y99.6
G0 X88.8 Y98.918
;MESH:NONMESH
G0 F600 X88.8 Y98.918 Z13.8
G0 F7200 X40.956 Y90.9
G0 X40.956 Y90.76
;TIME_ELAPSED:2042.844950
;LAYER:135
;TYPE:FILL
;MESH:test.stl
G1 F3600 X40.76 Y90.955 E455.60155
G0 F7200 X40.961 Y90.76
G1 F3600 X49.441 Y99.24 E455.67674
G1 X49.446 Y99.24
G1 X57.926 Y90.76 E455.75194
G1 X57.932 Y90.76
G1 X66.411 Y99.24 E455.82713
G1 X66.416 Y99.24
G1 X74.897 Y90.76 E455.90233
G1 X74.902 Y90.76
G1 X83.382 Y99.24 E455.97752
G1 X83.387 Y99.24
G1 X89.24 Y93.388 E456.02942
G0 F7200 X89.24 Y93.784
G1 F3600 X86.216 Y90.76 E456.05623
G1 X86.21 Y90.76
G1 X77.73 Y99.24 E456.13143
G1 X77.725 Y99.24
G1 X69.246 Y90.76 E456.20662
G1 X69.24 Y90.76
G1 X60.76 Y99.24 E456.28182
G1 X60.755 Y99.24
G1 X52.275 Y90.76 E456.35701
G1 X52.269 Y90.76
G1 X43.789 Y99.24 E456.43221
G1 X43.784 Y99.24
G1 X40.76 Y96.215 E456.45903
G0 F7200 X40.76 Y96.612
G1 F3600 X46.612 Y90.76 E456.51092
G1 X46.618 Y90.76
G1 X55.098 Y99.24 E456.58611
G1 X55.103 Y99.24
G1 X63.583 Y90.76 E456.66131
G1 X63.589 Y90.76
G1 X72.068 Y99.24 E456.7365
G1 X72.073 Y99.24
G1 X80.554 Y90.76 E456.8117
G1 X80.559 Y90.76
G1 X89.039 Y99.24 E456.88689
G1 X89.044 Y99.24
G1 X89.24 Y99.044 E456.88863
G0 F7200 X89.1 Y99.044
G0 X89.1 Y96.612
G0 X89.24 Y96.612
G1 F3600 X83.388 Y90.76 E456.94052
G1 X83.382 Y90.76
G1 X74.902 Y99.24 E457.01572
G1 X74.897 Y99.24
G1 X66.417 Y90.76 E457.09092
G1 X66.411 Y90.76
G1 X57.931 Y99.24 E457.16611
G1 X57.926 Y99.24
G1 X49.447 Y90.76 E457.2413
G1 X49.441 Y90.76
G1 X40.961 Y99.24 E457.3165
G1 X40.956 Y99.24
G1 X40.76 Y99.044 E457.31824
G0 F7200 X40.9 Y99.044
G0 X40.9 Y93.784
G0 X40.76 Y93.784
G1 F3600 X43.784 Y90.76 E457.34505
G1 X43.79 Y90.76
G1 X52.269 Y99.24 E457.42024
G1 X52.274 Y99.24
G1 X60.755 Y90.76 E457.49544
G1 X60.76 Y90.76
G1 X69.24 Y99.24 E457.57064
G1 X69.245 Y99.24
G1 X77.725 Y90.76 E457.64583
G1 X77.731 Y90.76
G1 X86.21 Y99.24 E457.72102
G1 X86.215 Y99.24
G1 X89.24 Y96.216 E457.74784
G1 X89.268 Y96.188
G0 F7200 X89.1 Y96.188
G0 X89.1 Y90.955
G0 X89.24 Y90.955
G1 F3600 X89.045 Y90.76 E457.74957
G1 X89.039 Y90.76
G1 X80.559 Y99.24 E457.82477
G1 X80.554 Y99.24
G1 X72.074 Y90.76 E457.89996
G1 X72.068 Y90.76
G1 X63.588 Y99.24 E457.97516
G1 X63.583 Y99.24
G1 X55.103 Y90.76 E458.05035
G1 X55.098 Y90.76
G1 X46.617 Y99.24 E458.12555
G1 X46.612 Y99.24
G1 X40.76 Y93.387 E458.17745
G1 X40.732 Y93.359
G0 F7200 X40.9 Y93.359
G0 X89.13 Y99.13
G0 X89.4 Y99.4
;TYPE:WALL-INNER
G1 F3600 X89.4 Y90.6 E458.23263
G1 X40.6 Y90.6 E458.53861
G1 X40.6 Y99.4 E458.59379
G1 X89.4 Y99.4 E458.89977
G0 F7200 X89.8 Y99.8
;TYPE:WALL-OUTER
G1 F1800 X89.8 Y90.2 E458.95997
G1 X40.2 Y90.2 E459.27097
G1 X40.2 Y99.8 E459.33116
G1 X89.8 Y99.8 E459.64216
G0 F7200 X89.8 Y99.6
G0 X88.8 Y98.918
;MESH:NONMESH
G0 F600 X88.8 Y98.918 Z13.9
G0 F7200 X40.956 Y90.9
G0 X40.956 Y90.76
;TIME_ELAPSED:2057.083204
;LAYER:136
;TYPE:FILL
;MESH:test.stl
G1 F3600 X40.76 Y90.955 E459.6439
G0 F7200 X40.961 Y90.76
G1 F3600 X49.441 Y99.24 E459.71909
G1 X49.446 Y99.24
G1 X57.926 Y90.76 E459.79429
G1 X57.932 Y90.76
G1 X66.411 Y99.24 E459.86948
G1 X66.416 Y99.24
G1 X74.897 Y90.76 E459.94468
G1 X74.902 Y90.76
G1 X83.382 Y99.24 E460.01988
G1 X83.387 Y99.24
G1 X89.24 Y93.388 E460.07177
G0 F7200 X89.24 Y93.784
G1 F3600 X86.216 Y90.76 E460.09859
G1 X86.21 Y90.76
G1 X77.73 Y99.24 E460.17378
G1 X77.725 Y99.24
G1 X69.246 Y90.76 E460.24897
G1 X69.24 Y90.76
G1 X60.76 Y99.24 E460.32417
G1 X60.755 Y99.24
G1 X52.275 Y90.76 E460.39936
G1 X52.269 Y90.76
G1 X43.789 Y99.24 E460.47456
G1 X43.784 Y99.24
G1 X40.76 Y96.215 E460.50138
G0 F7200 X40.76 Y96.612
G1 F3600 X46.612 Y90.76 E460.55327
G1 X46.618 Y90.76
G1 X55.098 Y99.24 E460.62847
G1 X55.103 Y99.24
G1 X63.583 Y90.76 E460.70366
G1 X63.589 Y90.76
G1 X72.068 Y99.24 E460.77885
G1 X72.073 Y99.24
G1 X80.554 Y90.76 E460.85405
G1 X80.559 Y90.76
G1 X89.039 Y99.24 E460.92925
G1 X89.044 Y99.24
G1 X89.24 Y99.044 E460.93099
G0 F7200 X89.1 Y99.044
G0 X89.1 Y96.612
G0 X89.24 Y96.612
G1 F3600 X83.388 Y90.76 E460.98288
G1 X83.382 Y90.76
G1 X74.902 Y99.24 E461.05807
G1 X74.897 Y99.24
G1 X66.417 Y90.76 E461.13327
G1 X66.411 Y90.76
G1 X57.931 Y99.24 E461.20846
G1 X57.926 Y99.24
G1 X49.447 Y90.76 E461.28365
G1 X49.441 Y90.76
G1 X40.961 Y99.24 E461.35885
G1 X40.956 Y99.24
G1 X40.76 Y99.044 E461.36059
G0 F7200 X40.9 Y99.044
G0 X40.9 Y93.784
G0 X40.76 Y93.784
G1 F3600 X43.784 Y90.76 E461.3874
G1 X43.79 Y90.76
G1 X52.269 Y99.24 E461.46259
G1 X52.274 Y99.24
G1 X60.755 Y90.76 E461.53779
G1 X60.76 Y90.76
G1 X69.24 Y99.24 E461.61299
G1 X69.245 Y99.24
G1 X77.725 Y90.76 E461.68818
G1 X77.731 Y90.76
G1 X86.21 Y99.24 E461.76338
G1 X86.215 Y99.24
G1 X89.24 Y96.216 E461.79019
G1 X89.268 Y96.188
G0 F7200 X89.1 Y96.188
G0 X89.1 Y90.955
G0 X89.24 Y90.955
G1 F3600 X89.045 Y90.76 E461.79192
G1 X89.039 Y90.76
G1 X80.559 Y99.24 E461.86712
G1 X80.554 Y99.24
G1 X72.074 Y90.76 E461.94231
G1 X72.068 Y90.76
G1 X63.588 Y99.24 E462.01751
G1 X63.583 Y99.24
G1 X55.103 Y90.76 E462.09271
G1 X55.098 Y90.76
G1 X46.617 Y99.24 E462.16791
G1 X46.612 Y99.24
G1 X40.76 Y93.387 E462.2198
G1 X40.732 Y93.359
G0 F7200 X40.9 Y93.359
G0 X89.13 Y99.13
G0 X89.4 Y99.4
;TYPE:WALL-INNER
G1 F3600 X89.4 Y90.6 E462.27498
G1 X40.6 Y90.6 E462.58096
G1 X40.6 Y99.4 E462.63614
G1 X89.4 Y99.4 E462.94213
G0 F7200 X89.8 Y99.8
;TYPE:WALL-OUTER
G1 F1800 X89.8 Y90.2 E463.00232
G1 X40.2 Y90.2 E463.31332
G1 X40.2 Y99.8 E463.37352
G1 X89.8 Y99.8 E463.68452
G0 F7200 X89.8 Y99.6
G0 X88.8 Y98.918
;MESH:NONMESH
G0 F600 X88.8 Y98.918 Z14
G0 F7200 X40.956 Y90.9
G0 X40.956 Y90.76
;TIME_ELAPSED:2071.321457
;LAYER:137
;TYPE:FILL
;MESH:test.stl
G1 F3600 X40.76 Y90.955 E463.68625
G0 F7200 X40.961 Y90.76
G1 F3600 X49.441 Y99.24 E463.76145
G1 X49.446 Y99.24
G1 X57.926 Y90.76 E463.83664
G1 X57.932 Y90.76
G1 X66.411 Y99.24 E463.91183
G1 X66.416 Y99.24
G1 X74.897 Y90.76 E463.98703
G1 X74.902 Y90.76
G1 X83.382 Y99.24 E464.06223
G1 X83.387 Y99.24
G1 X89.24 Y93.388 E464.11412
G0 F7200 X89.24 Y93.784
G1 F3600 X86.216 Y90.76 E464.14094
G1 X86.21 Y90.76
G1 X77.73 Y99.24 E464.21613
G1 X77.725 Y99.24
G1 X69.246 Y90.76 E464.29132
G1 X69.24 Y90.76
G1 X60.76 Y99.24 E464.36652
G1 X60.755 Y99.24
G1 X52.275 Y90.76 E464.44172
G1 X52.269 Y90.76
G1 X43.789 Y99.24 E464.51691
G1 X43.784 Y99.24
G1 X40.76 Y96.215 E464.54373
G0 F7200 X40.76 Y96.612
G1 F3600 X46.612 Y90.76 E464.59562
G1 X46.618 Y90.76
G1 X55.098 Y99.24 E464.67082
G1 X55.103 Y99.24
G1 X63.583 Y90.76 E464.74601
G1 X63.589 Y90.76
G1 X72.068 Y99.24 E464.8212
G1 X72.073 Y99.24
G1 X80.554 Y90.76 E464.8964
G1 X80.559 Y90.76
G1 X89.039 Y99.24 E464.9716
G1 X89.044 Y99.24
G1 X89.24 Y99.044 E464.97334
G0 F7200 X89.1 Y99.044
G0 X89.1 Y96.612
G0 X89.24 Y96.612
G1 F3600 X83.388 Y90.76 E465.02523
G1 X83.382 Y90.76
G1 X74.902 Y99.24 E465.10042
G1 X74.897 Y99.24
G1 X66.417 Y90.76 E465.17562
G1 X66.411 Y90.76
G1 X57.931 Y99.24 E465.25082
G1 X57.926 Y99.24
G1 X49.447 Y90.76 E465.32601
G1 X49.441 Y90.76
G1 X40.961 Y99.24 E465.4012
G1 X40.956 Y99.24
G1 X40.76 Y99.044 E465.40294
G0 F7200 X40.9 Y99.044
G0 X40.9 Y93.784
G0 X40.76 Y93.784
G1 F3600 X43.784 Y90.76 E465.42975
G1 X43.79 Y90.76
G1 X52.269 Y99.24 E465.50495
G1 X52.274 Y99.24
G1 X60.755 Y90.76 E465.58015
G1 X60.76 Y90.76
G1 X69.24 Y99.24 E465.65534
G1 X69.245 Y99.24
G1 X77.725 Y90.76 E465.73054
G1 X77.731 Y90.76
G1 X86.21 Y99.24 E465.80573
G1 X86.215 Y99.24
G1 X89.24 Y96.216 E465.83255
G1 X89.268 Y96.188
G0 F7200 X89.1 Y96.188
G0 X89.1 Y90.955
G0 X89.24 Y90.955
G1 F3600 X89.045 Y90.76 E465.83428
G1 X89.039 Y90.76
G1 X80.559 Y99.24 E465.90947
G1 X80.554 Y99.24
G1 X72.074 Y90.76 E465.98467
G1 X72.068 Y90.76
G1 X63.588 Y99.24 E466.05986
G1 X63.583 Y99.24
G1 X55.103 Y90.76 E466.13506
G1 X55.098 Y90.76
G1 X46.617 Y99.24 E466.21026
G1 X46.612 Y99.24
G1 X40.76 Y93.387 E466.26215
G1 X40.732 Y93.359
G0 F7200 X40.9 Y93.359
G0 X89.13 Y99.13
G0 X89.4 Y99.4
;TYPE:WALL-INNER
G1 F3600 X89.4 Y90.6 E466.31733
G1 X40.6 Y90.6 E466.62332
G1 X40.6 Y99.4 E466.67849
G1 X89.4 Y99.4 E466.98448
G0 F7200 X89.8 Y99.8
;TYPE:WALL-OUTER
G1 F1800 X89.8 Y90.2 E467.04467
G1 X40.2 Y90.2 E467.35567
G1 X40.2 Y99.8 E467.41587
G1 X89.8 Y99.8 E467.72687
G0 F7200 X89.8 Y99.6
G0 X88.8 Y98.918
;MESH:NONMESH
G0 F600 X88.8 Y98.918 Z14.1
G0 F7200 X40.956 Y90.9
G0 X40.956 Y90.76
;TIME_ELAPSED:2085.559711
;LAYER:138
;TYPE:FILL
;MESH:test.stl
G1 F3600 X40.76 Y90.955 E467.7286
G0 F7200 X40.961 Y90.76
G1 F3600 X49.441 Y99.24 E467.8038
G1 X49.446 Y99.24
G1 X57.926 Y90.76 E467.87899
G1 X57.932 Y90.76
G1 X66.411 Y99.24 E467.95418
G1 X66.416 Y99.24
G1 X74.897 Y90.76 E468.02938
G1 X74.902 Y90.76
G1 X83.382 Y99.24 E468.10458
G1 X83.387 Y99.24
G1 X89.24 Y93.388 E468.15648
G0 F7200 X89.24 Y93.784
G1 F3600 X86.216 Y90.76 E468.18329
G1 X86.21 Y90.76
G1 X77.73 Y99.24 E468.25849
G1 X77.725 Y99.24
G1 X69.246 Y90.76 E468.33368
G1 X69.24 Y90.76
G1 X60.76 Y99.24 E468.40887
G1 X60.755 Y99.24
G1 X52.275 Y90.76 E468.48407
G1 X52.269 Y90.76
G1 X43.789 Y99.24 E468.55926
G1 X43.784 Y99.24
G1 X40.76 Y96.215 E468.58608
G0 F7200 X40.76 Y96.612
G1 F3600 X46.612 Y90.76 E468.63797
G1 X46.618 Y90.76
G1 X55.098 Y99.24 E468.71317
G1 X55.103 Y99.24
G1 X63.583 Y90.76 E468.78837
G1 X63.589 Y90.76
G1 X72.068 Y99.24 E468.86356
G1 X72.073 Y99.24
G1 X80.554 Y90.76 E468.93876
G1 X80.559 Y90.76
G1 X89.039 Y99.24 E469.01395
G1 X89.044 Y99.24
G1 X89.24 Y99.044 E469.01569
G0 F7200 X89.1 Y99.044
G0 X89.1 Y96.612
G0 X89.24 Y96.612
G1 F3600 X83.388 Y90.76 E469.06758
G1 X83.382 Y90.76
G1 X74.902 Y99.24 E469.14278
G1 X74.897 Y99.24
G1 X66.417 Y90.76 E469.21797
G1 X66.411 Y90.76
G1 X57.931 Y99.24 E469.29317
G1 X57.926 Y99.24
G1 X49.447 Y90.76 E469.36836
G1 X49.441 Y90.76
G1 X40.961 Y99.24 E469.44355
G1 X40.956 Y99.24
G1 X40.76 Y99.044 E469.44529
G0 F7200 X40.9 Y99.044
G0 X40.9 Y93.784
G0 X40.76 Y93.784
G1 F3600 X43.784 Y90.76 E469.47211
G1 X43.79 Y90.76
G1 X52.269 Y99.24 E469.5473
G1 X52.274 Y99.24
G1 X60.755 Y90.76 E469.6225
G1 X60.76 Y90.76
G1 X69.24 Y99.24 E469.69769
G1 X69.245 Y99.24
G1 X77.725 Y90.76 E469.77289
G1 X77.731 Y90.76
G1 X86.21 Y99.24 E469.84808
G1 X86.215 Y99.24
G1 X89.24 Y96.216 E469.8749
G1 X89.268 Y96.188
G0 F7200 X89.1 Y96.188
G0 X89.1 Y90.955
G0 X89.24 Y90.955
G1 F3600 X89.045 Y90.76 E469.87663
G1 X89.039 Y90.76
G1 X80.559 Y99.24 E469.95182
G1 X80.554 Y99.24
G1 X72.074 Y90.76 E470.02702
G1 X72.068 Y90.76
G1 X63.588 Y99.24 E470.10221
G1 X63.583 Y99.24
G1 X55.103 Y90.76 E470.17741
G1 X55.098 Y90.76
G1 X46.617 Y99.24 E470.25261
G1 X46.612 Y99.24
G1 X40.76 Y93.387 E470.30451
G1 X40.732 Y93.359
G0 F7200 X40.9 Y93.359
G0 X89.13 Y99.13
G0 X89.4 Y99.4
;TYPE:WALL-INNER
G1 F3600 X89.4 Y90.6 E470.35968
G1 X40.6 Y90.6 E470.66567
G1 X40.6 Y99.4 E470.72085
G1 X89.4 Y99.4 E471.02683
G0 F7200 X89.8 Y99.8
;TYPE:WALL-OUTER
G1 F1800 X89.8 Y90.2 E471.08703
G1 X40.2 Y90.2 E471.39803
G1 X40.2 Y99.8 E471.45822
G1 X89.8 Y99.8 E471.76922
G0 F7200 X89.8 Y99.6
G0 X88.8 Y98.918
;MESH:NONMESH
G0 F600 X88.8 Y98.918 Z14.2
G0 F7200 X40.956 Y90.9
G0 X40.956 Y90.76
;TIME_ELAPSED:2099.797965
;LAYER:139
;TYPE:FILL
;MESH:test.stl
G1 F3600 X40.76 Y90.955 E471.77095
G0 F7200 X40.961 Y90.76
G1 F3600 X49.441 Y99.24 E471.84615
G1 X49.446 Y99.24
G1 X57.926 Y90.76 E471.92135
G1 X57.932 Y90.76
G1 X66.411 Y99.24 E471.99654
G1 X66.416 Y99.24
G1 X74.897 Y90.76 E472.07174
G1 X74.902 Y90.76
G1 X83.382 Y99.24 E472.14693
G1 X83.387 Y99.24
G1 X89.24 Y93.388 E472.19883
G0 F7200 X89.24 Y93.784
G1 F3600 X86.216 Y90.76 E472.22564
G1 X86.21 Y90.76
G1 X77.73 Y99.24 E472.30084
G1 X77.725 Y99.24
G1 X69.246 Y90.76 E472.37603
G1 X69.24 Y90.76
G1 X60.76 Y99.24 E472.45122
G1 X60.755 Y99.24
G1 X52.275 Y90.76 E472.52642
G1 X52.269 Y90.76
G1 X43.789 Y99.24 E472.60162
G1 X43.784 Y99.24
G1 X40.76 Y96.215 E472.62844
G0 F7200 X40.76 Y96.612
G1 F3600 X46.612 Y90.76 E472.68033
G1 X46.618 Y90.76
G1 X55.098 Y99.24 E472.75552
G1 X55.103 Y99.24
G1 X63.583 Y90.76 E472.83072
G1 X63.589 Y90.76
G1 X72.068 Y99.24 E472.90591
G1 X72.073 Y99.24
G1 X80.554 Y90.76 E472.98111
G1 X80.559 Y90.76
G1 X89.039 Y99.24 E473.0563
G1 X89.044 Y99.24
G1 X89.24 Y99.044 E473.05804
G0 F7200 X89.1 Y99.044
G0 X89.1 Y96.612
G0 X89.24 Y96.612
G1 F3600 X83.388 Y90.76 E473.10993
G1 X83.382 Y90.76
G1 X74.902 Y99.24 E473.18513
G1 X74.897 Y99.24
G1 X66.417 Y90.76 E473.26032
G1 X66.411 Y90.76
G1 X57.931 Y99.24 E473.33552
G1 X57.926 Y99.24
G1 X49.447 Y90.76 E473.41071
G1 X49.441 Y90.76
G1 X40.961 Y99.24 E473.48591
G1 X40.956 Y99.24
G1 X40.76 Y99.044 E473.48764
G0 F7200 X40.9 Y99.044
G0 X40.9 Y93.784
G0 X40.76 Y93.784
G1 F3600 X43.784 Y90.76 E473.51446
G1 X43.79 Y90.76
G1 X52.269 Y99.24 E473.58965
G1 X52.274 Y99.24
G1 X60.755 Y90.76 E473.66485
G1 X60.76 Y90.76
G1 X69.24 Y99.24 E473.74005
G1 X69.245 Y99.24
G1 X77.725 Y90.76 E473.81524
G1 X77.731 Y90.76
G1 X86.21 Y99.24 E473.89043
G1 X86.215 Y99.24
G1 X89.24 Y96.216 E473.91725
G1 X89.268 Y96.188
G0 F7200 X89.1 Y96.188
G0 X89.1 Y90.955
G0 X89.24 Y90.955
G1 F3600 X89.045 Y90.76 E473.91898
G1 X89.039 Y90.76
G1 X80.559 Y99.24 E473.99418
G1 X80.554 Y99.24
G1 X72.074 Y90.76 E474.06937
G1 X72.068 Y90.76
G1 X63.588 Y99.24 E474.14457
G1 X63.583 Y99.24
G1 X55.103 Y90.76 E474.21976
G1 X55.098 Y90.76
G1 X46.617 Y99.24 E474.29496
G1 X46.612 Y99.24
G1 X40.76 Y93.387 E474.34686
G1 X40.732 Y93.359
G0 F7200 X40.9 Y93.359
G0 X89.13 Y99.13
G0 X89.4 Y99.4
;TYPE:WALL-INNER
G1 F3600 X89.4 Y90.6 E474.40204
G1 X40.6 Y90.6 E474.70802
G1 X40.6 Y99.4 E474.7632
G1 X89.4 Y99.4 E475.06918
G0 F7200 X89.8 Y99.8
;TYPE:WALL-OUTER
G1 F1800 X89.8 Y90.2 E475.12938
G1 X40.2 Y90.2 E475.44038
G1 X40.2 Y99.8 E475.50057
G1 X89.8 Y99.8 E475.81157
G0 F7200 X89.8 Y99.6
G0 X88.8 Y98.918
;MESH:NONMESH
G0 F600 X88.8 Y98.918 Z14.3
G0 F7200 X40.956 Y90.9
G0 X40.956 Y90.76
;TIME_ELAPSED:2114.036219
;LAYER:140
;TYPE:FILL
;MESH:test.stl
G1 F3600 X40.76 Y90.955 E475.81331
G0 F7200 X40.961 Y90.76
G1 F3600 X49.441 Y99.24 E475.8885
G1 X49.446 Y99.24
G1 X57.926 Y90.76 E475.9637
G1 X57.932 Y90.76
G1 X66.411 Y99.24 E476.03889
G1 X66.416 Y99.24
G1 X74.897 Y90.76 E476.11409
G1 X74.902 Y90.76
G1 X83.382 Y99.24 E476.18928
G1 X83.387 Y99.24
G1 X89.24 Y93.388 E476.24118
G0 F7200 X89.24 Y93.784
G1 F3600 X86.216 Y90.76 E476.268
G1 X86.21 Y90.76
G1 X77.73 Y99.24 E476.34319
G1 X77.725 Y99.24
G1 X69.246 Y90.76 E476.41838
G1 X69.24 Y90.76
G1 X60.76 Y99.24 E476.49358
G1 X60.755 Y99.24
G1 X52.275 Y90.76 E476.56877
G1 X52.269 Y90.76
G1 X43.789 Y99.24 E476.64397
G1 X43.784 Y99.24
G1 X40.76 Y96.215 E476.67079
G0 F7200 X40.76 Y96.612
G1 F3600 X46.612 Y90.76 E476.72268
G1 X46.618 Y90.76
G1 X55.098 Y99.24 E476.79787
G1 X55.103 Y99.24
G1 X63.583 Y90.76 E476.87307
G1 X63.589 Y90.76
G1 X72.068 Y99.24 E476.94826
G1 X72.073 Y99.24
G1 X80.554 Y90.76 E477.02346
G1 X80.559 Y90.76
G1 X89.039 Y99.24 E477.09866
G1 X89.044 Y99.24
G1 X89.24 Y99.044 E477.10039
G0 F7200 X89.1 Y99.044
G0 X89.1 Y96.612
G0 X89.24 Y96.612
G1 F3600 X83.388 Y90.76 E477.15229
G1 X83.382 Y90.76
G1 X74.902 Y99.24 E477.22748
G1 X74.897 Y99.24
G1 X66.417 Y90.76 E477.30268
G1 X66.411 Y90.76
G1 X57.931 Y99.24 E477.37787
G1 X57.926 Y99.24
G1 X49.447 Y90.76 E477.45306
G1 X49.441 Y90.76
G1 X40.961 Y99.24 E477.52826
G1 X40.956 Y99.24
G1 X40.76 Y99.044 E477.53
G0 F7200 X40.9 Y99.044
G0 X40.9 Y93.784
G0 X40.76 Y93.784
G1 F3600 X43.784 Y90.76 E477.55681
G1 X43.79 Y90.76
G1 X52.269 Y99.24 E477.632
G1 X52.274 Y99.24
G1 X60.755 Y90.76 E477.7072
G1 X60.76 Y90.76
G1 X69.24 Y99.24 E477.7824
G1 X69.245 Y99.24
G1 X77.725 Y90.76 E477.85759
G1 X77.731 Y90.76
G1 X86.21 Y99.24 E477.93278
G1 X86.215 Y99.24
G1 X89.24 Y96.216 E477.9596
G1 X89.268 Y96.188
G0 F7200 X89.1 Y96.188
G0 X89.1 Y90.955
G0 X89.24 Y90.955
G1 F3600 X89.045 Y90.76 E477.96133
G1 X89.039 Y90.76
G1 X80.559 Y99.24 E478.03653
G1 X80.554 Y99.24
G1 X72.074 Y90.76 E478.11172
G1 X72.068 Y90.76
G1 X63.588 Y99.24 E478.18692
G1 X63.583 Y99.24
G1 X55.103 Y90.76 E478.26211
G1 X55.098 Y90.76
G1 X46.617 Y99.24 E478.33731
G1 X46.612 Y99.24
G1 X40.76 Y93.387 E478.38921
G1 X40.732 Y93.359
G0 F7200 X40.9 Y93.359
G0 X89.13 Y99.13
G0 X89.4 Y99.4
;TYPE:WALL-INNER
G1 F3600 X89.4 Y90.6 E478.44439
G1 X40.6 Y90.6 E478.75037
G1 X40.6 Y99.4 E478.80555
G1 X89.4 Y99.4 E479.11154
G0 F7200 X89.8 Y99.8
;TYPE:WALL-OUTER
G1 F1800 X89.8 Y90.2 E479.17173
G1 X40.2 Y90.2 E479.48273
G1 X40.2 Y99.8 E479.54292
G1 X89.8 Y99.8 E479.85393
G0 F7200 X89.8 Y99.6
G0 X88.8 Y98.918
;MESH:NONMESH
G0 F600 X88.8 Y98.918 Z14.4
G0 F7200 X40.956 Y90.9
G0 X40.956 Y90.76
;TIME_ELAPSED:2128.274472
;LAYER:141
;TYPE:FILL
;MESH:test.stl
G1 F3600 X40.76 Y90.955 E479.85566
G0 F7200 X40.961 Y90.76
G1 F3600 X49.441 Y99.24 E479.93085
G1 X49.446 Y99.24
G1 X57.926 Y90.76 E480.00605
G1 X57.932 Y90.76
G1 X66.411 Y99.24 E480.08124
G1 X66.416 Y99.24
G1 X74.897 Y90.76 E480.15644
G1 X74.902 Y90.76
G1 X83.382 Y99.24 E480.23164
G1 X83.387 Y99.24
G1 X89.24 Y93.388 E480.28353
G0 F7200 X89.24 Y93.784
G1 F3600 X86.216 Y90.76 E480.31035
G1 X86.21 Y90.76
G1 X77.73 Y99.24 E480.38554
G1 X77.725 Y99.24
G1 X69.246 Y90.76 E480.46073
G1 X69.24 Y90.76
G1 X60.76 Y99.24 E480.53593
G1 X60.755 Y99.24
G1 X52.275 Y90.76 E480.61112
G1 X52.269 Y90.76
G1 X43.789 Y99.24 E480.68632
G1 X43.784 Y99.24
G1 X40.76 Y96.215 E480.71314
G0 F7200 X40.76 Y96.612
G1 F3600 X46.612 Y90.76 E480.76503
G1 X46.618 Y90.76
G1 X55.098 Y99.24 E480.84023
G1 X55.103 Y99.24
G1 X63.583 Y90.76 E480.91542
G1 X63.589 Y90.76
G1 X72.068 Y99.24 E480.99061
G1 X72.073 Y99.24
G1 X80.554 Y90.76 E481.06581
G1 X80.559 Y90.76
G1 X89.039 Y99.24 E481.14101
G1 X89.044 Y99.24
G1 X89.24 Y99.044 E481.14275
G0 F7200 X89.1 Y99.044
G0 X89.1 Y96.612
G0 X89.24 Y96.612
G1 F3600 X83.388 Y90.76 E481.19464
G1 X83.382 Y90.76
G1 X74.902 Y99.24 E481.26983
G1 X74.897 Y99.24
G1 X66.417 Y90.76 E481.34503
G1 X66.411 Y90.76
G1 X57.931 Y99.24 E481.42022
G1 X57.926 Y99.24
G1 X49.447 Y90.76 E481.49542
G1 X49.441 Y90.76
G1 X40.961 Y99.24 E481.57061
G1 X40.956 Y99.24
G1 X40.76 Y99.044 E481.57235
G0 F7200 X40.9 Y99.044
G0 X40.9 Y93.784
G0 X40.76 Y93.784
G1 F3600 X43.784 Y90.76 E481.59916
G1 X43.79 Y90.76
G1 X52.269 Y99.24 E481.67435
G1 X52.274 Y99.24
G1 X60.755 Y90.76 E481.74955
G1 X60.76 Y90.76
G1 X69.24 Y99.24 E481.82475
G1 X69.245 Y99.24
G1 X77.725 Y90.76 E481.89995
G1 X77.731 Y90.76
G1 X86.21 Y99.24 E481.97514
G1 X86.215 Y99.24
G1 X89.24 Y96.216 E482.00196
G1 X89.268 Y96.188
G0 F7200 X89.1 Y96.188
G0 X89.1 Y90.955
G0 X89.24 Y90.955
G1 F3600 X89.045 Y90.76 E482.00369
G1 X89.039 Y90.76
G1 X80.559 Y99.24 E482.07888
G1 X80.554 Y99.24
G1 X72.074 Y90.76 E482.15408
G1 X72.068 Y90.76
G1 X63.588 Y99.24 E482.22927
G1 X63.583 Y99.24
G1 X55.103 Y90.76 E482.30447
G1 X55.098 Y90.76
G1 X46.617 Y99.24 E482.37967
G1 X46.612 Y99.24
G1 X40.76 Y93.387 E482.43156
G1 X40.732 Y93.359
G0 F7200 X40.9 Y93.359
G0 X89.13 Y99.13
G0 X89.4 Y99.4
;TYPE:WALL-INNER
G1 F3600 X89.4 Y90.6 E482.48674
G1 X40.6 Y90.6 E482.79273
G1 X40.6 Y99.4 E482.8479
G1 X89.4 Y99.4 E483.15389
G0 F7200 X89.8 Y99.8
;TYPE:WALL-OUTER
G1 F1800 X89.8 Y90.2 E483.21408
G1 X40.2 Y90.2 E483.52508
G1 X40.2 Y99.8 E483.58528
G1 X89.8 Y99.8 E483.89628
G0 F7200 X89.8 Y99.6
G0 X88.8 Y98.918
;MESH:NONMESH
G0 F600 X88.8 Y98.918 Z14.5
G0 F7200 X40.956 Y90.9
G0 X40.956 Y90.76
;TIME_ELAPSED:2142.512726
;LAYER:142
;TYPE:FILL
;MESH:test.stl
G1 F3600 X40.76 Y90.955 E483.89801
G0 F7200 X40.961 Y90.76
G1 F3600 X49.441 Y99.24 E483.97321
G1 X49.446 Y99.24
G1 X57.926 Y90.76 E484.0484
G1 X57.932 Y90.76
G1 X66.411 Y99.24 E484.12359
G1 X66.416 Y99.24
G1 X74.897 Y90.76 E484.19879
G1 X74.902 Y90.76
G1 X83.382 Y99.24 E484.27399
G1 X83.387 Y99.24
G1 X89.24 Y93.388 E484.32589
G0 F7200 X89.24 Y93.784
G1 F3600 X86.216 Y90.76 E484.3527
G1 X86.21 Y90.76
G1 X77.73 Y99.24 E484.4279
G1 X77.725 Y99.24
G1 X69.246 Y90.76 E484.50309
G1 X69.24 Y90.76
G1 X60.76 Y99.24 E484.57828
G1 X60.755 Y99.24
G1 X52.275 Y90.76 E484.65348
G1 X52.269 Y90.76
G1 X43.789 Y99.24 E484.72867
G1 X43.784 Y99.24
G1 X40.76 Y96.215 E484.75549
G0 F7200 X40.76 Y96.612
G1 F3600 X46.612 Y90.76 E484.80738
G1 X46.618 Y90.76
G1 X55.098 Y99.24 E484.88258
G1 X55.103 Y99.24
G1 X63.583 Y90.76 E484.95777
G1 X63.589 Y90.76
G1 X72.068 Y99.24 E485.03297
G1 X72.073 Y99.24
G1 X80.554 Y90.76 E485.10817
G1 X80.559 Y90.76
G1 X89.039 Y99.24 E485.18336
G1 X89.044 Y99.24
G1 X89.24 Y99.044 E485.1851
G0 F7200 X89.1 Y99.044
G0 X89.1 Y96.612
G0 X89.24 Y96.612
G1 F3600 X83.388 Y90.76 E485.23699
G1 X83.382 Y90.76
G1 X74.902 Y99.24 E485.31219
G1 X74.897 Y99.24
G1 X66.417 Y90.76 E485.38738
G1 X66.411 Y90.76
G1 X57.931 Y99.24 E485.46258
G1 X57.926 Y99.24
G1 X49.447 Y90.76 E485.53777
G1 X49.441 Y90.76
G1 X40.961 Y99.24 E485.61296
G1 X40.956 Y99.24
G1 X40.76 Y99.044 E485.6147
G0 F7200 X40.9 Y99.044
G0 X40.9 Y93.784
G0 X40.76 Y93.784
G1 F3600 X43.784 Y90.76 E485.64152
G1 X43.79 Y90.76
G1 X52.269 Y99.24 E485.71671
G1 X52.274 Y99.24
G1 X60.755 Y90.76 E485.79191
G1 X60.76 Y90.76
G1 X69.24 Y99.24 E485.8671
G1 X69.245 Y99.24
G1 X77.725 Y90.76 E485.9423
G1 X77.731 Y90.76
G1 X86.21 Y99.24 E486.01749
G1 X86.215 Y99.24
G1 X89.24 Y96.216 E486.04431
G1 X89.268 Y96.188
G0 F7200 X89.1 Y96.188
G0 X89.1 Y90.955
G0 X89.24 Y90.955
G1 F3600 X89.045 Y90.76 E486.04604
G1 X89.039 Y90.76
G1 X80.559 Y99.24 E486.12123
G1 X80.554 Y99.24
G1 X72.074 Y90.76 E486.19643
G1 X72.068 Y90.76
G1 X63.588 Y99.24 E486.27162
G1 X63.583 Y99.24
G1 X55.103 Y90.76 E486.34682
G1 X55.098 Y90.76
G1 X46.617 Y99.24 E486.42202
G1 X46.612 Y99.24
G1 X40.76 Y93.387 E486.47392
G1 X40.732 Y93.359
G0 F7200 X40.9 Y93.359
G0 X89.13 Y99.13
G0 X89.4 Y99.4
;TYPE:WALL-INNER
G1 F3600 X89.4 Y90.6 E486.52909
G1 X40.6 Y90.6 E486.83508
G1 X40.6 Y99.4 E486.89026
G1 X89.4 Y99.4 E487.19624
G0 F7200 X89.8 Y99.8
;TYPE:WALL-OUTER
G1 F1800 X89.8 Y90.2 E487.25643
G1 X40.2 Y90.2 E487.56744
G1 X40.2 Y99.8 E487.62763
G1 X89.8 Y99.8 E487.93863
G0 F7200 X89.8 Y99.6
G0 X88.8 Y98.918
;MESH:NONMESH
G0 F600 X88.8 Y98.918 Z14.6
G0 F7200 X40.956 Y90.9
G0 X40.956 Y90.76
;TIME_ELAPSED:2156.750980
;LAYER:143
;TYPE:FILL
;MESH:test.stl
G1 F3600 X40.76 Y90.955 E487.94036
G0 F7200 X40.961 Y90.76
G1 F3600 X49.441 Y99.24 E488.01556
G1 X49.446 Y99.24
G1 X57.926 Y90.76 E488.09075
G1 X57.932 Y90.76
G1 X66.411 Y99.24 E488.16595
G1 X66.416 Y99.24
G1 X74.897 Y90.76 E488.24115
G1 X74.902 Y90.76
G1 X83.382 Y99.24 E488.31634
G1 X83.387 Y99.24
G1 X89.24 Y93.388 E488.36824
G0 F7200 X89.24 Y93.784
G1 F3600 X86.216 Y90.76 E488.39505
G1 X86.21 Y90.76
G1 X77.73 Y99.24 E488.47025
G1 X77.725 Y99.24
G1 X69.246 Y90.76 E488.54544
G1 X69.24 Y90.76
G1 X60.76 Y99.24 E488.62063
G1 X60.755 Y99.24
G1 X52.275 Y90.76 E488.69583
G1 X52.269 Y90.76
G1 X43.789 Y99.24 E488.77102
G1 X43.784 Y99.24
G1 X40.76 Y96.215 E488.79784
G0 F7200 X40.76 Y96.612
G1 F3600 X46.612 Y90.76 E488.84974
G1 X46.618 Y90.76
G1 X55.098 Y99.24 E488.92493
G1 X55.103 Y99.24
G1 X63.583 Y90.76 E489.00013
G1 X63.589 Y90.76
G1 X72.068 Y99.24 E489.07532
G1 X72.073 Y99.24
G1 X80.554 Y90.76 E489.15052
G1 X80.559 Y90.76
G1 X89.039 Y99.24 E489.22571
G1 X89.044 Y99.24
G1 X89.24 Y99.044 E489.22745
G0 F7200 X89.1 Y99.044
G0 X89.1 Y96.612
G0 X89.24 Y96.612
G1 F3600 X83.388 Y90.76 E489.27934
G1 X83.382 Y90.76
G1 X74.902 Y99.24 E489.35454
G1 X74.897 Y99.24
G1 X66.417 Y90.76 E489.42973
G1 X66.411 Y90.76
G1 X57.931 Y99.24 E489.50493
G1 X57.926 Y99.24
G1 X49.447 Y90.76 E489.58012
G1 X49.441 Y90.76
G1 X40.961 Y99.24 E489.65532
G1 X40.956 Y99.24
G1 X40.76 Y99.044 E489.65705
G0 F7200 X40.9 Y99.044
G0 X40.9 Y93.784
G0 X40.76 Y93.784
G1 F3600 X43.784 Y90.76 E489.68387
G1 X43.79 Y90.76
G1 X52.269 Y99.24 E489.75906
G1 X52.274 Y99.24
G1 X60.755 Y90.76 E489.83426
G1 X60.76 Y90.76
G1 X69.24 Y99.24 E489.90945
G1 X69.245 Y99.24
G1 X77.725 Y90.76 E489.98465
G1 X77.731 Y90.76
G1 X86.21 Y99.24 E490.05984
G1 X86.215 Y99.24
G1 X89.24 Y96.216 E490.08666
G1 X89.268 Y96.188
G0 F7200 X89.1 Y96.188
G0 X89.1 Y90.955
G0 X89.24 Y90.955
G1 F3600 X89.045 Y90.76 E490.08839
G1 X89.039 Y90.76
G1 X80.559 Y99.24 E490.16358
G1 X80.554 Y99.24
G1 X72.074 Y90.76 E490.23878
G1 X72.068 Y90.76
G1 X63.588 Y99.24 E490.31398
G1 X63.583 Y99.24
G1 X55.103 Y90.76 E490.38917
G1 X55.098 Y90.76
G1 X46.617 Y99.24 E490.46437
G1 X46.612 Y99.24
G1 X40.76 Y93.387 E490.51627
G1 X40.732 Y93.359
G0 F7200 X40.9 Y93.359
G0 X89.13 Y99.13
G0 X89.4 Y99.4
;TYPE:WALL-INNER
G1 F3600 X89.4 Y90.6 E490.57144
G1 X40.6 Y90.6 E490.87743
G1 X40.6 Y99.4 E490.93261
G1 X89.4 Y99.4 E491.23859
G0 F7200 X89.8 Y99.8
;TYPE:WALL-OUTER
G1 F1800 X89.8 Y90.2 E491.29879
G1 X40.2 Y90.2 E491.60979
G1 X40.2 Y99.8 E491.66998
G1 X89.8 Y99.8 E491.98098
G0 F7200 X89.8 Y99.6
G0 X88.8 Y98.918
;MESH:NONMESH
G0 F600 X88.8 Y98.918 Z14.7
G0 F7200 X40.956 Y90.9
G0 X40.956 Y90.76
;TIME_ELAPSED:2170.989234
;LAYER:144
;TYPE:FILL
;MESH:test.stl
G1 F3600 X40.76 Y90.955 E491.98272
G0 F7200 X40.961 Y90.76
G1 F3600 X49.441 Y99.24 E492.05791
G1 X49.446 Y99.24
G1 X57.926 Y90.76 E492.13311
G1 X57.932 Y90.76
G1 X66.411 Y99.24 E492.2083
G1 X66.416 Y99.24
G1 X74.897 Y90.76 E492.2835
G1 X74.902 Y90.76
G1 X83.382 Y99.24 E492.35869
G1 X83.387 Y99.24
G1 X89.24 Y93.388 E492.41059
G0 F7200 X89.24 Y93.784
G1 F3600 X86.216 Y90.76 E492.4374
G1 X86.21 Y90.76
G1 X77.73 Y99.24 E492.5126
G1 X77.725 Y99.24
G1 X69.246 Y90.76 E492.58779
G1 X69.24 Y90.76
G1 X60.76 Y99.24 E492.66299
G1 X60.755 Y99.24
G1 X52.275 Y90.76 E492.73818
G1 X52.269 Y90.76
G1 X43.789 Y99.24 E492.81338
G1 X43.784 Y99.24
G1 X40.76 Y96.215 E492.8402
G0 F7200 X40.76 Y96.612
G1 F3600 X46.612 Y90.76 E492.89209
G1 X46.618 Y90.76
G1 X55.098 Y99.24 E492.96728
G1 X55.103 Y99.24
G1 X63.583 Y90.76 E493.04248
G1 X63.589 Y90.76
G1 X72.068 Y99.24 E493.11767
G1 X72.073 Y99.24
G1 X80.554 Y90.76 E493.19287
G1 X80.559 Y90.76
G1 X89.039 Y99.24 E493.26807
G1 X89.044 Y99.24
G1 X89.24 Y99.044 E493.2698
G0 F7200 X89.1 Y99.044
G0 X89.1 Y96.612
G0 X89.24 Y96.612
G1 F3600 X83.388 Y90.76 E493.3217
G1 X83.382 Y90.76
G1 X74.902 Y99.24 E493.39689
G1 X74.897 Y99.24
G1 X66.417 Y90.76 E493.47209
G1 X66.411 Y90.76
G1 X57.931 Y99.24 E493.54728
G1 X57.926 Y99.24
G1 X49.447 Y90.76 E493.62247
G1 X49.441 Y90.76
G1 X40.961 Y99.24 E493.69767
G1 X40.956 Y99.24
G1 X40.76 Y99.044 E493.69941
G0 F7200 X40.9 Y99.044
G0 X40.9 Y93.784
G0 X40.76 Y93.784
G1 F3600 X43.784 Y90.76 E493.72622
G1 X43.79 Y90.76
G1 X52.269 Y99.24 E493.80141
G1 X52.274 Y99.24
G1 X60.755 Y90.76 E493.87661
G1 X60.76 Y90.76
G1 X69.24 Y99.24 E493.95181
G1 X69.245 Y99.24
G1 X77.725 Y90.76 E494.027
G1 X77.731 Y90.76
G1 X86.21 Y99.24 E494.10219
G1 X86.215 Y99.24
G1 X89.24 Y96.216 E494.12901
G1 X89.268 Y96.188
G0 F7200 X89.1 Y96.188
G0 X89.1 Y90.955
G0 X89.24 Y90.955
G1 F3600 X89.045 Y90.76 E494.13074
G1 X89.039 Y90.76
G1 X80.559 Y99.24 E494.20594
G1 X80.554 Y99.24
G1 X72.074 Y90.76 E494.28113
G1 X72.068 Y90.76
G1 X63.588 Y99.24 E494.35633
G1 X63.583 Y99.24
G1 X55.103 Y90.76 E494.43152
G1 X55.098 Y90.76
G1 X46.617 Y99.24 E494.50672
G1 X46.612 Y99.24
G1 X40.76 Y93.387 E494.55862
G1 X40.732 Y93.359
G0 F7200 X40.9 Y93.359
G0 X89.13 Y99.13
G0 X89.4 Y99.4
;TYPE:WALL-INNER
G1 F3600 X89.4 Y90.6 E494.6138
G1 X40.6 Y90.6 E494.91978
G1 X40.6 Y99.4 E494.97496
G1 X89.4 Y99.4 E495.28094
G0 F7200 X89.8 Y99.8
;TYPE:WALL-OUTER
G1 F1800 X89.8 Y90.2 E495.34114
G1 X40.2 Y90.2 E495.65214
G1 X40.2 Y99.8 E495.71233
G1 X89.8 Y99.8 E496.02333
G0 F7200 X89.8 Y99.6
G0 X88.8 Y98.918
;MESH:NONMESH
G0 F600 X88.8 Y98.918 Z14.8
G0 F7200 X40.956 Y90.9
G0 X40.956 Y90.76
;TIME_ELAPSED:2185.227487
;LAYER:145
;TYPE:FILL
;MESH:test.stl
G1 F3600 X40.76 Y90.955 E496.02507
G0 F7200 X40.961 Y90.76
G1 F3600 X49.441 Y99.24 E496.10026
G1 X49.446 Y99.24
G1 X57.926 Y90.76 E496.17546
G1 X57.932 Y90.76
G1 X66.411 Y99.24 E496.25065
G1 X66.416 Y99.24
G1 X74.897 Y90.76 E496.32585
G1 X74.902 Y90.76
G1 X83.382 Y99.24 E496.40105
G1 X83.387 Y99.24
G1 X89.24 Y93.388 E496.45294
G0 F7200 X89.24 Y93.784
G1 F3600 X86.216 Y90.76 E496.47976
G1 X86.21 Y90.76
G1 X77.73 Y99.24 E496.55495
G1 X77.725 Y99.24
G1 X69.246 Y90.76 E496.63014
G1 X69.24 Y90.76
G1 X60.76 Y99.24 E496.70534
G1 X60.755 Y99.24
G1 X52.275 Y90.76 E496.78053
G1 X52.269 Y90.76
G1 X43.789 Y99.24 E496.85573
G1 X43.784 Y99.24
G1 X40.76 Y96.215 E496.88255
G0 F7200 X40.76 Y96.612
G1 F3600 X46.612 Y90.76 E496.93444
G1 X46.618 Y90.76
G1 X55.098 Y99.24 E497.00964
G1 X55.103 Y99.24
G1 X63.583 Y90.76 E497.08483
G1 X63.589 Y90.76
G1 X72.068 Y99.24 E497.16002
G1 X72.073 Y99.24
G1 X80.554 Y90.76 E497.23522
G1 X80.559 Y90.76
G1 X89.039 Y99.24 E497.31042
G1 X89.044 Y99.24
G1 X89.24 Y99.044 E497.31216
G0 F7200 X89.1 Y99.044
G0 X89.1 Y96.612
G0 X89.24 Y96.612
G1 F3600 X83.388 Y90.76 E497.36405
G1 X83.382 Y90.76
G1 X74.902 Y99.24 E497.43924
G1 X74.897 Y99.24
G1 X66.417 Y90.76 E497.51444
G1 X66.411 Y90.76
G1 X57.931 Y99.24 E497.58963
G1 X57.926 Y99.24
G1 X49.447 Y90.76 E497.66482
G1 X49.441 Y90.76
G1 X40.961 Y99.24 E497.74002
G1 X40.956 Y99.24
G1 X40.76 Y99.044 E497.74176
G0 F7200 X40.9 Y99.044
G0 X40.9 Y93.784
G0 X40.76 Y93.784
G1 F3600 X43.784 Y90.76 E497.76857
G1 X43.79 Y90.76
G1 X52.269 Y99.24 E497.84376
G1 X52.274 Y99.24
G1 X60.755 Y90.76 E497.91896
G1 X60.76 Y90.76
G1 X69.24 Y99.24 E497.99416
G1 X69.245 Y99.24
G1 X77.725 Y90.76 E498.06935
G1 X77.731 Y90.76
G1 X86.21 Y99.24 E498.14455
G1 X86.215 Y99.24
G1 X89.24 Y96.216 E498.17136
G1 X89.268 Y96.188
G0 F7200 X89.1 Y96.188
G0 X89.1 Y90.955
G0 X89.24 Y90.955
G1 F3600 X89.045 Y90.76 E498.17309
G1 X89.039 Y90.76
G1 X80.559 Y99.24 E498.24829
G1 X80.554 Y99.24
G1 X72.074 Y90.76 E498.32348
G1 X72.068 Y90.76
G1 X63.588 Y99.24 E498.39868
G1 X63.583 Y99.24
G1 X55.103 Y90.76 E498.47388
G1 X55.098 Y90.76
G1 X46.617 Y99.24 E498.54908
G1 X46.612 Y99.24
G1 X40.76 Y93.387 E498.60097
G1 X40.732 Y93.359
G0 F7200 X40.9 Y93.359
G0 X89.13 Y99.13
G0 X89.4 Y99.4
;TYPE:WALL-INNER
G1 F3600 X89.4 Y90.6 E498.65615
G1 X40.6 Y90.6 E498.96213
G1 X40.6 Y99.4 E499.01731
G1 X89.4 Y99.4 E499.3233
G0 F7200 X89.8 Y99.8
;TYPE:WALL-OUTER
G1 F1800 X89.8 Y90.2 E499.38349
G1 X40.2 Y90.2 E499.69449
G1 X40.2 Y99.8 E499.75469
G1 X89.8 Y99.8 E500.06569
G0 F7200 X89.8 Y99.6
G0 X88.8 Y98.918
;MESH:NONMESH
G0 F600 X88.8 Y98.918 Z14.9
G0 F7200 X40.956 Y90.9
G0 X40.956 Y90.76
;TIME_ELAPSED:2199.465741
;LAYER:146
;TYPE:FILL
;MESH:test.stl
G1 F3600 X40.76 Y90.955 E500.06742
G0 F7200 X40.961 Y90.76
G1 F3600 X49.441 Y99.24 E500.14262
G1 X49.446 Y99.24
G1 X57.926 Y90.76 E500.21781
G1 X57.932 Y90.76
G1 X66.411 Y99.24 E500.293
G1 X66.416 Y99.24
G1 X74.897 Y90.76 E500.3682
G1 X74.902 Y90.76
G1 X83.382 Y99.24 E500.4434
G1 X83.387 Y99.24
G1 X89.24 Y93.388 E500.49529
G0 F7200 X89.24 Y93.784
G1 F3600 X86.216 Y90.76 E500.52211
G1 X86.21 Y90.76
G1 X77.73 Y99.24 E500.5973
G1 X77.725 Y99.24
G1 X69.246 Y90.76 E500.6725
G1 X69.24 Y90.76
G1 X60.76 Y99.24 E500.74769
G1 X60.755 Y99.24
G1 X52.275 Y90.76 E500.82289
G1 X52.269 Y90.76
G1 X43.789 Y99.24 E500.89808
G1 X43.784 Y99.24
G1 X40.76 Y96.215 E500.9249
G0 F7200 X40.76 Y96.612
G1 F3600 X46.612 Y90.76 E500.97679
G1 X46.618 Y90.76
G1 X55.098 Y99.24 E501.05199
G1 X55.103 Y99.24
G1 X63.583 Y90.76 E501.12718
G1 X63.589 Y90.76
G1 X72.068 Y99.24 E501.20237
G1 X72.073 Y99.24
G1 X80.554 Y90.76 E501.27757
G1 X80.559 Y90.76
G1 X89.039 Y99.24 E501.35277
G1 X89.044 Y99.24
G1 X89.24 Y99.044 E501.35451
G0 F7200 X89.1 Y99.044
G0 X89.1 Y96.612
G0 X89.24 Y96.612
G1 F3600 X83.388 Y90.76 E501.4064
G1 X83.382 Y90.76
G1 X74.902 Y99.24 E501.4816
G1 X74.897 Y99.24
G1 X66.417 Y90.76 E501.55679
G1 X66.411 Y90.76
G1 X57.931 Y99.24 E501.63199
G1 X57.926 Y99.24
G1 X49.447 Y90.76 E501.70718
G1 X49.441 Y90.76
G1 X40.961 Y99.24 E501.78237
G1 X40.956 Y99.24
G1 X40.76 Y99.044 E501.78411
G0 F7200 X40.9 Y99.044
G0 X40.9 Y93.784
G0 X40.76 Y93.784
G1 F3600 X43.784 Y90.76 E501.81093
G1 X43.79 Y90.76
G1 X52.269 Y99.24 E501.88612
G1 X52.274 Y99.24
G1 X60.755 Y90.76 E501.96132
G1 X60.76 Y90.76
G1 X69.24 Y99.24 E502.03651
G1 X69.245 Y99.24
G1 X77.725 Y90.76 E502.11171
G1 X77.731 Y90.76
G1 X86.21 Y99.24 E502.1869
G1 X86.215 Y99.24
G1 X89.24 Y96.216 E502.21372
G1 X89.268 Y96.188
G0 F7200 X89.1 Y96.188
G0 X89.1 Y90.955
G0 X89.24 Y90.955
G1 F3600 X89.045 Y90.76 E502.21545
G1 X89.039 Y90.76
G1 X80.559 Y99.24 E502.29064
G1 X80.554 Y99.24
G1 X72.074 Y90.76 E502.36584
G1 X72.068 Y90.76
G1 X63.588 Y99.24 E502.44103
G1 X63.583 Y99.24
G1 X55.103 Y90.76 E502.51623
G1 X55.098 Y90.76
G1 X46.617 Y99.24 E502.59143
G1 X46.612 Y99.24
G1 X40.76 Y93.387 E502.64332
G1 X40.732 Y93.359
G0 F7200 X40.9 Y93.359
G0 X89.13 Y99.13
G0 X89.4 Y99.4
;TYPE:WALL-INNER
G1 F3600 X89.4 Y90.6 E502.6985
G1 X40.6 Y90.6 E503.00449
G1 X40.6 Y99.4 E503.05966
G1 X89.4 Y99.4 E503.36565
G0 F7200 X89.8 Y99.8
;TYPE:WALL-OUTER
G1 F1800 X89.8 Y90.2 E503.42584
G1 X40.2 Y90.2 E503.73684
G1 X40.2 Y99.8 E503.79704
G1 X89.8 Y99.8 E504.10804
G0 F7200 X89.8 Y99.6
G0 X88.8 Y98.918
;MESH:NONMESH
G0 F600 X88.8 Y98.918 Z15
G0 F7200 X40.956 Y90.9
G0 X40.956 Y90.76
;TIME_ELAPSED:2213.703995
;LAYER:147
;TYPE:FILL
;MESH:test.stl
G1 F3600 X40.76 Y90.955 E504.10977
G0 F7200 X40.961 Y90.76
G1 F3600 X49.441 Y99.24 E504.18497
G1 X49.446 Y99.24
G1 X57.926 Y90.76 E504.26016
G1 X57.932 Y90.76
G1 X66.411 Y99.24 E504.33535
G1 X66.416 Y99.24
G1 X74.897 Y90.76 E504.41055
G1 X74.902 Y90.76
G1 X83.382 Y99.24 E504.48575
G1 X83.387 Y99.24
G1 X89.24 Y93.388 E504.53765
G0 F7200 X89.24 Y93.784
G1 F3600 X86.216 Y90.76 E504.56446
G1 X86.21 Y90.76
G1 X77.73 Y99.24 E504.63966
G1 X77.725 Y99.24
G1 X69.246 Y90.76 E504.71485
G1 X69.24 Y90.76
G1 X60.76 Y99.24 E504.79004
G1 X60.755 Y99.24
G1 X52.275 Y90.76 E504.86524
G1 X52.269 Y90.76
G1 X43.789 Y99.24 E504.94043
G1 X43.784 Y99.24
G1 X40.76 Y96.215 E504.96725
G0 F7200 X40.76 Y96.612
G1 F3600 X46.612 Y90.76 E505.01915
G1 X46.618 Y90.76
G1 X55.098 Y99.24 E505.09434
G1 X55.103 Y99.24
G1 X63.583 Y90.76 E505.16954
G1 X63.589 Y90.76
G1 X72.068 Y99.24 E505.24473
G1 X72.073 Y99.24
G1 X80.554 Y90.76 E505.31993
G1 X80.559 Y90.76
G1 X89.039 Y99.24 E505.39512
G1 X89.044 Y99.24
G1 X89.24 Y99.044 E505.39686
G0 F7200 X89.1 Y99.044
G0 X89.1 Y96.612
G0 X89.24 Y96.612
G1 F3600 X83.388 Y90.76 E505.44875
G1 X83.382 Y90.76
G1 X74.902 Y99.24 E505.52395
G1 X74.897 Y99.24
G1 X66.417 Y90.76 E505.59914
G1 X66.411 Y90.76
G1 X57.931 Y99.24 E505.67434
G1 X57.926 Y99.24
G1 X49.447 Y90.76 E505.74953
G1 X49.441 Y90.76
G1 X40.961 Y99.24 E505.82472
G1 X40.956 Y99.24
G1 X40.76 Y99.044 E505.82646
G0 F7200 X40.9 Y99.044
G0 X40.9 Y93.784
G0 X40.76 Y93.784
G1 F3600 X43.784 Y90.76 E505.85328
G1 X43.79 Y90.76
G1 X52.269 Y99.24 E505.92847
G1 X52.274 Y99.24
G1 X60.755 Y90.76 E506.00367
G1 X60.76 Y90.76
G1 X69.24 Y99.24 E506.07886
G1 X69.245 Y99.24
G1 X77.725 Y90.76 E506.15406
G1 X77.731 Y90.76
G1 X86.21 Y99.24 E506.22925
G1 X86.215 Y99.24
G1 X89.24 Y96.216 E506.25607
G1 X89.268 Y96.188
G0 F7200 X89.1 Y96.188
G0 X89.1 Y90.955
G0 X89.24 Y90.955
G1 F3600 X89.045 Y90.76 E506.2578
G1 X89.039 Y90.76
G1 X80.559 Y99.24 E506.33299
G1 X80.554 Y99.24
G1 X72.074 Y90.76 E506.40819
G1 X72.068 Y90.76
G1 X63.588 Y99.24 E506.48338
G1 X63.583 Y99.24
G1 X55.103 Y90.76 E506.55858
G1 X55.098 Y90.76
G1 X46.617 Y99.24 E506.63378
G1 X46.612 Y99.24
G1 X40.76 Y93.387 E506.68568
G1 X40.732 Y93.359
G0 F7200 X40.9 Y93.359
G0 X89.13 Y99.13
G0 X89.4 Y99.4
;TYPE:WALL-INNER
G1 F3600 X89.4 Y90.6 E506.74085
G1 X40.6 Y90.6 E507.04684
G1 X40.6 Y99.4 E507.10202
G1 X89.4 Y99.4 E507.408
G0 F7200 X89.8 Y99.8
;TYPE:WALL-OUTER
G1 F1800 X89.8 Y90.2 E507.4682
G1 X40.2 Y90.2 E507.7792
G1 X40.2 Y99.8 E507.83939
G1 X89.8 Y99.8 E508.15039
G0 F7200 X89.8 Y99.6
G0 X88.8 Y98.918
;MESH:NONMESH
G0 F600 X88.8 Y98.918 Z15.1
G0 F7200 X40.956 Y90.9
G0 X40.956 Y90.76
;TIME_ELAPSED:2227.942249
;LAYER:148
;TYPE:FILL
;MESH:test.stl
G1 F3600 X40.76 Y90.955 E508.15213
G0 F7200 X40.961 Y90.76
G1 F3600 X49.441 Y99.24 E508.22732
G1 X49.446 Y99.24
G1 X57.926 Y90.76 E508.30252
G1 X57.932 Y90.76
G1 X66.411 Y99.24 E508.37771
G1 X66.416 Y99.24
G1 X74.897 Y90.76 E508.45291
G1 X74.902 Y90.76
G1 X83.382 Y99.24 E508.5281
G1 X83.387 Y99.24
G1 X89.24 Y93.388 E508.58
G0 F7200 X89.24 Y93.784
G1 F3600 X86.216 Y90.76 E508.60681
G1 X86.21 Y90.76
G1 X77.73 Y99.24 E508.68201
G1 X77.725 Y99.24
G1 X69.246 Y90.76 E508.7572
G1 X69.24 Y90.76
G1 X60.76 Y99.24 E508.8324
G1 X60.755 Y99.24
G1 X52.275 Y90.76 E508.90759
G1 X52.269 Y90.76
G1 X43.789 Y99.24 E508.98279
G1 X43.784 Y99.24
G1 X40.76 Y96.215 E509.00961
G0 F7200 X40.76 Y96.612
G1 F3600 X46.612 Y90.76 E509.0615
G1 X46.618 Y90.76
G1 X55.098 Y99.24 E509.13669
G1 X55.103 Y99.24
G1 X63.583 Y90.76 E509.21189
G1 X63.589 Y90.76
G1 X72.068 Y99.24 E509.28708
G1 X72.073 Y99.24
G1 X80.554 Y90.76 E509.36228
G1 X80.559 Y90.76
G1 X89.039 Y99.24 E509.43747
G1 X89.044 Y99.24
G1 X89.24 Y99.044 E509.43921
G0 F7200 X89.1 Y99.044
G0 X89.1 Y96.612
G0 X89.24 Y96.612
G1 F3600 X83.388 Y90.76 E509.4911
G1 X83.382 Y90.76
G1 X74.902 Y99.24 E509.5663
G1 X74.897 Y99.24
G1 X66.417 Y90.76 E509.6415
G1 X66.411 Y90.76
G1 X57.931 Y99.24 E509.71669
G1 X57.926 Y99.24
G1 X49.447 Y90.76 E509.79188
G1 X49.441 Y90.76
G1 X40.961 Y99.24 E509.86708
G1 X40.956 Y99.24
G1 X40.76 Y99.044 E509.86881
G0 F7200 X40.9 Y99.044
G0 X40.9 Y93.784
G0 X40.76 Y93.784
G1 F3600 X43.784 Y90.76 E509.89563
G1 X43.79 Y90.76
G1 X52.269 Y99.24 E509.97082
G1 X52.274 Y99.24
G1 X60.755 Y90.76 E510.04602
G1 X60.76 Y90.76
G1 X69.24 Y99.24 E510.12122
G1 X69.245 Y99.24
G1 X77.725 Y90.76 E510.19641
G1 X77.731 Y90.76
G1 X86.21 Y99.24 E510.2716
G1 X86.215 Y99.24
G1 X89.24 Y96.216 E510.29842
G1 X89.268 Y96.188
G0 F7200 X89.1 Y96.188
G0 X89.1 Y90.955
G0 X89.24 Y90.955
G1 F3600 X89.045 Y90.76 E510.30015
G1 X89.039 Y90.76
G1 X80.559 Y99.24 E510.37535
G1 X80.554 Y99.24
G1 X72.074 Y90.76 E510.45054
G1 X72.068 Y90.76
G1 X63.588 Y99.24 E510.52574
G1 X63.583 Y99.24
G1 X55.103 Y90.76 E510.60093
G1 X55.098 Y90.76
G1 X46.617 Y99.24 E510.67613
G1 X46.612 Y99.24
G1 X40.76 Y93.387 E510.72803
G1 X40.732 Y93.359
G0 F7200 X40.9 Y93.359
G0 X89.13 Y99.13
G0 X89.4 Y99.4
;TYPE:WALL-INNER
G1 F3600 X89.4 Y90.6 E510.78321
G1 X40.6 Y90.6 E511.08919
G1 X40.6 Y99.4 E511.14437
G1 X89.4 Y99.4 E511.45035
G0 F7200 X89.8 Y99.8
;TYPE:WALL-OUTER
G1 F1800 X89.8 Y90.2 E511.51055
G1 X40.2 Y90.2 E511.82155
G1 X40.2 Y99.8 E511.88174
G1 X89.8 Y99.8 E512.19274
G0 F7200 X89.8 Y99.6
G0 X88.8 Y98.918
;MESH:NONMESH
G0 F600 X88.8 Y98.918 Z15.2
G0 F7200 X40.956 Y90.9
G0 X40.956 Y90.76
;TIME_ELAPSED:2242.180502
;LAYER:149
;TYPE:FILL
;MESH:test.stl
G1 F3600 X40.76 Y90.955 E512.19448
G0 F7200 X40.961 Y90.76
G1 F3600 X49.441 Y99.24 E512.26967
G1 X49.446 Y99.24
G1 X57.926 Y90.76 E512.34487
G1 X57.932 Y90.76
G1 X66.411 Y99.24 E512.42006
G1 X66.416 Y99.24
G1 X74.897 Y90.76 E512.49526
G1 X74.902 Y90.76
G1 X83.382 Y99.24 E512.57045
G1 X83.387 Y99.24
G1 X89.24 Y93.388 E512.62235
G0 F7200 X89.24 Y93.784
G1 F3600 X86.216 Y90.76 E512.64917
G1 X86.21 Y90.76
G1 X77.73 Y99.24 E512.72436
G1 X77.725 Y99.24
G1 X69.246 Y90.76 E512.79955
G1 X69.24 Y90.76
G1 X60.76 Y99.24 E512.87475
G1 X60.755 Y99.24
G1 X52.275 Y90.76 E512.94994
G1 X52.269 Y90.76
G1 X43.789 Y99.24 E513.02514
G1 X43.784 Y99.24
G1 X40.76 Y96.215 E513.05196
G0 F7200 X40.76 Y96.612
G1 F3600 X46.612 Y90.76 E513.10385
G1 X46.618 Y90.76
G1 X55.098 Y99.24 E513.17905
G1 X55.103 Y99.24
G1 X63.583 Y90.76 E513.25424
G1 X63.589 Y90.76
G1 X72.068 Y99.24 E513.32943
G1 X72.073 Y99.24
G1 X80.554 Y90.76 E513.40463
G1 X80.559 Y90.76
G1 X89.039 Y99.24 E513.47983
G1 X89.044 Y99.24
G1 X89.24 Y99.044 E513.48156
G0 F7200 X89.1 Y99.044
G0 X89.1 Y96.612
G0 X89.24 Y96.612
G1 F3600 X83.388 Y90.76 E513.53346
G1 X83.382 Y90.76
G1 X74.902 Y99.24 E513.60865
G1 X74.897 Y99.24
G1 X66.417 Y90.76 E513.68385
G1 X66.411 Y90.76
G1 X57.931 Y99.24 E513.75904
G1 X57.926 Y99.24
G1 X49.447 Y90.76 E513.83423
G1 X49.441 Y90.76
G1 X40.961 Y99.24 E513.90943
G1 X40.956 Y99.24
G1 X40.76 Y99.044 E513.91117
G0 F7200 X40.9 Y99.044
G0 X40.9 Y93.784
G0 X40.76 Y93.784
G1 F3600 X43.784 Y90.76 E513.93798
G1 X43.79 Y90.76
G1 X52.269 Y99.24 E514.01317
G1 X52.274 Y99.24
G1 X60.755 Y90.76 E514.08837
G1 X60.76 Y90.76
G1 X69.24 Y99.24 E514.16357
G1 X69.245 Y99.24
G1 X77.725 Y90.76 E514.23876
G1 X77.731 Y90.76
G1 X86.21 Y99.24 E514.31395
G1 X86.215 Y99.24
G1 X89.24 Y96.216 E514.34077
G1 X89.268 Y96.188
G0 F7200 X89.1 Y96.188
G0 X89.1 Y90.955
G0 X89.24 Y90.955
G1 F3600 X89.045 Y90.76 E514.3425
G1 X89.039 Y90.76
G1 X80.559 Y99.24 E514.4177
G1 X80.554 Y99.24
G1 X72.074 Y90.76 E514.49289
G1 X72.068 Y90.76
G1 X63.588 Y99.24 E514.56809
G1 X63.583 Y99.24
G1 X55.103 Y90.76 E514.64328
G1 X55.098 Y90.76
G1 X46.617 Y99.24 E514.71848
G1 X46.612 Y99.24
G1 X40.76 Y93.387 E514.77038
G1 X40.732 Y93.359
G0 F7200 X40.9 Y93.359
G0 X89.13 Y99.13
G0 X89.4 Y99.4
;TYPE:WALL-INNER
G1 F3600 X89.4 Y90.6 E514.82556
G1 X40.6 Y90.6 E515.13154
G1 X40.6 Y99.4 E515.18672
G1 X89.4 Y99.4 E515.49271
G0 F7200 X89.8 Y99.8
;TYPE:WALL-OUTER
G1 F1800 X89.8 Y90.2 E515.5529
G1 X40.2 Y90.2 E515.8639
G1 X40.2 Y99.8 E515.9241
G1 X89.8 Y99.8 E516.2351
G0 F7200 X89.8 Y99.6
G0 X88.8 Y98.918
;MESH:NONMESH
G0 F600 X88.8 Y98.918 Z15.3
G0 F7200 X40.956 Y90.9
G0 X40.956 Y90.76
;TIME_ELAPSED:2256.418756
;LAYER:150
;TYPE:FILL
;MESH:test.stl
G1 F3600 X40.76 Y90.955 E516.23683
G0 F7200 X40.961 Y90.76
G1 F3600 X49.441 Y99.24 E516.31203
G1 X49.446 Y99.24
G1 X57.926 Y90.76 E516.38722
G1 X57.932 Y90.76
G1 X66.411 Y99.24 E516.46241
G1 X66.416 Y99.24
G1 X74.897 Y90.76 E516.53761
G1 X74.902 Y90.76
G1 X83.382 Y99.24 E516.61281
G1 X83.387 Y99.24
G1 X89.24 Y93.388 E516.6647
G0 F7200 X89.24 Y93.784
G1 F3600 X86.216 Y90.76 E516.69152
G1 X86.21 Y90.76
G1 X77.73 Y99.24 E516.76671
G1 X77.725 Y99.24
G1 X69.246 Y90.76 E516.8419
G1 X69.24 Y90.76
G1 X60.76 Y99.24 E516.9171
G1 X60.755 Y99.24
G1 X52.275 Y90.76 E516.9923
G1 X52.269 Y90.76
G1 X43.789 Y99.24 E517.06749
G1 X43.784 Y99.24
G1 X40.76 Y96.215 E517.09431
G0 F7200 X40.76 Y96.612
G1 F3600 X46.612 Y90.76 E517.1462
G1 X46.618 Y90.76
G1 X55.098 Y99.24 E517.2214
G1 X55.103 Y99.24
G1 X63.583 Y90.76 E517.29659
G1 X63.589 Y90.76
G1 X72.068 Y99.24 E517.37178
G1 X72.073 Y99.24
G1 X80.554 Y90.76 E517.44698
G1 X80.559 Y90.76
G1 X89.039 Y99.24 E517.52218
G1 X89.044 Y99.24
G1 X89.24 Y99.044 E517.52392
G0 F7200 X89.1 Y99.044
G0 X89.1 Y96.612
G0 X89.24 Y96.612
G1 F3600 X83.388 Y90.76 E517.57581
G1 X83.382 Y90.76
G1 X74.902 Y99.24 E517.651
G1 X74.897 Y99.24
G1 X66.417 Y90.76 E517.7262
G1 X66.411 Y90.76
G1 X57.931 Y99.24 E517.8014
G1 X57.926 Y99.24
G1 X49.447 Y90.76 E517.87659
G1 X49.441 Y90.76
G1 X40.961 Y99.24 E517.95178
G1 X40.956 Y99.24
G1 X40.76 Y99.044 E517.95352
G0 F7200 X40.9 Y99.044
G0 X40.9 Y93.784
G0 X40.76 Y93.784
G1 F3600 X43.784 Y90.76 E517.98033
G1 X43.79 Y90.76
G1 X52.269 Y99.24 E518.05553
G1 X52.274 Y99.24
G1 X60.755 Y90.76 E518.13073
G1 X60.76 Y90.76
G1 X69.24 Y99.24 E518.20592
G1 X69.245 Y99.24
G1 X77.725 Y90.76 E518.28112
G1 X77.731 Y90.76
G1 X86.21 Y99.24 E518.35631
G1 X86.215 Y99.24
G1 X89.24 Y96.216 E518.38313
G1 X89.268 Y96.188
G0 F7200 X89.1 Y96.188
G0 X89.1 Y90.955
G0 X89.24 Y90.955
G1 F3600 X89.045 Y90.76 E518.38486
G1 X89.039 Y90.76
G1 X80.559 Y99.24 E518.46005
G1 X80.554 Y99.24
G1 X72.074 Y90.76 E518.53525
G1 X72.068 Y90.76
G1 X63.588 Y99.24 E518.61044
G1 X63.583 Y99.24
G1 X55.103 Y90.76 E518.68564
G1 X55.098 Y90.76
G1 X46.617 Y99.24 E518.76084
G1 X46.612 Y99.24
G1 X40.76 Y93.387 E518.81273
G1 X40.732 Y93.359
G0 F7200 X40.9 Y93.359
G0 X89.13 Y99.13
G0 X89.4 Y99.4
;TYPE:WALL-INNER
G1 F3600 X89.4 Y90.6 E518.86791
G1 X40.6 Y90.6 E519.1739
G1 X40.6 Y99.4 E519.22907
G1 X89.4 Y99.4 E519.53506
G0 F7200 X89.8 Y99.8
;TYPE:WALL-OUTER
G1 F1800 X89.8 Y90.2 E519.59525
G1 X40.2 Y90.2 E519.90625
G1 X40.2 Y99.8 E519.96645
G1 X89.8 Y99.8 E520.27745
G0 F7200 X89.8 Y99.6
G0 X88.8 Y98.918
;MESH:NONMESH
G0 F600 X88.8 Y98.918 Z15.4
G0 F7200 X40.956 Y90.9
G0 X40.956 Y90.76
;TIME_ELAPSED:2270.657010
;LAYER:151
;TYPE:FILL
;MESH:test.stl
G1 F3600 X40.76 Y90.955 E520.27918
G0 F7200 X40.961 Y90.76
G1 F3600 X49.441 Y99.24 E520.35438
G1 X49.446 Y99.24
G1 X57.926 Y90.76 E520.42957
G1 X57.932 Y90.76
G1 X66.411 Y99.24 E520.50476
G1 X66.416 Y99.24
G1 X74.897 Y90.76 E520.57996
G1 X74.902 Y90.76
G1 X83.382 Y99.24 E520.65516
G1 X83.387 Y99.24
G1 X89.24 Y93.388 E520.70706
G0 F7200 X89.24 Y93.784
G1 F3600 X86.216 Y90.76 E520.73387
G1 X86.21 Y90.76
G1 X77.73 Y99.24 E520.80907
G1 X77.725 Y99.24
G1 X69.246 Y90.76 E520.88426
G1 X69.24 Y90.76
G1 X60.76 Y99.24 E520.95945
G1 X60.755 Y99.24
G1 X52.275 Y90.76 E521.03465
G1 X52.269 Y90.76
G1 X43.789 Y99.24 E521.10984
G1 X43.784 Y99.24
G1 X40.76 Y96.215 E521.13666
G0 F7200 X40.76 Y96.612
G1 F3600 X46.612 Y90.76 E521.18855
G1 X46.618 Y90.76
G1 X55.098 Y99.24 E521.26375
G1 X55.103 Y99.24
G1 X63.583 Y90.76 E521.33895
G1 X63.589 Y90.76
G1 X72.068 Y99.24 E521.41414
G1 X72.073 Y99.24
G1 X80.554 Y90.76 E521.48934
G1 X80.559 Y90.76
G1 X89.039 Y99.24 E521.56453
G1 X89.044 Y99.24
G1 X89.24 Y99.044 E521.56627
G0 F7200 X89.1 Y99.044
G0 X89.1 Y96.612
G0 X89.24 Y96.612
G1 F3600 X83.388 Y90.76 E521.61816
G1 X83.382 Y90.76
G1 X74.902 Y99.24 E521.69336
G1 X74.897 Y99.24
G1 X66.417 Y90.76 E521.76855
G1 X66.411 Y90.76
G1 X57.931 Y99.24 E521.84375
G1 X57.926 Y99.24
G1 X49.447 Y90.76 E521.91894
G1 X49.441 Y90.76
G1 X40.961 Y99.24 E521.99413
G1 X40.956 Y99.24
G1 X40.76 Y99.044 E521.99587
G0 F7200 X40.9 Y99.044
G0 X40.9 Y93.784
G0 X40.76 Y93.784
G1 F3600 X43.784 Y90.76 E522.02269
G1 X43.79 Y90.76
G1 X52.269 Y99.24 E522.09788
G1 X52.274 Y99.24
G1 X60.755 Y90.76 E522.17308
G1 X60.76 Y90.76
G1 X69.24 Y99.24 E522.24827
G1 X69.245 Y99.24
G1 X77.725 Y90.76 E522.32347
G1 X77.731 Y90.76
G1 X86.21 Y99.24 E522.39866
G1 X86.215 Y99.24
G1 X89.24 Y96.216 E522.42548
G1 X89.268 Y96.188
G0 F7200 X89.1 Y96.188
G0 X89.1 Y90.955
G0 X89.24 Y90.955
G1 F3600 X89.045 Y90.76 E522.42721
G1 X89.039 Y90.76
G1 X80.559 Y99.24 E522.5024
G1 X80.554 Y99.24
G1 X72.074 Y90.76 E522.5776
G1 X72.068 Y90.76
G1 X63.588 Y99.24 E522.65279
G1 X63.583 Y99.24
G1 X55.103 Y90.76 E522.72799
G1 X55.098 Y90.76
G1 X46.617 Y99.24 E522.80319
G1 X46.612 Y99.24
G1 X40.76 Y93.387 E522.85509
G1 X40.732 Y93.359
G0 F7200 X40.9 Y93.359
G0 X89.13 Y99.13
G0 X89.4 Y99.4
;TYPE:WALL-INNER
G1 F3600 X89.4 Y90.6 E522.91026
G1 X40.6 Y90.6 E523.21625
G1 X40.6 Y99.4 E523.27143
G1 X89.4 Y99.4 E523.57741
G0 F7200 X89.8 Y99.8
;TYPE:WALL-OUTER
G1 F1800 X89.8 Y90.2 E523.6376
G1 X40.2 Y90.2 E523.94861
G1 X40.2 Y99.8 E524.0088
G1 X89.8 Y99.8 E524.3198
G0 F7200 X89.8 Y99.6
G0 X88.8 Y98.918
;MESH:NONMESH
G0 F600 X88.8 Y98.918 Z15.5
G0 F7200 X40.956 Y90.9
G0 X40.956 Y90.76
;TIME_ELAPSED:2284.895264
;LAYER:152
;TYPE:FILL
;MESH:test.stl
G1 F3600 X40.76 Y90.955 E524.32153
G0 F7200 X40.961 Y90.76
G1 F3600 X49.441 Y99.24 E524.39673
G1 X49.446 Y99.24
G1 X57.926 Y90.76 E524.47193
G1 X57.932 Y90.76
G1 X66.411 Y99.24 E524.54712
G1 X66.416 Y99.24
G1 X74.897 Y90.76 E524.62232
G1 X74.902 Y90.76
G1 X83.382 Y99.24 E524.69751
G1 X83.387 Y99.24
G1 X89.24 Y93.388 E524.74941
G0 F7200 X89.24 Y93.784
G1 F3600 X86.216 Y90.76 E524.77622
G1 X86.21 Y90.76
G1 X77.73 Y99.24 E524.85142
G1 X77.725 Y99.24
G1 X69.246 Y90.76 E524.92661
G1 X69.24 Y90.76
G1 X60.76 Y99.24 E525.0018
G1 X60.755 Y99.24
G1 X52.275 Y90.76 E525.077
G1 X52.269 Y90.76
G1 X43.789 Y99.24 E525.1522
G1 X43.784 Y99.24
G1 X40.76 Y96.215 E525.17901
G0 F7200 X40.76 Y96.612
G1 F3600 X46.612 Y90.76 E525.23091
G1 X46.618 Y90.76
G1 X55.098 Y99.24 E525.3061
G1 X55.103 Y99.24
G1 X63.583 Y90.76 E525.3813
G1 X63.589 Y90.76
G1 X72.068 Y99.24 E525.45649
G1 X72.073 Y99.24
G1 X80.554 Y90.76 E525.53169
G1 X80.559 Y90.76
G1 X89.039 Y99.24 E525.60688
G1 X89.044 Y99.24
G1 X89.24 Y99.044 E525.60862
G0 F7200 X89.1 Y99.044
G0 X89.1 Y96.612
G0 X89.24 Y96.612
G1 F3600 X83.388 Y90.76 E525.66051
G1 X83.382 Y90.76
G1 X74.902 Y99.24 E525.73571
G1 X74.897 Y99.24
G1 X66.417 Y90.76 E525.8109
G1 X66.411 Y90.76
G1 X57.931 Y99.24 E525.8861
G1 X57.926 Y99.24
G1 X49.447 Y90.76 E525.96129
G1 X49.441 Y90.76
G1 X40.961 Y99.24 E526.03649
G1 X40.956 Y99.24
G1 X40.76 Y99.044 E526.03822
G0 F7200 X40.9 Y99.044
G0 X40.9 Y93.784
G0 X40.76 Y93.784
G1 F3600 X43.784 Y90.76 E526.06504
G1 X43.79 Y90.76
G1 X52.269 Y99.24 E526.14023
G1 X52.274 Y99.24
G1 X60.755 Y90.76 E526.21543
G1 X60.76 Y90.76
G1 X69.24 Y99.24 E526.29063
G1 X69.245 Y99.24
G1 X77.725 Y90.76 E526.36582
G1 X77.731 Y90.76
G1 X86.21 Y99.24 E526.44101
G1 X86.215 Y99.24
G1 X89.24 Y96.216 E526.46783
G1 X89.268 Y96.188
G0 F7200 X89.1 Y96.188
G0 X89.1 Y90.955
G0 X89.24 Y90.955
G1 F3600 X89.045 Y90.76 E526.46956
G1 X89.039 Y90.76
G1 X80.559 Y99.24 E526.54476
G1 X80.554 Y99.24
G1 X72.074 Y90.76 E526.61995
G1 X72.068 Y90.76
G1 X63.588 Y99.24 E526.69515
G1 X63.583 Y99.24
G1 X55.103 Y90.76 E526.77034
G1 X55.098 Y90.76
G1 X46.617 Y99.24 E526.84554
G1 X46.612 Y99.24
G1 X40.76 Y93.387 E526.89744
G1 X40.732 Y93.359
G0 F7200 X40.9 Y93.359
G0 X89.13 Y99.13
G0 X89.4 Y99.4
;TYPE:WALL-INNER
G1 F3600 X89.4 Y90.6 E526.95262
G1 X40.6 Y90.6 E527.2586
G1 X40.6 Y99.4 E527.31378
G1 X89.4 Y99.4 E527.61976
G0 F7200 X89.8 Y99.8
;TYPE:WALL-OUTER
G1 F1800 X89.8 Y90.2 E527.67996
G1 X40.2 Y90.2 E527.99096
G1 X40.2 Y99.8 E528.05115
G1 X89.8 Y99.8 E528.36215
G0 F7200 X89.8 Y99.6
G0 X88.8 Y98.918
;MESH:NONMESH
G0 F600 X88.8 Y98.918 Z15.6
G0 F7200 X40.956 Y90.9
G0 X40.956 Y90.76
;TIME_ELAPSED:2299.133517
;LAYER:153
;TYPE:FILL
;MESH:test.stl
G1 F3600 X40.76 Y90.955 E528.36389
G0 F7200 X40.961 Y90.76
G1 F3600 X49.441 Y99.24 E528.43908
G1 X49.446 Y99.24
G1 X57.926 Y90.76 E528.51428
G1 X57.932 Y90.76
G1 X66.411 Y99.24 E528.58947
G1 X66.416 Y99.24
G1 X74.897 Y90.76 E528.66467
G1 X74.902 Y90.76
G1 X83.382 Y99.24 E528.73986
G1 X83.387 Y99.24
G1 X89.24 Y93.388 E528.79176
G0 F7200 X89.24 Y93.784
G1 F3600 X86.216 Y90.76 E528.81857
G1 X86.21 Y90.76
G1 X77.73 Y99.24 E528.89377
G1 X77.725 Y99.24
G1 X69.246 Y90.76 E528.96896
G1 X69.24 Y90.76
G1 X60.76 Y99.24 E529.04416
G1 X60.755 Y99.24
G1 X52.275 Y90.76 E529.11935
G1 X52.269 Y90.76
G1 X43.789 Y99.24 E529.19455
G1 X43.784 Y99.24
G1 X40.76 Y96.215 E529.22137
G0 F7200 X40.76 Y96.612
G1 F3600 X46.612 Y90.76 E529.27326
G1 X46.618 Y90.76
G1 X55.098 Y99.24 E529.34845
G1 X55.103 Y99.24
G1 X63.583 Y90.76 E529.42365
G1 X63.589 Y90.76
G1 X72.068 Y99.24 E529.49884
G1 X72.073 Y99.24
G1 X80.554 Y90.76 E529.57404
G1 X80.559 Y90.76
G1 X89.039 Y99.24 E529.64924
G1 X89.044 Y99.24
G1 X89.24 Y99.044 E529.65097
G0 F7200 X89.1 Y99.044
G0 X89.1 Y96.612
G0 X89.24 Y96.612
G1 F3600 X83.388 Y90.76 E529.70287
G1 X83.382 Y90.76
G1 X74.902 Y99.24 E529.77806
G1 X74.897 Y99.24
G1 X66.417 Y90.76 E529.85326
G1 X66.411 Y90.76
G1 X57.931 Y99.24 E529.92845
G1 X57.926 Y99.24
G1 X49.447 Y90.76 E530.00364
G1 X49.441 Y90.76
G1 X40.961 Y99.24 E530.07884
G1 X40.956 Y99.24
G1 X40.76 Y99.044 E530.08058
G0 F7200 X40.9 Y99.044
G0 X40.9 Y93.784
G0 X40.76 Y93.784
G1 F3600 X43.784 Y90.76 E530.10739
G1 X43.79 Y90.76
G1 X52.269 Y99.24 E530.18258
G1 X52.274 Y99.24
G1 X60.755 Y90.76 E530.25778
G1 X60.76 Y90.76
G1 X69.24 Y99.24 E530.33298
G1 X69.245 Y99.24
G1 X77.725 Y90.76 E530.40817
G1 X77.731 Y90.76
G1 X86.21 Y99.24 E530.48336
G1 X86.215 Y99.24
G1 X89.24 Y96.216 E530.51018
G1 X89.268 Y96.188
G0 F7200 X89.1 Y96.188
G0 X89.1 Y90.955
G0 X89.24 Y90.955
G1 F3600 X89.045 Y90.76 E530.51191
G1 X89.039 Y90.76
G1 X80.559 Y99.24 E530.58711
G1 X80.554 Y99.24
G1 X72.074 Y90.76 E530.6623
G1 X72.068 Y90.76
G1 X63.588 Y99.24 E530.7375
G1 X63.583 Y99.24
G1 X55.103 Y90.76 E530.81269
G1 X55.098 Y90.76
G1 X46.617 Y99.24 E530.88789
G1 X46.612 Y99.24
G1 X40.76 Y93.387 E530.93979
G1 X40.732 Y93.359
G0 F7200 X40.9 Y93.359
G0 X89.13 Y99.13
G0 X89.4 Y99.4
;TYPE:WALL-INNER
G1 F3600 X89.4 Y90.6 E530.99497
G1 X40.6 Y90.6 E531.30095
G1 X40.6 Y99.4 E531.35613
G1 X89.4 Y99.4 E531.66212
G0 F7200 X89.8 Y99.8
;TYPE:WALL-OUTER
G1 F1800 X89.8 Y90.2 E531.72231
G1 X40.2 Y90.2 E532.03331
G1 X40.2 Y99.8 E532.0935
G1 X89.8 Y99.8 E532.40451
G0 F7200 X89.8 Y99.6
G0 X88.8 Y98.918
;MESH:NONMESH
G0 F600 X88.8 Y98.918 Z15.7
G0 F7200 X40.956 Y90.9
G0 X40.956 Y90.76
;TIME_ELAPSED:2313.371771
;LAYER:154
;TYPE:FILL
;MESH:test.stl
G1 F3600 X40.76 Y90.955 E532.40624
G0 F7200 X40.961 Y90.76
G1 F3600 X49.441 Y99.24 E532.48143
G1 X49.446 Y99.24
G1 X57.926 Y90.76 E532.55663
G1 X57.932 Y90.76
G1 X66.411 Y99.24 E532.63182
G1 X66.416 Y99.24
G1 X74.897 Y90.76 E532.70702
G1 X74.902 Y90.76
G1 X83.382 Y99.24 E532.78222
G1 X83.387 Y99.24
G1 X89.24 Y93.388 E532.83411
G0 F7200 X89.24 Y93.784
G1 F3600 X86.216 Y90.76 E532.86093
G1 X86.21 Y90.76
G1 X77.73 Y99.24 E532.93612
G1 X77.725 Y99.24
G1 X69.246 Y90.76 E533.01131
G1 X69.24 Y90.76
G1 X60.76 Y99.24 E533.08651
G1 X60.755 Y99.24
G1 X52.275 Y90.76 E533.1617
G1 X52.269 Y90.76
G1 X43.789 Y99.24 E533.2369
G1 X43.784 Y99.24
G1 X40.76 Y96.215 E533.26372
G0 F7200 X40.76 Y96.612
G1 F3600 X46.612 Y90.76 E533.31561
G1 X46.618 Y90.76
G1 X55.098 Y99.24 E533.39081
G1 X55.103 Y99.24
G1 X63.583 Y90.76 E533.466
G1 X63.589 Y90.76
G1 X72.068 Y99.24 E533.54119
G1 X72.073 Y99.24
G1 X80.554 Y90.76 E533.61639
G1 X80.559 Y90.76
G1 X89.039 Y99.24 E533.69159
G1 X89.044 Y99.24
G1 X89.24 Y99.044 E533.69333
G0 F7200 X89.1 Y99.044
G0 X89.1 Y96.612
G0 X89.24 Y96.612
G1 F3600 X83.388 Y90.76 E533.74522
G1 X83.382 Y90.76
G1 X74.902 Y99.24 E533.82041
G1 X74.897 Y99.24
G1 X66.417 Y90.76 E533.89561
G1 X66.411 Y90.76
G1 X57.931 Y99.24 E533.9708
G1 X57.926 Y99.24
G1 X49.447 Y90.76 E534.046
G1 X49.441 Y90.76
G1 X40.961 Y99.24 E534.12119
G1 X40.956 Y99.24
G1 X40.76 Y99.044 E534.12293
G0 F7200 X40.9 Y99.044
G0 X40.9 Y93.784
G0 X40.76 Y93.784
G1 F3600 X43.784 Y90.76 E534.14974
G1 X43.79 Y90.76
G1 X52.269 Y99.24 E534.22493
G1 X52.274 Y99.24
G1 X60.755 Y90.76 E534.30013
G1 X60.76 Y90.76
G1 X69.24 Y99.24 E534.37533
G1 X69.245 Y99.24
G1 X77.725 Y90.76 E534.45053
G1 X77.731 Y90.76
G1 X86.21 Y99.24 E534.52572
G1 X86.215 Y99.24
G1 X89.24 Y96.216 E534.55254
G1 X89.268 Y96.188
G0 F7200 X89.1 Y96.188
G0 X89.1 Y90.955
G0 X89.24 Y90.955
G1 F3600 X89.045 Y90.76 E534.55426
G1 X89.039 Y90.76
G1 X80.559 Y99.24 E534.62946
G1 X80.554 Y99.24
G1 X72.074 Y90.76 E534.70466
G1 X72.068 Y90.76
G1 X63.588 Y99.24 E534.77985
G1 X63.583 Y99.24
G1 X55.103 Y90.76 E534.85505
G1 X55.098 Y90.76
G1 X46.617 Y99.24 E534.93025
G1 X46.612 Y99.24
G1 X40.76 Y93.387 E534.98214
G1 X40.732 Y93.359
G0 F7200 X40.9 Y93.359
G0 X89.13 Y99.13
G0 X89.4 Y99.4
;TYPE:WALL-INNER
G1 F3600 X89.4 Y90.6 E535.03732
G1 X40.6 Y90.6 E535.3433
G1 X40.6 Y99.4 E535.39848
G1 X89.4 Y99.4 E535.70447
G0 F7200 X89.8 Y99.8
;TYPE:WALL-OUTER
G1 F1800 X89.8 Y90.2 E535.76466
G1 X40.2 Y90.2 E536.07566
G1 X40.2 Y99.8 E536.13586
G1 X89.8 Y99.8 E536.44686
G0 F7200 X89.8 Y99.6
G0 X88.8 Y98.918
;MESH:NONMESH
G0 F600 X88.8 Y98.918 Z15.8
G0 F7200 X40.956 Y90.9
G0 X40.956 Y90.76
;TIME_ELAPSED:2327.610025
;LAYER:155
;TYPE:FILL
;MESH:test.stl
G1 F3600 X40.76 Y90.955 E536.44859
G0 F7200 X40.961 Y90.76
G1 F3600 X49.441 Y99.24 E536.52379
G1 X49.446 Y99.24
G1 X57.926 Y90.76 E536.59898
G1 X57.932 Y90.76
G1 X66.411 Y99.24 E536.67417
G1 X66.416 Y99.24
G1 X74.897 Y90.76 E536.74937
G1 X74.902 Y90.76
G1 X83.382 Y99.24 E536.82457
G1 X83.387 Y99.24
G1 X89.24 Y93.388 E536.87646
G0 F7200 X89.24 Y93.784
G1 F3600 X86.216 Y90.76 E536.90328
G1 X86.21 Y90.76
G1 X77.73 Y99.24 E536.97847
G1 X77.725 Y99.24
G1 X69.246 Y90.76 E537.05367
G1 X69.24 Y90.76
G1 X60.76 Y99.24 E537.12886
G1 X60.755 Y99.24
G1 X52.275 Y90.76 E537.20406
G1 X52.269 Y90.76
G1 X43.789 Y99.24 E537.27925
G1 X43.784 Y99.24
G1 X40.76 Y96.215 E537.30607
G0 F7200 X40.76 Y96.612
G1 F3600 X46.612 Y90.76 E537.35796
G1 X46.618 Y90.76
G1 X55.098 Y99.24 E537.43316
G1 X55.103 Y99.24
G1 X63.583 Y90.76 E537.50835
G1 X63.589 Y90.76
G1 X72.068 Y99.24 E537.58355
G1 X72.073 Y99.24
G1 X80.554 Y90.76 E537.65874
G1 X80.559 Y90.76
G1 X89.039 Y99.24 E537.73394
G1 X89.044 Y99.24
G1 X89.24 Y99.044 E537.73568
G0 F7200 X89.1 Y99.044
G0 X89.1 Y96.612
G0 X89.24 Y96.612
G1 F3600 X83.388 Y90.76 E537.78757
G1 X83.382 Y90.76
G1 X74.902 Y99.24 E537.86277
G1 X74.897 Y99.24
G1 X66.417 Y90.76 E537.93796
G1 X66.411 Y90.76
G1 X57.931 Y99.24 E538.01316
G1 X57.926 Y99.24
G1 X49.447 Y90.76 E538.08835
G1 X49.441 Y90.76
G1 X40.961 Y99.24 E538.16354
G1 X40.956 Y99.24
G1 X40.76 Y99.044 E538.16528
G0 F7200 X40.9 Y99.044
G0 X40.9 Y93.784
G0 X40.76 Y93.784
G1 F3600 X43.784 Y90.76 E538.1921
G1 X43.79 Y90.76
G1 X52.269 Y99.24 E538.26729
G1 X52.274 Y99.24
G1 X60.755 Y90.76 E538.34249
G1 X60.76 Y90.76
G1 X69.24 Y99.24 E538.41768
G1 X69.245 Y99.24
G1 X77.725 Y90.76 E538.49288
G1 X77.731 Y90.76
G1 X86.21 Y99.24 E538.56807
G1 X86.215 Y99.24
G1 X89.24 Y96.216 E538.59489
G1 X89.268 Y96.188
G0 F7200 X89.1 Y96.188
G0 X89.1 Y90.955
G0 X89.24 Y90.955
G1 F3600 X89.045 Y90.76 E538.59662
G1 X89.039 Y90.76
G1 X80.559 Y99.24 E538.67181
G1 X80.554 Y99.24
G1 X72.074 Y90.76 E538.74701
G1 X72.068 Y90.76
G1 X63.588 Y99.24 E538.8222
G1 X63.583 Y99.24
G1 X55.103 Y90.76 E538.8974
G1 X55.098 Y90.76
G1 X46.617 Y99.24 E538.9726
G1 X46.612 Y99.24
G1 X40.76 Y93.387 E539.02449
G1 X40.732 Y93.359
G0 F7200 X40.9 Y93.359
G0 X89.13 Y99.13
G0 X89.4 Y99.4
;TYPE:WALL-INNER
G1 F3600 X89.4 Y90.6 E539.07967
G1 X40.6 Y90.6 E539.38566
G1 X40.6 Y99.4 E539.44083
G1 X89.4 Y99.4 E539.74682
G0 F7200 X89.8 Y99.8
;TYPE:WALL-OUTER
G1 F1800 X89.8 Y90.2 E539.80701
G1 X40.2 Y90.2 E540.11801
G1 X40.2 Y99.8 E540.17821
G1 X89.8 Y99.8 E540.48921
G0 F7200 X89.8 Y99.6
G0 X88.8 Y98.918
;MESH:NONMESH
G0 F600 X88.8 Y98.918 Z15.9
G0 F7200 X40.956 Y90.9
G0 X40.956 Y90.76
;TIME_ELAPSED:2341.848279
;LAYER:156
;TYPE:FILL
;MESH:test.stl
G1 F3600 X40.76 Y90.955 E540.49094
G0 F7200 X40.961 Y90.76
G1 F3600 X49.441 Y99.24 E540.56614
G1 X49.446 Y99.24
G1 X57.926 Y90.76 E540.64133
G1 X57.932 Y90.76
G1 X66.411 Y99.24 E540.71653
G1 X66.416 Y99.24
G1 X74.897 Y90.76 E540.79173
G1 X74.902 Y90.76
G1 X83.382 Y99.24 E540.86692
G1 X83.387 Y99.24
G1 X89.24 Y93.388 E540.91882
G0 F7200 X89.24 Y93.784
G1 F3600 X86.216 Y90.76 E540.94563
G1 X86.21 Y90.76
G1 X77.73 Y99.24 E541.02083
G1 X77.725 Y99.24
G1 X69.246 Y90.76 E541.09602
G1 X69.24 Y90.76
G1 X60.76 Y99.24 E541.17121
G1 X60.755 Y99.24
G1 X52.275 Y90.76 E541.24641
G1 X52.269 Y90.76
G1 X43.789 Y99.24 E541.3216
G1 X43.784 Y99.24
G1 X40.76 Y96.215 E541.34842
G0 F7200 X40.76 Y96.612
G1 F3600 X46.612 Y90.76 E541.40032
G1 X46.618 Y90.76
G1 X55.098 Y99.24 E541.47551
G1 X55.103 Y99.24
G1 X63.583 Y90.76 E541.55071
G1 X63.589 Y90.76
G1 X72.068 Y99.24 E541.6259
G1 X72.073 Y99.24
G1 X80.554 Y90.76 E541.7011
G1 X80.559 Y90.76
G1 X89.039 Y99.24 E541.77629
G1 X89.044 Y99.24
G1 X89.24 Y99.044 E541.77803
G0 F7200 X89.1 Y99.044
G0 X89.1 Y96.612
G0 X89.24 Y96.612
G1 F3600 X83.388 Y90.76 E541.82992
G1 X83.382 Y90.76
G1 X74.902 Y99.24 E541.90512
G1 X74.897 Y99.24
G1 X66.417 Y90.76 E541.98031
G1 X66.411 Y90.76
G1 X57.931 Y99.24 E542.05551
G1 X57.926 Y99.24
G1 X49.447 Y90.76 E542.1307
G1 X49.441 Y90.76
G1 X40.961 Y99.24 E542.2059
G1 X40.956 Y99.24
G1 X40.76 Y99.044 E542.20763
G0 F7200 X40.9 Y99.044
G0 X40.9 Y93.784
G0 X40.76 Y93.784
G1 F3600 X43.784 Y90.76 E542.23445
G1 X43.79 Y90.76
G1 X52.269 Y99.24 E542.30964
G1 X52.274 Y99.24
G1 X60.755 Y90.76 E542.38484
G1 X60.76 Y90.76
G1 X69.24 Y99.24 E542.46003
G1 X69.245 Y99.24
G1 X77.725 Y90.76 E542.53523
G1 X77.731 Y90.76
G1 X86.21 Y99.24 E542.61042
G1 X86.215 Y99.24
G1 X89.24 Y96.216 E542.63724
G1 X89.268 Y96.188
G0 F7200 X89.1 Y96.188
G0 X89.1 Y90.955
G0 X89.24 Y90.955
G1 F3600 X89.045 Y90.76 E542.63897
G1 X89.039 Y90.76
G1 X80.559 Y99.24 E542.71416
G1 X80.554 Y99.24
G1 X72.074 Y90.76 E542.78936
G1 X72.068 Y90.76
G1 X63.588 Y99.24 E542.86456
G1 X63.583 Y99.24
G1 X55.103 Y90.76 E542.93975
G1 X55.098 Y90.76
G1 X46.617 Y99.24 E543.01495
G1 X46.612 Y99.24
G1 X40.76 Y93.387 E543.06685
G1 X40.732 Y93.359
G0 F7200 X40.9 Y93.359
G0 X89.13 Y99.13
G0 X89.4 Y99.4
;TYPE:WALL-INNER
G1 F3600 X89.4 Y90.6 E543.12202
G1 X40.6 Y90.6 E543.42801
G1 X40.6 Y99.4 E543.48319
G1 X89.4 Y99.4 E543.78917
G0 F7200 X89.8 Y99.8
;TYPE:WALL-OUTER
G1 F1800 X89.8 Y90.2 E543.84937
G1 X40.2 Y90.2 E544.16037
G1 X40.2 Y99.8 E544.22056
G1 X89.8 Y99.8 E544.53156
G0 F7200 X89.8 Y99.6
G0 X88.8 Y98.918
;MESH:NONMESH
G0 F600 X88.8 Y98.918 Z16
G0 F7200 X40.956 Y90.9
G0 X40.956 Y90.76
;TIME_ELAPSED:2356.086532
;LAYER:157
;TYPE:FILL
;MESH:test.stl
G1 F3600 X40.76 Y90.955 E544.5333
G0 F7200 X40.961 Y90.76
G1 F3600 X49.441 Y99.24 E544.60849
G1 X49.446 Y99.24
G1 X57.926 Y90.76 E544.68369
G1 X57.932 Y90.76
G1 X66.411 Y99.24 E544.75888
G1 X66.416 Y99.24
G1 X74.897 Y90.76 E544.83408
G1 X74.902 Y90.76
G1 X83.382 Y99.24 E544.90927
G1 X83.387 Y99.24
G1 X89.24 Y93.388 E544.96117
G0 F7200 X89.24 Y93.784
G1 F3600 X86.216 Y90.76 E544.98798
G1 X86.21 Y90.76
G1 X77.73 Y99.24 E545.06318
G1 X77.725 Y99.24
G1 X69.246 Y90.76 E545.13837
G1 X69.24 Y90.76
G1 X60.76 Y99.24 E545.21357
G1 X60.755 Y99.24
G1 X52.275 Y90.76 E545.28876
G1 X52.269 Y90.76
G1 X43.789 Y99.24 E545.36396
G1 X43.784 Y99.24
G1 X40.76 Y96.215 E545.39078
G0 F7200 X40.76 Y96.612
G1 F3600 X46.612 Y90.76 E545.44267
G1 X46.618 Y90.76
G1 X55.098 Y99.24 E545.51786
G1 X55.103 Y99.24
G1 X63.583 Y90.76 E545.59306
G1 X63.589 Y90.76
G1 X72.068 Y99.24 E545.66825
G1 X72.073 Y99.24
G1 X80.554 Y90.76 E545.74345
G1 X80.559 Y90.76
G1 X89.039 Y99.24 E545.81864
G1 X89.044 Y99.24
G1 X89.24 Y99.044 E545.82038
G0 F7200 X89.1 Y99.044
G0 X89.1 Y96.612
G0 X89.24 Y96.612
G1 F3600 X83.388 Y90.76 E545.87227
G1 X83.382 Y90.76
G1 X74.902 Y99.24 E545.94747
G1 X74.897 Y99.24
G1 X66.417 Y90.76 E546.02267
G1 X66.411 Y90.76
G1 X57.931 Y99.24 E546.09786
G1 X57.926 Y99.24
G1 X49.447 Y90.76 E546.17305
G1 X49.441 Y90.76
G1 X40.961 Y99.24 E546.24825
G1 X40.956 Y99.24
G1 X40.76 Y99.044 E546.24999
G0 F7200 X40.9 Y99.044
G0 X40.9 Y93.784
G0 X40.76 Y93.784
G1 F3600 X43.784 Y90.76 E546.2768
G1 X43.79 Y90.76
G1 X52.269 Y99.24 E546.35199
G1 X52.274 Y99.24
G1 X60.755 Y90.76 E546.42719
G1 X60.76 Y90.76
G1 X69.24 Y99.24 E546.50239
G1 X69.245 Y99.24
G1 X77.725 Y90.76 E546.57758
G1 X77.731 Y90.76
G1 X86.21 Y99.24 E546.65277
G1 X86.215 Y99.24
G1 X89.24 Y96.216 E546.67959
G1 X89.268 Y96.188
G0 F7200 X89.1 Y96.188
G0 X89.1 Y90.955
G0 X89.24 Y90.955
G1 F3600 X89.045 Y90.76 E546.68132
G1 X89.039 Y90.76
G1 X80.559 Y99.24 E546.75652
G1 X80.554 Y99.24
G1 X72.074 Y90.76 E546.83171
G1 X72.068 Y90.76
G1 X63.588 Y99.24 E546.90691
G1 X63.583 Y99.24
G1 X55.103 Y90.76 E546.9821
G1 X55.098 Y90.76
G1 X46.617 Y99.24 E547.0573
G1 X46.612 Y99.24
G1 X40.76 Y93.387 E547.1092
G1 X40.732 Y93.359
G0 F7200 X40.9 Y93.359
G0 X89.13 Y99.13
G0 X89.4 Y99.4
;TYPE:WALL-INNER
G1 F3600 X89.4 Y90.6 E547.16438
G1 X40.6 Y90.6 E547.47036
G1 X40.6 Y99.4 E547.52554
G1 X89.4 Y99.4 E547.83152
G0 F7200 X89.8 Y99.8
;TYPE:WALL-OUTER
G1 F1800 X89.8 Y90.2 E547.89172
G1 X40.2 Y90.2 E548.20272
G1 X40.2 Y99.8 E548.26291
G1 X89.8 Y99.8 E548.57391
G0 F7200 X89.8 Y99.6
G0 X88.8 Y98.918
;MESH:NONMESH
G0 F600 X88.8 Y98.918 Z16.1
G0 F7200 X40.956 Y90.9
G0 X40.956 Y90.76
;TIME_ELAPSED:2370.324786
;LAYER:158
;TYPE:FILL
;MESH:test.stl
G1 F3600 X40.76 Y90.955 E548.57565
G0 F7200 X40.961 Y90.76
G1 F3600 X49.441 Y99.24 E548.65084
G1 X49.446 Y99.24
G1 X57.926 Y90.76 E548.72604
G1 X57.932 Y90.76
G1 X66.411 Y99.24 E548.80123
G1 X66.416 Y99.24
G1 X74.897 Y90.76 E548.87643
G1 X74.902 Y90.76
G1 X83.382 Y99.24 E548.95162
G1 X83.387 Y99.24
G1 X89.24 Y93.388 E549.00352
G0 F7200 X89.24 Y93.784
G1 F3600 X86.216 Y90.76 E549.03034
G1 X86.21 Y90.76
G1 X77.73 Y99.24 E549.10553
G1 X77.725 Y99.24
G1 X69.246 Y90.76 E549.18072
G1 X69.24 Y90.76
G1 X60.76 Y99.24 E549.25592
G1 X60.755 Y99.24
G1 X52.275 Y90.76 E549.33111
G1 X52.269 Y90.76
G1 X43.789 Y99.24 E549.40631
G1 X43.784 Y99.24
G1 X40.76 Y96.215 E549.43313
G0 F7200 X40.76 Y96.612
G1 F3600 X46.612 Y90.76 E549.48502
G1 X46.618 Y90.76
G1 X55.098 Y99.24 E549.56022
G1 X55.103 Y99.24
G1 X63.583 Y90.76 E549.63541
G1 X63.589 Y90.76
G1 X72.068 Y99.24 E549.7106
G1 X72.073 Y99.24
G1 X80.554 Y90.76 E549.7858
G1 X80.559 Y90.76
G1 X89.039 Y99.24 E549.861
G1 X89.044 Y99.24
G1 X89.24 Y99.044 E549.86274
G0 F7200 X89.1 Y99.044
G0 X89.1 Y96.612
G0 X89.24 Y96.612
G1 F3600 X83.388 Y90.76 E549.91463
G1 X83.382 Y90.76
G1 X74.902 Y99.24 E549.98982
G1 X74.897 Y99.24
G1 X66.417 Y90.76 E550.06502
G1 X66.411 Y90.76
G1 X57.931 Y99.24 E550.14021
G1 X57.926 Y99.24
G1 X49.447 Y90.76 E550.2154
G1 X49.441 Y90.76
G1 X40.961 Y99.24 E550.2906
G1 X40.956 Y99.24
G1 X40.76 Y99.044 E550.29234
G0 F7200 X40.9 Y99.044
G0 X40.9 Y93.784
G0 X40.76 Y93.784
G1 F3600 X43.784 Y90.76 E550.31915
G1 X43.79 Y90.76
G1 X52.269 Y99.24 E550.39434
G1 X52.274 Y99.24
G1 X60.755 Y90.76 E550.46954
G1 X60.76 Y90.76
G1 X69.24 Y99.24 E550.54474
G1 X69.245 Y99.24
G1 X77.725 Y90.76 E550.61993
G1 X77.731 Y90.76
G1 X86.21 Y99.24 E550.69513
G1 X86.215 Y99.24
G1 X89.24 Y96.216 E550.72194
G1 X89.268 Y96.188
G0 F7200 X89.1 Y96.188
G0 X89.1 Y90.955
G0 X89.24 Y90.955
G1 F3600 X89.045 Y90.76 E550.72367
G1 X89.039 Y90.76
G1 X80.559 Y99.24 E550.79887
G1 X80.554 Y99.24
G1 X72.074 Y90.76 E550.87406
G1 X72.068 Y90.76
G1 X63.588 Y99.24 E550.94926
G1 X63.583 Y99.24
G1 X55.103 Y90.76 E551.02446
G1 X55.098 Y90.76
G1 X46.617 Y99.24 E551.09966
G1 X46.612 Y99.24
G1 X40.76 Y93.387 E551.15155
G1 X40.732 Y93.359
G0 F7200 X40.9 Y93.359
G0 X89.13 Y99.13
G0 X89.4 Y99.4
;TYPE:WALL-INNER
G1 F3600 X89.4 Y90.6 E551.20673
G1 X40.6 Y90.6 E551.51271
G1 X40.6 Y99.4 E551.56789
G1 X89.4 Y99.4 E551.87388
G0 F7200 X89.8 Y99.8
;TYPE:WALL-OUTER
G1 F1800 X89.8 Y90.2 E551.93407
G1 X40.2 Y90.2 E552.24507
G1 X40.2 Y99.8 E552.30527
G1 X89.8 Y99.8 E552.61627
G0 F7200 X89.8 Y99.6
G0 X88.8 Y98.918
;MESH:NONMESH
G0 F600 X88.8 Y98.918 Z16.2
G0 F7200 X40.956 Y90.9
G0 X40.956 Y90.76
;TIME_ELAPSED:2384.563040
;LAYER:159
;TYPE:FILL
;MESH:test.stl
G1 F3600 X40.76 Y90.955 E552.618
G0 F7200 X40.961 Y90.76
G1 F3600 X49.441 Y99.24 E552.6932
G1 X49.446 Y99.24
G1 X57.926 Y90.76 E552.76839
G1 X57.932 Y90.76
G1 X66.411 Y99.24 E552.84358
G1 X66.416 Y99.24
G1 X74.897 Y90.76 E552.91878
G1 X74.902 Y90.76
G1 X83.382 Y99.24 E552.99398
G1 X83.387 Y99.24
G1 X89.24 Y93.388 E553.04587
G0 F7200 X89.24 Y93.784
G1 F3600 X86.216 Y90.76 E553.07269
G1 X86.21 Y90.76
G1 X77.73 Y99.24 E553.14788
G1 X77.725 Y99.24
G1 X69.246 Y90.76 E553.22307
G1 X69.24 Y90.76
G1 X60.76 Y99.24 E553.29827
G1 X60.755 Y99.24
G1 X52.275 Y90.76 E553.37347
G1 X52.269 Y90.76
G1 X43.789 Y99.24 E553.44866
G1 X43.784 Y99.24
G1 X40.76 Y96.215 E553.47548
G0 F7200 X40.76 Y96.612
G1 F3600 X46.612 Y90.76 E553.52737
G1 X46.618 Y90.76
G1 X55.098 Y99.24 E553.60257
G1 X55.103 Y99.24
G1 X63.583 Y90.76 E553.67776
G1 X63.589 Y90.76
G1 X72.068 Y99.24 E553.75295
G1 X72.073 Y99.24
G1 X80.554 Y90.76 E553.82815
G1 X80.559 Y90.76
G1 X89.039 Y99.24 E553.90335
G1 X89.044 Y99.24
G1 X89.24 Y99.044 E553.90509
G0 F7200 X89.1 Y99.044
G0 X89.1 Y96.612
G0 X89.24 Y96.612
G1 F3600 X83.388 Y90.76 E553.95698
G1 X83.382 Y90.76
G1 X74.902 Y99.24 E554.03217
G1 X74.897 Y99.24
G1 X66.417 Y90.76 E554.10737
G1 X66.411 Y90.76
G1 X57.931 Y99.24 E554.18257
G1 X57.926 Y99.24
G1 X49.447 Y90.76 E554.25776
G1 X49.441 Y90.76
G1 X40.961 Y99.24 E554.33295
G1 X40.956 Y99.24
G1 X40.76 Y99.044 E554.33469
G0 F7200 X40.9 Y99.044
G0 X40.9 Y93.784
G0 X40.76 Y93.784
G1 F3600 X43.784 Y90.76 E554.3615
G1 X43.79 Y90.76
G1 X52.269 Y99.24 E554.4367
G1 X52.274 Y99.24
G1 X60.755 Y90.76 E554.5119
G1 X60.76 Y90.76
G1 X69.24 Y99.24 E554.58709
G1 X69.245 Y99.24
G1 X77.725 Y90.76 E554.66229
G1 X77.731 Y90.76
G1 X86.21 Y99.24 E554.73748
G1 X86.215 Y99.24
G1 X89.24 Y96.216 E554.7643
G1 X89.268 Y96.188
G0 F7200 X89.1 Y96.188
G0 X89.1 Y90.955
G0 X89.24 Y90.955
G1 F3600 X89.045 Y90.76 E554.76603
G1 X89.039 Y90.76
G1 X80.559 Y99.24 E554.84122
G1 X80.554 Y99.24
G1 X72.074 Y90.76 E554.91642
G1 X72.068 Y90.76
G1 X63.588 Y99.24 E554.99161
G1 X63.583 Y99.24
G1 X55.103 Y90.76 E555.06681
G1 X55.098 Y90.76
G1 X46.617 Y99.24 E555.14201
G1 X46.612 Y99.24
G1 X40.76 Y93.387 E555.1939
G1 X40.732 Y93.359
G0 F7200 X40.9 Y93.359
G0 X89.13 Y99.13
G0 X89.4 Y99.4
;TYPE:WALL-INNER
G1 F3600 X89.4 Y90.6 E555.24908
G1 X40.6 Y90.6 E555.55507
G1 X40.6 Y99.4 E555.61024
G1 X89.4 Y99.4 E555.91623
G0 F7200 X89.8 Y99.8
;TYPE:WALL-OUTER
G1 F1800 X89.8 Y90.2 E555.97642
G1 X40.2 Y90.2 E556.28742
G1 X40.2 Y99.8 E556.34762
G1 X89.8 Y99.8 E556.65862
G0 F7200 X89.8 Y99.6
G0 X88.8 Y98.918
;MESH:NONMESH
G0 F600 X88.8 Y98.918 Z16.3
G0 F7200 X40.956 Y90.9
G0 X40.956 Y90.76
;TIME_ELAPSED:2398.801294
;LAYER:160
;TYPE:FILL
;MESH:test.stl
G1 F3600 X40.76 Y90.955 E556.66035
G0 F7200 X40.961 Y90.76
G1 F3600 X49.441 Y99.24 E556.73555
G1 X49.446 Y99.24
G1 X57.926 Y90.76 E556.81074
G1 X57.932 Y90.76
G1 X66.411 Y99.24 E556.88593
G1 X66.416 Y99.24
G1 X74.897 Y90.76 E556.96113
G1 X74.902 Y90.76
G1 X83.382 Y99.24 E557.03633
G1 X83.387 Y99.24
G1 X89.24 Y93.388 E557.08823
G0 F7200 X89.24 Y93.784
G1 F3600 X86.216 Y90.76 E557.11504
G1 X86.21 Y90.76
G1 X77.73 Y99.24 E557.19024
G1 X77.725 Y99.24
G1 X69.246 Y90.76 E557.26543
G1 X69.24 Y90.76
G1 X60.76 Y99.24 E557.34062
G1 X60.755 Y99.24
G1 X52.275 Y90.76 E557.41582
G1 X52.269 Y90.76
G1 X43.789 Y99.24 E557.49101
G1 X43.784 Y99.24
G1 X40.76 Y96.215 E557.51783
G0 F7200 X40.76 Y96.612
G1 F3600 X46.612 Y90.76 E557.56972
G1 X46.618 Y90.76
G1 X55.098 Y99.24 E557.64492
G1 X55.103 Y99.24
G1 X63.583 Y90.76 E557.72012
G1 X63.589 Y90.76
G1 X72.068 Y99.24 E557.79531
G1 X72.073 Y99.24
G1 X80.554 Y90.76 E557.87051
G1 X80.559 Y90.76
G1 X89.039 Y99.24 E557.9457
G1 X89.044 Y99.24
G1 X89.24 Y99.044 E557.94744
G0 F7200 X89.1 Y99.044
G0 X89.1 Y96.612
G0 X89.24 Y96.612
G1 F3600 X83.388 Y90.76 E557.99933
G1 X83.382 Y90.76
G1 X74.902 Y99.24 E558.07453
G1 X74.897 Y99.24
G1 X66.417 Y90.76 E558.14972
G1 X66.411 Y90.76
G1 X57.931 Y99.24 E558.22492
G1 X57.926 Y99.24
G1 X49.447 Y90.76 E558.30011
G1 X49.441 Y90.76
G1 X40.961 Y99.24 E558.3753
G1 X40.956 Y99.24
G1 X40.76 Y99.044 E558.37704
G0 F7200 X40.9 Y99.044
G0 X40.9 Y93.784
G0 X40.76 Y93.784
G1 F3600 X43.784 Y90.76 E558.40386
G1 X43.79 Y90.76
G1 X52.269 Y99.24 E558.47905
G1 X52.274 Y99.24
G1 X60.755 Y90.76 E558.55425
G1 X60.76 Y90.76
G1 X69.24 Y99.24 E558.62944
G1 X69.245 Y99.24
G1 X77.725 Y90.76 E558.70464
G1 X77.731 Y90.76
G1 X86.21 Y99.24 E558.77983
G1 X86.215 Y99.24
G1 X89.24 Y96.216 E558.80665
G1 X89.268 Y96.188
G0 F7200 X89.1 Y96.188
G0 X89.1 Y90.955
G0 X89.24 Y90.955
G1 F3600 X89.045 Y90.76 E558.80838
G1 X89.039 Y90.76
G1 X80.559 Y99.24 E558.88357
G1 X80.554 Y99.24
G1 X72.074 Y90.76 E558.95877
G1 X72.068 Y90.76
G1 X63.588 Y99.24 E559.03396
G1 X63.583 Y99.24
G1 X55.103 Y90.76 E559.10916
G1 X55.098 Y90.76
G1 X46.617 Y99.24 E559.18436
G1 X46.612 Y99.24
G1 X40.76 Y93.387 E559.23626
G1 X40.732 Y93.359
G0 F7200 X40.9 Y93.359
G0 X89.13 Y99.13
G0 X89.4 Y99.4
;TYPE:WALL-INNER
G1 F3600 X89.4 Y90.6 E559.29143
G1 X40.6 Y90.6 E559.59742
G1 X40.6 Y99.4 E559.6526
G1 X89.4 Y99.4 E559.95858
G0 F7200 X89.8 Y99.8
;TYPE:WALL-OUTER
G1 F1800 X89.8 Y90.2 E560.01878
G1 X40.2 Y90.2 E560.32978
G1 X40.2 Y99.8 E560.38997
G1 X89.8 Y99.8 E560.70097
G0 F7200 X89.8 Y99.6
G0 X88.8 Y98.918
;MESH:NONMESH
G0 F600 X88.8 Y98.918 Z16.4
G0 F7200 X40.956 Y90.9
G0 X40.956 Y90.76
;TIME_ELAPSED:2413.039547
;LAYER:161
;TYPE:FILL
;MESH:test.stl
G1 F3600 X40.76 Y90.955 E560.7027
G0 F7200 X40.961 Y90.76
G1 F3600 X49.441 Y99.24 E560.7779
G1 X49.446 Y99.24
G1 X57.926 Y90.76 E560.8531
G1 X57.932 Y90.76
G1 X66.411 Y99.24 E560.92829
G1 X66.416 Y99.24
G1 X74.897 Y90.76 E561.00349
G1 X74.902 Y90.76
G1 X83.382 Y99.24 E561.07868
G1 X83.387 Y99.24
G1 X89.24 Y93.388 E561.13058
G0 F7200 X89.24 Y93.784
G1 F3600 X86.216 Y90.76 E561.15739
G1 X86.21 Y90.76
G1 X77.73 Y99.24 E561.23259
G1 X77.725 Y99.24
G1 X69.246 Y90.76 E561.30778
G1 X69.24 Y90.76
G1 X60.76 Y99.24 E561.38297
G1 X60.755 Y99.24
G1 X52.275 Y90.76 E561.45817
G1 X52.269 Y90.76
G1 X43.789 Y99.24 E561.53337
G1 X43.784 Y99.24
G1 X40.76 Y96.215 E561.56019
G0 F7200 X40.76 Y96.612
G1 F3600 X46.612 Y90.76 E561.61208
G1 X46.618 Y90.76
G1 X55.098 Y99.24 E561.68727
G1 X55.103 Y99.24
G1 X63.583 Y90.76 E561.76247
G1 X63.589 Y90.76
G1 X72.068 Y99.24 E561.83766
G1 X72.073 Y99.24
G1 X80.554 Y90.76 E561.91286
G1 X80.559 Y90.76
G1 X89.039 Y99.24 E561.98805
G1 X89.044 Y99.24
G1 X89.24 Y99.044 E561.98979
G0 F7200 X89.1 Y99.044
G0 X89.1 Y96.612
G0 X89.24 Y96.612
G1 F3600 X83.388 Y90.76 E562.04168
G1 X83.382 Y90.76
G1 X74.902 Y99.24 E562.11688
G1 X74.897 Y99.24
G1 X66.417 Y90.76 E562.19207
G1 X66.411 Y90.76
G1 X57.931 Y99.24 E562.26727
G1 X57.926 Y99.24
G1 X49.447 Y90.76 E562.34246
G1 X49.441 Y90.76
G1 X40.961 Y99.24 E562.41766
G1 X40.956 Y99.24
G1 X40.76 Y99.044 E562.41939
G0 F7200 X40.9 Y99.044
G0 X40.9 Y93.784
G0 X40.76 Y93.784
G1 F3600 X43.784 Y90.76 E562.44621
G1 X43.79 Y90.76
G1 X52.269 Y99.24 E562.5214
G1 X52.274 Y99.24
G1 X60.755 Y90.76 E562.5966
G1 X60.76 Y90.76
G1 X69.24 Y99.24 E562.6718
G1 X69.245 Y99.24
G1 X77.725 Y90.76 E562.74699
G1 X77.731 Y90.76
G1 X86.21 Y99.24 E562.82218
G1 X86.215 Y99.24
G1 X89.24 Y96.216 E562.849
G1 X89.268 Y96.188
G0 F7200 X89.1 Y96.188
G0 X89.1 Y90.955
G0 X89.24 Y90.955
G1 F3600 X89.045 Y90.76 E562.85073
G1 X89.039 Y90.76
G1 X80.559 Y99.24 E562.92593
G1 X80.554 Y99.24
G1 X72.074 Y90.76 E563.00112
G1 X72.068 Y90.76
G1 X63.588 Y99.24 E563.07632
G1 X63.583 Y99.24
G1 X55.103 Y90.76 E563.15151
G1 X55.098 Y90.76
G1 X46.617 Y99.24 E563.22671
G1 X46.612 Y99.24
G1 X40.76 Y93.387 E563.27861
G1 X40.732 Y93.359
G0 F7200 X40.9 Y93.359
G0 X89.13 Y99.13
G0 X89.4 Y99.4
;TYPE:WALL-INNER
G1 F3600 X89.4 Y90.6 E563.33379
G1 X40.6 Y90.6 E563.63977
G1 X40.6 Y99.4 E563.69495
G1 X89.4 Y99.4 E564.00093
G0 F7200 X89.8 Y99.8
;TYPE:WALL-OUTER
G1 F1800 X89.8 Y90.2 E564.06113
G1 X40.2 Y90.2 E564.37213
G1 X40.2 Y99.8 E564.43232
G1 X89.8 Y99.8 E564.74332
G0 F7200 X89.8 Y99.6
G0 X88.8 Y98.918
;MESH:NONMESH
G0 F600 X88.8 Y98.918 Z16.5
G0 F7200 X40.956 Y90.9
G0 X40.956 Y90.76
;TIME_ELAPSED:2427.277801
;LAYER:162
;TYPE:FILL
;MESH:test.stl
G1 F3600 X40.76 Y90.955 E564.74506
G0 F7200 X40.961 Y90.76
G1 F3600 X49.441 Y99.24 E564.82025
G1 X49.446 Y99.24
G1 X57.926 Y90.76 E564.89545
G1 X57.932 Y90.76
G1 X66.411 Y99.24 E564.97064
G1 X66.416 Y99.24
G1 X74.897 Y90.76 E565.04584
G1 X74.902 Y90.76
G1 X83.382 Y99.24 E565.12103
G1 X83.387 Y99.24
G1 X89.24 Y93.388 E565.17293
G0 F7200 X89.24 Y93.784
G1 F3600 X86.216 Y90.76 E565.19975
G1 X86.21 Y90.76
G1 X77.73 Y99.24 E565.27494
G1 X77.725 Y99.24
G1 X69.246 Y90.76 E565.35013
G1 X69.24 Y90.76
G1 X60.76 Y99.24 E565.42533
G1 X60.755 Y99.24
G1 X52.275 Y90.76 E565.50052
G1 X52.269 Y90.76
G1 X43.789 Y99.24 E565.57572
G1 X43.784 Y99.24
G1 X40.76 Y96.215 E565.60254
G0 F7200 X40.76 Y96.612
G1 F3600 X46.612 Y90.76 E565.65443
G1 X46.618 Y90.76
G1 X55.098 Y99.24 E565.72962
G1 X55.103 Y99.24
G1 X63.583 Y90.76 E565.80482
G1 X63.589 Y90.76
G1 X72.068 Y99.24 E565.88001
G1 X72.073 Y99.24
G1 X80.554 Y90.76 E565.95521
G1 X80.559 Y90.76
G1 X89.039 Y99.24 E566.03041
G1 X89.044 Y99.24
G1 X89.24 Y99.044 E566.03214
G0 F7200 X89.1 Y99.044
G0 X89.1 Y96.612
G0 X89.24 Y96.612
G1 F3600 X83.388 Y90.76 E566.08404
G1 X83.382 Y90.76
G1 X74.902 Y99.24 E566.15923
G1 X74.897 Y99.24
G1 X66.417 Y90.76 E566.23443
G1 X66.411 Y90.76
G1 X57.931 Y99.24 E566.30962
G1 X57.926 Y99.24
G1 X49.447 Y90.76 E566.38481
G1 X49.441 Y90.76
G1 X40.961 Y99.24 E566.46001
G1 X40.956 Y99.24
G1 X40.76 Y99.044 E566.46175
G0 F7200 X40.9 Y99.044
G0 X40.9 Y93.784
G0 X40.76 Y93.784
G1 F3600 X43.784 Y90.76 E566.48856
G1 X43.79 Y90.76
G1 X52.269 Y99.24 E566.56375
G1 X52.274 Y99.24
G1 X60.755 Y90.76 E566.63895
G1 X60.76 Y90.76
G1 X69.24 Y99.24 E566.71415
G1 X69.245 Y99.24
G1 X77.725 Y90.76 E566.78934
G1 X77.731 Y90.76
G1 X86.21 Y99.24 E566.86453
G1 X86.215 Y99.24
G1 X89.24 Y96.216 E566.89135
G1 X89.268 Y96.188
G0 F7200 X89.1 Y96.188
G0 X89.1 Y90.955
G0 X89.24 Y90.955
G1 F3600 X89.045 Y90.76 E566.89308
G1 X89.039 Y90.76
G1 X80.559 Y99.24 E566.96828
G1 X80.554 Y99.24
G1 X72.074 Y90.76 E567.04347
G1 X72.068 Y90.76
G1 X63.588 Y99.24 E567.11867
G1 X63.583 Y99.24
G1 X55.103 Y90.76 E567.19386
G1 X55.098 Y90.76
G1 X46.617 Y99.24 E567.26906
G1 X46.612 Y99.24
G1 X40.76 Y93.387 E567.32096
G1 X40.732 Y93.359
G0 F7200 X40.9 Y93.359
G0 X89.13 Y99.13
G0 X89.4 Y99.4
;TYPE:WALL-INNER
G1 F3600 X89.4 Y90.6 E567.37614
G1 X40.6 Y90.6 E567.68212
G1 X40.6 Y99.4 E567.7373
G1 X89.4 Y99.4 E568.04329
G0 F7200 X89.8 Y99.8
;TYPE:WALL-OUTER
G1 F1800 X89.8 Y90.2 E568.10348
G1 X40.2 Y90.2 E568.41448
G1 X40.2 Y99.8 E568.47467
G1 X89.8 Y99.8 E568.78568
G0 F7200 X89.8 Y99.6
G0 X88.8 Y98.918
;MESH:NONMESH
G0 F600 X88.8 Y98.918 Z16.6
G0 F7200 X40.956 Y90.9
G0 X40.956 Y90.76
;TIME_ELAPSED:2441.516055
;LAYER:163
;TYPE:FILL
;MESH:test.stl
G1 F3600 X40.76 Y90.955 E568.78741
G0 F7200 X40.961 Y90.76
G1 F3600 X49.441 Y99.24 E568.8626
G1 X49.446 Y99.24
G1 X57.926 Y90.76 E568.9378
G1 X57.932 Y90.76
G1 X66.411 Y99.24 E569.01299
G1 X66.416 Y99.24
G1 X74.897 Y90.76 E569.08819
G1 X74.902 Y90.76
G1 X83.382 Y99.24 E569.16339
G1 X83.387 Y99.24
G1 X89.24 Y93.388 E569.21528
G0 F7200 X89.24 Y93.784
G1 F3600 X86.216 Y90.76 E569.2421
G1 X86.21 Y90.76
G1 X77.73 Y99.24 E569.31729
G1 X77.725 Y99.24
G1 X69.246 Y90.76 E569.39248
G1 X69.24 Y90.76
G1 X60.76 Y99.24 E569.46768
G1 X60.755 Y99.24
G1 X52.275 Y90.76 E569.54287
G1 X52.269 Y90.76
G1 X43.789 Y99.24 E569.61807
G1 X43.784 Y99.24
G1 X40.76 Y96.215 E569.64489
G0 F7200 X40.76 Y96.612
G1 F3600 X46.612 Y90.76 E569.69678
G1 X46.618 Y90.76
G1 X55.098 Y99.24 E569.77198
G1 X55.103 Y99.24
G1 X63.583 Y90.76 E569.84717
G1 X63.589 Y90.76
G1 X72.068 Y99.24 E569.92236
G1 X72.073 Y99.24
G1 X80.554 Y90.76 E569.99756
G1 X80.559 Y90.76
G1 X89.039 Y99.24 E570.07276
G1 X89.044 Y99.24
G1 X89.24 Y99.044 E570.0745
G0 F7200 X89.1 Y99.044
G0 X89.1 Y96.612
G0 X89.24 Y96.612
G1 F3600 X83.388 Y90.76 E570.12639
G1 X83.382 Y90.76
G1 X74.902 Y99.24 E570.20158
G1 X74.897 Y99.24
G1 X66.417 Y90.76 E570.27678
G1 X66.411 Y90.76
G1 X57.931 Y99.24 E570.35197
G1 X57.926 Y99.24
G1 X49.447 Y90.76 E570.42717
G1 X49.441 Y90.76
G1 X40.961 Y99.24 E570.50236
G1 X40.956 Y99.24
G1 X40.76 Y99.044 E570.5041
G0 F7200 X40.9 Y99.044
G0 X40.9 Y93.784
G0 X40.76 Y93.784
G1 F3600 X43.784 Y90.76 E570.53091
G1 X43.79 Y90.76
G1 X52.269 Y99.24 E570.6061
G1 X52.274 Y99.24
G1 X60.755 Y90.76 E570.6813
G1 X60.76 Y90.76
G1 X69.24 Y99.24 E570.7565
G1 X69.245 Y99.24
G1 X77.725 Y90.76 E570.8317
G1 X77.731 Y90.76
G1 X86.21 Y99.24 E570.90689
G1 X86.215 Y99.24
G1 X89.24 Y96.216 E570.93371
G1 X89.268 Y96.188
G0 F7200 X89.1 Y96.188
G0 X89.1 Y90.955
G0 X89.24 Y90.955
G1 F3600 X89.045 Y90.76 E570.93543
G1 X89.039 Y90.76
G1 X80.559 Y99.24 E571.01063
G1 X80.554 Y99.24
G1 X72.074 Y90.76 E571.08583
G1 X72.068 Y90.76
G1 X63.588 Y99.24 E571.16102
G1 X63.583 Y99.24
G1 X55.103 Y90.76 E571.23622
G1 X55.098 Y90.76
G1 X46.617 Y99.24 E571.31142
G1 X46.612 Y99.24
G1 X40.76 Y93.387 E571.36331
G1 X40.732 Y93.359
G0 F7200 X40.9 Y93.359
G0 X89.13 Y99.13
G0 X89.4 Y99.4
;TYPE:WALL-INNER
G1 F3600 X89.4 Y90.6 E571.41849
G1 X40.6 Y90.6 E571.72448
G1 X40.6 Y99.4 E571.77965
G1 X89.4 Y99.4 E572.08564
G0 F7200 X89.8 Y99.8
;TYPE:WALL-OUTER
G1 F1800 X89.8 Y90.2 E572.14583
G1 X40.2 Y90.2 E572.45683
G1 X40.2 Y99.8 E572.51703
G1 X89.8 Y99.8 E572.82803
G0 F7200 X89.8 Y99.6
G0 X88.8 Y98.918
;MESH:NONMESH
G0 F600 X88.8 Y98.918 Z16.7
G0 F7200 X40.956 Y90.9
G0 X40.956 Y90.76
;TIME_ELAPSED:2455.754309
;LAYER:164
;TYPE:FILL
;MESH:test.stl
G1 F3600 X40.76 Y90.955 E572.82976
G0 F7200 X40.961 Y90.76
G1 F3600 X49.441 Y99.24 E572.90496
G1 X49.446 Y99.24
G1 X57.926 Y90.76 E572.98015
G1 X57.932 Y90.76
G1 X66.411 Y99.24 E573.05534
G1 X66.416 Y99.24
G1 X74.897 Y90.76 E573.13054
G1 X74.902 Y90.76
G1 X83.382 Y99.24 E573.20574
G1 X83.387 Y99.24
G1 X89.24 Y93.388 E573.25763
G0 F7200 X89.24 Y93.784
G1 F3600 X86.216 Y90.76 E573.28445
G1 X86.21 Y90.76
G1 X77.73 Y99.24 E573.35965
G1 X77.725 Y99.24
G1 X69.246 Y90.76 E573.43484
G1 X69.24 Y90.76
G1 X60.76 Y99.24 E573.51003
G1 X60.755 Y99.24
G1 X52.275 Y90.76 E573.58523
G1 X52.269 Y90.76
G1 X43.789 Y99.24 E573.66042
G1 X43.784 Y99.24
G1 X40.76 Y96.215 E573.68724
G0 F7200 X40.76 Y96.612
G1 F3600 X46.612 Y90.76 E573.73913
G1 X46.618 Y90.76
G1 X55.098 Y99.24 E573.81433
G1 X55.103 Y99.24
G1 X63.583 Y90.76 E573.88952
G1 X63.589 Y90.76
G1 X72.068 Y99.24 E573.96472
G1 X72.073 Y99.24
G1 X80.554 Y90.76 E574.03992
G1 X80.559 Y90.76
G1 X89.039 Y99.24 E574.11511
G1 X89.044 Y99.24
G1 X89.24 Y99.044 E574.11685
G0 F7200 X89.1 Y99.044
G0 X89.1 Y96.612
G0 X89.24 Y96.612
G1 F3600 X83.388 Y90.76 E574.16874
G1 X83.382 Y90.76
G1 X74.902 Y99.24 E574.24394
G1 X74.897 Y99.24
G1 X66.417 Y90.76 E574.31913
G1 X66.411 Y90.76
G1 X57.931 Y99.24 E574.39433
G1 X57.926 Y99.24
G1 X49.447 Y90.76 E574.46952
G1 X49.441 Y90.76
G1 X40.961 Y99.24 E574.54471
G1 X40.956 Y99.24
G1 X40.76 Y99.044 E574.54645
G0 F7200 X40.9 Y99.044
G0 X40.9 Y93.784
G0 X40.76 Y93.784
G1 F3600 X43.784 Y90.76 E574.57327
G1 X43.79 Y90.76
G1 X52.269 Y99.24 E574.64846
G1 X52.274 Y99.24
G1 X60.755 Y90.76 E574.72366
G1 X60.76 Y90.76
G1 X69.24 Y99.24 E574.79885
G1 X69.245 Y99.24
G1 X77.725 Y90.76 E574.87405
G1 X77.731 Y90.76
G1 X86.21 Y99.24 E574.94924
G1 X86.215 Y99.24
G1 X89.24 Y96.216 E574.97606
G1 X89.268 Y96.188
G0 F7200 X89.1 Y96.188
G0 X89.1 Y90.955
G0 X89.24 Y90.955
G1 F3600 X89.045 Y90.76 E574.97779
G1 X89.039 Y90.76
G1 X80.559 Y99.24 E575.05298
G1 X80.554 Y99.24
G1 X72.074 Y90.76 E575.12818
G1 X72.068 Y90.76
G1 X63.588 Y99.24 E575.20337
G1 X63.583 Y99.24
G1 X55.103 Y90.76 E575.27857
G1 X55.098 Y90.76
G1 X46.617 Y99.24 E575.35377
G1 X46.612 Y99.24
G1 X40.76 Y93.387 E575.40566
G1 X40.732 Y93.359
G0 F7200 X40.9 Y93.359
G0 X89.13 Y99.13
G0 X89.4 Y99.4
;TYPE:WALL-INNER
G1 F3600 X89.4 Y90.6 E575.46084
G1 X40.6 Y90.6 E575.76683
G1 X40.6 Y99.4 E575.82201
G1 X89.4 Y99.4 E576.12799
G0 F7200 X89.8 Y99.8
;TYPE:WALL-OUTER
G1 F1800 X89.8 Y90.2 E576.18818
G1 X40.2 Y90.2 E576.49919
G1 X40.2 Y99.8 E576.55938
G1 X89.8 Y99.8 E576.87038
G0 F7200 X89.8 Y99.6
G0 X88.8 Y98.918
;MESH:NONMESH
G0 F600 X88.8 Y98.918 Z16.8
G0 F7200 X40.956 Y90.9
G0 X40.956 Y90.76
;TIME_ELAPSED:2469.992562
;LAYER:165
;TYPE:FILL
;MESH:test.stl
G1 F3600 X40.76 Y90.955 E576.87211
G0 F7200 X40.961 Y90.76
G1 F3600 X49.441 Y99.24 E576.94731
G1 X49.446 Y99.24
G1 X57.926 Y90.76 E577.0225
G1 X57.932 Y90.76
G1 X66.411 Y99.24 E577.0977
G1 X66.416 Y99.24
G1 X74.897 Y90.76 E577.1729
G1 X74.902 Y90.76
G1 X83.382 Y99.24 E577.24809
G1 X83.387 Y99.24
G1 X89.24 Y93.388 E577.29999
G0 F7200 X89.24 Y93.784
G1 F3600 X86.216 Y90.76 E577.3268
G1 X86.21 Y90.76
G1 X77.73 Y99.24 E577.402
G1 X77.725 Y99.24
G1 X69.246 Y90.76 E577.47719
G1 X69.24 Y90.76
G1 X60.76 Y99.24 E577.55238
G1 X60.755 Y99.24
G1 X52.275 Y90.76 E577.62758
G1 X52.269 Y90.76
G1 X43.789 Y99.24 E577.70277
G1 X43.784 Y99.24
G1 X40.76 Y96.215 E577.72959
G0 F7200 X40.76 Y96.612
G1 F3600 X46.612 Y90.76 E577.78149
G1 X46.618 Y90.76
G1 X55.098 Y99.24 E577.85668
G1 X55.103 Y99.24
G1 X63.583 Y90.76 E577.93188
G1 X63.589 Y90.76
G1 X72.068 Y99.24 E578.00707
G1 X72.073 Y99.24
G1 X80.554 Y90.76 E578.08227
G1 X80.559 Y90.76
G1 X89.039 Y99.24 E578.15746
G1 X89.044 Y99.24
G1 X89.24 Y99.044 E578.1592
G0 F7200 X89.1 Y99.044
G0 X89.1 Y96.612
G0 X89.24 Y96.612
G1 F3600 X83.388 Y90.76 E578.21109
G1 X83.382 Y90.76
G1 X74.902 Y99.24 E578.28629
G1 X74.897 Y99.24
G1 X66.417 Y90.76 E578.36148
G1 X66.411 Y90.76
G1 X57.931 Y99.24 E578.43668
G1 X57.926 Y99.24
G1 X49.447 Y90.76 E578.51187
G1 X49.441 Y90.76
G1 X40.961 Y99.24 E578.58707
G1 X40.956 Y99.24
G1 X40.76 Y99.044 E578.5888
G0 F7200 X40.9 Y99.044
G0 X40.9 Y93.784
G0 X40.76 Y93.784
G1 F3600 X43.784 Y90.76 E578.61562
G1 X43.79 Y90.76
G1 X52.269 Y99.24 E578.69081
G1 X52.274 Y99.24
G1 X60.755 Y90.76 E578.76601
G1 X60.76 Y90.76
G1 X69.24 Y99.24 E578.8412
G1 X69.245 Y99.24
G1 X77.725 Y90.76 E578.9164
G1 X77.731 Y90.76
G1 X86.21 Y99.24 E578.99159
G1 X86.215 Y99.24
G1 X89.24 Y96.216 E579.01841
G1 X89.268 Y96.188
G0 F7200 X89.1 Y96.188
G0 X89.1 Y90.955
G0 X89.24 Y90.955
G1 F3600 X89.045 Y90.76 E579.02014
G1 X89.039 Y90.76
G1 X80.559 Y99.24 E579.09533
G1 X80.554 Y99.24
G1 X72.074 Y90.76 E579.17053
G1 X72.068 Y90.76
G1 X63.588 Y99.24 E579.24573
G1 X63.583 Y99.24
G1 X55.103 Y90.76 E579.32092
G1 X55.098 Y90.76
G1 X46.617 Y99.24 E579.39612
G1 X46.612 Y99.24
G1 X40.76 Y93.387 E579.44802
G1 X40.732 Y93.359
G0 F7200 X40.9 Y93.359
G0 X89.13 Y99.13
G0 X89.4 Y99.4
;TYPE:WALL-INNER
G1 F3600 X89.4 Y90.6 E579.50319
G1 X40.6 Y90.6 E579.80918
G1 X40.6 Y99.4 E579.86436
G1 X89.4 Y99.4 E580.17034
G0 F7200 X89.8 Y99.8
;TYPE:WALL-OUTER
G1 F1800 X89.8 Y90.2 E580.23054
G1 X40.2 Y90.2 E580.54154
G1 X40.2 Y99.8 E580.60173
G1 X89.8 Y99.8 E580.91273
G0 F7200 X89.8 Y99.6
G0 X88.8 Y98.918
;MESH:NONMESH
G0 F600 X88.8 Y98.918 Z16.9
G0 F7200 X40.956 Y90.9
G0 X40.956 Y90.76
;TIME_ELAPSED:2484.230816
;LAYER:166
;TYPE:FILL
;MESH:test.stl
G1 F3600 X40.76 Y90.955 E580.91447
G0 F7200 X40.961 Y90.76
G1 F3600 X49.441 Y99.24 E580.98966
G1 X49.446 Y99.24
G1 X57.926 Y90.76 E581.06486
G1 X57.932 Y90.76
G1 X66.411 Y99.24 E581.14005
G1 X66.416 Y99.24
G1 X74.897 Y90.76 E581.21525
G1 X74.902 Y90.76
G1 X83.382 Y99.24 E581.29044
G1 X83.387 Y99.24
G1 X89.24 Y93.388 E581.34234
G0 F7200 X89.24 Y93.784
G1 F3600 X86.216 Y90.76 E581.36915
G1 X86.21 Y90.76
G1 X77.73 Y99.24 E581.44435
G1 X77.725 Y99.24
G1 X69.246 Y90.76 E581.51954
G1 X69.24 Y90.76
G1 X60.76 Y99.24 E581.59474
G1 X60.755 Y99.24
G1 X52.275 Y90.76 E581.66993
G1 X52.269 Y90.76
G1 X43.789 Y99.24 E581.74513
G1 X43.784 Y99.24
G1 X40.76 Y96.215 E581.77195
G0 F7200 X40.76 Y96.612
G1 F3600 X46.612 Y90.76 E581.82384
G1 X46.618 Y90.76
G1 X55.098 Y99.24 E581.89903
G1 X55.103 Y99.24
G1 X63.583 Y90.76 E581.97423
G1 X63.589 Y90.76
G1 X72.068 Y99.24 E582.04942
G1 X72.073 Y99.24
G1 X80.554 Y90.76 E582.12462
G1 X80.559 Y90.76
G1 X89.039 Y99.24 E582.19982
G1 X89.044 Y99.24
G1 X89.24 Y99.044 E582.20155
G0 F7200 X89.1 Y99.044
G0 X89.1 Y96.612
G0 X89.24 Y96.612
G1 F3600 X83.388 Y90.76 E582.25345
G1 X83.382 Y90.76
G1 X74.902 Y99.24 E582.32864
G1 X74.897 Y99.24
G1 X66.417 Y90.76 E582.40384
G1 X66.411 Y90.76
G1 X57.931 Y99.24 E582.47903
G1 X57.926 Y99.24
G1 X49.447 Y90.76 E582.55422
G1 X49.441 Y90.76
G1 X40.961 Y99.24 E582.62942
G1 X40.956 Y99.24
G1 X40.76 Y99.044 E582.63116
G0 F7200 X40.9 Y99.044
G0 X40.9 Y93.784
G0 X40.76 Y93.784
G1 F3600 X43.784 Y90.76 E582.65797
G1 X43.79 Y90.76
G1 X52.269 Y99.24 E582.73316
G1 X52.274 Y99.24
G1 X60.755 Y90.76 E582.80836
G1 X60.76 Y90.76
G1 X69.24 Y99.24 E582.88356
G1 X69.245 Y99.24
G1 X77.725 Y90.76 E582.95875
G1 X77.731 Y90.76
G1 X86.21 Y99.24 E583.03394
G1 X86.215 Y99.24
G1 X89.24 Y96.216 E583.06076
G1 X89.268 Y96.188
G0 F7200 X89.1 Y96.188
G0 X89.1 Y90.955
G0 X89.24 Y90.955
G1 F3600 X89.045 Y90.76 E583.06249
G1 X89.039 Y90.76
G1 X80.559 Y99.24 E583.13769
G1 X80.554 Y99.24
G1 X72.074 Y90.76 E583.21288
G1 X72.068 Y90.76
G1 X63.588 Y99.24 E583.28808
G1 X63.583 Y99.24
G1 X55.103 Y90.76 E583.36327
G1 X55.098 Y90.76
G1 X46.617 Y99.24 E583.43847
G1 X46.612 Y99.24
G1 X40.76 Y93.387 E583.49037
G1 X40.732 Y93.359
G0 F7200 X40.9 Y93.359
G0 X89.13 Y99.13
G0 X89.4 Y99.4
;TYPE:WALL-INNER
G1 F3600 X89.4 Y90.6 E583.54555
G1 X40.6 Y90.6 E583.85153
G1 X40.6 Y99.4 E583.90671
G1 X89.4 Y99.4 E584.21269
G0 F7200 X89.8 Y99.8
;TYPE:WALL-OUTER
G1 F1800 X89.8 Y90.2 E584.27289
G1 X40.2 Y90.2 E584.58389
G1 X40.2 Y99.8 E584.64408
G1 X89.8 Y99.8 E584.95508
G0 F7200 X89.8 Y99.6
G0 X88.8 Y98.918
;MESH:NONMESH
G0 F600 X88.8 Y98.918 Z17
G0 F7200 X40.956 Y90.9
G0 X40.956 Y90.76
;TIME_ELAPSED:2498.469070
;LAYER:167
;TYPE:FILL
;MESH:test.stl
G1 F3600 X40.76 Y90.955 E584.95682
G0 F7200 X40.961 Y90.76
G1 F3600 X49.441 Y99.24 E585.03201
G1 X49.446 Y99.24
G1 X57.926 Y90.76 E585.10721
G1 X57.932 Y90.76
G1 X66.411 Y99.24 E585.1824
G1 X66.416 Y99.24
G1 X74.897 Y90.76 E585.2576
G1 X74.902 Y90.76
G1 X83.382 Y99.24 E585.3328
G1 X83.387 Y99.24
G1 X89.24 Y93.388 E585.38469
G0 F7200 X89.24 Y93.784
G1 F3600 X86.216 Y90.76 E585.41151
G1 X86.21 Y90.76
G1 X77.73 Y99.24 E585.4867
G1 X77.725 Y99.24
G1 X69.246 Y90.76 E585.56189
G1 X69.24 Y90.76
G1 X60.76 Y99.24 E585.63709
G1 X60.755 Y99.24
G1 X52.275 Y90.76 E585.71228
G1 X52.269 Y90.76
G1 X43.789 Y99.24 E585.78748
G1 X43.784 Y99.24
G1 X40.76 Y96.215 E585.8143
G0 F7200 X40.76 Y96.612
G1 F3600 X46.612 Y90.76 E585.86619
G1 X46.618 Y90.76
G1 X55.098 Y99.24 E585.94139
G1 X55.103 Y99.24
G1 X63.583 Y90.76 E586.01658
G1 X63.589 Y90.76
G1 X72.068 Y99.24 E586.09177
G1 X72.073 Y99.24
G1 X80.554 Y90.76 E586.16697
G1 X80.559 Y90.76
G1 X89.039 Y99.24 E586.24217
G1 X89.044 Y99.24
G1 X89.24 Y99.044 E586.24391
G0 F7200 X89.1 Y99.044
G0 X89.1 Y96.612
G0 X89.24 Y96.612
G1 F3600 X83.388 Y90.76 E586.2958
G1 X83.382 Y90.76
G1 X74.902 Y99.24 E586.37099
G1 X74.897 Y99.24
G1 X66.417 Y90.76 E586.44619
G1 X66.411 Y90.76
G1 X57.931 Y99.24 E586.52138
G1 X57.926 Y99.24
G1 X49.447 Y90.76 E586.59657
G1 X49.441 Y90.76
G1 X40.961 Y99.24 E586.67177
G1 X40.956 Y99.24
G1 X40.76 Y99.044 E586.67351
G0 F7200 X40.9 Y99.044
G0 X40.9 Y93.784
G0 X40.76 Y93.784
G1 F3600 X43.784 Y90.76 E586.70032
G1 X43.79 Y90.76
G1 X52.269 Y99.24 E586.77551
G1 X52.274 Y99.24
G1 X60.755 Y90.76 E586.85071
G1 X60.76 Y90.76
G1 X69.24 Y99.24 E586.92591
G1 X69.245 Y99.24
G1 X77.725 Y90.76 E587.0011
G1 X77.731 Y90.76
G1 X86.21 Y99.24 E587.0763
G1 X86.215 Y99.24
G1 X89.24 Y96.216 E587.10311
G1 X89.268 Y96.188
G0 F7200 X89.1 Y96.188
G0 X89.1 Y90.955
G0 X89.24 Y90.955
G1 F3600 X89.045 Y90.76 E587.10484
G1 X89.039 Y90.76
G1 X80.559 Y99.24 E587.18004
G1 X80.554 Y99.24
G1 X72.074 Y90.76 E587.25523
G1 X72.068 Y90.76
G1 X63.588 Y99.24 E587.33043
G1 X63.583 Y99.24
G1 X55.103 Y90.76 E587.40563
G1 X55.098 Y90.76
G1 X46.617 Y99.24 E587.48083
G1 X46.612 Y99.24
G1 X40.76 Y93.387 E587.53272
G1 X40.732 Y93.359
G0 F7200 X40.9 Y93.359
G0 X89.13 Y99.13
G0 X89.4 Y99.4
;TYPE:WALL-INNER
G1 F3600 X89.4 Y90.6 E587.5879
G1 X40.6 Y90.6 E587.89388
G1 X40.6 Y99.4 E587.94906
G1 X89.4 Y99.4 E588.25505
G0 F7200 X89.8 Y99.8
;TYPE:WALL-OUTER
G1 F1800 X89.8 Y90.2 E588.31524
G1 X40.2 Y90.2 E588.62624
G1 X40.2 Y99.8 E588.68644
G1 X89.8 Y99.8 E588.99744
G0 F7200 X89.8 Y99.6
G0 X88.8 Y98.918
;MESH:NONMESH
G0 F600 X88.8 Y98.918 Z17.1
G0 F7200 X40.956 Y90.9
G0 X40.956 Y90.76
;TIME_ELAPSED:2512.707324
;LAYER:168
;TYPE:FILL
;MESH:test.stl
G1 F3600 X40.76 Y90.955 E588.99917
G0 F7200 X40.961 Y90.76
G1 F3600 X49.441 Y99.24 E589.07437
G1 X49.446 Y99.24
G1 X57.926 Y90.76 E589.14956
G1 X57.932 Y90.76
G1 X66.411 Y99.24 E589.22475
G1 X66.416 Y99.24
G1 X74.897 Y90.76 E589.29995
G1 X74.902 Y90.76
G1 X83.382 Y99.24 E589.37515
G1 X83.387 Y99.24
G1 X89.24 Y93.388 E589.42704
G0 F7200 X89.24 Y93.784
G1 F3600 X86.216 Y90.76 E589.45386
G1 X86.21 Y90.76
G1 X77.73 Y99.24 E589.52905
G1 X77.725 Y99.24
G1 X69.246 Y90.76 E589.60425
G1 X69.24 Y90.76
G1 X60.76 Y99.24 E589.67944
G1 X60.755 Y99.24
G1 X52.275 Y90.76 E589.75464
G1 X52.269 Y90.76
G1 X43.789 Y99.24 E589.82983
G1 X43.784 Y99.24
G1 X40.76 Y96.215 E589.85665
G0 F7200 X40.76 Y96.612
G1 F3600 X46.612 Y90.76 E589.90854
G1 X46.618 Y90.76
G1 X55.098 Y99.24 E589.98374
G1 X55.103 Y99.24
G1 X63.583 Y90.76 E590.05893
G1 X63.589 Y90.76
G1 X72.068 Y99.24 E590.13412
G1 X72.073 Y99.24
G1 X80.554 Y90.76 E590.20932
G1 X80.559 Y90.76
G1 X89.039 Y99.24 E590.28452
G1 X89.044 Y99.24
G1 X89.24 Y99.044 E590.28626
G0 F7200 X89.1 Y99.044
G0 X89.1 Y96.612
G0 X89.24 Y96.612
G1 F3600 X83.388 Y90.76 E590.33815
G1 X83.382 Y90.76
G1 X74.902 Y99.24 E590.41335
G1 X74.897 Y99.24
G1 X66.417 Y90.76 E590.48854
G1 X66.411 Y90.76
G1 X57.931 Y99.24 E590.56374
G1 X57.926 Y99.24
G1 X49.447 Y90.76 E590.63893
G1 X49.441 Y90.76
G1 X40.961 Y99.24 E590.71412
G1 X40.956 Y99.24
G1 X40.76 Y99.044 E590.71586
G0 F7200 X40.9 Y99.044
G0 X40.9 Y93.784
G0 X40.76 Y93.784
G1 F3600 X43.784 Y90.76 E590.74268
G1 X43.79 Y90.76
G1 X52.269 Y99.24 E590.81787
G1 X52.274 Y99.24
G1 X60.755 Y90.76 E590.89307
G1 X60.76 Y90.76
G1 X69.24 Y99.24 E590.96826
G1 X69.245 Y99.24
G1 X77.725 Y90.76 E591.04346
G1 X77.731 Y90.76
G1 X86.21 Y99.24 E591.11865
G1 X86.215 Y99.24
G1 X89.24 Y96.216 E591.14547
G1 X89.268 Y96.188
G0 F7200 X89.1 Y96.188
G0 X89.1 Y90.955
G0 X89.24 Y90.955
G1 F3600 X89.045 Y90.76 E591.1472
G1 X89.039 Y90.76
G1 X80.559 Y99.24 E591.22239
G1 X80.554 Y99.24
G1 X72.074 Y90.76 E591.29759
G1 X72.068 Y90.76
G1 X63.588 Y99.24 E591.37278
G1 X63.583 Y99.24
G1 X55.103 Y90.76 E591.44798
G1 X55.098 Y90.76
G1 X46.617 Y99.24 E591.52318
G1 X46.612 Y99.24
G1 X40.76 Y93.387 E591.57507
G1 X40.732 Y93.359
G0 F7200 X40.9 Y93.359
G0 X89.13 Y99.13
G0 X89.4 Y99.4
;TYPE:WALL-INNER
G1 F3600 X89.4 Y90.6 E591.63025
G1 X40.6 Y90.6 E591.93624
G1 X40.6 Y99.4 E591.99141
G1 X89.4 Y99.4 E592.2974
G0 F7200 X89.8 Y99.8
;TYPE:WALL-OUTER
G1 F1800 X89.8 Y90.2 E592.35759
G1 X40.2 Y90.2 E592.66859
G1 X40.2 Y99.8 E592.72879
G1 X89.8 Y99.8 E593.03979
G0 F7200 X89.8 Y99.6
G0 X88.8 Y98.918
;MESH:NONMESH
G0 F600 X88.8 Y98.918 Z17.2
G0 F7200 X40.956 Y90.9
G0 X40.956 Y90.76
;TIME_ELAPSED:2526.945577
;LAYER:169
;TYPE:FILL
;MESH:test.stl
G1 F3600 X40.76 Y90.955 E593.04152
G0 F7200 X40.961 Y90.76
G1 F3600 X49.441 Y99.24 E593.11672
G1 X49.446 Y99.24
G1 X57.926 Y90.76 E593.19191
G1 X57.932 Y90.76
G1 X66.411 Y99.24 E593.2671
G1 X66.416 Y99.24
G1 X74.897 Y90.76 E593.3423
G1 X74.902 Y90.76
G1 X83.382 Y99.24 E593.4175
G1 X83.387 Y99.24
G1 X89.24 Y93.388 E593.4694
G0 F7200 X89.24 Y93.784
G1 F3600 X86.216 Y90.76 E593.49621
G1 X86.21 Y90.76
G1 X77.73 Y99.24 E593.57141
G1 X77.725 Y99.24
G1 X69.246 Y90.76 E593.6466
G1 X69.24 Y90.76
G1 X60.76 Y99.24 E593.72179
G1 X60.755 Y99.24
G1 X52.275 Y90.76 E593.79699
G1 X52.269 Y90.76
G1 X43.789 Y99.24 E593.87218
G1 X43.784 Y99.24
G1 X40.76 Y96.215 E593.899
G0 F7200 X40.76 Y96.612
G1 F3600 X46.612 Y90.76 E593.9509
G1 X46.618 Y90.76
G1 X55.098 Y99.24 E594.02609
G1 X55.103 Y99.24
G1 X63.583 Y90.76 E594.10129
G1 X63.589 Y90.76
G1 X72.068 Y99.24 E594.17648
G1 X72.073 Y99.24
G1 X80.554 Y90.76 E594.25168
G1 X80.559 Y90.76
G1 X89.039 Y99.24 E594.32687
G1 X89.044 Y99.24
G1 X89.24 Y99.044 E594.32861
G0 F7200 X89.1 Y99.044
G0 X89.1 Y96.612
G0 X89.24 Y96.612
G1 F3600 X83.388 Y90.76 E594.3805
G1 X83.382 Y90.76
G1 X74.902 Y99.24 E594.4557
G1 X74.897 Y99.24
G1 X66.417 Y90.76 E594.53089
G1 X66.411 Y90.76
G1 X57.931 Y99.24 E594.60609
G1 X57.926 Y99.24
G1 X49.447 Y90.76 E594.68128
G1 X49.441 Y90.76
G1 X40.961 Y99.24 E594.75647
G1 X40.956 Y99.24
G1 X40.76 Y99.044 E594.75821
G0 F7200 X40.9 Y99.044
G0 X40.9 Y93.784
G0 X40.76 Y93.784
G1 F3600 X43.784 Y90.76 E594.78503
G1 X43.79 Y90.76
G1 X52.269 Y99.24 E594.86022
G1 X52.274 Y99.24
G1 X60.755 Y90.76 E594.93542
G1 X60.76 Y90.76
G1 X69.24 Y99.24 E595.01061
G1 X69.245 Y99.24
G1 X77.725 Y90.76 E595.08581
G1 X77.731 Y90.76
G1 X86.21 Y99.24 E595.161
G1 X86.215 Y99.24
G1 X89.24 Y96.216 E595.18782
G1 X89.268 Y96.188
G0 F7200 X89.1 Y96.188
G0 X89.1 Y90.955
G0 X89.24 Y90.955
G1 F3600 X89.045 Y90.76 E595.18955
G1 X89.039 Y90.76
G1 X80.559 Y99.24 E595.26474
G1 X80.554 Y99.24
G1 X72.074 Y90.76 E595.33994
G1 X72.068 Y90.76
G1 X63.588 Y99.24 E595.41513
G1 X63.583 Y99.24
G1 X55.103 Y90.76 E595.49033
G1 X55.098 Y90.76
G1 X46.617 Y99.24 E595.56553
G1 X46.612 Y99.24
G1 X40.76 Y93.387 E595.61743
G1 X40.732 Y93.359
G0 F7200 X40.9 Y93.359
G0 X89.13 Y99.13
G0 X89.4 Y99.4
;TYPE:WALL-INNER
G1 F3600 X89.4 Y90.6 E595.6726
G1 X40.6 Y90.6 E595.97859
G1 X40.6 Y99.4 E596.03377
G1 X89.4 Y99.4 E596.33975
G0 F7200 X89.8 Y99.8
;TYPE:WALL-OUTER
G1 F1800 X89.8 Y90.2 E596.39995
G1 X40.2 Y90.2 E596.71095
G1 X40.2 Y99.8 E596.77114
G1 X89.8 Y99.8 E597.08214
G0 F7200 X89.8 Y99.6
G0 X88.8 Y98.918
;MESH:NONMESH
G0 F600 X88.8 Y98.918 Z17.3
G0 F7200 X40.956 Y90.9
G0 X40.956 Y90.76
;TIME_ELAPSED:2541.183831
;LAYER:170
;TYPE:FILL
;MESH:test.stl
G1 F3600 X40.76 Y90.955 E597.08388
G0 F7200 X40.961 Y90.76
G1 F3600 X49.441 Y99.24 E597.15907
G1 X49.446 Y99.24
G1 X57.926 Y90.76 E597.23427
G1 X57.932 Y90.76
G1 X66.411 Y99.24 E597.30946
G1 X66.416 Y99.24
G1 X74.897 Y90.76 E597.38466
G1 X74.902 Y90.76
G1 X83.382 Y99.24 E597.45985
G1 X83.387 Y99.24
G1 X89.24 Y93.388 E597.51175
G0 F7200 X89.24 Y93.784
G1 F3600 X86.216 Y90.76 E597.53856
G1 X86.21 Y90.76
G1 X77.73 Y99.24 E597.61376
G1 X77.725 Y99.24
G1 X69.246 Y90.76 E597.68895
G1 X69.24 Y90.76
G1 X60.76 Y99.24 E597.76415
G1 X60.755 Y99.24
G1 X52.275 Y90.76 E597.83934
G1 X52.269 Y90.76
G1 X43.789 Y99.24 E597.91454
G1 X43.784 Y99.24
G1 X40.76 Y96.215 E597.94136
G0 F7200 X40.76 Y96.612
G1 F3600 X46.612 Y90.76 E597.99325
G1 X46.618 Y90.76
G1 X55.098 Y99.24 E598.06844
G1 X55.103 Y99.24
G1 X63.583 Y90.76 E598.14364
G1 X63.589 Y90.76
G1 X72.068 Y99.24 E598.21883
G1 X72.073 Y99.24
G1 X80.554 Y90.76 E598.29403
G1 X80.559 Y90.76
G1 X89.039 Y99.24 E598.36922
G1 X89.044 Y99.24
G1 X89.24 Y99.044 E598.37096
G0 F7200 X89.1 Y99.044
G0 X89.1 Y96.612
G0 X89.24 Y96.612
G1 F3600 X83.388 Y90.76 E598.42285
G1 X83.382 Y90.76
G1 X74.902 Y99.24 E598.49805
G1 X74.897 Y99.24
G1 X66.417 Y90.76 E598.57325
G1 X66.411 Y90.76
G1 X57.931 Y99.24 E598.64844
G1 X57.926 Y99.24
G1 X49.447 Y90.76 E598.72363
G1 X49.441 Y90.76
G1 X40.961 Y99.24 E598.79883
G1 X40.956 Y99.24
G1 X40.76 Y99.044 E598.80056
G0 F7200 X40.9 Y99.044
G0 X40.9 Y93.784
G0 X40.76 Y93.784
G1 F3600 X43.784 Y90.76 E598.82738
G1 X43.79 Y90.76
G1 X52.269 Y99.24 E598.90257
G1 X52.274 Y99.24
G1 X60.755 Y90.76 E598.97777
G1 X60.76 Y90.76
G1 X69.24 Y99.24 E599.05297
G1 X69.245 Y99.24
G1 X77.725 Y90.76 E599.12816
G1 X77.731 Y90.76
G1 X86.21 Y99.24 E599.20335
G1 X86.215 Y99.24
G1 X89.24 Y96.216 E599.23017
G1 X89.268 Y96.188
G0 F7200 X89.1 Y96.188
G0 X89.1 Y90.955
G0 X89.24 Y90.955
G1 F3600 X89.045 Y90.76 E599.2319
G1 X89.039 Y90.76
G1 X80.559 Y99.24 E599.3071
G1 X80.554 Y99.24
G1 X72.074 Y90.76 E599.38229
G1 X72.068 Y90.76
G1 X63.588 Y99.24 E599.45749
G1 X63.583 Y99.24
G1 X55.103 Y90.76 E599.53268
G1 X55.098 Y90.76
G1 X46.617 Y99.24 E599.60788
G1 X46.612 Y99.24
G1 X40.76 Y93.387 E599.65978
G1 X40.732 Y93.359
G0 F7200 X40.9 Y93.359
G0 X89.13 Y99.13
G0 X89.4 Y99.4
;TYPE:WALL-INNER
G1 F3600 X89.4 Y90.6 E599.71496
G1 X40.6 Y90.6 E600.02094
G1 X40.6 Y99.4 E600.07612
G1 X89.4 Y99.4 E600.3821
G0 F7200 X89.8 Y99.8
;TYPE:WALL-OUTER
G1 F1800 X89.8 Y90.2 E600.4423
G1 X40.2 Y90.2 E600.7533
G1 X40.2 Y99.8 E600.81349
G1 X89.8 Y99.8 E601.12449
G0 F7200 X89.8 Y99.6
G0 X88.8 Y98.918
;MESH:NONMESH
G0 F600 X88.8 Y98.918 Z17.4
G0 F7200 X40.956 Y90.9
G0 X40.956 Y90.76
;TIME_ELAPSED:2555.422085
;LAYER:171
;TYPE:FILL
;MESH:test.stl
G1 F3600 X40.76 Y90.955 E601.12623
G0 F7200 X40.961 Y90.76
G1 F3600 X49.441 Y99.24 E601.20142
G1 X49.446 Y99.24
G1 X57.926 Y90.76 E601.27662
G1 X57.932 Y90.76
G1 X66.411 Y99.24 E601.35181
G1 X66.416 Y99.24
G1 X74.897 Y90.76 E601.42701
G1 X74.902 Y90.76
G1 X83.382 Y99.24 E601.5022
G1 X83.387 Y99.24
G1 X89.24 Y93.388 E601.5541
G0 F7200 X89.24 Y93.784
G1 F3600 X86.216 Y90.76 E601.58092
G1 X86.21 Y90.76
G1 X77.73 Y99.24 E601.65611
G1 X77.725 Y99.24
G1 X69.246 Y90.76 E601.7313
G1 X69.24 Y90.76
G1 X60.76 Y99.24 E601.8065
G1 X60.755 Y99.24
G1 X52.275 Y90.76 E601.88169
G1 X52.269 Y90.76
G1 X43.789 Y99.24 E601.95689
G1 X43.784 Y99.24
G1 X40.76 Y96.215 E601.98371
G0 F7200 X40.76 Y96.612
G1 F3600 X46.612 Y90.76 E602.0356
G1 X46.618 Y90.76
G1 X55.098 Y99.24 E602.1108
G1 X55.103 Y99.24
G1 X63.583 Y90.76 E602.18599
G1 X63.589 Y90.76
G1 X72.068 Y99.24 E602.26118
G1 X72.073 Y99.24
G1 X80.554 Y90.76 E602.33638
G1 X80.559 Y90.76
G1 X89.039 Y99.24 E602.41158
G1 X89.044 Y99.24
G1 X89.24 Y99.044 E602.41331
G0 F7200 X89.1 Y99.044
G0 X89.1 Y96.612
G0 X89.24 Y96.612
G1 F3600 X83.388 Y90.76 E602.46521
G1 X83.382 Y90.76
G1 X74.902 Y99.24 E602.5404
G1 X74.897 Y99.24
G1 X66.417 Y90.76 E602.6156
G1 X66.411 Y90.76
G1 X57.931 Y99.24 E602.69079
G1 X57.926 Y99.24
G1 X49.447 Y90.76 E602.76598
G1 X49.441 Y90.76
G1 X40.961 Y99.24 E602.84118
G1 X40.956 Y99.24
G1 X40.76 Y99.044 E602.84292
G0 F7200 X40.9 Y99.044
G0 X40.9 Y93.784
G0 X40.76 Y93.784
G1 F3600 X43.784 Y90.76 E602.86973
G1 X43.79 Y90.76
G1 X52.269 Y99.24 E602.94492
G1 X52.274 Y99.24
G1 X60.755 Y90.76 E603.02012
G1 X60.76 Y90.76
G1 X69.24 Y99.24 E603.09532
G1 X69.245 Y99.24
G1 X77.725 Y90.76 E603.17051
G1 X77.731 Y90.76
G1 X86.21 Y99.24 E603.2457
G1 X86.215 Y99.24
G1 X89.24 Y96.216 E603.27252
G1 X89.268 Y96.188
G0 F7200 X89.1 Y96.188
G0 X89.1 Y90.955
G0 X89.24 Y90.955
G1 F3600 X89.045 Y90.76 E603.27425
G1 X89.039 Y90.76
G1 X80.559 Y99.24 E603.34945
G1 X80.554 Y99.24
G1 X72.074 Y90.76 E603.42464
G1 X72.068 Y90.76
G1 X63.588 Y99.24 E603.49984
G1 X63.583 Y99.24
G1 X55.103 Y90.76 E603.57503
G1 X55.098 Y90.76
G1 X46.617 Y99.24 E603.65023
G1 X46.612 Y99.24
G1 X40.76 Y93.387 E603.70213
G1 X40.732 Y93.359
G0 F7200 X40.9 Y93.359
G0 X89.13 Y99.13
G0 X89.4 Y99.4
;TYPE:WALL-INNER
G1 F3600 X89.4 Y90.6 E603.75731
G1 X40.6 Y90.6 E604.06329
G1 X40.6 Y99.4 E604.11847
G1 X89.4 Y99.4 E604.42446
G0 F7200 X89.8 Y99.8
;TYPE:WALL-OUTER
G1 F1800 X89.8 Y90.2 E604.48465
G1 X40.2 Y90.2 E604.79565
G1 X40.2 Y99.8 E604.85584
G1 X89.8 Y99.8 E605.16685
G0 F7200 X89.8 Y99.6
G0 X88.8 Y98.918
;MESH:NONMESH
G0 F600 X88.8 Y98.918 Z17.5
G0 F7200 X40.956 Y90.9
G0 X40.956 Y90.76
;TIME_ELAPSED:2569.660339
;LAYER:172
;TYPE:FILL
;MESH:test.stl
G1 F3600 X40.76 Y90.955 E605.16858
G0 F7200 X40.961 Y90.76
G1 F3600 X49.441 Y99.24 E605.24378
G1 X49.446 Y99.24
G1 X57.926 Y90.76 E605.31897
G1 X57.932 Y90.76
G1 X66.411 Y99.24 E605.39416
G1 X66.416 Y99.24
G1 X74.897 Y90.76 E605.46936
G1 X74.902 Y90.76
G1 X83.382 Y99.24 E605.54456
G1 X83.387 Y99.24
G1 X89.24 Y93.388 E605.59645
G0 F7200 X89.24 Y93.784
G1 F3600 X86.216 Y90.76 E605.62327
G1 X86.21 Y90.76
G1 X77.73 Y99.24 E605.69846
G1 X77.725 Y99.24
G1 X69.246 Y90.76 E605.77365
G1 X69.24 Y90.76
G1 X60.76 Y99.24 E605.84885
G1 X60.755 Y99.24
G1 X52.275 Y90.76 E605.92405
G1 X52.269 Y90.76
G1 X43.789 Y99.24 E605.99924
G1 X43.784 Y99.24
G1 X40.76 Y96.215 E606.02606
G0 F7200 X40.76 Y96.612
G1 F3600 X46.612 Y90.76 E606.07795
G1 X46.618 Y90.76
G1 X55.098 Y99.24 E606.15315
G1 X55.103 Y99.24
G1 X63.583 Y90.76 E606.22834
G1 X63.589 Y90.76
G1 X72.068 Y99.24 E606.30353
G1 X72.073 Y99.24
G1 X80.554 Y90.76 E606.37873
G1 X80.559 Y90.76
G1 X89.039 Y99.24 E606.45393
G1 X89.044 Y99.24
G1 X89.24 Y99.044 E606.45567
G0 F7200 X89.1 Y99.044
G0 X89.1 Y96.612
G0 X89.24 Y96.612
G1 F3600 X83.388 Y90.76 E606.50756
G1 X83.382 Y90.76
G1 X74.902 Y99.24 E606.58275
G1 X74.897 Y99.24
G1 X66.417 Y90.76 E606.65795
G1 X66.411 Y90.76
G1 X57.931 Y99.24 E606.73314
G1 X57.926 Y99.24
G1 X49.447 Y90.76 E606.80834
G1 X49.441 Y90.76
G1 X40.961 Y99.24 E606.88353
G1 X40.956 Y99.24
G1 X40.76 Y99.044 E606.88527
G0 F7200 X40.9 Y99.044
G0 X40.9 Y93.784
G0 X40.76 Y93.784
G1 F3600 X43.784 Y90.76 E606.91208
G1 X43.79 Y90.76
G1 X52.269 Y99.24 E606.98728
G1 X52.274 Y99.24
G1 X60.755 Y90.76 E607.06248
G1 X60.76 Y90.76
G1 X69.24 Y99.24 E607.13767
G1 X69.245 Y99.24
G1 X77.725 Y90.76 E607.21287
G1 X77.731 Y90.76
G1 X86.21 Y99.24 E607.28806
G1 X86.215 Y99.24
G1 X89.24 Y96.216 E607.31488
G1 X89.268 Y96.188
G0 F7200 X89.1 Y96.188
G0 X89.1 Y90.955
G0 X89.24 Y90.955
G1 F3600 X89.045 Y90.76 E607.31661
G1 X89.039 Y90.76
G1 X80.559 Y99.24 E607.3918
G1 X80.554 Y99.24
G1 X72.074 Y90.76 E607.467
G1 X72.068 Y90.76
G1 X63.588 Y99.24 E607.54219
G1 X63.583 Y99.24
G1 X55.103 Y90.76 E607.61739
G1 X55.098 Y90.76
G1 X46.617 Y99.24 E607.69259
G1 X46.612 Y99.24
G1 X40.76 Y93.387 E607.74448
G1 X40.732 Y93.359
G0 F7200 X40.9 Y93.359
G0 X89.13 Y99.13
G0 X89.4 Y99.4
;TYPE:WALL-INNER
G1 F3600 X89.4 Y90.6 E607.79966
G1 X40.6 Y90.6 E608.10565
G1 X40.6 Y99.4 E608.16082
G1 X89.4 Y99.4 E608.46681
G0 F7200 X89.8 Y99.8
;TYPE:WALL-OUTER
G1 F1800 X89.8 Y90.2 E608.527
G1 X40.2 Y90.2 E608.838
G1 X40.2 Y99.8 E608.8982
G1 X89.8 Y99.8 E609.2092
G0 F7200 X89.8 Y99.6
G0 X88.8 Y98.918
;MESH:NONMESH
G0 F600 X88.8 Y98.918 Z17.6
G0 F7200 X40.956 Y90.9
G0 X40.956 Y90.76
;TIME_ELAPSED:2583.898592
;LAYER:173
;TYPE:FILL
;MESH:test.stl
G1 F3600 X40.76 Y90.955 E609.21093
G0 F7200 X40.961 Y90.76
G1 F3600 X49.441 Y99.24 E609.28613
G1 X49.446 Y99.24
G1 X57.926 Y90.76 E609.36132
G1 X57.932 Y90.76
G1 X66.411 Y99.24 E609.43651
G1 X66.416 Y99.24
G1 X74.897 Y90.76 E609.51171
G1 X74.902 Y90.76
G1 X83.382 Y99.24 E609.58691
G1 X83.387 Y99.24
G1 X89.24 Y93.388 E609.63881
G0 F7200 X89.24 Y93.784
G1 F3600 X86.216 Y90.76 E609.66562
G1 X86.21 Y90.76
G1 X77.73 Y99.24 E609.74082
G1 X77.725 Y99.24
G1 X69.246 Y90.76 E609.81601
G1 X69.24 Y90.76
G1 X60.76 Y99.24 E609.8912
G1 X60.755 Y99.24
G1 X52.275 Y90.76 E609.9664
G1 X52.269 Y90.76
G1 X43.789 Y99.24 E610.04159
G1 X43.784 Y99.24
G1 X40.76 Y96.215 E610.06841
G0 F7200 X40.76 Y96.612
G1 F3600 X46.612 Y90.76 E610.1203
G1 X46.618 Y90.76
G1 X55.098 Y99.24 E610.1955
G1 X55.103 Y99.24
G1 X63.583 Y90.76 E610.27069
G1 X63.589 Y90.76
G1 X72.068 Y99.24 E610.34589
G1 X72.073 Y99.24
G1 X80.554 Y90.76 E610.42109
G1 X80.559 Y90.76
G1 X89.039 Y99.24 E610.49628
G1 X89.044 Y99.24
G1 X89.24 Y99.044 E610.49802
G0 F7200 X89.1 Y99.044
G0 X89.1 Y96.612
G0 X89.24 Y96.612
G1 F3600 X83.388 Y90.76 E610.54991
G1 X83.382 Y90.76
G1 X74.902 Y99.24 E610.62511
G1 X74.897 Y99.24
G1 X66.417 Y90.76 E610.7003
G1 X66.411 Y90.76
G1 X57.931 Y99.24 E610.7755
G1 X57.926 Y99.24
G1 X49.447 Y90.76 E610.85069
G1 X49.441 Y90.76
G1 X40.961 Y99.24 E610.92588
G1 X40.956 Y99.24
G1 X40.76 Y99.044 E610.92762
G0 F7200 X40.9 Y99.044
G0 X40.9 Y93.784
G0 X40.76 Y93.784
G1 F3600 X43.784 Y90.76 E610.95444
G1 X43.79 Y90.76
G1 X52.269 Y99.24 E611.02963
G1 X52.274 Y99.24
G1 X60.755 Y90.76 E611.10483
G1 X60.76 Y90.76
G1 X69.24 Y99.24 E611.18002
G1 X69.245 Y99.24
G1 X77.725 Y90.76 E611.25522
G1 X77.731 Y90.76
G1 X86.21 Y99.24 E611.33041
G1 X86.215 Y99.24
G1 X89.24 Y96.216 E611.35723
G1 X89.268 Y96.188
G0 F7200 X89.1 Y96.188
G0 X89.1 Y90.955
G0 X89.24 Y90.955
G1 F3600 X89.045 Y90.76 E611.35896
G1 X89.039 Y90.76
G1 X80.559 Y99.24 E611.43415
G1 X80.554 Y99.24
G1 X72.074 Y90.76 E611.50935
G1 X72.068 Y90.76
G1 X63.588 Y99.24 E611.58454
G1 X63.583 Y99.24
G1 X55.103 Y90.76 E611.65974
G1 X55.098 Y90.76
G1 X46.617 Y99.24 E611.73494
G1 X46.612 Y99.24
G1 X40.76 Y93.387 E611.78684
G1 X40.732 Y93.359
G0 F7200 X40.9 Y93.359
G0 X89.13 Y99.13
G0 X89.4 Y99.4
;TYPE:WALL-INNER
G1 F3600 X89.4 Y90.6 E611.84201
G1 X40.6 Y90.6 E612.148
G1 X40.6 Y99.4 E612.20318
G1 X89.4 Y99.4 E612.50916
G0 F7200 X89.8 Y99.8
;TYPE:WALL-OUTER
G1 F1800 X89.8 Y90.2 E612.56935
G1 X40.2 Y90.2 E612.88036
G1 X40.2 Y99.8 E612.94055
G1 X89.8 Y99.8 E613.25155
G0 F7200 X89.8 Y99.6
G0 X88.8 Y98.918
;MESH:NONMESH
G0 F600 X88.8 Y98.918 Z17.7
G0 F7200 X40.956 Y90.9
G0 X40.956 Y90.76
;TIME_ELAPSED:2598.136846
;LAYER:174
;TYPE:FILL
;MESH:test.stl
G1 F3600 X40.76 Y90.955 E613.25328
G0 F7200 X40.961 Y90.76
G1 F3600 X49.441 Y99.24 E613.32848
G1 X49.446 Y99.24
G1 X57.926 Y90.76 E613.40368
G1 X57.932 Y90.76
G1 X66.411 Y99.24 E613.47887
G1 X66.416 Y99.24
G1 X74.897 Y90.76 E613.55407
G1 X74.902 Y90.76
G1 X83.382 Y99.24 E613.62926
G1 X83.387 Y99.24
G1 X89.24 Y93.388 E613.68116
G0 F7200 X89.24 Y93.784
G1 F3600 X86.216 Y90.76 E613.70797
G1 X86.21 Y90.76
G1 X77.73 Y99.24 E613.78317
G1 X77.725 Y99.24
G1 X69.246 Y90.76 E613.85836
G1 X69.24 Y90.76
G1 X60.76 Y99.24 E613.93355
G1 X60.755 Y99.24
G1 X52.275 Y90.76 E614.00875
G1 X52.269 Y90.76
G1 X43.789 Y99.24 E614.08395
G1 X43.784 Y99.24
G1 X40.76 Y96.215 E614.11076
G0 F7200 X40.76 Y96.612
G1 F3600 X46.612 Y90.76 E614.16266
G1 X46.618 Y90.76
G1 X55.098 Y99.24 E614.23785
G1 X55.103 Y99.24
G1 X63.583 Y90.76 E614.31305
G1 X63.589 Y90.76
G1 X72.068 Y99.24 E614.38824
G1 X72.073 Y99.24
G1 X80.554 Y90.76 E614.46344
G1 X80.559 Y90.76
G1 X89.039 Y99.24 E614.53863
G1 X89.044 Y99.24
G1 X89.24 Y99.044 E614.54037
G0 F7200 X89.1 Y99.044
G0 X89.1 Y96.612
G0 X89.24 Y96.612
G1 F3600 X83.388 Y90.76 E614.59226
G1 X83.382 Y90.76
G1 X74.902 Y99.24 E614.66746
G1 X74.897 Y99.24
G1 X66.417 Y90.76 E614.74265
G1 X66.411 Y90.76
G1 X57.931 Y99.24 E614.81785
G1 X57.926 Y99.24
G1 X49.447 Y90.76 E614.89304
G1 X49.441 Y90.76
G1 X40.961 Y99.24 E614.96824
G1 X40.956 Y99.24
G1 X40.76 Y99.044 E614.96997
G0 F7200 X40.9 Y99.044
G0 X40.9 Y93.784
G0 X40.76 Y93.784
G1 F3600 X43.784 Y90.76 E614.99679
G1 X43.79 Y90.76
G1 X52.269 Y99.24 E615.07198
G1 X52.274 Y99.24
G1 X60.755 Y90.76 E615.14718
G1 X60.76 Y90.76
G1 X69.24 Y99.24 E615.22238
G1 X69.245 Y99.24
G1 X77.725 Y90.76 E615.29757
G1 X77.731 Y90.76
G1 X86.21 Y99.24 E615.37276
G1 X86.215 Y99.24
G1 X89.24 Y96.216 E615.39958
G1 X89.268 Y96.188
G0 F7200 X89.1 Y96.188
G0 X89.1 Y90.955
G0 X89.24 Y90.955
G1 F3600 X89.045 Y90.76 E615.40131
G1 X89.039 Y90.76
G1 X80.559 Y99.24 E615.47651
G1 X80.554 Y99.24
G1 X72.074 Y90.76 E615.5517
G1 X72.068 Y90.76
G1 X63.588 Y99.24 E615.6269
G1 X63.583 Y99.24
G1 X55.103 Y90.76 E615.70209
G1 X55.098 Y90.76
G1 X46.617 Y99.24 E615.77729
G1 X46.612 Y99.24
G1 X40.76 Y93.387 E615.82919
G1 X40.732 Y93.359
G0 F7200 X40.9 Y93.359
G0 X89.13 Y99.13
G0 X89.4 Y99.4
;TYPE:WALL-INNER
G1 F3600 X89.4 Y90.6 E615.88437
G1 X40.6 Y90.6 E616.19035
G1 X40.6 Y99.4 E616.24553
G1 X89.4 Y99.4 E616.55151
G0 F7200 X89.8 Y99.8
;TYPE:WALL-OUTER
G1 F1800 X89.8 Y90.2 E616.61171
G1 X40.2 Y90.2 E616.92271
G1 X40.2 Y99.8 E616.9829
G1 X89.8 Y99.8 E617.2939
G0 F7200 X89.8 Y99.6
G0 X88.8 Y98.918
;MESH:NONMESH
G0 F600 X88.8 Y98.918 Z17.8
G0 F7200 X40.956 Y90.9
G0 X40.956 Y90.76
;TIME_ELAPSED:2612.375100
;LAYER:175
;TYPE:FILL
;MESH:test.stl
G1 F3600 X40.76 Y90.955 E617.29564
G0 F7200 X40.961 Y90.76
G1 F3600 X49.441 Y99.24 E617.37083
G1 X49.446 Y99.24
G1 X57.926 Y90.76 E617.44603
G1 X57.932 Y90.76
G1 X66.411 Y99.24 E617.52122
G1 X66.416 Y99.24
G1 X74.897 Y90.76 E617.59642
G1 X74.902 Y90.76
G1 X83.382 Y99.24 E617.67161
G1 X83.387 Y99.24
G1 X89.24 Y93.388 E617.72351
G0 F7200 X89.24 Y93.784
G1 F3600 X86.216 Y90.76 E617.75032
G1 X86.21 Y90.76
G1 X77.73 Y99.24 E617.82552
G1 X77.725 Y99.24
G1 X69.246 Y90.76 E617.90071
G1 X69.24 Y90.76
G1 X60.76 Y99.24 E617.97591
G1 X60.755 Y99.24
G1 X52.275 Y90.76 E618.0511
G1 X52.269 Y90.76
G1 X43.789 Y99.24 E618.1263
G1 X43.784 Y99.24
G1 X40.76 Y96.215 E618.15312
G0 F7200 X40.76 Y96.612
G1 F3600 X46.612 Y90.76 E618.20501
G1 X46.618 Y90.76
G1 X55.098 Y99.24 E618.2802
G1 X55.103 Y99.24
G1 X63.583 Y90.76 E618.3554
G1 X63.589 Y90.76
G1 X72.068 Y99.24 E618.43059
G1 X72.073 Y99.24
G1 X80.554 Y90.76 E618.50579
G1 X80.559 Y90.76
G1 X89.039 Y99.24 E618.58099
G1 X89.044 Y99.24
G1 X89.24 Y99.044 E618.58272
G0 F7200 X89.1 Y99.044
G0 X89.1 Y96.612
G0 X89.24 Y96.612
G1 F3600 X83.388 Y90.76 E618.63462
G1 X83.382 Y90.76
G1 X74.902 Y99.24 E618.70981
G1 X74.897 Y99.24
G1 X66.417 Y90.76 E618.78501
G1 X66.411 Y90.76
G1 X57.931 Y99.24 E618.8602
G1 X57.926 Y99.24
G1 X49.447 Y90.76 E618.93539
G1 X49.441 Y90.76
G1 X40.961 Y99.24 E619.01059
G1 X40.956 Y99.24
G1 X40.76 Y99.044 E619.01233
G0 F7200 X40.9 Y99.044
G0 X40.9 Y93.784
G0 X40.76 Y93.784
G1 F3600 X43.784 Y90.76 E619.03914
G1 X43.79 Y90.76
G1 X52.269 Y99.24 E619.11433
G1 X52.274 Y99.24
G1 X60.755 Y90.76 E619.18953
G1 X60.76 Y90.76
G1 X69.24 Y99.24 E619.26473
G1 X69.245 Y99.24
G1 X77.725 Y90.76 E619.33992
G1 X77.731 Y90.76
G1 X86.21 Y99.24 E619.41511
G1 X86.215 Y99.24
G1 X89.24 Y96.216 E619.44193
G1 X89.268 Y96.188
G0 F7200 X89.1 Y96.188
G0 X89.1 Y90.955
G0 X89.24 Y90.955
G1 F3600 X89.045 Y90.76 E619.44366
G1 X89.039 Y90.76
G1 X80.559 Y99.24 E619.51886
G1 X80.554 Y99.24
G1 X72.074 Y90.76 E619.59405
G1 X72.068 Y90.76
G1 X63.588 Y99.24 E619.66925
G1 X63.583 Y99.24
G1 X55.103 Y90.76 E619.74444
G1 X55.098 Y90.76
G1 X46.617 Y99.24 E619.81964
G1 X46.612 Y99.24
G1 X40.76 Y93.387 E619.87154
G1 X40.732 Y93.359
G0 F7200 X40.9 Y93.359
G0 X89.13 Y99.13
G0 X89.4 Y99.4
;TYPE:WALL-INNER
G1 F3600 X89.4 Y90.6 E619.92672
G1 X40.6 Y90.6 E620.2327
G1 X40.6 Y99.4 E620.28788
G1 X89.4 Y99.4 E620.59387
G0 F7200 X89.8 Y99.8
;TYPE:WALL-OUTER
G1 F1800 X89.8 Y90.2 E620.65406
G1 X40.2 Y90.2 E620.96506
G1 X40.2 Y99.8 E621.02525
G1 X89.8 Y99.8 E621.33626
G0 F7200 X89.8 Y99.6
G0 X88.8 Y98.918
;MESH:NONMESH
G0 F600 X88.8 Y98.918 Z17.9
G0 F7200 X40.956 Y90.9
G0 X40.956 Y90.76
;TIME_ELAPSED:2626.613354
;LAYER:176
;TYPE:FILL
;MESH:test.stl
G1 F3600 X40.76 Y90.955 E621.33799
G0 F7200 X40.961 Y90.76
G1 F3600 X49.441 Y99.24 E621.41318
G1 X49.446 Y99.24
G1 X57.926 Y90.76 E621.48838
G1 X57.932 Y90.76
G1 X66.411 Y99.24 E621.56357
G1 X66.416 Y99.24
G1 X74.897 Y90.76 E621.63877
G1 X74.902 Y90.76
G1 X83.382 Y99.24 E621.71397
G1 X83.387 Y99.24
G1 X89.24 Y93.388 E621.76586
G0 F7200 X89.24 Y93.784
G1 F3600 X86.216 Y90.76 E621.79268
G1 X86.21 Y90.76
G1 X77.73 Y99.24 E621.86787
G1 X77.725 Y99.24
G1 X69.246 Y90.76 E621.94306
G1 X69.24 Y90.76
G1 X60.76 Y99.24 E622.01826
G1 X60.755 Y99.24
G1 X52.275 Y90.76 E622.09345
G1 X52.269 Y90.76
G1 X43.789 Y99.24 E622.16865
G1 X43.784 Y99.24
G1 X40.76 Y96.215 E622.19547
G0 F7200 X40.76 Y96.612
G1 F3600 X46.612 Y90.76 E622.24736
G1 X46.618 Y90.76
G1 X55.098 Y99.24 E622.32256
G1 X55.103 Y99.24
G1 X63.583 Y90.76 E622.39775
G1 X63.589 Y90.76
G1 X72.068 Y99.24 E622.47294
G1 X72.073 Y99.24
G1 X80.554 Y90.76 E622.54814
G1 X80.559 Y90.76
G1 X89.039 Y99.24 E622.62334
G1 X89.044 Y99.24
G1 X89.24 Y99.044 E622.62508
G0 F7200 X89.1 Y99.044
G0 X89.1 Y96.612
G0 X89.24 Y96.612
G1 F3600 X83.388 Y90.76 E622.67697
G1 X83.382 Y90.76
G1 X74.902 Y99.24 E622.75216
G1 X74.897 Y99.24
G1 X66.417 Y90.76 E622.82736
G1 X66.411 Y90.76
G1 X57.931 Y99.24 E622.90255
G1 X57.926 Y99.24
G1 X49.447 Y90.76 E622.97775
G1 X49.441 Y90.76
G1 X40.961 Y99.24 E623.05294
G1 X40.956 Y99.24
G1 X40.76 Y99.044 E623.05468
G0 F7200 X40.9 Y99.044
G0 X40.9 Y93.784
G0 X40.76 Y93.784
G1 F3600 X43.784 Y90.76 E623.08149
G1 X43.79 Y90.76
G1 X52.269 Y99.24 E623.15668
G1 X52.274 Y99.24
G1 X60.755 Y90.76 E623.23188
G1 X60.76 Y90.76
G1 X69.24 Y99.24 E623.30708
G1 X69.245 Y99.24
G1 X77.725 Y90.76 E623.38227
G1 X77.731 Y90.76
G1 X86.21 Y99.24 E623.45747
G1 X86.215 Y99.24
G1 X89.24 Y96.216 E623.48429
G1 X89.268 Y96.188
G0 F7200 X89.1 Y96.188
G0 X89.1 Y90.955
G0 X89.24 Y90.955
G1 F3600 X89.045 Y90.76 E623.48601
G1 X89.039 Y90.76
G1 X80.559 Y99.24 E623.56121
G1 X80.554 Y99.24
G1 X72.074 Y90.76 E623.63641
G1 X72.068 Y90.76
G1 X63.588 Y99.24 E623.7116
G1 X63.583 Y99.24
G1 X55.103 Y90.76 E623.7868
G1 X55.098 Y90.76
G1 X46.617 Y99.24 E623.862
G1 X46.612 Y99.24
G1 X40.76 Y93.387 E623.91389
G1 X40.732 Y93.359
G0 F7200 X40.9 Y93.359
G0 X89.13 Y99.13
G0 X89.4 Y99.4
;TYPE:WALL-INNER
G1 F3600 X89.4 Y90.6 E623.96907
G1 X40.6 Y90.6 E624.27505
G1 X40.6 Y99.4 E624.33023
G1 X89.4 Y99.4 E624.63622
G0 F7200 X89.8 Y99.8
;TYPE:WALL-OUTER
G1 F1800 X89.8 Y90.2 E624.69641
G1 X40.2 Y90.2 E625.00741
G1 X40.2 Y99.8 E625.06761
G1 X89.8 Y99.8 E625.37861
G0 F7200 X89.8 Y99.6
G0 X88.8 Y98.918
;MESH:NONMESH
G0 F600 X88.8 Y98.918 Z18
G0 F7200 X40.956 Y90.9
G0 X40.956 Y90.76
;TIME_ELAPSED:2640.851607
;LAYER:177
;TYPE:FILL
;MESH:test.stl
G1 F3600 X40.76 Y90.955 E625.38034
G0 F7200 X40.961 Y90.76
G1 F3600 X49.441 Y99.24 E625.45554
G1 X49.446 Y99.24
G1 X57.926 Y90.76 E625.53073
G1 X57.932 Y90.76
G1 X66.411 Y99.24 E625.60592
G1 X66.416 Y99.24
G1 X74.897 Y90.76 E625.68112
G1 X74.902 Y90.76
G1 X83.382 Y99.24 E625.75632
G1 X83.387 Y99.24
G1 X89.24 Y93.388 E625.80821
G0 F7200 X89.24 Y93.784
G1 F3600 X86.216 Y90.76 E625.83503
G1 X86.21 Y90.76
G1 X77.73 Y99.24 E625.91022
G1 X77.725 Y99.24
G1 X69.246 Y90.76 E625.98542
G1 X69.24 Y90.76
G1 X60.76 Y99.24 E626.06061
G1 X60.755 Y99.24
G1 X52.275 Y90.76 E626.13581
G1 X52.269 Y90.76
G1 X43.789 Y99.24 E626.211
G1 X43.784 Y99.24
G1 X40.76 Y96.215 E626.23782
G0 F7200 X40.76 Y96.612
G1 F3600 X46.612 Y90.76 E626.28971
G1 X46.618 Y90.76
G1 X55.098 Y99.24 E626.36491
G1 X55.103 Y99.24
G1 X63.583 Y90.76 E626.4401
G1 X63.589 Y90.76
G1 X72.068 Y99.24 E626.51529
G1 X72.073 Y99.24
G1 X80.554 Y90.76 E626.59049
G1 X80.559 Y90.76
G1 X89.039 Y99.24 E626.66569
G1 X89.044 Y99.24
G1 X89.24 Y99.044 E626.66743
G0 F7200 X89.1 Y99.044
G0 X89.1 Y96.612
G0 X89.24 Y96.612
G1 F3600 X83.388 Y90.76 E626.71932
G1 X83.382 Y90.76
G1 X74.902 Y99.24 E626.79452
G1 X74.897 Y99.24
G1 X66.417 Y90.76 E626.86971
G1 X66.411 Y90.76
G1 X57.931 Y99.24 E626.94491
G1 X57.926 Y99.24
G1 X49.447 Y90.76 E627.0201
G1 X49.441 Y90.76
G1 X40.961 Y99.24 E627.09529
G1 X40.956 Y99.24
G1 X40.76 Y99.044 E627.09703
G0 F7200 X40.9 Y99.044
G0 X40.9 Y93.784
G0 X40.76 Y93.784
G1 F3600 X43.784 Y90.76 E627.12385
G1 X43.79 Y90.76
G1 X52.269 Y99.24 E627.19904
G1 X52.274 Y99.24
G1 X60.755 Y90.76 E627.27424
G1 X60.76 Y90.76
G1 X69.24 Y99.24 E627.34943
G1 X69.245 Y99.24
G1 X77.725 Y90.76 E627.42463
G1 X77.731 Y90.76
G1 X86.21 Y99.24 E627.49982
G1 X86.215 Y99.24
G1 X89.24 Y96.216 E627.52664
G1 X89.268 Y96.188
G0 F7200 X89.1 Y96.188
G0 X89.1 Y90.955
G0 X89.24 Y90.955
G1 F3600 X89.045 Y90.76 E627.52837
G1 X89.039 Y90.76
G1 X80.559 Y99.24 E627.60356
G1 X80.554 Y99.24
G1 X72.074 Y90.76 E627.67876
G1 X72.068 Y90.76
G1 X63.588 Y99.24 E627.75395
G1 X63.583 Y99.24
G1 X55.103 Y90.76 E627.82915
G1 X55.098 Y90.76
G1 X46.617 Y99.24 E627.90435
G1 X46.612 Y99.24
G1 X40.76 Y93.387 E627.95624
G1 X40.732 Y93.359
G0 F7200 X40.9 Y93.359
G0 X89.13 Y99.13
G0 X89.4 Y99.4
;TYPE:WALL-INNER
G1 F3600 X89.4 Y90.6 E628.01142
G1 X40.6 Y90.6 E628.31741
G1 X40.6 Y99.4 E628.37258
G1 X89.4 Y99.4 E628.67857
G0 F7200 X89.8 Y99.8
;TYPE:WALL-OUTER
G1 F1800 X89.8 Y90.2 E628.73876
G1 X40.2 Y90.2 E629.04976
G1 X40.2 Y99.8 E629.10996
G1 X89.8 Y99.8 E629.42096
G0 F7200 X89.8 Y99.6
G0 X88.8 Y98.918
;MESH:NONMESH
G0 F600 X88.8 Y98.918 Z18.1
G0 F7200 X40.956 Y90.9
G0 X40.956 Y90.76
;TIME_ELAPSED:2655.089861
;LAYER:178
;TYPE:FILL
;MESH:test.stl
G1 F3600 X40.76 Y90.955 E629.42269
G0 F7200 X40.961 Y90.76
G1 F3600 X49.441 Y99.24 E629.49789
G1 X49.446 Y99.24
G1 X57.926 Y90.76 E629.57308
G1 X57.932 Y90.76
G1 X66.411 Y99.24 E629.64828
G1 X66.416 Y99.24
G1 X74.897 Y90.76 E629.72347
G1 X74.902 Y90.76
G1 X83.382 Y99.24 E629.79867
G1 X83.387 Y99.24
G1 X89.24 Y93.388 E629.85057
G0 F7200 X89.24 Y93.784
G1 F3600 X86.216 Y90.76 E629.87738
G1 X86.21 Y90.76
G1 X77.73 Y99.24 E629.95258
G1 X77.725 Y99.24
G1 X69.246 Y90.76 E630.02777
G1 X69.24 Y90.76
G1 X60.76 Y99.24 E630.10296
G1 X60.755 Y99.24
G1 X52.275 Y90.76 E630.17816
G1 X52.269 Y90.76
G1 X43.789 Y99.24 E630.25335
G1 X43.784 Y99.24
G1 X40.76 Y96.215 E630.28017
G0 F7200 X40.76 Y96.612
G1 F3600 X46.612 Y90.76 E630.33207
G1 X46.618 Y90.76
G1 X55.098 Y99.24 E630.40726
G1 X55.103 Y99.24
G1 X63.583 Y90.76 E630.48246
G1 X63.589 Y90.76
G1 X72.068 Y99.24 E630.55765
G1 X72.073 Y99.24
G1 X80.554 Y90.76 E630.63285
G1 X80.559 Y90.76
G1 X89.039 Y99.24 E630.70804
G1 X89.044 Y99.24
G1 X89.24 Y99.044 E630.70978
G0 F7200 X89.1 Y99.044
G0 X89.1 Y96.612
G0 X89.24 Y96.612
G1 F3600 X83.388 Y90.76 E630.76167
G1 X83.382 Y90.76
G1 X74.902 Y99.24 E630.83687
G1 X74.897 Y99.24
G1 X66.417 Y90.76 E630.91206
G1 X66.411 Y90.76
G1 X57.931 Y99.24 E630.98726
G1 X57.926 Y99.24
G1 X49.447 Y90.76 E631.06245
G1 X49.441 Y90.76
G1 X40.961 Y99.24 E631.13764
G1 X40.956 Y99.24
G1 X40.76 Y99.044 E631.13938
G0 F7200 X40.9 Y99.044
G0 X40.9 Y93.784
G0 X40.76 Y93.784
G1 F3600 X43.784 Y90.76 E631.1662
G1 X43.79 Y90.76
G1 X52.269 Y99.24 E631.24139
G1 X52.274 Y99.24
G1 X60.755 Y90.76 E631.31659
G1 X60.76 Y90.76
G1 X69.24 Y99.24 E631.39178
G1 X69.245 Y99.24
G1 X77.725 Y90.76 E631.46698
G1 X77.731 Y90.76
G1 X86.21 Y99.24 E631.54217
G1 X86.215 Y99.24
G1 X89.24 Y96.216 E631.56899
G1 X89.268 Y96.188
G0 F7200 X89.1 Y96.188
G0 X89.1 Y90.955
G0 X89.24 Y90.955
G1 F3600 X89.045 Y90.76 E631.57072
G1 X89.039 Y90.76
G1 X80.559 Y99.24 E631.64591
G1 X80.554 Y99.24
G1 X72.074 Y90.76 E631.72111
G1 X72.068 Y90.76
G1 X63.588 Y99.24 E631.79631
G1 X63.583 Y99.24
G1 X55.103 Y90.76 E631.8715
G1 X55.098 Y90.76
G1 X46.617 Y99.24 E631.9467
G1 X46.612 Y99.24
G1 X40.76 Y93.387 E631.9986
G1 X40.732 Y93.359
G0 F7200 X40.9 Y93.359
G0 X89.13 Y99.13
G0 X89.4 Y99.4
;TYPE:WALL-INNER
G1 F3600 X89.4 Y90.6 E632.05377
G1 X40.6 Y90.6 E632.35976
G1 X40.6 Y99.4 E632.41494
G1 X89.4 Y99.4 E632.72092
G0 F7200 X89.8 Y99.8
;TYPE:WALL-OUTER
G1 F1800 X89.8 Y90.2 E632.78112
G1 X40.2 Y90.2 E633.09212
G1 X40.2 Y99.8 E633.15231
G1 X89.8 Y99.8 E633.46331
G0 F7200 X89.8 Y99.6
G0 X88.8 Y98.918
;MESH:NONMESH
G0 F600 X88.8 Y98.918 Z18.2
G0 F7200 X40.956 Y90.9
G0 X40.956 Y90.76
;TIME_ELAPSED:2669.328115
;LAYER:179
;TYPE:FILL
;MESH:test.stl
G1 F3600 X40.76 Y90.955 E633.46505
G0 F7200 X40.961 Y90.76
G1 F3600 X49.441 Y99.24 E633.54024
G1 X49.446 Y99.24
G1 X57.926 Y90.76 E633.61544
G1 X57.932 Y90.76
G1 X66.411 Y99.24 E633.69063
G1 X66.416 Y99.24
G1 X74.897 Y90.76 E633.76583
G1 X74.902 Y90.76
G1 X83.382 Y99.24 E633.84102
G1 X83.387 Y99.24
G1 X89.24 Y93.388 E633.89292
G0 F7200 X89.24 Y93.784
G1 F3600 X86.216 Y90.76 E633.91973
G1 X86.21 Y90.76
G1 X77.73 Y99.24 E633.99493
G1 X77.725 Y99.24
G1 X69.246 Y90.76 E634.07012
G1 X69.24 Y90.76
G1 X60.76 Y99.24 E634.14532
G1 X60.755 Y99.24
G1 X52.275 Y90.76 E634.22051
G1 X52.269 Y90.76
G1 X43.789 Y99.24 E634.29571
G1 X43.784 Y99.24
G1 X40.76 Y96.215 E634.32253
G0 F7200 X40.76 Y96.612
G1 F3600 X46.612 Y90.76 E634.37442
G1 X46.618 Y90.76
G1 X55.098 Y99.24 E634.44961
G1 X55.103 Y99.24
G1 X63.583 Y90.76 E634.52481
G1 X63.589 Y90.76
G1 X72.068 Y99.24 E634.6
G1 X72.073 Y99.24
G1 X80.554 Y90.76 E634.6752
G1 X80.559 Y90.76
G1 X89.039 Y99.24 E634.75039
G1 X89.044 Y99.24
G1 X89.24 Y99.044 E634.75213
G0 F7200 X89.1 Y99.044
G0 X89.1 Y96.612
G0 X89.24 Y96.612
G1 F3600 X83.388 Y90.76 E634.80402
G1 X83.382 Y90.76
G1 X74.902 Y99.24 E634.87922
G1 X74.897 Y99.24
G1 X66.417 Y90.76 E634.95442
G1 X66.411 Y90.76
G1 X57.931 Y99.24 E635.02961
G1 X57.926 Y99.24
G1 X49.447 Y90.76 E635.1048
G1 X49.441 Y90.76
G1 X40.961 Y99.24 E635.18
G1 X40.956 Y99.24
G1 X40.76 Y99.044 E635.18174
G0 F7200 X40.9 Y99.044
G0 X40.9 Y93.784
G0 X40.76 Y93.784
G1 F3600 X43.784 Y90.76 E635.20855
G1 X43.79 Y90.76
G1 X52.269 Y99.24 E635.28374
G1 X52.274 Y99.24
G1 X60.755 Y90.76 E635.35894
G1 X60.76 Y90.76
G1 X69.24 Y99.24 E635.43414
G1 X69.245 Y99.24
G1 X77.725 Y90.76 E635.50933
G1 X77.731 Y90.76
G1 X86.21 Y99.24 E635.58452
G1 X86.215 Y99.24
G1 X89.24 Y96.216 E635.61134
G1 X89.268 Y96.188
G0 F7200 X89.1 Y96.188
G0 X89.1 Y90.955
G0 X89.24 Y90.955
G1 F3600 X89.045 Y90.76 E635.61307
G1 X89.039 Y90.76
G1 X80.559 Y99.24 E635.68827
G1 X80.554 Y99.24
G1 X72.074 Y90.76 E635.76346
G1 X72.068 Y90.76
G1 X63.588 Y99.24 E635.83866
G1 X63.583 Y99.24
G1 X55.103 Y90.76 E635.91385
G1 X55.098 Y90.76
G1 X46.617 Y99.24 E635.98905
G1 X46.612 Y99.24
G1 X40.76 Y93.387 E636.04095
G1 X40.732 Y93.359
G0 F7200 X40.9 Y93.359
G0 X89.13 Y99.13
G0 X89.4 Y99.4
;TYPE:WALL-INNER
G1 F3600 X89.4 Y90.6 E636.09613
G1 X40.6 Y90.6 E636.40211
G1 X40.6 Y99.4 E636.45729
G1 X89.4 Y99.4 E636.76327
G0 F7200 X89.8 Y99.8
;TYPE:WALL-OUTER
G1 F1800 X89.8 Y90.2 E636.82347
G1 X40.2 Y90.2 E637.13447
G1 X40.2 Y99.8 E637.19466
G1 X89.8 Y99.8 E637.50566
G0 F7200 X89.8 Y99.6
G0 X88.8 Y98.918
;MESH:NONMESH
G0 F600 X88.8 Y98.918 Z18.3
G0 F7200 X40.956 Y90.9
G0 X40.956 Y90.76
;TIME_ELAPSED:2683.566369
;LAYER:180
;TYPE:FILL
;MESH:test.stl
G1 F3600 X40.76 Y90.955 E637.5074
G0 F7200 X40.961 Y90.76
G1 F3600 X49.441 Y99.24 E637.58259
G1 X49.446 Y99.24
G1 X57.926 Y90.76 E637.65779
G1 X57.932 Y90.76
G1 X66.411 Y99.24 E637.73298
G1 X66.416 Y99.24
G1 X74.897 Y90.76 E637.80818
G1 X74.902 Y90.76
G1 X83.382 Y99.24 E637.88337
G1 X83.387 Y99.24
G1 X89.24 Y93.388 E637.93527
G0 F7200 X89.24 Y93.784
G1 F3600 X86.216 Y90.76 E637.96209
G1 X86.21 Y90.76
G1 X77.73 Y99.24 E638.03728
G1 X77.725 Y99.24
G1 X69.246 Y90.76 E638.11247
G1 X69.24 Y90.76
G1 X60.76 Y99.24 E638.18767
G1 X60.755 Y99.24
G1 X52.275 Y90.76 E638.26286
G1 X52.269 Y90.76
G1 X43.789 Y99.24 E638.33806
G1 X43.784 Y99.24
G1 X40.76 Y96.215 E638.36488
G0 F7200 X40.76 Y96.612
G1 F3600 X46.612 Y90.76 E638.41677
G1 X46.618 Y90.76
G1 X55.098 Y99.24 E638.49197
G1 X55.103 Y99.24
G1 X63.583 Y90.76 E638.56716
G1 X63.589 Y90.76
G1 X72.068 Y99.24 E638.64235
G1 X72.073 Y99.24
G1 X80.554 Y90.76 E638.71755
G1 X80.559 Y90.76
G1 X89.039 Y99.24 E638.79275
G1 X89.044 Y99.24
G1 X89.24 Y99.044 E638.79449
G0 F7200 X89.1 Y99.044
G0 X89.1 Y96.612
G0 X89.24 Y96.612
G1 F3600 X83.388 Y90.76 E638.84638
G1 X83.382 Y90.76
G1 X74.902 Y99.24 E638.92157
G1 X74.897 Y99.24
G1 X66.417 Y90.76 E638.99677
G1 X66.411 Y90.76
G1 X57.931 Y99.24 E639.07196
G1 X57.926 Y99.24
G1 X49.447 Y90.76 E639.14715
G1 X49.441 Y90.76
G1 X40.961 Y99.24 E639.22235
G1 X40.956 Y99.24
G1 X40.76 Y99.044 E639.22409
G0 F7200 X40.9 Y99.044
G0 X40.9 Y93.784
G0 X40.76 Y93.784
G1 F3600 X43.784 Y90.76 E639.2509
G1 X43.79 Y90.76
G1 X52.269 Y99.24 E639.32609
G1 X52.274 Y99.24
G1 X60.755 Y90.76 E639.40129
G1 X60.76 Y90.76
G1 X69.24 Y99.24 E639.47649
G1 X69.245 Y99.24
G1 X77.725 Y90.76 E639.55168
G1 X77.731 Y90.76
G1 X86.21 Y99.24 E639.62687
G1 X86.215 Y99.24
G1 X89.24 Y96.216 E639.65369
G1 X89.268 Y96.188
G0 F7200 X89.1 Y96.188
G0 X89.1 Y90.955
G0 X89.24 Y90.955
G1 F3600 X89.045 Y90.76 E639.65542
G1 X89.039 Y90.76
G1 X80.559 Y99.24 E639.73062
G1 X80.554 Y99.24
G1 X72.074 Y90.76 E639.80581
G1 X72.068 Y90.76
G1 X63.588 Y99.24 E639.88101
G1 X63.583 Y99.24
G1 X55.103 Y90.76 E639.95621
G1 X55.098 Y90.76
G1 X46.617 Y99.24 E640.0314
G1 X46.612 Y99.24
G1 X40.76 Y93.387 E640.0833
G1 X40.732 Y93.359
G0 F7200 X40.9 Y93.359
G0 X89.13 Y99.13
G0 X89.4 Y99.4
;TYPE:WALL-INNER
G1 F3600 X89.4 Y90.6 E640.13848
G1 X40.6 Y90.6 E640.44446
G1 X40.6 Y99.4 E640.49964
G1 X89.4 Y99.4 E640.80563
G0 F7200 X89.8 Y99.8
;TYPE:WALL-OUTER
G1 F1800 X89.8 Y90.2 E640.86582
G1 X40.2 Y90.2 E641.17682
G1 X40.2 Y99.8 E641.23702
G1 X89.8 Y99.8 E641.54802
G0 F7200 X89.8 Y99.6
G0 X88.8 Y98.918
;MESH:NONMESH
G0 F600 X88.8 Y98.918 Z18.4
G0 F7200 X40.956 Y90.9
G0 X40.956 Y90.76
;TIME_ELAPSED:2697.804622
;LAYER:181
;TYPE:FILL
;MESH:test.stl
G1 F3600 X40.76 Y90.955 E641.54975
G0 F7200 X40.961 Y90.76
G1 F3600 X49.441 Y99.24 E641.62495
G1 X49.446 Y99.24
G1 X57.926 Y90.76 E641.70014
G1 X57.932 Y90.76
G1 X66.411 Y99.24 E641.77533
G1 X66.416 Y99.24
G1 X74.897 Y90.76 E641.85053
G1 X74.902 Y90.76
G1 X83.382 Y99.24 E641.92573
G1 X83.387 Y99.24
G1 X89.24 Y93.388 E641.97762
G0 F7200 X89.24 Y93.784
G1 F3600 X86.216 Y90.76 E642.00444
G1 X86.21 Y90.76
G1 X77.73 Y99.24 E642.07963
G1 X77.725 Y99.24
G1 X69.246 Y90.76 E642.15482
G1 X69.24 Y90.76
G1 X60.76 Y99.24 E642.23002
G1 X60.755 Y99.24
G1 X52.275 Y90.76 E642.30522
G1 X52.269 Y90.76
G1 X43.789 Y99.24 E642.38041
G1 X43.784 Y99.24
G1 X40.76 Y96.215 E642.40723
G0 F7200 X40.76 Y96.612
G1 F3600 X46.612 Y90.76 E642.45912
G1 X46.618 Y90.76
G1 X55.098 Y99.24 E642.53432
G1 X55.103 Y99.24
G1 X63.583 Y90.76 E642.60951
G1 X63.589 Y90.76
G1 X72.068 Y99.24 E642.6847
G1 X72.073 Y99.24
G1 X80.554 Y90.76 E642.7599
G1 X80.559 Y90.76
G1 X89.039 Y99.24 E642.8351
G1 X89.044 Y99.24
G1 X89.24 Y99.044 E642.83684
G0 F7200 X89.1 Y99.044
G0 X89.1 Y96.612
G0 X89.24 Y96.612
G1 F3600 X83.388 Y90.76 E642.88873
G1 X83.382 Y90.76
G1 X74.902 Y99.24 E642.96392
G1 X74.897 Y99.24
G1 X66.417 Y90.76 E643.03912
G1 X66.411 Y90.76
G1 X57.931 Y99.24 E643.11432
G1 X57.926 Y99.24
G1 X49.447 Y90.76 E643.18951
G1 X49.441 Y90.76
G1 X40.961 Y99.24 E643.2647
G1 X40.956 Y99.24
G1 X40.76 Y99.044 E643.26644
G0 F7200 X40.9 Y99.044
G0 X40.9 Y93.784
G0 X40.76 Y93.784
G1 F3600 X43.784 Y90.76 E643.29325
G1 X43.79 Y90.76
G1 X52.269 Y99.24 E643.36845
G1 X52.274 Y99.24
G1 X60.755 Y90.76 E643.44365
G1 X60.76 Y90.76
G1 X69.24 Y99.24 E643.51884
G1 X69.245 Y99.24
G1 X77.725 Y90.76 E643.59404
G1 X77.731 Y90.76
G1 X86.21 Y99.24 E643.66923
G1 X86.215 Y99.24
G1 X89.24 Y96.216 E643.69605
G1 X89.268 Y96.188
G0 F7200 X89.1 Y96.188
G0 X89.1 Y90.955
G0 X89.24 Y90.955
G1 F3600 X89.045 Y90.76 E643.69778
G1 X89.039 Y90.76
G1 X80.559 Y99.24 E643.77297
G1 X80.554 Y99.24
G1 X72.074 Y90.76 E643.84817
G1 X72.068 Y90.76
G1 X63.588 Y99.24 E643.92336
G1 X63.583 Y99.24
G1 X55.103 Y90.76 E643.99856
G1 X55.098 Y90.76
G1 X46.617 Y99.24 E644.07376
G1 X46.612 Y99.24
G1 X40.76 Y93.387 E644.12565
G1 X40.732 Y93.359
G0 F7200 X40.9 Y93.359
G0 X89.13 Y99.13
G0 X89.4 Y99.4
;TYPE:WALL-INNER
G1 F3600 X89.4 Y90.6 E644.18083
G1 X40.6 Y90.6 E644.48682
G1 X40.6 Y99.4 E644.54199
G1 X89.4 Y99.4 E644.84798
G0 F7200 X89.8 Y99.8
;TYPE:WALL-OUTER
G1 F1800 X89.8 Y90.2 E644.90817
G1 X40.2 Y90.2 E645.21917
G1 X40.2 Y99.8 E645.27937
G1 X89.8 Y99.8 E645.59037
G0 F7200 X89.8 Y99.6
G0 X88.8 Y98.918
;MESH:NONMESH
G0 F600 X88.8 Y98.918 Z18.5
G0 F7200 X40.956 Y90.9
G0 X40.956 Y90.76
;TIME_ELAPSED:2712.042876
;LAYER:182
;TYPE:FILL
;MESH:test.stl
G1 F3600 X40.76 Y90.955 E645.5921
G0 F7200 X40.961 Y90.76
G1 F3600 X49.441 Y99.24 E645.6673
G1 X49.446 Y99.24
G1 X57.926 Y90.76 E645.74249
G1 X57.932 Y90.76
G1 X66.411 Y99.24 E645.81768
G1 X66.416 Y99.24
G1 X74.897 Y90.76 E645.89288
G1 X74.902 Y90.76
G1 X83.382 Y99.24 E645.96808
G1 X83.387 Y99.24
G1 X89.24 Y93.388 E646.01998
G0 F7200 X89.24 Y93.784
G1 F3600 X86.216 Y90.76 E646.04679
G1 X86.21 Y90.76
G1 X77.73 Y99.24 E646.12199
G1 X77.725 Y99.24
G1 X69.246 Y90.76 E646.19718
G1 X69.24 Y90.76
G1 X60.76 Y99.24 E646.27237
G1 X60.755 Y99.24
G1 X52.275 Y90.76 E646.34757
G1 X52.269 Y90.76
G1 X43.789 Y99.24 E646.42276
G1 X43.784 Y99.24
G1 X40.76 Y96.215 E646.44958
G0 F7200 X40.76 Y96.612
G1 F3600 X46.612 Y90.76 E646.50147
G1 X46.618 Y90.76
G1 X55.098 Y99.24 E646.57667
G1 X55.103 Y99.24
G1 X63.583 Y90.76 E646.65187
G1 X63.589 Y90.76
G1 X72.068 Y99.24 E646.72706
G1 X72.073 Y99.24
G1 X80.554 Y90.76 E646.80226
G1 X80.559 Y90.76
G1 X89.039 Y99.24 E646.87745
G1 X89.044 Y99.24
G1 X89.24 Y99.044 E646.87919
G0 F7200 X89.1 Y99.044
G0 X89.1 Y96.612
G0 X89.24 Y96.612
G1 F3600 X83.388 Y90.76 E646.93108
G1 X83.382 Y90.76
G1 X74.902 Y99.24 E647.00628
G1 X74.897 Y99.24
G1 X66.417 Y90.76 E647.08147
G1 X66.411 Y90.76
G1 X57.931 Y99.24 E647.15667
G1 X57.926 Y99.24
G1 X49.447 Y90.76 E647.23186
G1 X49.441 Y90.76
G1 X40.961 Y99.24 E647.30705
G1 X40.956 Y99.24
G1 X40.76 Y99.044 E647.30879
G0 F7200 X40.9 Y99.044
G0 X40.9 Y93.784
G0 X40.76 Y93.784
G1 F3600 X43.784 Y90.76 E647.33561
G1 X43.79 Y90.76
G1 X52.269 Y99.24 E647.4108
G1 X52.274 Y99.24
G1 X60.755 Y90.76 E647.486
G1 X60.76 Y90.76
G1 X69.24 Y99.24 E647.56119
G1 X69.245 Y99.24
G1 X77.725 Y90.76 E647.63639
G1 X77.731 Y90.76
G1 X86.21 Y99.24 E647.71158
G1 X86.215 Y99.24
G1 X89.24 Y96.216 E647.7384
G1 X89.268 Y96.188
G0 F7200 X89.1 Y96.188
G0 X89.1 Y90.955
G0 X89.24 Y90.955
G1 F3600 X89.045 Y90.76 E647.74013
G1 X89.039 Y90.76
G1 X80.559 Y99.24 E647.81532
G1 X80.554 Y99.24
G1 X72.074 Y90.76 E647.89052
G1 X72.068 Y90.76
G1 X63.588 Y99.24 E647.96571
G1 X63.583 Y99.24
G1 X55.103 Y90.76 E648.04091
G1 X55.098 Y90.76
G1 X46.617 Y99.24 E648.11611
G1 X46.612 Y99.24
G1 X40.76 Y93.387 E648.16801
G1 X40.732 Y93.359
G0 F7200 X40.9 Y93.359
G0 X89.13 Y99.13
G0 X89.4 Y99.4
;TYPE:WALL-INNER
G1 F3600 X89.4 Y90.6 E648.22318
G1 X40.6 Y90.6 E648.52917
G1 X40.6 Y99.4 E648.58435
G1 X89.4 Y99.4 E648.89033
G0 F7200 X89.8 Y99.8
;TYPE:WALL-OUTER
G1 F1800 X89.8 Y90.2 E648.95052
G1 X40.2 Y90.2 E649.26153
G1 X40.2 Y99.8 E649.32172
G1 X89.8 Y99.8 E649.63272
G0 F7200 X89.8 Y99.6
G0 X88.8 Y98.918
;MESH:NONMESH
G0 F600 X88.8 Y98.918 Z18.6
G0 F7200 X40.956 Y90.9
G0 X40.956 Y90.76
;TIME_ELAPSED:2726.281130
;LAYER:183
;TYPE:FILL
;MESH:test.stl
G1 F3600 X40.76 Y90.955 E649.63445
G0 F7200 X40.961 Y90.76
G1 F3600 X49.441 Y99.24 E649.70965
G1 X49.446 Y99.24
G1 X57.926 Y90.76 E649.78485
G1 X57.932 Y90.76
G1 X66.411 Y99.24 E649.86004
G1 X66.416 Y99.24
G1 X74.897 Y90.76 E649.93524
G1 X74.902 Y90.76
G1 X83.382 Y99.24 E650.01043
G1 X83.387 Y99.24
G1 X89.24 Y93.388 E650.06233
G0 F7200 X89.24 Y93.784
G1 F3600 X86.216 Y90.76 E650.08914
G1 X86.21 Y90.76
G1 X77.73 Y99.24 E650.16434
G1 X77.725 Y99.24
G1 X69.246 Y90.76 E650.23953
G1 X69.24 Y90.76
G1 X60.76 Y99.24 E650.31472
G1 X60.755 Y99.24
G1 X52.275 Y90.76 E650.38992
G1 X52.269 Y90.76
G1 X43.789 Y99.24 E650.46512
G1 X43.784 Y99.24
G1 X40.76 Y96.215 E650.49193
G0 F7200 X40.76 Y96.612
G1 F3600 X46.612 Y90.76 E650.54383
G1 X46.618 Y90.76
G1 X55.098 Y99.24 E650.61902
G1 X55.103 Y99.24
G1 X63.583 Y90.76 E650.69422
G1 X63.589 Y90.76
G1 X72.068 Y99.24 E650.76941
G1 X72.073 Y99.24
G1 X80.554 Y90.76 E650.84461
G1 X80.559 Y90.76
G1 X89.039 Y99.24 E650.9198
G1 X89.044 Y99.24
G1 X89.24 Y99.044 E650.92154
G0 F7200 X89.1 Y99.044
G0 X89.1 Y96.612
G0 X89.24 Y96.612
G1 F3600 X83.388 Y90.76 E650.97343
G1 X83.382 Y90.76
G1 X74.902 Y99.24 E651.04863
G1 X74.897 Y99.24
G1 X66.417 Y90.76 E651.12382
G1 X66.411 Y90.76
G1 X57.931 Y99.24 E651.19902
G1 X57.926 Y99.24
G1 X49.447 Y90.76 E651.27421
G1 X49.441 Y90.76
G1 X40.961 Y99.24 E651.34941
G1 X40.956 Y99.24
G1 X40.76 Y99.044 E651.35114
G0 F7200 X40.9 Y99.044
G0 X40.9 Y93.784
G0 X40.76 Y93.784
G1 F3600 X43.784 Y90.76 E651.37796
G1 X43.79 Y90.76
G1 X52.269 Y99.24 E651.45315
G1 X52.274 Y99.24
G1 X60.755 Y90.76 E651.52835
G1 X60.76 Y90.76
G1 X69.24 Y99.24 E651.60355
G1 X69.245 Y99.24
G1 X77.725 Y90.76 E651.67874
G1 X77.731 Y90.76
G1 X86.21 Y99.24 E651.75393
G1 X86.215 Y99.24
G1 X89.24 Y96.216 E651.78075
G1 X89.268 Y96.188
G0 F7200 X89.1 Y96.188
G0 X89.1 Y90.955
G0 X89.24 Y90.955
G1 F3600 X89.045 Y90.76 E651.78248
G1 X89.039 Y90.76
G1 X80.559 Y99.24 E651.85768
G1 X80.554 Y99.24
G1 X72.074 Y90.76 E651.93287
G1 X72.068 Y90.76
G1 X63.588 Y99.24 E652.00807
G1 X63.583 Y99.24
G1 X55.103 Y90.76 E652.08326
G1 X55.098 Y90.76
G1 X46.617 Y99.24 E652.15846
G1 X46.612 Y99.24
G1 X40.76 Y93.387 E652.21036
G1 X40.732 Y93.359
G0 F7200 X40.9 Y93.359
G0 X89.13 Y99.13
G0 X89.4 Y99.4
;TYPE:WALL-INNER
G1 F3600 X89.4 Y90.6 E652.26554
G1 X40.6 Y90.6 E652.57152
G1 X40.6 Y99.4 E652.6267
G1 X89.4 Y99.4 E652.93268
G0 F7200 X89.8 Y99.8
;TYPE:WALL-OUTER
G1 F1800 X89.8 Y90.2 E652.99288
G1 X40.2 Y90.2 E653.30388
G1 X40.2 Y99.8 E653.36407
G1 X89.8 Y99.8 E653.67507
G0 F7200 X89.8 Y99.6
G0 X88.8 Y98.918
;MESH:NONMESH
G0 F600 X88.8 Y98.918 Z18.7
G0 F7200 X40.956 Y90.9
G0 X40.956 Y90.76
;TIME_ELAPSED:2740.519384
;LAYER:184
;TYPE:FILL
;MESH:test.stl
G1 F3600 X40.76 Y90.955 E653.67681
G0 F7200 X40.961 Y90.76
G1 F3600 X49.441 Y99.24 E653.752
G1 X49.446 Y99.24
G1 X57.926 Y90.76 E653.8272
G1 X57.932 Y90.76
G1 X66.411 Y99.24 E653.90239
G1 X66.416 Y99.24
G1 X74.897 Y90.76 E653.97759
G1 X74.902 Y90.76
G1 X83.382 Y99.24 E654.05278
G1 X83.387 Y99.24
G1 X89.24 Y93.388 E654.10468
G0 F7200 X89.24 Y93.784
G1 F3600 X86.216 Y90.76 E654.1315
G1 X86.21 Y90.76
G1 X77.73 Y99.24 E654.20669
G1 X77.725 Y99.24
G1 X69.246 Y90.76 E654.28188
G1 X69.24 Y90.76
G1 X60.76 Y99.24 E654.35708
G1 X60.755 Y99.24
G1 X52.275 Y90.76 E654.43227
G1 X52.269 Y90.76
G1 X43.789 Y99.24 E654.50747
G1 X43.784 Y99.24
G1 X40.76 Y96.215 E654.53429
G0 F7200 X40.76 Y96.612
G1 F3600 X46.612 Y90.76 E654.58618
G1 X46.618 Y90.76
G1 X55.098 Y99.24 E654.66137
G1 X55.103 Y99.24
G1 X63.583 Y90.76 E654.73657
G1 X63.589 Y90.76
G1 X72.068 Y99.24 E654.81176
G1 X72.073 Y99.24
G1 X80.554 Y90.76 E654.88696
G1 X80.559 Y90.76
G1 X89.039 Y99.24 E654.96216
G1 X89.044 Y99.24
G1 X89.24 Y99.044 E654.96389
G0 F7200 X89.1 Y99.044
G0 X89.1 Y96.612
G0 X89.24 Y96.612
G1 F3600 X83.388 Y90.76 E655.01579
G1 X83.382 Y90.76
G1 X74.902 Y99.24 E655.09098
G1 X74.897 Y99.24
G1 X66.417 Y90.76 E655.16618
G1 X66.411 Y90.76
G1 X57.931 Y99.24 E655.24137
G1 X57.926 Y99.24
G1 X49.447 Y90.76 E655.31656
G1 X49.441 Y90.76
G1 X40.961 Y99.24 E655.39176
G1 X40.956 Y99.24
G1 X40.76 Y99.044 E655.3935
G0 F7200 X40.9 Y99.044
G0 X40.9 Y93.784
G0 X40.76 Y93.784
G1 F3600 X43.784 Y90.76 E655.42031
G1 X43.79 Y90.76
G1 X52.269 Y99.24 E655.4955
G1 X52.274 Y99.24
G1 X60.755 Y90.76 E655.5707
G1 X60.76 Y90.76
G1 X69.24 Y99.24 E655.6459
G1 X69.245 Y99.24
G1 X77.725 Y90.76 E655.72109
G1 X77.731 Y90.76
G1 X86.21 Y99.24 E655.79628
G1 X86.215 Y99.24
G1 X89.24 Y96.216 E655.8231
G1 X89.268 Y96.188
G0 F7200 X89.1 Y96.188
G0 X89.1 Y90.955
G0 X89.24 Y90.955
G1 F3600 X89.045 Y90.76 E655.82483
G1 X89.039 Y90.76
G1 X80.559 Y99.24 E655.90003
G1 X80.554 Y99.24
G1 X72.074 Y90.76 E655.97522
G1 X72.068 Y90.76
G1 X63.588 Y99.24 E656.05042
G1 X63.583 Y99.24
G1 X55.103 Y90.76 E656.12561
G1 X55.098 Y90.76
G1 X46.617 Y99.24 E656.20081
G1 X46.612 Y99.24
G1 X40.76 Y93.387 E656.25271
G1 X40.732 Y93.359
G0 F7200 X40.9 Y93.359
G0 X89.13 Y99.13
G0 X89.4 Y99.4
;TYPE:WALL-INNER
G1 F3600 X89.4 Y90.6 E656.30789
G1 X40.6 Y90.6 E656.61387
G1 X40.6 Y99.4 E656.66905
G1 X89.4 Y99.4 E656.97504
G0 F7200 X89.8 Y99.8
;TYPE:WALL-OUTER
G1 F1800 X89.8 Y90.2 E657.03523
G1 X40.2 Y90.2 E657.34623
G1 X40.2 Y99.8 E657.40642
G1 X89.8 Y99.8 E657.71743
G0 F7200 X89.8 Y99.6
G0 X88.8 Y98.918
;MESH:NONMESH
G0 F600 X88.8 Y98.918 Z18.8
G0 F7200 X40.956 Y90.9
G0 X40.956 Y90.76
;TIME_ELAPSED:2754.757637
;LAYER:185
;TYPE:FILL
;MESH:test.stl
G1 F3600 X40.76 Y90.955 E657.71916
G0 F7200 X40.961 Y90.76
G1 F3600 X49.441 Y99.24 E657.79435
G1 X49.446 Y99.24
G1 X57.926 Y90.76 E657.86955
G1 X57.932 Y90.76
G1 X66.411 Y99.24 E657.94474
G1 X66.416 Y99.24
G1 X74.897 Y90.76 E658.01994
G1 X74.902 Y90.76
G1 X83.382 Y99.24 E658.09514
G1 X83.387 Y99.24
G1 X89.24 Y93.388 E658.14703
G0 F7200 X89.24 Y93.784
G1 F3600 X86.216 Y90.76 E658.17385
G1 X86.21 Y90.76
G1 X77.73 Y99.24 E658.24904
G1 X77.725 Y99.24
G1 X69.246 Y90.76 E658.32423
G1 X69.24 Y90.76
G1 X60.76 Y99.24 E658.39943
G1 X60.755 Y99.24
G1 X52.275 Y90.76 E658.47462
G1 X52.269 Y90.76
G1 X43.789 Y99.24 E658.54982
G1 X43.784 Y99.24
G1 X40.76 Y96.215 E658.57664
G0 F7200 X40.76 Y96.612
G1 F3600 X46.612 Y90.76 E658.62853
G1 X46.618 Y90.76
G1 X55.098 Y99.24 E658.70373
G1 X55.103 Y99.24
G1 X63.583 Y90.76 E658.77892
G1 X63.589 Y90.76
G1 X72.068 Y99.24 E658.85411
G1 X72.073 Y99.24
G1 X80.554 Y90.76 E658.92931
G1 X80.559 Y90.76
G1 X89.039 Y99.24 E659.00451
G1 X89.044 Y99.24
G1 X89.24 Y99.044 E659.00625
G0 F7200 X89.1 Y99.044
G0 X89.1 Y96.612
G0 X89.24 Y96.612
G1 F3600 X83.388 Y90.76 E659.05814
G1 X83.382 Y90.76
G1 X74.902 Y99.24 E659.13333
G1 X74.897 Y99.24
G1 X66.417 Y90.76 E659.20853
G1 X66.411 Y90.76
G1 X57.931 Y99.24 E659.28372
G1 X57.926 Y99.24
G1 X49.447 Y90.76 E659.35892
G1 X49.441 Y90.76
G1 X40.961 Y99.24 E659.43411
G1 X40.956 Y99.24
G1 X40.76 Y99.044 E659.43585
G0 F7200 X40.9 Y99.044
G0 X40.9 Y93.784
G0 X40.76 Y93.784
G1 F3600 X43.784 Y90.76 E659.46266
G1 X43.79 Y90.76
G1 X52.269 Y99.24 E659.53785
G1 X52.274 Y99.24
G1 X60.755 Y90.76 E659.61305
G1 X60.76 Y90.76
G1 X69.24 Y99.24 E659.68825
G1 X69.245 Y99.24
G1 X77.725 Y90.76 E659.76345
G1 X77.731 Y90.76
G1 X86.21 Y99.24 E659.83864
G1 X86.215 Y99.24
G1 X89.24 Y96.216 E659.86546
G1 X89.268 Y96.188
G0 F7200 X89.1 Y96.188
G0 X89.1 Y90.955
G0 X89.24 Y90.955
G1 F3600 X89.045 Y90.76 E659.86718
G1 X89.039 Y90.76
G1 X80.559 Y99.24 E659.94238
G1 X80.554 Y99.24
G1 X72.074 Y90.76 E660.01758
G1 X72.068 Y90.76
G1 X63.588 Y99.24 E660.09277
G1 X63.583 Y99.24
G1 X55.103 Y90.76 E660.16797
G1 X55.098 Y90.76
G1 X46.617 Y99.24 E660.24317
G1 X46.612 Y99.24
G1 X40.76 Y93.387 E660.29506
G1 X40.732 Y93.359
G0 F7200 X40.9 Y93.359
G0 X89.13 Y99.13
G0 X89.4 Y99.4
;TYPE:WALL-INNER
G1 F3600 X89.4 Y90.6 E660.35024
G1 X40.6 Y90.6 E660.65623
G1 X40.6 Y99.4 E660.7114
G1 X89.4 Y99.4 E661.01739
G0 F7200 X89.8 Y99.8
;TYPE:WALL-OUTER
G1 F1800 X89.8 Y90.2 E661.07758
G1 X40.2 Y90.2 E661.38858
G1 X40.2 Y99.8 E661.44878
G1 X89.8 Y99.8 E661.75978
G0 F7200 X89.8 Y99.6
G0 X88.8 Y98.918
;MESH:NONMESH
G0 F600 X88.8 Y98.918 Z18.9
G0 F7200 X40.956 Y90.9
G0 X40.956 Y90.76
;TIME_ELAPSED:2768.995891
;LAYER:186
;TYPE:FILL
;MESH:test.stl
G1 F3600 X40.76 Y90.955 E661.76151
G0 F7200 X40.961 Y90.76
G1 F3600 X49.441 Y99.24 E661.83671
G1 X49.446 Y99.24
G1 X57.926 Y90.76 E661.9119
G1 X57.932 Y90.76
G1 X66.411 Y99.24 E661.98709
G1 X66.416 Y99.24
G1 X74.897 Y90.76 E662.06229
G1 X74.902 Y90.76
G1 X83.382 Y99.24 E662.13749
G1 X83.387 Y99.24
G1 X89.24 Y93.388 E662.18938
G0 F7200 X89.24 Y93.784
G1 F3600 X86.216 Y90.76 E662.2162
G1 X86.21 Y90.76
G1 X77.73 Y99.24 E662.2914
G1 X77.725 Y99.24
G1 X69.246 Y90.76 E662.36659
G1 X69.24 Y90.76
G1 X60.76 Y99.24 E662.44178
G1 X60.755 Y99.24
G1 X52.275 Y90.76 E662.51698
G1 X52.269 Y90.76
G1 X43.789 Y99.24 E662.59217
G1 X43.784 Y99.24
G1 X40.76 Y96.215 E662.61899
G0 F7200 X40.76 Y96.612
G1 F3600 X46.612 Y90.76 E662.67088
G1 X46.618 Y90.76
G1 X55.098 Y99.24 E662.74608
G1 X55.103 Y99.24
G1 X63.583 Y90.76 E662.82127
G1 X63.589 Y90.76
G1 X72.068 Y99.24 E662.89647
G1 X72.073 Y99.24
G1 X80.554 Y90.76 E662.97167
G1 X80.559 Y90.76
G1 X89.039 Y99.24 E663.04686
G1 X89.044 Y99.24
G1 X89.24 Y99.044 E663.0486
G0 F7200 X89.1 Y99.044
G0 X89.1 Y96.612
G0 X89.24 Y96.612
G1 F3600 X83.388 Y90.76 E663.10049
G1 X83.382 Y90.76
G1 X74.902 Y99.24 E663.17569
G1 X74.897 Y99.24
G1 X66.417 Y90.76 E663.25088
G1 X66.411 Y90.76
G1 X57.931 Y99.24 E663.32608
G1 X57.926 Y99.24
G1 X49.447 Y90.76 E663.40127
G1 X49.441 Y90.76
G1 X40.961 Y99.24 E663.47646
G1 X40.956 Y99.24
G1 X40.76 Y99.044 E663.4782
G0 F7200 X40.9 Y99.044
G0 X40.9 Y93.784
G0 X40.76 Y93.784
G1 F3600 X43.784 Y90.76 E663.50502
G1 X43.79 Y90.76
G1 X52.269 Y99.24 E663.58021
G1 X52.274 Y99.24
G1 X60.755 Y90.76 E663.65541
G1 X60.76 Y90.76
G1 X69.24 Y99.24 E663.7306
G1 X69.245 Y99.24
G1 X77.725 Y90.76 E663.8058
G1 X77.731 Y90.76
G1 X86.21 Y99.24 E663.88099
G1 X86.215 Y99.24
G1 X89.24 Y96.216 E663.90781
G1 X89.268 Y96.188
G0 F7200 X89.1 Y96.188
G0 X89.1 Y90.955
G0 X89.24 Y90.955
G1 F3600 X89.045 Y90.76 E663.90954
G1 X89.039 Y90.76
G1 X80.559 Y99.24 E663.98473
G1 X80.554 Y99.24
G1 X72.074 Y90.76 E664.05993
G1 X72.068 Y90.76
G1 X63.588 Y99.24 E664.13512
G1 X63.583 Y99.24
G1 X55.103 Y90.76 E664.21032
G1 X55.098 Y90.76
G1 X46.617 Y99.24 E664.28552
G1 X46.612 Y99.24
G1 X40.76 Y93.387 E664.33741
G1 X40.732 Y93.359
G0 F7200 X40.9 Y93.359
G0 X89.13 Y99.13
G0 X89.4 Y99.4
;TYPE:WALL-INNER
G1 F3600 X89.4 Y90.6 E664.39259
G1 X40.6 Y90.6 E664.69858
G1 X40.6 Y99.4 E664.75376
G1 X89.4 Y99.4 E665.05974
G0 F7200 X89.8 Y99.8
;TYPE:WALL-OUTER
G1 F1800 X89.8 Y90.2 E665.11993
G1 X40.2 Y90.2 E665.43094
G1 X40.2 Y99.8 E665.49113
G1 X89.8 Y99.8 E665.80213
G0 F7200 X89.8 Y99.6
G0 X88.8 Y98.918
;MESH:NONMESH
G0 F600 X88.8 Y98.918 Z19
G0 F7200 X40.956 Y90.9
G0 X40.956 Y90.76
;TIME_ELAPSED:2783.234145
;LAYER:187
;TYPE:FILL
;MESH:test.stl
G1 F3600 X40.76 Y90.955 E665.80386
G0 F7200 X40.961 Y90.76
G1 F3600 X49.441 Y99.24 E665.87906
G1 X49.446 Y99.24
G1 X57.926 Y90.76 E665.95425
G1 X57.932 Y90.76
G1 X66.411 Y99.24 E666.02945
G1 X66.416 Y99.24
G1 X74.897 Y90.76 E666.10465
G1 X74.902 Y90.76
G1 X83.382 Y99.24 E666.17984
G1 X83.387 Y99.24
G1 X89.24 Y93.388 E666.23174
G0 F7200 X89.24 Y93.784
G1 F3600 X86.216 Y90.76 E666.25855
G1 X86.21 Y90.76
G1 X77.73 Y99.24 E666.33375
G1 X77.725 Y99.24
G1 X69.246 Y90.76 E666.40894
G1 X69.24 Y90.76
G1 X60.76 Y99.24 E666.48413
G1 X60.755 Y99.24
G1 X52.275 Y90.76 E666.55933
G1 X52.269 Y90.76
G1 X43.789 Y99.24 E666.63452
G1 X43.784 Y99.24
G1 X40.76 Y96.215 E666.66134
G0 F7200 X40.76 Y96.612
G1 F3600 X46.612 Y90.76 E666.71324
G1 X46.618 Y90.76
G1 X55.098 Y99.24 E666.78843
G1 X55.103 Y99.24
G1 X63.583 Y90.76 E666.86363
G1 X63.589 Y90.76
G1 X72.068 Y99.24 E666.93882
G1 X72.073 Y99.24
G1 X80.554 Y90.76 E667.01402
G1 X80.559 Y90.76
G1 X89.039 Y99.24 E667.08921
G1 X89.044 Y99.24
G1 X89.24 Y99.044 E667.09095
G0 F7200 X89.1 Y99.044
G0 X89.1 Y96.612
G0 X89.24 Y96.612
G1 F3600 X83.388 Y90.76 E667.14284
G1 X83.382 Y90.76
G1 X74.902 Y99.24 E667.21804
G1 X74.897 Y99.24
G1 X66.417 Y90.76 E667.29323
G1 X66.411 Y90.76
G1 X57.931 Y99.24 E667.36843
G1 X57.926 Y99.24
G1 X49.447 Y90.76 E667.44362
G1 X49.441 Y90.76
G1 X40.961 Y99.24 E667.51882
G1 X40.956 Y99.24
G1 X40.76 Y99.044 E667.52055
G0 F7200 X40.9 Y99.044
G0 X40.9 Y93.784
G0 X40.76 Y93.784
G1 F3600 X43.784 Y90.76 E667.54737
G1 X43.79 Y90.76
G1 X52.269 Y99.24 E667.62256
G1 X52.274 Y99.24
G1 X60.755 Y90.76 E667.69776
G1 X60.76 Y90.76
G1 X69.24 Y99.24 E667.77295
G1 X69.245 Y99.24
G1 X77.725 Y90.76 E667.84815
G1 X77.731 Y90.76
G1 X86.21 Y99.24 E667.92334
G1 X86.215 Y99.24
G1 X89.24 Y96.216 E667.95016
G1 X89.268 Y96.188
G0 F7200 X89.1 Y96.188
G0 X89.1 Y90.955
G0 X89.24 Y90.955
G1 F3600 X89.045 Y90.76 E667.95189
G1 X89.039 Y90.76
G1 X80.559 Y99.24 E668.02708
G1 X80.554 Y99.24
G1 X72.074 Y90.76 E668.10228
G1 X72.068 Y90.76
G1 X63.588 Y99.24 E668.17748
G1 X63.583 Y99.24
G1 X55.103 Y90.76 E668.25267
G1 X55.098 Y90.76
G1 X46.617 Y99.24 E668.32787
G1 X46.612 Y99.24
G1 X40.76 Y93.387 E668.37977
G1 X40.732 Y93.359
G0 F7200 X40.9 Y93.359
G0 X89.13 Y99.13
G0 X89.4 Y99.4
;TYPE:WALL-INNER
G1 F3600 X89.4 Y90.6 E668.43494
G1 X40.6 Y90.6 E668.74093
G1 X40.6 Y99.4 E668.79611
G1 X89.4 Y99.4 E669.10209
G0 F7200 X89.8 Y99.8
;TYPE:WALL-OUTER
G1 F1800 X89.8 Y90.2 E669.16229
G1 X40.2 Y90.2 E669.47329
G1 X40.2 Y99.8 E669.53348
G1 X89.8 Y99.8 E669.84448
G0 F7200 X89.8 Y99.6
G0 X88.8 Y98.918
;MESH:NONMESH
G0 F600 X88.8 Y98.918 Z19.1
G0 F7200 X40.956 Y90.9
G0 X40.956 Y90.76
;TIME_ELAPSED:2797.472399
;LAYER:188
;TYPE:FILL
;MESH:test.stl
G1 F3600 X40.76 Y90.955 E669.84622
G0 F7200 X40.961 Y90.76
G1 F3600 X49.441 Y99.24 E669.92141
G1 X49.446 Y99.24
G1 X57.926 Y90.76 E669.99661
G1 X57.932 Y90.76
G1 X66.411 Y99.24 E670.0718
G1 X66.416 Y99.24
G1 X74.897 Y90.76 E670.147
G1 X74.902 Y90.76
G1 X83.382 Y99.24 E670.22219
G1 X83.387 Y99.24
G1 X89.24 Y93.388 E670.27409
G0 F7200 X89.24 Y93.784
G1 F3600 X86.216 Y90.76 E670.3009
G1 X86.21 Y90.76
G1 X77.73 Y99.24 E670.3761
G1 X77.725 Y99.24
G1 X69.246 Y90.76 E670.45129
G1 X69.24 Y90.76
G1 X60.76 Y99.24 E670.52649
G1 X60.755 Y99.24
G1 X52.275 Y90.76 E670.60168
G1 X52.269 Y90.76
G1 X43.789 Y99.24 E670.67688
G1 X43.784 Y99.24
G1 X40.76 Y96.215 E670.7037
G0 F7200 X40.76 Y96.612
G1 F3600 X46.612 Y90.76 E670.75559
G1 X46.618 Y90.76
G1 X55.098 Y99.24 E670.83078
G1 X55.103 Y99.24
G1 X63.583 Y90.76 E670.90598
G1 X63.589 Y90.76
G1 X72.068 Y99.24 E670.98117
G1 X72.073 Y99.24
G1 X80.554 Y90.76 E671.05637
G1 X80.559 Y90.76
G1 X89.039 Y99.24 E671.13157
G1 X89.044 Y99.24
G1 X89.24 Y99.044 E671.1333
G0 F7200 X89.1 Y99.044
G0 X89.1 Y96.612
G0 X89.24 Y96.612
G1 F3600 X83.388 Y90.76 E671.1852
G1 X83.382 Y90.76
G1 X74.902 Y99.24 E671.26039
G1 X74.897 Y99.24
G1 X66.417 Y90.76 E671.33559
G1 X66.411 Y90.76
G1 X57.931 Y99.24 E671.41078
G1 X57.926 Y99.24
G1 X49.447 Y90.76 E671.48597
G1 X49.441 Y90.76
G1 X40.961 Y99.24 E671.56117
G1 X40.956 Y99.24
G1 X40.76 Y99.044 E671.56291
G0 F7200 X40.9 Y99.044
G0 X40.9 Y93.784
G0 X40.76 Y93.784
G1 F3600 X43.784 Y90.76 E671.58972
G1 X43.79 Y90.76
G1 X52.269 Y99.24 E671.66491
G1 X52.274 Y99.24
G1 X60.755 Y90.76 E671.74011
G1 X60.76 Y90.76
G1 X69.24 Y99.24 E671.81531
G1 X69.245 Y99.24
G1 X77.725 Y90.76 E671.8905
G1 X77.731 Y90.76
G1 X86.21 Y99.24 E671.96569
G1 X86.215 Y99.24
G1 X89.24 Y96.216 E671.99251
G1 X89.268 Y96.188
G0 F7200 X89.1 Y96.188
G0 X89.1 Y90.955
G0 X89.24 Y90.955
G1 F3600 X89.045 Y90.76 E671.99424
G1 X89.039 Y90.76
G1 X80.559 Y99.24 E672.06944
G1 X80.554 Y99.24
G1 X72.074 Y90.76 E672.14463
G1 X72.068 Y90.76
G1 X63.588 Y99.24 E672.21983
G1 X63.583 Y99.24
G1 X55.103 Y90.76 E672.29502
G1 X55.098 Y90.76
G1 X46.617 Y99.24 E672.37022
G1 X46.612 Y99.24
G1 X40.76 Y93.387 E672.42212
G1 X40.732 Y93.359
G0 F7200 X40.9 Y93.359
G0 X89.13 Y99.13
G0 X89.4 Y99.4
;TYPE:WALL-INNER
G1 F3600 X89.4 Y90.6 E672.4773
G1 X40.6 Y90.6 E672.78328
G1 X40.6 Y99.4 E672.83846
G1 X89.4 Y99.4 E673.14444
G0 F7200 X89.8 Y99.8
;TYPE:WALL-OUTER
G1 F1800 X89.8 Y90.2 E673.20464
G1 X40.2 Y90.2 E673.51564
G1 X40.2 Y99.8 E673.57583
G1 X89.8 Y99.8 E673.88683
G0 F7200 X89.8 Y99.6
G0 X88.8 Y98.918
;MESH:NONMESH
G0 F600 X88.8 Y98.918 Z19.2
G0 F7200 X40.956 Y90.9
G0 X40.956 Y90.76
;TIME_ELAPSED:2811.710652
;LAYER:189
;TYPE:FILL
;MESH:test.stl
G1 F3600 X40.76 Y90.955 E673.88857
G0 F7200 X40.961 Y90.76
G1 F3600 X49.441 Y99.24 E673.96376
G1 X49.446 Y99.24
G1 X57.926 Y90.76 E674.03896
G1 X57.932 Y90.76
G1 X66.411 Y99.24 E674.11415
G1 X66.416 Y99.24
G1 X74.897 Y90.76 E674.18935
G1 X74.902 Y90.76
G1 X83.382 Y99.24 E674.26455
G1 X83.387 Y99.24
G1 X89.24 Y93.388 E674.31644
G0 F7200 X89.24 Y93.784
G1 F3600 X86.216 Y90.76 E674.34326
G1 X86.21 Y90.76
G1 X77.73 Y99.24 E674.41845
G1 X77.725 Y99.24
G1 X69.246 Y90.76 E674.49364
G1 X69.24 Y90.76
G1 X60.76 Y99.24 E674.56884
G1 X60.755 Y99.24
G1 X52.275 Y90.76 E674.64403
G1 X52.269 Y90.76
G1 X43.789 Y99.24 E674.71923
G1 X43.784 Y99.24
G1 X40.76 Y96.215 E674.74605
G0 F7200 X40.76 Y96.612
G1 F3600 X46.612 Y90.76 E674.79794
G1 X46.618 Y90.76
G1 X55.098 Y99.24 E674.87314
G1 X55.103 Y99.24
G1 X63.583 Y90.76 E674.94833
G1 X63.589 Y90.76
G1 X72.068 Y99.24 E675.02352
G1 X72.073 Y99.24
G1 X80.554 Y90.76 E675.09872
G1 X80.559 Y90.76
G1 X89.039 Y99.24 E675.17392
G1 X89.044 Y99.24
G1 X89.24 Y99.044 E675.17566
G0 F7200 X89.1 Y99.044
G0 X89.1 Y96.612
G0 X89.24 Y96.612
G1 F3600 X83.388 Y90.76 E675.22755
G1 X83.382 Y90.76
G1 X74.902 Y99.24 E675.30274
G1 X74.897 Y99.24
G1 X66.417 Y90.76 E675.37794
G1 X66.411 Y90.76
G1 X57.931 Y99.24 E675.45313
G1 X57.926 Y99.24
G1 X49.447 Y90.76 E675.52832
G1 X49.441 Y90.76
G1 X40.961 Y99.24 E675.60352
G1 X40.956 Y99.24
G1 X40.76 Y99.044 E675.60526
G0 F7200 X40.9 Y99.044
G0 X40.9 Y93.784
G0 X40.76 Y93.784
G1 F3600 X43.784 Y90.76 E675.63207
G1 X43.79 Y90.76
G1 X52.269 Y99.24 E675.70726
G1 X52.274 Y99.24
G1 X60.755 Y90.76 E675.78246
G1 X60.76 Y90.76
G1 X69.24 Y99.24 E675.85766
G1 X69.245 Y99.24
G1 X77.725 Y90.76 E675.93285
G1 X77.731 Y90.76
G1 X86.21 Y99.24 E676.00805
G1 X86.215 Y99.24
G1 X89.24 Y96.216 E676.03486
G1 X89.268 Y96.188
G0 F7200 X89.1 Y96.188
G0 X89.1 Y90.955
G0 X89.24 Y90.955
G1 F3600 X89.045 Y90.76 E676.03659
G1 X89.039 Y90.76
G1 X80.559 Y99.24 E676.11179
G1 X80.554 Y99.24
G1 X72.074 Y90.76 E676.18698
G1 X72.068 Y90.76
G1 X63.588 Y99.24 E676.26218
G1 X63.583 Y99.24
G1 X55.103 Y90.76 E676.33738
G1 X55.098 Y90.76
G1 X46.617 Y99.24 E676.41258
G1 X46.612 Y99.24
G1 X40.76 Y93.387 E676.46447
G1 X40.732 Y93.359
G0 F7200 X40.9 Y93.359
G0 X89.13 Y99.13
G0 X89.4 Y99.4
;TYPE:WALL-INNER
G1 F3600 X89.4 Y90.6 E676.51965
G1 X40.6 Y90.6 E676.82563
G1 X40.6 Y99.4 E676.88081
G1 X89.4 Y99.4 E677.1868
G0 F7200 X89.8 Y99.8
;TYPE:WALL-OUTER
G1 F1800 X89.8 Y90.2 E677.24699
G1 X40.2 Y90.2 E677.55799
G1 X40.2 Y99.8 E677.61819
G1 X89.8 Y99.8 E677.92919
G0 F7200 X89.8 Y99.6
G0 X88.8 Y98.918
;MESH:NONMESH
G0 F600 X88.8 Y98.918 Z19.3
G0 F7200 X89.4 Y99.4
;TIME_ELAPSED:2825.536866
;LAYER:190
;TYPE:WALL-INNER
;MESH:test.stl
G1 F3600 X89.4 Y90.6 E677.98436
G1 X40.6 Y90.6 E678.29035
G1 X40.6 Y99.4 E678.34553
G1 X89.4 Y99.4 E678.65151
G0 F7200 X89.8 Y99.8
;TYPE:WALL-OUTER
G1 F1800 X89.8 Y90.2 E678.71171
G1 X40.2 Y90.2 E679.02271
G1 X40.2 Y99.8 E679.0829
G1 X89.8 Y99.8 E679.3939
G0 F7200 X89.8 Y99.6
G0 X89.02 Y99.02
;TYPE:SKIN
G1 F1800 X40.98 Y99.02 E679.69512
G1 X40.98 Y90.98 E679.74553
G1 X89.02 Y90.98 E680.04675
G1 X89.02 Y99.02 E680.09717
G0 F7200 X88.352 Y91.18
G1 F1800 X88.82 Y91.649 E680.10132
G0 F7200 X88.82 Y92.215
G1 F1800 X87.786 Y91.18 E680.11049
G0 F7200 X87.22 Y91.18
G1 F1800 X88.82 Y92.78 E680.12468
G0 F7200 X88.82 Y93.346
G1 F1800 X86.655 Y91.18 E680.14388
G0 F7200 X86.089 Y91.18
G1 F1800 X88.82 Y93.912 E680.16811
G0 F7200 X88.82 Y94.477
G1 F1800 X85.523 Y91.18 E680.19734
G0 F7200 X84.957 Y91.18
G1 F1800 X88.82 Y95.043 E680.2316
G0 F7200 X88.82 Y95.609
G1 F1800 X84.392 Y91.18 E680.27087
G0 F7200 X83.826 Y91.18
G1 F1800 X88.82 Y96.174 E680.31515
G0 F7200 X88.82 Y96.74
G1 F1800 X83.26 Y91.18 E680.36445
G0 F7200 X82.695 Y91.18
G1 F1800 X88.82 Y97.306 E680.41877
G0 F7200 X88.82 Y97.871
G1 F1800 X82.129 Y91.18 E680.4781
G0 F7200 X81.563 Y91.18
G1 F1800 X88.82 Y98.437 E680.54245
G0 F7200 X88.638 Y98.82
G1 F1800 X80.998 Y91.18 E680.6102
G0 F7200 X80.432 Y91.18
G1 F1800 X88.072 Y98.82 E680.67794
G0 F7200 X87.507 Y98.82
G1 F1800 X79.866 Y91.18 E680.7457
G0 F7200 X79.301 Y91.18
G1 F1800 X86.941 Y98.82 E680.81344
G0 F7200 X86.375 Y98.82
G1 F1800 X78.735 Y91.18 E680.88119
G0 F7200 X78.169 Y91.18
G1 F1800 X85.81 Y98.82 E680.94894
G0 F7200 X85.244 Y98.82
G1 F1800 X77.604 Y91.18 E681.01669
G0 F7200 X77.038 Y91.18
G1 F1800 X84.678 Y98.82 E681.08443
G0 F7200 X84.112 Y98.82
G1 F1800 X76.472 Y91.18 E681.15218
G0 F7200 X75.906 Y91.18
G1 F1800 X83.547 Y98.82 E681.21993
G0 F7200 X82.981 Y98.82
G1 F1800 X75.341 Y91.18 E681.28768
G0 F7200 X74.775 Y91.18
G1 F1800 X82.415 Y98.82 E681.35543
G0 F7200 X81.85 Y98.82
G1 F1800 X74.209 Y91.18 E681.42318
G0 F7200 X73.644 Y91.18
G1 F1800 X81.284 Y98.82 E681.49092
G0 F7200 X80.718 Y98.82
G1 F1800 X73.078 Y91.18 E681.55867
G0 F7200 X72.512 Y91.18
G1 F1800 X80.153 Y98.82 E681.62642
G0 F7200 X79.587 Y98.82
G1 F1800 X71.947 Y91.18 E681.69417
G0 F7200 X71.381 Y91.18
G1 F1800 X79.021 Y98.82 E681.76192
G0 F7200 X78.456 Y98.82
G1 F1800 X70.815 Y91.18 E681.82967
G0 F7200 X70.25 Y91.18
G1 F1800 X77.89 Y98.82 E681.89741
G0 F7200 X77.324 Y98.82
G1 F1800 X69.684 Y91.18 E681.96516
G0 F7200 X69.118 Y91.18
G1 F1800 X76.759 Y98.82 E682.03291
G0 F7200 X76.193 Y98.82
G1 F1800 X68.553 Y91.18 E682.10066
G0 F7200 X67.987 Y91.18
G1 F1800 X75.627 Y98.82 E682.1684
G0 F7200 X75.062 Y98.82
G1 F1800 X67.421 Y91.18 E682.23616
G0 F7200 X66.856 Y91.18
G1 F1800 X74.496 Y98.82 E682.3039
G0 F7200 X73.93 Y98.82
G1 F1800 X66.29 Y91.18 E682.37165
G0 F7200 X65.724 Y91.18
G1 F1800 X73.364 Y98.82 E682.4394
G0 F7200 X72.799 Y98.82
G1 F1800 X65.158 Y91.18 E682.50715
G0 F7200 X64.593 Y91.18
G1 F1800 X72.233 Y98.82 E682.57489
G0 F7200 X71.667 Y98.82
G1 F1800 X64.027 Y91.18 E682.64264
G0 F7200 X63.461 Y91.18
G1 F1800 X71.102 Y98.82 E682.71039
G0 F7200 X70.536 Y98.82
G1 F1800 X62.896 Y91.18 E682.77814
G0 F7200 X62.33 Y91.18
G1 F1800 X69.97 Y98.82 E682.84589
G0 F7200 X69.405 Y98.82
G1 F1800 X61.764 Y91.18 E682.91364
G0 F7200 X61.199 Y91.18
G1 F1800 X68.839 Y98.82 E682.98138
G0 F7200 X68.273 Y98.82
G1 F1800 X60.633 Y91.18 E683.04913
G0 F7200 X60.067 Y91.18
G1 F1800 X67.708 Y98.82 E683.11688
G0 F7200 X67.142 Y98.82
G1 F1800 X59.502 Y91.18 E683.18463
G0 F7200 X58.936 Y91.18
G1 F1800 X66.576 Y98.82 E683.25238
G0 F7200 X66.011 Y98.82
G1 F1800 X58.37 Y91.18 E683.32013
G0 F7200 X57.805 Y91.18
G1 F1800 X65.445 Y98.82 E683.38787
G0 F7200 X64.879 Y98.82
G1 F1800 X57.239 Y91.18 E683.45562
G0 F7200 X56.673 Y91.18
G1 F1800 X64.313 Y98.82 E683.52337
G0 F7200 X63.748 Y98.82
G1 F1800 X56.108 Y91.18 E683.59111
G0 F7200 X55.542 Y91.18
G1 F1800 X63.182 Y98.82 E683.65886
G0 F7200 X62.616 Y98.82
G1 F1800 X54.976 Y91.18 E683.72661
G0 F7200 X54.41 Y91.18
G1 F1800 X62.051 Y98.82 E683.79436
G0 F7200 X61.485 Y98.82
G1 F1800 X53.845 Y91.18 E683.86211
G0 F7200 X53.279 Y91.18
G1 F1800 X60.919 Y98.82 E683.92985
G0 F7200 X60.354 Y98.82
G1 F1800 X52.713 Y91.18 E683.9976
G0 F7200 X52.148 Y91.18
G1 F1800 X59.788 Y98.82 E684.06535
G0 F7200 X59.222 Y98.82
G1 F1800 X51.582 Y91.18 E684.1331
G0 F7200 X51.016 Y91.18
G1 F1800 X58.657 Y98.82 E684.20085
G0 F7200 X58.091 Y98.82
G1 F1800 X50.451 Y91.18 E684.2686
G0 F7200 X49.885 Y91.18
G1 F1800 X57.525 Y98.82 E684.33634
G0 F7200 X56.96 Y98.82
G1 F1800 X49.319 Y91.18 E684.40409
G0 F7200 X48.754 Y91.18
G1 F1800 X56.394 Y98.82 E684.47184
G0 F7200 X55.828 Y98.82
G1 F1800 X48.188 Y91.18 E684.53959
G0 F7200 X47.622 Y91.18
G1 F1800 X55.263 Y98.82 E684.60734
G0 F7200 X54.697 Y98.82
G1 F1800 X47.057 Y91.18 E684.67509
G0 F7200 X46.491 Y91.18
G1 F1800 X54.131 Y98.82 E684.74283
G0 F7200 X53.565 Y98.82
G1 F1800 X45.925 Y91.18 E684.81058
G0 F7200 X45.359 Y91.18
G1 F1800 X53 Y98.82 E684.87833
G0 F7200 X52.434 Y98.82
G1 F1800 X44.794 Y91.18 E684.94608
G0 F7200 X44.228 Y91.18
G1 F1800 X51.868 Y98.82 E685.01382
G0 F7200 X51.303 Y98.82
G1 F1800 X43.662 Y91.18 E685.08157
G0 F7200 X43.097 Y91.18
G1 F1800 X50.737 Y98.82 E685.14932
G0 F7200 X50.171 Y98.82
G1 F1800 X42.531 Y91.18 E685.21707
G0 F7200 X41.965 Y91.18
G1 F1800 X49.606 Y98.82 E685.28482
G0 F7200 X49.04 Y98.82
G1 F1800 X41.4 Y91.18 E685.35257
G0 F7200 X41.18 Y91.526
G1 F1800 X48.474 Y98.82 E685.41724
G0 F7200 X47.909 Y98.82
G1 F1800 X41.18 Y92.091 E685.47691
G0 F7200 X41.18 Y92.657
G1 F1800 X47.343 Y98.82 E685.53156
G0 F7200 X46.777 Y98.82
G1 F1800 X41.18 Y93.223 E685.58119
G0 F7200 X41.18 Y93.789
G1 F1800 X46.212 Y98.82 E685.62581
G0 F7200 X45.646 Y98.82
G1 F1800 X41.18 Y94.354 E685.66541
G0 F7200 X41.18 Y94.92
G1 F1800 X45.08 Y98.82 E685.69999
G0 F7200 X44.514 Y98.82
G1 F1800 X41.18 Y95.486 E685.72956
G0 F7200 X41.18 Y96.051
G1 F1800 X43.949 Y98.82 E685.75411
G0 F7200 X43.383 Y98.82
G1 F1800 X41.18 Y96.617 E685.77365
G0 F7200 X41.18 Y97.183
G1 F1800 X42.817 Y98.82 E685.78816
G0 F7200 X42.252 Y98.82
G1 F1800 X41.18 Y97.748 E685.79767
G0 F7200 X41.18 Y98.314
G1 F1800 X41.686 Y98.82 E685.80216
G0 F7200 X41.686 Y98.8
;MESH:NONMESH
G0 F600 X41.686 Y98.8 Z19.4
G0 F7200 X89.13 Y99.13
G0 X89.4 Y99.4
;TIME_ELAPSED:2868.216931
;LAYER:191
;TYPE:WALL-INNER
;MESH:test.stl
G1 F3600 X89.4 Y90.6 E685.85733
G1 X40.6 Y90.6 E686.16332
G1 X40.6 Y99.4 E686.2185
G1 X89.4 Y99.4 E686.52448
G0 F7200 X89.8 Y99.8
;TYPE:WALL-OUTER
G1 F1800 X89.8 Y90.2 E686.58467
G1 X40.2 Y90.2 E686.89568
G1 X40.2 Y99.8 E686.95587
G1 X89.8 Y99.8 E687.26687
G0 F7200 X89.8 Y99.6
G0 X89.02 Y99.02
;TYPE:SKIN
G1 F1800 X40.98 Y99.02 E687.56809
G1 X40.98 Y90.98 E687.6185
G1 X89.02 Y90.98 E687.91972
G1 X89.02 Y99.02 E687.97014
G0 F7200 X88.422 Y98.82
G1 F1800 X88.82 Y98.422 E687.97366
G0 F7200 X88.82 Y97.857
G1 F1800 X87.856 Y98.82 E687.98221
G0 F7200 X87.29 Y98.82
G1 F1800 X88.82 Y97.291 E687.99577
G0 F7200 X88.82 Y96.725
G1 F1800 X86.725 Y98.82 E688.01435
G0 F7200 X86.159 Y98.82
G1 F1800 X88.82 Y96.159 E688.03794
G0 F7200 X88.82 Y95.594
G1 F1800 X85.593 Y98.82 E688.06655
G0 F7200 X85.027 Y98.82
G1 F1800 X88.82 Y95.028 E688.10018
G0 F7200 X88.82 Y94.462
G1 F1800 X84.462 Y98.82 E688.13883
G0 F7200 X83.896 Y98.82
G1 F1800 X88.82 Y93.897 E688.18249
G0 F7200 X88.82 Y93.331
G1 F1800 X83.33 Y98.82 E688.23116
G0 F7200 X82.765 Y98.82
G1 F1800 X88.82 Y92.765 E688.28486
G0 F7200 X88.82 Y92.2
G1 F1800 X82.199 Y98.82 E688.34356
G0 F7200 X81.633 Y98.82
G1 F1800 X88.82 Y91.634 E688.40729
G0 F7200 X88.708 Y91.18
G1 F1800 X81.068 Y98.82 E688.47503
G0 F7200 X80.502 Y98.82
G1 F1800 X88.142 Y91.18 E688.54278
G0 F7200 X87.577 Y91.18
G1 F1800 X79.936 Y98.82 E688.61053
G0 F7200 X79.371 Y98.82
G1 F1800 X87.011 Y91.18 E688.67828
G0 F7200 X86.445 Y91.18
G1 F1800 X78.805 Y98.82 E688.74603
G0 F7200 X78.239 Y98.82
G1 F1800 X85.88 Y91.18 E688.81378
G0 F7200 X85.314 Y91.18
G1 F1800 X77.674 Y98.82 E688.88152
G0 F7200 X77.108 Y98.82
G1 F1800 X84.748 Y91.18 E688.94927
G0 F7200 X84.182 Y91.18
G1 F1800 X76.542 Y98.82 E689.01702
G0 F7200 X75.977 Y98.82
G1 F1800 X83.617 Y91.18 E689.08476
G0 F7200 X83.051 Y91.18
G1 F1800 X75.411 Y98.82 E689.15251
G0 F7200 X74.845 Y98.82
G1 F1800 X82.485 Y91.18 E689.22026
G0 F7200 X81.92 Y91.18
G1 F1800 X74.279 Y98.82 E689.28801
G0 F7200 X73.714 Y98.82
G1 F1800 X81.354 Y91.18 E689.35576
G0 F7200 X80.788 Y91.18
G1 F1800 X73.148 Y98.82 E689.4235
G0 F7200 X72.582 Y98.82
G1 F1800 X80.223 Y91.18 E689.49125
G0 F7200 X79.657 Y91.18
G1 F1800 X72.017 Y98.82 E689.559
G0 F7200 X71.451 Y98.82
G1 F1800 X79.091 Y91.18 E689.62675
G0 F7200 X78.526 Y91.18
G1 F1800 X70.885 Y98.82 E689.6945
G0 F7200 X70.32 Y98.82
G1 F1800 X77.96 Y91.18 E689.76225
G0 F7200 X77.394 Y91.18
G1 F1800 X69.754 Y98.82 E689.82999
G0 F7200 X69.188 Y98.82
G1 F1800 X76.829 Y91.18 E689.89774
G0 F7200 X76.263 Y91.18
G1 F1800 X68.623 Y98.82 E689.96549
G0 F7200 X68.057 Y98.82
G1 F1800 X75.697 Y91.18 E690.03324
G0 F7200 X75.132 Y91.18
G1 F1800 X67.491 Y98.82 E690.10099
G0 F7200 X66.926 Y98.82
G1 F1800 X74.566 Y91.18 E690.16874
G0 F7200 X74 Y91.18
G1 F1800 X66.36 Y98.82 E690.23648
G0 F7200 X65.794 Y98.82
G1 F1800 X73.434 Y91.18 E690.30423
G0 F7200 X72.869 Y91.18
G1 F1800 X65.228 Y98.82 E690.37198
G0 F7200 X64.663 Y98.82
G1 F1800 X72.303 Y91.18 E690.43973
G0 F7200 X71.737 Y91.18
G1 F1800 X64.097 Y98.82 E690.50747
G0 F7200 X63.531 Y98.82
G1 F1800 X71.172 Y91.18 E690.57523
G0 F7200 X70.606 Y91.18
G1 F1800 X62.966 Y98.82 E690.64297
G0 F7200 X62.4 Y98.82
G1 F1800 X70.04 Y91.18 E690.71072
G0 F7200 X69.475 Y91.18
G1 F1800 X61.834 Y98.82 E690.77847
G0 F7200 X61.269 Y98.82
G1 F1800 X68.909 Y91.18 E690.84622
G0 F7200 X68.343 Y91.18
G1 F1800 X60.703 Y98.82 E690.91396
G0 F7200 X60.137 Y98.82
G1 F1800 X67.778 Y91.18 E690.98172
G0 F7200 X67.212 Y91.18
G1 F1800 X59.572 Y98.82 E691.04946
G0 F7200 X59.006 Y98.82
G1 F1800 X66.646 Y91.18 E691.11721
G0 F7200 X66.081 Y91.18
G1 F1800 X58.44 Y98.82 E691.18496
G0 F7200 X57.875 Y98.82
G1 F1800 X65.515 Y91.18 E691.25271
G0 F7200 X64.949 Y91.18
G1 F1800 X57.309 Y98.82 E691.32045
G0 F7200 X56.743 Y98.82
G1 F1800 X64.383 Y91.18 E691.3882
G0 F7200 X63.818 Y91.18
G1 F1800 X56.178 Y98.82 E691.45595
G0 F7200 X55.612 Y98.82
G1 F1800 X63.252 Y91.18 E691.52369
G0 F7200 X62.686 Y91.18
G1 F1800 X55.046 Y98.82 E691.59144
G0 F7200 X54.48 Y98.82
G1 F1800 X62.121 Y91.18 E691.65919
G0 F7200 X61.555 Y91.18
G1 F1800 X53.915 Y98.82 E691.72694
G0 F7200 X53.349 Y98.82
G1 F1800 X60.989 Y91.18 E691.79469
G0 F7200 X60.424 Y91.18
G1 F1800 X52.783 Y98.82 E691.86244
G0 F7200 X52.218 Y98.82
G1 F1800 X59.858 Y91.18 E691.93018
G0 F7200 X59.292 Y91.18
G1 F1800 X51.652 Y98.82 E691.99793
G0 F7200 X51.086 Y98.82
G1 F1800 X58.727 Y91.18 E692.06568
G0 F7200 X58.161 Y91.18
G1 F1800 X50.521 Y98.82 E692.13343
G0 F7200 X49.955 Y98.82
G1 F1800 X57.595 Y91.18 E692.20118
G0 F7200 X57.03 Y91.18
G1 F1800 X49.389 Y98.82 E692.26893
G0 F7200 X48.824 Y98.82
G1 F1800 X56.464 Y91.18 E692.33667
G0 F7200 X55.898 Y91.18
G1 F1800 X48.258 Y98.82 E692.40442
G0 F7200 X47.692 Y98.82
G1 F1800 X55.333 Y91.18 E692.47217
G0 F7200 X54.767 Y91.18
G1 F1800 X47.127 Y98.82 E692.53992
G0 F7200 X46.561 Y98.82
G1 F1800 X54.201 Y91.18 E692.60766
G0 F7200 X53.635 Y91.18
G1 F1800 X45.995 Y98.82 E692.67541
G0 F7200 X45.429 Y98.82
G1 F1800 X53.07 Y91.18 E692.74316
G0 F7200 X52.504 Y91.18
G1 F1800 X44.864 Y98.82 E692.81091
G0 F7200 X44.298 Y98.82
G1 F1800 X51.938 Y91.18 E692.87866
G0 F7200 X51.373 Y91.18
G1 F1800 X43.732 Y98.82 E692.94641
G0 F7200 X43.167 Y98.82
G1 F1800 X50.807 Y91.18 E693.01415
G0 F7200 X50.241 Y91.18
G1 F1800 X42.601 Y98.82 E693.0819
G0 F7200 X42.035 Y98.82
G1 F1800 X49.676 Y91.18 E693.14965
G0 F7200 X49.11 Y91.18
G1 F1800 X41.47 Y98.82 E693.2174
G0 F7200 X41.18 Y98.544
G1 F1800 X48.544 Y91.18 E693.2827
G0 F7200 X47.979 Y91.18
G1 F1800 X41.18 Y97.978 E693.34298
G0 F7200 X41.18 Y97.412
G1 F1800 X47.413 Y91.18 E693.39825
G0 F7200 X46.847 Y91.18
G1 F1800 X41.18 Y96.847 E693.4485
G0 F7200 X41.18 Y96.281
G1 F1800 X46.282 Y91.18 E693.49374
G0 F7200 X45.716 Y91.18
G1 F1800 X41.18 Y95.715 E693.53396
G0 F7200 X41.18 Y95.15
G1 F1800 X45.15 Y91.18 E693.56916
G0 F7200 X44.584 Y91.18
G1 F1800 X41.18 Y94.584 E693.59934
G0 F7200 X41.18 Y94.018
G1 F1800 X44.019 Y91.18 E693.62451
G0 F7200 X43.453 Y91.18
G1 F1800 X41.18 Y93.453 E693.64467
G0 F7200 X41.18 Y92.887
G1 F1800 X42.887 Y91.18 E693.65981
G0 F7200 X42.322 Y91.18
G1 F1800 X41.18 Y92.321 E693.66993
G0 F7200 X41.18 Y91.756
G1 F1800 X41.756 Y91.18 E693.67504
G1 X41.784 Y91.152
G0 F7200 X41.784 Y91.2
;MESH:NONMESH
G0 F600 X41.784 Y91.2 Z19.5
G0 F7200 X89.13 Y99.13
G0 X89.4 Y99.4
;TIME_ELAPSED:2910.831642
;LAYER:192
;TYPE:WALL-INNER
;MESH:test.stl
G1 F3600 X89.4 Y90.6 E693.73021
G1 X40.6 Y90.6 E694.0362
G1 X40.6 Y99.4 E694.09138
G1 X89.4 Y99.4 E694.39736
G0 F7200 X89.8 Y99.8
;TYPE:WALL-OUTER
G1 F1800 X89.8 Y90.2 E694.45756
G1 X40.2 Y90.2 E694.76856
G1 X40.2 Y99.8 E694.82875
G1 X89.8 Y99.8 E695.13975
G0 F7200 X89.8 Y99.6
G0 X89.02 Y99.02
;TYPE:SKIN
G1 F1800 X40.98 Y99.02 E695.44097
G1 X40.98 Y90.98 E695.49138
G1 X89.02 Y90.98 E695.7926
G1 X89.02 Y99.02 E695.84302
G0 F7200 X88.352 Y91.18
G1 F1800 X88.82 Y91.649 E695.84717
G0 F7200 X88.82 Y92.215
G1 F1800 X87.786 Y91.18 E695.85634
G0 F7200 X87.22 Y91.18
G1 F1800 X88.82 Y92.78 E695.87053
G0 F7200 X88.82 Y93.346
G1 F1800 X86.655 Y91.18 E695.88973
G0 F7200 X86.089 Y91.18
G1 F1800 X88.82 Y93.912 E695.91395
G0 F7200 X88.82 Y94.477
G1 F1800 X85.523 Y91.18 E695.94319
G0 F7200 X84.957 Y91.18
G1 F1800 X88.82 Y95.043 E695.97744
G0 F7200 X88.82 Y95.609
G1 F1800 X84.392 Y91.18 E696.01671
G0 F7200 X83.826 Y91.18
G1 F1800 X88.82 Y96.174 E696.061
G0 F7200 X88.82 Y96.74
G1 F1800 X83.26 Y91.18 E696.1103
G0 F7200 X82.695 Y91.18
G1 F1800 X88.82 Y97.306 E696.16462
G0 F7200 X88.82 Y97.871
G1 F1800 X82.129 Y91.18 E696.22395
G0 F7200 X81.563 Y91.18
G1 F1800 X88.82 Y98.437 E696.2883
G0 F7200 X88.638 Y98.82
G1 F1800 X80.998 Y91.18 E696.35605
G0 F7200 X80.432 Y91.18
G1 F1800 X88.072 Y98.82 E696.42379
G0 F7200 X87.507 Y98.82
G1 F1800 X79.866 Y91.18 E696.49154
G0 F7200 X79.301 Y91.18
G1 F1800 X86.941 Y98.82 E696.55929
G0 F7200 X86.375 Y98.82
G1 F1800 X78.735 Y91.18 E696.62704
G0 F7200 X78.169 Y91.18
G1 F1800 X85.81 Y98.82 E696.69479
G0 F7200 X85.244 Y98.82
G1 F1800 X77.604 Y91.18 E696.76254
G0 F7200 X77.038 Y91.18
G1 F1800 X84.678 Y98.82 E696.83028
G0 F7200 X84.112 Y98.82
G1 F1800 X76.472 Y91.18 E696.89803
G0 F7200 X75.906 Y91.18
G1 F1800 X83.547 Y98.82 E696.96578
G0 F7200 X82.981 Y98.82
G1 F1800 X75.341 Y91.18 E697.03353
G0 F7200 X74.775 Y91.18
G1 F1800 X82.415 Y98.82 E697.10127
G0 F7200 X81.85 Y98.82
G1 F1800 X74.209 Y91.18 E697.16903
G0 F7200 X73.644 Y91.18
G1 F1800 X81.284 Y98.82 E697.23677
G0 F7200 X80.718 Y98.82
G1 F1800 X73.078 Y91.18 E697.30452
G0 F7200 X72.512 Y91.18
G1 F1800 X80.153 Y98.82 E697.37227
G0 F7200 X79.587 Y98.82
G1 F1800 X71.947 Y91.18 E697.44002
G0 F7200 X71.381 Y91.18
G1 F1800 X79.021 Y98.82 E697.50776
G0 F7200 X78.456 Y98.82
G1 F1800 X70.815 Y91.18 E697.57552
G0 F7200 X70.25 Y91.18
G1 F1800 X77.89 Y98.82 E697.64326
G0 F7200 X77.324 Y98.82
G1 F1800 X69.684 Y91.18 E697.71101
G0 F7200 X69.118 Y91.18
G1 F1800 X76.759 Y98.82 E697.77876
G0 F7200 X76.193 Y98.82
G1 F1800 X68.553 Y91.18 E697.84651
G0 F7200 X67.987 Y91.18
G1 F1800 X75.627 Y98.82 E697.91425
G0 F7200 X75.062 Y98.82
G1 F1800 X67.421 Y91.18 E697.982
G0 F7200 X66.856 Y91.18
G1 F1800 X74.496 Y98.82 E698.04975
G0 F7200 X73.93 Y98.82
G1 F1800 X66.29 Y91.18 E698.1175
G0 F7200 X65.724 Y91.18
G1 F1800 X73.364 Y98.82 E698.18525
G0 F7200 X72.799 Y98.82
G1 F1800 X65.158 Y91.18 E698.253
G0 F7200 X64.593 Y91.18
G1 F1800 X72.233 Y98.82 E698.32074
G0 F7200 X71.667 Y98.82
G1 F1800 X64.027 Y91.18 E698.38849
G0 F7200 X63.461 Y91.18
G1 F1800 X71.102 Y98.82 E698.45624
G0 F7200 X70.536 Y98.82
G1 F1800 X62.896 Y91.18 E698.52399
G0 F7200 X62.33 Y91.18
G1 F1800 X69.97 Y98.82 E698.59174
G0 F7200 X69.405 Y98.82
G1 F1800 X61.764 Y91.18 E698.65949
G0 F7200 X61.199 Y91.18
G1 F1800 X68.839 Y98.82 E698.72723
G0 F7200 X68.273 Y98.82
G1 F1800 X60.633 Y91.18 E698.79498
G0 F7200 X60.067 Y91.18
G1 F1800 X67.708 Y98.82 E698.86273
G0 F7200 X67.142 Y98.82
G1 F1800 X59.502 Y91.18 E698.93048
G0 F7200 X58.936 Y91.18
G1 F1800 X66.576 Y98.82 E698.99822
G0 F7200 X66.011 Y98.82
G1 F1800 X58.37 Y91.18 E699.06598
G0 F7200 X57.805 Y91.18
G1 F1800 X65.445 Y98.82 E699.13372
G0 F7200 X64.879 Y98.82
G1 F1800 X57.239 Y91.18 E699.20147
G0 F7200 X56.673 Y91.18
G1 F1800 X64.313 Y98.82 E699.26922
G0 F7200 X63.748 Y98.82
G1 F1800 X56.108 Y91.18 E699.33696
G0 F7200 X55.542 Y91.18
G1 F1800 X63.182 Y98.82 E699.40471
G0 F7200 X62.616 Y98.82
G1 F1800 X54.976 Y91.18 E699.47246
G0 F7200 X54.41 Y91.18
G1 F1800 X62.051 Y98.82 E699.54021
G0 F7200 X61.485 Y98.82
G1 F1800 X53.845 Y91.18 E699.60795
G0 F7200 X53.279 Y91.18
G1 F1800 X60.919 Y98.82 E699.6757
G0 F7200 X60.354 Y98.82
G1 F1800 X52.713 Y91.18 E699.74345
G0 F7200 X52.148 Y91.18
G1 F1800 X59.788 Y98.82 E699.8112
G0 F7200 X59.222 Y98.82
G1 F1800 X51.582 Y91.18 E699.87895
G0 F7200 X51.016 Y91.18
G1 F1800 X58.657 Y98.82 E699.9467
G0 F7200 X58.091 Y98.82
G1 F1800 X50.451 Y91.18 E700.01444
G0 F7200 X49.885 Y91.18
G1 F1800 X57.525 Y98.82 E700.08219
G0 F7200 X56.96 Y98.82
G1 F1800 X49.319 Y91.18 E700.14994
G0 F7200 X48.754 Y91.18
G1 F1800 X56.394 Y98.82 E700.21769
G0 F7200 X55.828 Y98.82
G1 F1800 X48.188 Y91.18 E700.28544
G0 F7200 X47.622 Y91.18
G1 F1800 X55.263 Y98.82 E700.35319
G0 F7200 X54.697 Y98.82
G1 F1800 X47.057 Y91.18 E700.42093
G0 F7200 X46.491 Y91.18
G1 F1800 X54.131 Y98.82 E700.48868
G0 F7200 X53.565 Y98.82
G1 F1800 X45.925 Y91.18 E700.55643
G0 F7200 X45.359 Y91.18
G1 F1800 X53 Y98.82 E700.62418
G0 F7200 X52.434 Y98.82
G1 F1800 X44.794 Y91.18 E700.69193
G0 F7200 X44.228 Y91.18
G1 F1800 X51.868 Y98.82 E700.75967
G0 F7200 X51.303 Y98.82
G1 F1800 X43.662 Y91.18 E700.82742
G0 F7200 X43.097 Y91.18
G1 F1800 X50.737 Y98.82 E700.89517
G0 F7200 X50.171 Y98.82
G1 F1800 X42.531 Y91.18 E700.96292
G0 F7200 X41.965 Y91.18
G1 F1800 X49.606 Y98.82 E701.03067
G0 F7200 X49.04 Y98.82
G1 F1800 X41.4 Y91.18 E701.09842
G0 F7200 X41.18 Y91.526
G1 F1800 X48.474 Y98.82 E701.16309
G0 F7200 X47.909 Y98.82
G1 F1800 X41.18 Y92.091 E701.22276
G0 F7200 X41.18 Y92.657
G1 F1800 X47.343 Y98.82 E701.27741
G0 F7200 X46.777 Y98.82
G1 F1800 X41.18 Y93.223 E701.32704
G0 F7200 X41.18 Y93.789
G1 F1800 X46.212 Y98.82 E701.37166
G0 F7200 X45.646 Y98.82
G1 F1800 X41.18 Y94.354 E701.41126
G0 F7200 X41.18 Y94.92
G1 F1800 X45.08 Y98.82 E701.44584
G0 F7200 X44.514 Y98.82
G1 F1800 X41.18 Y95.486 E701.47541
G0 F7200 X41.18 Y96.051
G1 F1800 X43.949 Y98.82 E701.49996
G0 F7200 X43.383 Y98.82
G1 F1800 X41.18 Y96.617 E701.5195
G0 F7200 X41.18 Y97.183
G1 F1800 X42.817 Y98.82 E701.53401
G0 F7200 X42.252 Y98.82
G1 F1800 X41.18 Y97.748 E701.54352
G0 F7200 X41.18 Y98.314
G1 F1800 X41.686 Y98.82 E701.548
G0 F7200 X41.686 Y98.8
;MESH:NONMESH
G0 F600 X41.686 Y98.8 Z19.6
G0 F7200 X89.13 Y99.13
G0 X89.4 Y99.4
;TIME_ELAPSED:2953.511707
;LAYER:193
;TYPE:WALL-INNER
;MESH:test.stl
G1 F3600 X89.4 Y90.6 E701.60318
G1 X40.6 Y90.6 E701.90917
G1 X40.6 Y99.4 E701.96435
G1 X89.4 Y99.4 E702.27033
G0 F7200 X89.8 Y99.8
;TYPE:WALL-OUTER
G1 F1800 X89.8 Y90.2 E702.33052
G1 X40.2 Y90.2 E702.64153
G1 X40.2 Y99.8 E702.70172
G1 X89.8 Y99.8 E703.01272
G0 F7200 X89.8 Y99.6
G0 X89.02 Y99.02
;TYPE:SKIN
G1 F1800 X40.98 Y99.02 E703.31394
G1 X40.98 Y90.98 E703.36435
G1 X89.02 Y90.98 E703.66557
G1 X89.02 Y99.02 E703.71598
G0 F7200 X88.422 Y98.82
G1 F1800 X88.82 Y98.422 E703.71951
G0 F7200 X88.82 Y97.857
G1 F1800 X87.856 Y98.82 E703.72806
G0 F7200 X87.29 Y98.82
G1 F1800 X88.82 Y97.291 E703.74162
G0 F7200 X88.82 Y96.725
G1 F1800 X86.725 Y98.82 E703.7602
G0 F7200 X86.159 Y98.82
G1 F1800 X88.82 Y96.159 E703.78379
G0 F7200 X88.82 Y95.594
G1 F1800 X85.593 Y98.82 E703.8124
G0 F7200 X85.027 Y98.82
G1 F1800 X88.82 Y95.028 E703.84603
G0 F7200 X88.82 Y94.462
G1 F1800 X84.462 Y98.82 E703.88468
G0 F7200 X83.896 Y98.82
G1 F1800 X88.82 Y93.897 E703.92834
G0 F7200 X88.82 Y93.331
G1 F1800 X83.33 Y98.82 E703.97701
G0 F7200 X82.765 Y98.82
G1 F1800 X88.82 Y92.765 E704.03071
G0 F7200 X88.82 Y92.2
G1 F1800 X82.199 Y98.82 E704.08941
G0 F7200 X81.633 Y98.82
G1 F1800 X88.82 Y91.634 E704.15314
G0 F7200 X88.708 Y91.18
G1 F1800 X81.068 Y98.82 E704.22088
G0 F7200 X80.502 Y98.82
G1 F1800 X88.142 Y91.18 E704.28863
G0 F7200 X87.577 Y91.18
G1 F1800 X79.936 Y98.82 E704.35638
G0 F7200 X79.371 Y98.82
G1 F1800 X87.011 Y91.18 E704.42413
G0 F7200 X86.445 Y91.18
G1 F1800 X78.805 Y98.82 E704.49188
G0 F7200 X78.239 Y98.82
G1 F1800 X85.88 Y91.18 E704.55963
G0 F7200 X85.314 Y91.18
G1 F1800 X77.674 Y98.82 E704.62737
G0 F7200 X77.108 Y98.82
G1 F1800 X84.748 Y91.18 E704.69512
G0 F7200 X84.182 Y91.18
G1 F1800 X76.542 Y98.82 E704.76287
G0 F7200 X75.977 Y98.82
G1 F1800 X83.617 Y91.18 E704.83061
G0 F7200 X83.051 Y91.18
G1 F1800 X75.411 Y98.82 E704.89836
G0 F7200 X74.845 Y98.82
G1 F1800 X82.485 Y91.18 E704.96611
G0 F7200 X81.92 Y91.18
G1 F1800 X74.279 Y98.82 E705.03386
G0 F7200 X73.714 Y98.82
G1 F1800 X81.354 Y91.18 E705.10161
G0 F7200 X80.788 Y91.18
G1 F1800 X73.148 Y98.82 E705.16935
G0 F7200 X72.582 Y98.82
G1 F1800 X80.223 Y91.18 E705.2371
G0 F7200 X79.657 Y91.18
G1 F1800 X72.017 Y98.82 E705.30485
G0 F7200 X71.451 Y98.82
G1 F1800 X79.091 Y91.18 E705.3726
G0 F7200 X78.526 Y91.18
G1 F1800 X70.885 Y98.82 E705.44035
G0 F7200 X70.32 Y98.82
G1 F1800 X77.96 Y91.18 E705.5081
G0 F7200 X77.394 Y91.18
G1 F1800 X69.754 Y98.82 E705.57584
G0 F7200 X69.188 Y98.82
G1 F1800 X76.829 Y91.18 E705.64359
G0 F7200 X76.263 Y91.18
G1 F1800 X68.623 Y98.82 E705.71134
G0 F7200 X68.057 Y98.82
G1 F1800 X75.697 Y91.18 E705.77909
G0 F7200 X75.132 Y91.18
G1 F1800 X67.491 Y98.82 E705.84684
G0 F7200 X66.926 Y98.82
G1 F1800 X74.566 Y91.18 E705.91458
G0 F7200 X74 Y91.18
G1 F1800 X66.36 Y98.82 E705.98233
G0 F7200 X65.794 Y98.82
G1 F1800 X73.434 Y91.18 E706.05008
G0 F7200 X72.869 Y91.18
G1 F1800 X65.228 Y98.82 E706.11783
G0 F7200 X64.663 Y98.82
G1 F1800 X72.303 Y91.18 E706.18558
G0 F7200 X71.737 Y91.18
G1 F1800 X64.097 Y98.82 E706.25332
G0 F7200 X63.531 Y98.82
G1 F1800 X71.172 Y91.18 E706.32107
G0 F7200 X70.606 Y91.18
G1 F1800 X62.966 Y98.82 E706.38882
G0 F7200 X62.4 Y98.82
G1 F1800 X70.04 Y91.18 E706.45657
G0 F7200 X69.475 Y91.18
G1 F1800 X61.834 Y98.82 E706.52432
G0 F7200 X61.269 Y98.82
G1 F1800 X68.909 Y91.18 E706.59207
G0 F7200 X68.343 Y91.18
G1 F1800 X60.703 Y98.82 E706.65981
G0 F7200 X60.137 Y98.82
G1 F1800 X67.778 Y91.18 E706.72756
G0 F7200 X67.212 Y91.18
G1 F1800 X59.572 Y98.82 E706.79531
G0 F7200 X59.006 Y98.82
G1 F1800 X66.646 Y91.18 E706.86306
G0 F7200 X66.081 Y91.18
G1 F1800 X58.44 Y98.82 E706.93081
G0 F7200 X57.875 Y98.82
G1 F1800 X65.515 Y91.18 E706.99856
G0 F7200 X64.949 Y91.18
G1 F1800 X57.309 Y98.82 E707.0663
G0 F7200 X56.743 Y98.82
G1 F1800 X64.383 Y91.18 E707.13405
G0 F7200 X63.818 Y91.18
G1 F1800 X56.178 Y98.82 E707.2018
G0 F7200 X55.612 Y98.82
G1 F1800 X63.252 Y91.18 E707.26954
G0 F7200 X62.686 Y91.18
G1 F1800 X55.046 Y98.82 E707.33729
G0 F7200 X54.48 Y98.82
G1 F1800 X62.121 Y91.18 E707.40504
G0 F7200 X61.555 Y91.18
G1 F1800 X53.915 Y98.82 E707.47279
G0 F7200 X53.349 Y98.82
G1 F1800 X60.989 Y91.18 E707.54053
G0 F7200 X60.424 Y91.18
G1 F1800 X52.783 Y98.82 E707.60829
G0 F7200 X52.218 Y98.82
G1 F1800 X59.858 Y91.18 E707.67603
G0 F7200 X59.292 Y91.18
G1 F1800 X51.652 Y98.82 E707.74378
G0 F7200 X51.086 Y98.82
G1 F1800 X58.727 Y91.18 E707.81153
G0 F7200 X58.161 Y91.18
G1 F1800 X50.521 Y98.82 E707.87928
G0 F7200 X49.955 Y98.82
G1 F1800 X57.595 Y91.18 E707.94702
G0 F7200 X57.03 Y91.18
G1 F1800 X49.389 Y98.82 E708.01478
G0 F7200 X48.824 Y98.82
G1 F1800 X56.464 Y91.18 E708.08252
G0 F7200 X55.898 Y91.18
G1 F1800 X48.258 Y98.82 E708.15027
G0 F7200 X47.692 Y98.82
G1 F1800 X55.333 Y91.18 E708.21802
G0 F7200 X54.767 Y91.18
G1 F1800 X47.127 Y98.82 E708.28577
G0 F7200 X46.561 Y98.82
G1 F1800 X54.201 Y91.18 E708.35351
G0 F7200 X53.635 Y91.18
G1 F1800 X45.995 Y98.82 E708.42126
G0 F7200 X45.429 Y98.82
G1 F1800 X53.07 Y91.18 E708.48901
G0 F7200 X52.504 Y91.18
G1 F1800 X44.864 Y98.82 E708.55676
G0 F7200 X44.298 Y98.82
G1 F1800 X51.938 Y91.18 E708.62451
G0 F7200 X51.373 Y91.18
G1 F1800 X43.732 Y98.82 E708.69226
G0 F7200 X43.167 Y98.82
G1 F1800 X50.807 Y91.18 E708.76
G0 F7200 X50.241 Y91.18
G1 F1800 X42.601 Y98.82 E708.82775
G0 F7200 X42.035 Y98.82
G1 F1800 X49.676 Y91.18 E708.8955
G0 F7200 X49.11 Y91.18
G1 F1800 X41.47 Y98.82 E708.96325
G0 F7200 X41.18 Y98.544
G1 F1800 X48.544 Y91.18 E709.02855
G0 F7200 X47.979 Y91.18
G1 F1800 X41.18 Y97.978 E709.08883
G0 F7200 X41.18 Y97.412
G1 F1800 X47.413 Y91.18 E709.1441
G0 F7200 X46.847 Y91.18
G1 F1800 X41.18 Y96.847 E709.19435
G0 F7200 X41.18 Y96.281
G1 F1800 X46.282 Y91.18 E709.23959
G0 F7200 X45.716 Y91.18
G1 F1800 X41.18 Y95.715 E709.2798
G0 F7200 X41.18 Y95.15
G1 F1800 X45.15 Y91.18 E709.31501
G0 F7200 X44.584 Y91.18
G1 F1800 X41.18 Y94.584 E709.34519
G0 F7200 X41.18 Y94.018
G1 F1800 X44.019 Y91.18 E709.37036
G0 F7200 X43.453 Y91.18
G1 F1800 X41.18 Y93.453 E709.39052
G0 F7200 X41.18 Y92.887
G1 F1800 X42.887 Y91.18 E709.40566
G0 F7200 X42.322 Y91.18
G1 F1800 X41.18 Y92.321 E709.41578
G0 F7200 X41.18 Y91.756
G1 F1800 X41.756 Y91.18 E709.42088
G1 X41.784 Y91.152
G0 F7200 X41.784 Y91.2
;MESH:NONMESH
G0 F600 X41.784 Y91.2 Z19.7
G0 F7200 X89.13 Y99.13
G0 X89.4 Y99.4
;TIME_ELAPSED:2996.126419
;LAYER:194
;TYPE:WALL-INNER
;MESH:test.stl
G1 F3600 X89.4 Y90.6 E709.47606
G1 X40.6 Y90.6 E709.78205
G1 X40.6 Y99.4 E709.83723
G1 X89.4 Y99.4 E710.14321
G0 F7200 X89.8 Y99.8
;TYPE:WALL-OUTER
G1 F1800 X89.8 Y90.2 E710.2034
G1 X40.2 Y90.2 E710.51441
G1 X40.2 Y99.8 E710.5746
G1 X89.8 Y99.8 E710.8856
G0 F7200 X89.8 Y99.6
G0 X89.02 Y99.02
;TYPE:SKIN
G1 F1800 X40.98 Y99.02 E711.18682
G1 X40.98 Y90.98 E711.23723
G1 X89.02 Y90.98 E711.53845
G1 X89.02 Y99.02 E711.58886
G0 F7200 X88.352 Y91.18
G1 F1800 X88.82 Y91.649 E711.59302
G0 F7200 X88.82 Y92.215
G1 F1800 X87.786 Y91.18 E711.60219
G0 F7200 X87.22 Y91.18
G1 F1800 X88.82 Y92.78 E711.61638
G0 F7200 X88.82 Y93.346
G1 F1800 X86.655 Y91.18 E711.63558
G0 F7200 X86.089 Y91.18
G1 F1800 X88.82 Y93.912 E711.6598
G0 F7200 X88.82 Y94.477
G1 F1800 X85.523 Y91.18 E711.68904
G0 F7200 X84.957 Y91.18
G1 F1800 X88.82 Y95.043 E711.72329
G0 F7200 X88.82 Y95.609
G1 F1800 X84.392 Y91.18 E711.76256
G0 F7200 X83.826 Y91.18
G1 F1800 X88.82 Y96.174 E711.80685
G0 F7200 X88.82 Y96.74
G1 F1800 X83.26 Y91.18 E711.85615
G0 F7200 X82.695 Y91.18
G1 F1800 X88.82 Y97.306 E711.91047
G0 F7200 X88.82 Y97.871
G1 F1800 X82.129 Y91.18 E711.9698
G0 F7200 X81.563 Y91.18
G1 F1800 X88.82 Y98.437 E712.03415
G0 F7200 X88.638 Y98.82
G1 F1800 X80.998 Y91.18 E712.1019
G0 F7200 X80.432 Y91.18
G1 F1800 X88.072 Y98.82 E712.16964
G0 F7200 X87.507 Y98.82
G1 F1800 X79.866 Y91.18 E712.23739
G0 F7200 X79.301 Y91.18
G1 F1800 X86.941 Y98.82 E712.30514
G0 F7200 X86.375 Y98.82
G1 F1800 X78.735 Y91.18 E712.37289
G0 F7200 X78.169 Y91.18
G1 F1800 X85.81 Y98.82 E712.44064
G0 F7200 X85.244 Y98.82
G1 F1800 X77.604 Y91.18 E712.50838
G0 F7200 X77.038 Y91.18
G1 F1800 X84.678 Y98.82 E712.57613
G0 F7200 X84.112 Y98.82
G1 F1800 X76.472 Y91.18 E712.64388
G0 F7200 X75.906 Y91.18
G1 F1800 X83.547 Y98.82 E712.71163
G0 F7200 X82.981 Y98.82
G1 F1800 X75.341 Y91.18 E712.77938
G0 F7200 X74.775 Y91.18
G1 F1800 X82.415 Y98.82 E712.84712
G0 F7200 X81.85 Y98.82
G1 F1800 X74.209 Y91.18 E712.91487
G0 F7200 X73.644 Y91.18
G1 F1800 X81.284 Y98.82 E712.98262
G0 F7200 X80.718 Y98.82
G1 F1800 X73.078 Y91.18 E713.05037
G0 F7200 X72.512 Y91.18
G1 F1800 X80.153 Y98.82 E713.11812
G0 F7200 X79.587 Y98.82
G1 F1800 X71.947 Y91.18 E713.18587
G0 F7200 X71.381 Y91.18
G1 F1800 X79.021 Y98.82 E713.25361
G0 F7200 X78.456 Y98.82
G1 F1800 X70.815 Y91.18 E713.32136
G0 F7200 X70.25 Y91.18
G1 F1800 X77.89 Y98.82 E713.38911
G0 F7200 X77.324 Y98.82
G1 F1800 X69.684 Y91.18 E713.45686
G0 F7200 X69.118 Y91.18
G1 F1800 X76.759 Y98.82 E713.52461
G0 F7200 X76.193 Y98.82
G1 F1800 X68.553 Y91.18 E713.59236
G0 F7200 X67.987 Y91.18
G1 F1800 X75.627 Y98.82 E713.6601
G0 F7200 X75.062 Y98.82
G1 F1800 X67.421 Y91.18 E713.72785
G0 F7200 X66.856 Y91.18
G1 F1800 X74.496 Y98.82 E713.7956
G0 F7200 X73.93 Y98.82
G1 F1800 X66.29 Y91.18 E713.86335
G0 F7200 X65.724 Y91.18
G1 F1800 X73.364 Y98.82 E713.93109
G0 F7200 X72.799 Y98.82
G1 F1800 X65.158 Y91.18 E713.99885
G0 F7200 X64.593 Y91.18
G1 F1800 X72.233 Y98.82 E714.06659
G0 F7200 X71.667 Y98.82
G1 F1800 X64.027 Y91.18 E714.13434
G0 F7200 X63.461 Y91.18
G1 F1800 X71.102 Y98.82 E714.20209
G0 F7200 X70.536 Y98.82
G1 F1800 X62.896 Y91.18 E714.26984
G0 F7200 X62.33 Y91.18
G1 F1800 X69.97 Y98.82 E714.33758
G0 F7200 X69.405 Y98.82
G1 F1800 X61.764 Y91.18 E714.40534
G0 F7200 X61.199 Y91.18
G1 F1800 X68.839 Y98.82 E714.47308
G0 F7200 X68.273 Y98.82
G1 F1800 X60.633 Y91.18 E714.54083
G0 F7200 X60.067 Y91.18
G1 F1800 X67.708 Y98.82 E714.60858
G0 F7200 X67.142 Y98.82
G1 F1800 X59.502 Y91.18 E714.67633
G0 F7200 X58.936 Y91.18
G1 F1800 X66.576 Y98.82 E714.74407
G0 F7200 X66.011 Y98.82
G1 F1800 X58.37 Y91.18 E714.81182
G0 F7200 X57.805 Y91.18
G1 F1800 X65.445 Y98.82 E714.87957
G0 F7200 X64.879 Y98.82
G1 F1800 X57.239 Y91.18 E714.94732
G0 F7200 X56.673 Y91.18
G1 F1800 X64.313 Y98.82 E715.01507
G0 F7200 X63.748 Y98.82
G1 F1800 X56.108 Y91.18 E715.08281
G0 F7200 X55.542 Y91.18
G1 F1800 X63.182 Y98.82 E715.15056
G0 F7200 X62.616 Y98.82
G1 F1800 X54.976 Y91.18 E715.21831
G0 F7200 X54.41 Y91.18
G1 F1800 X62.051 Y98.82 E715.28606
G0 F7200 X61.485 Y98.82
G1 F1800 X53.845 Y91.18 E715.3538
G0 F7200 X53.279 Y91.18
G1 F1800 X60.919 Y98.82 E715.42155
G0 F7200 X60.354 Y98.82
G1 F1800 X52.713 Y91.18 E715.4893
G0 F7200 X52.148 Y91.18
G1 F1800 X59.788 Y98.82 E715.55705
G0 F7200 X59.222 Y98.82
G1 F1800 X51.582 Y91.18 E715.6248
G0 F7200 X51.016 Y91.18
G1 F1800 X58.657 Y98.82 E715.69255
G0 F7200 X58.091 Y98.82
G1 F1800 X50.451 Y91.18 E715.76029
G0 F7200 X49.885 Y91.18
G1 F1800 X57.525 Y98.82 E715.82804
G0 F7200 X56.96 Y98.82
G1 F1800 X49.319 Y91.18 E715.89579
G0 F7200 X48.754 Y91.18
G1 F1800 X56.394 Y98.82 E715.96354
G0 F7200 X55.828 Y98.82
G1 F1800 X48.188 Y91.18 E716.03128
G0 F7200 X47.622 Y91.18
G1 F1800 X55.263 Y98.82 E716.09904
G0 F7200 X54.697 Y98.82
G1 F1800 X47.057 Y91.18 E716.16678
G0 F7200 X46.491 Y91.18
G1 F1800 X54.131 Y98.82 E716.23453
G0 F7200 X53.565 Y98.82
G1 F1800 X45.925 Y91.18 E716.30228
G0 F7200 X45.359 Y91.18
G1 F1800 X53 Y98.82 E716.37003
G0 F7200 X52.434 Y98.82
G1 F1800 X44.794 Y91.18 E716.43777
G0 F7200 X44.228 Y91.18
G1 F1800 X51.868 Y98.82 E716.50552
G0 F7200 X51.303 Y98.82
G1 F1800 X43.662 Y91.18 E716.57327
G0 F7200 X43.097 Y91.18
G1 F1800 X50.737 Y98.82 E716.64102
G0 F7200 X50.171 Y98.82
G1 F1800 X42.531 Y91.18 E716.70877
G0 F7200 X41.965 Y91.18
G1 F1800 X49.606 Y98.82 E716.77652
G0 F7200 X49.04 Y98.82
G1 F1800 X41.4 Y91.18 E716.84426
G0 F7200 X41.18 Y91.526
G1 F1800 X48.474 Y98.82 E716.90894
G0 F7200 X47.909 Y98.82
G1 F1800 X41.18 Y92.091 E716.96861
G0 F7200 X41.18 Y92.657
G1 F1800 X47.343 Y98.82 E717.02326
G0 F7200 X46.777 Y98.82
G1 F1800 X41.18 Y93.223 E717.07289
G0 F7200 X41.18 Y93.789
G1 F1800 X46.212 Y98.82 E717.11751
G0 F7200 X45.646 Y98.82
G1 F1800 X41.18 Y94.354 E717.15711
G0 F7200 X41.18 Y94.92
G1 F1800 X45.08 Y98.82 E717.19169
G0 F7200 X44.514 Y98.82
G1 F1800 X41.18 Y95.486 E717.22126
G0 F7200 X41.18 Y96.051
G1 F1800 X43.949 Y98.82 E717.24581
G0 F7200 X43.383 Y98.82
G1 F1800 X41.18 Y96.617 E717.26534
G0 F7200 X41.18 Y97.183
G1 F1800 X42.817 Y98.82 E717.27986
G0 F7200 X42.252 Y98.82
G1 F1800 X41.18 Y97.748 E717.28937
G0 F7200 X41.18 Y98.314
G1 F1800 X41.686 Y98.82 E717.29385
G0 F7200 X41.686 Y98.8
;MESH:NONMESH
G0 F600 X41.686 Y98.8 Z19.8
G0 F7200 X89.13 Y99.13
G0 X89.4 Y99.4
;TIME_ELAPSED:3038.806483
;LAYER:195
;TYPE:WALL-INNER
;MESH:test.stl
G1 F3600 X89.4 Y90.6 E717.34903
G1 X40.6 Y90.6 E717.65502
G1 X40.6 Y99.4 E717.71019
G1 X89.4 Y99.4 E718.01618
G0 F7200 X89.8 Y99.8
;TYPE:WALL-OUTER
G1 F1800 X89.8 Y90.2 E718.07637
G1 X40.2 Y90.2 E718.38737
G1 X40.2 Y99.8 E718.44757
G1 X89.8 Y99.8 E718.75857
G0 F7200 X89.8 Y99.6
G0 X89.02 Y99.02
;TYPE:SKIN
G1 F1800 X40.98 Y99.02 E719.05979
G1 X40.98 Y90.98 E719.1102
G1 X89.02 Y90.98 E719.41142
G1 X89.02 Y99.02 E719.46183
G0 F7200 X88.422 Y98.82
G1 F1800 X88.82 Y98.422 E719.46536
G0 F7200 X88.82 Y97.857
G1 F1800 X87.856 Y98.82 E719.47391
G0 F7200 X87.29 Y98.82
G1 F1800 X88.82 Y97.291 E719.48747
G0 F7200 X88.82 Y96.725
G1 F1800 X86.725 Y98.82 E719.50605
G0 F7200 X86.159 Y98.82
G1 F1800 X88.82 Y96.159 E719.52964
G0 F7200 X88.82 Y95.594
G1 F1800 X85.593 Y98.82 E719.55825
G0 F7200 X85.027 Y98.82
G1 F1800 X88.82 Y95.028 E719.59188
G0 F7200 X88.82 Y94.462
G1 F1800 X84.462 Y98.82 E719.63053
G0 F7200 X83.896 Y98.82
G1 F1800 X88.82 Y93.897 E719.67418
G0 F7200 X88.82 Y93.331
G1 F1800 X83.33 Y98.82 E719.72286
G0 F7200 X82.765 Y98.82
G1 F1800 X88.82 Y92.765 E719.77655
G0 F7200 X88.82 Y92.2
G1 F1800 X82.199 Y98.82 E719.83526
G0 F7200 X81.633 Y98.82
G1 F1800 X88.82 Y91.634 E719.89899
G0 F7200 X88.708 Y91.18
G1 F1800 X81.068 Y98.82 E719.96673
G0 F7200 X80.502 Y98.82
G1 F1800 X88.142 Y91.18 E720.03448
G0 F7200 X87.577 Y91.18
G1 F1800 X79.936 Y98.82 E720.10223
G0 F7200 X79.371 Y98.82
G1 F1800 X87.011 Y91.18 E720.16998
G0 F7200 X86.445 Y91.18
G1 F1800 X78.805 Y98.82 E720.23772
G0 F7200 X78.239 Y98.82
G1 F1800 X85.88 Y91.18 E720.30548
G0 F7200 X85.314 Y91.18
G1 F1800 X77.674 Y98.82 E720.37322
G0 F7200 X77.108 Y98.82
G1 F1800 X84.748 Y91.18 E720.44097
G0 F7200 X84.182 Y91.18
G1 F1800 X76.542 Y98.82 E720.50872
G0 F7200 X75.977 Y98.82
G1 F1800 X83.617 Y91.18 E720.57646
G0 F7200 X83.051 Y91.18
G1 F1800 X75.411 Y98.82 E720.64421
G0 F7200 X74.845 Y98.82
G1 F1800 X82.485 Y91.18 E720.71196
G0 F7200 X81.92 Y91.18
G1 F1800 X74.279 Y98.82 E720.77971
G0 F7200 X73.714 Y98.82
G1 F1800 X81.354 Y91.18 E720.84745
G0 F7200 X80.788 Y91.18
G1 F1800 X73.148 Y98.82 E720.9152
G0 F7200 X72.582 Y98.82
G1 F1800 X80.223 Y91.18 E720.98295
G0 F7200 X79.657 Y91.18
G1 F1800 X72.017 Y98.82 E721.0507
G0 F7200 X71.451 Y98.82
G1 F1800 X79.091 Y91.18 E721.11845
G0 F7200 X78.526 Y91.18
G1 F1800 X70.885 Y98.82 E721.1862
G0 F7200 X70.32 Y98.82
G1 F1800 X77.96 Y91.18 E721.25394
G0 F7200 X77.394 Y91.18
G1 F1800 X69.754 Y98.82 E721.32169
G0 F7200 X69.188 Y98.82
G1 F1800 X76.829 Y91.18 E721.38944
G0 F7200 X76.263 Y91.18
G1 F1800 X68.623 Y98.82 E721.45719
G0 F7200 X68.057 Y98.82
G1 F1800 X75.697 Y91.18 E721.52494
G0 F7200 X75.132 Y91.18
G1 F1800 X67.491 Y98.82 E721.59269
G0 F7200 X66.926 Y98.82
G1 F1800 X74.566 Y91.18 E721.66043
G0 F7200 X74 Y91.18
G1 F1800 X66.36 Y98.82 E721.72818
G0 F7200 X65.794 Y98.82
G1 F1800 X73.434 Y91.18 E721.79593
G0 F7200 X72.869 Y91.18
G1 F1800 X65.228 Y98.82 E721.86368
G0 F7200 X64.663 Y98.82
G1 F1800 X72.303 Y91.18 E721.93143
G0 F7200 X71.737 Y91.18
G1 F1800 X64.097 Y98.82 E721.99917
G0 F7200 X63.531 Y98.82
G1 F1800 X71.172 Y91.18 E722.06692
G0 F7200 X70.606 Y91.18
G1 F1800 X62.966 Y98.82 E722.13467
G0 F7200 X62.4 Y98.82
G1 F1800 X70.04 Y91.18 E722.20242
G0 F7200 X69.475 Y91.18
G1 F1800 X61.834 Y98.82 E722.27017
G0 F7200 X61.269 Y98.82
G1 F1800 X68.909 Y91.18 E722.33791
G0 F7200 X68.343 Y91.18
G1 F1800 X60.703 Y98.82 E722.40566
G0 F7200 X60.137 Y98.82
G1 F1800 X67.778 Y91.18 E722.47341
G0 F7200 X67.212 Y91.18
G1 F1800 X59.572 Y98.82 E722.54116
G0 F7200 X59.006 Y98.82
G1 F1800 X66.646 Y91.18 E722.60891
G0 F7200 X66.081 Y91.18
G1 F1800 X58.44 Y98.82 E722.67666
G0 F7200 X57.875 Y98.82
G1 F1800 X65.515 Y91.18 E722.7444
G0 F7200 X64.949 Y91.18
G1 F1800 X57.309 Y98.82 E722.81215
G0 F7200 X56.743 Y98.82
G1 F1800 X64.383 Y91.18 E722.8799
G0 F7200 X63.818 Y91.18
G1 F1800 X56.178 Y98.82 E722.94764
G0 F7200 X55.612 Y98.82
G1 F1800 X63.252 Y91.18 E723.01539
G0 F7200 X62.686 Y91.18
G1 F1800 X55.046 Y98.82 E723.08314
G0 F7200 X54.48 Y98.82
G1 F1800 X62.121 Y91.18 E723.15089
G0 F7200 X61.555 Y91.18
G1 F1800 X53.915 Y98.82 E723.21864
G0 F7200 X53.349 Y98.82
G1 F1800 X60.989 Y91.18 E723.28638
G0 F7200 X60.424 Y91.18
G1 F1800 X52.783 Y98.82 E723.35413
G0 F7200 X52.218 Y98.82
G1 F1800 X59.858 Y91.18 E723.42188
G0 F7200 X59.292 Y91.18
G1 F1800 X51.652 Y98.82 E723.48963
G0 F7200 X51.086 Y98.82
G1 F1800 X58.727 Y91.18 E723.55738
G0 F7200 X58.161 Y91.18
G1 F1800 X50.521 Y98.82 E723.62513
G0 F7200 X49.955 Y98.82
G1 F1800 X57.595 Y91.18 E723.69287
G0 F7200 X57.03 Y91.18
G1 F1800 X49.389 Y98.82 E723.76062
G0 F7200 X48.824 Y98.82
G1 F1800 X56.464 Y91.18 E723.82837
G0 F7200 X55.898 Y91.18
G1 F1800 X48.258 Y98.82 E723.89612
G0 F7200 X47.692 Y98.82
G1 F1800 X55.333 Y91.18 E723.96387
G0 F7200 X54.767 Y91.18
G1 F1800 X47.127 Y98.82 E724.03162
G0 F7200 X46.561 Y98.82
G1 F1800 X54.201 Y91.18 E724.09936
G0 F7200 X53.635 Y91.18
G1 F1800 X45.995 Y98.82 E724.16711
G0 F7200 X45.429 Y98.82
G1 F1800 X53.07 Y91.18 E724.23486
G0 F7200 X52.504 Y91.18
G1 F1800 X44.864 Y98.82 E724.30261
G0 F7200 X44.298 Y98.82
G1 F1800 X51.938 Y91.18 E724.37035
G0 F7200 X51.373 Y91.18
G1 F1800 X43.732 Y98.82 E724.43811
G0 F7200 X43.167 Y98.82
G1 F1800 X50.807 Y91.18 E724.50585
G0 F7200 X50.241 Y91.18
G1 F1800 X42.601 Y98.82 E724.5736
G0 F7200 X42.035 Y98.82
G1 F1800 X49.676 Y91.18 E724.64135
G0 F7200 X49.11 Y91.18
G1 F1800 X41.47 Y98.82 E724.7091
G0 F7200 X41.18 Y98.544
G1 F1800 X48.544 Y91.18 E724.7744
G0 F7200 X47.979 Y91.18
G1 F1800 X41.18 Y97.978 E724.83468
G0 F7200 X41.18 Y97.412
G1 F1800 X47.413 Y91.18 E724.88995
G0 F7200 X46.847 Y91.18
G1 F1800 X41.18 Y96.847 E724.9402
G0 F7200 X41.18 Y96.281
G1 F1800 X46.282 Y91.18 E724.98544
G0 F7200 X45.716 Y91.18
G1 F1800 X41.18 Y95.715 E725.02565
G0 F7200 X41.18 Y95.15
G1 F1800 X45.15 Y91.18 E725.06086
G0 F7200 X44.584 Y91.18
G1 F1800 X41.18 Y94.584 E725.09104
G0 F7200 X41.18 Y94.018
G1 F1800 X44.019 Y91.18 E725.11621
G0 F7200 X43.453 Y91.18
G1 F1800 X41.18 Y93.453 E725.13637
G0 F7200 X41.18 Y92.887
G1 F1800 X42.887 Y91.18 E725.1515
G0 F7200 X42.322 Y91.18
G1 F1800 X41.18 Y92.321 E725.16163
G0 F7200 X41.18 Y91.756
G1 F1800 X41.756 Y91.18 E725.16673
G1 X41.784 Y91.152
G0 F7200 X41.784 Y91.2
;MESH:NONMESH
G0 F600 X41.784 Y91.2 Z19.9
G0 F7200 X89.13 Y99.13
G0 X89.4 Y99.4
;TIME_ELAPSED:3081.421195
;LAYER:196
;TYPE:WALL-INNER
;MESH:test.stl
G1 F3600 X89.4 Y90.6 E725.22191
G1 X40.6 Y90.6 E725.5279
G1 X40.6 Y99.4 E725.58307
G1 X89.4 Y99.4 E725.88906
G0 F7200 X89.8 Y99.8
;TYPE:WALL-OUTER
G1 F1800 X89.8 Y90.2 E725.94925
G1 X40.2 Y90.2 E726.26025
G1 X40.2 Y99.8 E726.32045
G1 X89.8 Y99.8 E726.63145
G0 F7200 X89.8 Y99.6
G0 X89.02 Y99.02
;TYPE:SKIN
G1 F1800 X40.98 Y99.02 E726.93267
G1 X40.98 Y90.98 E726.98308
G1 X89.02 Y90.98 E727.2843
G1 X89.02 Y99.02 E727.33471
G0 F7200 X88.352 Y91.18
G1 F1800 X88.82 Y91.649 E727.33887
G0 F7200 X88.82 Y92.215
G1 F1800 X87.786 Y91.18 E727.34804
G0 F7200 X87.22 Y91.18
G1 F1800 X88.82 Y92.78 E727.36223
G0 F7200 X88.82 Y93.346
G1 F1800 X86.655 Y91.18 E727.38143
G0 F7200 X86.089 Y91.18
G1 F1800 X88.82 Y93.912 E727.40565
G0 F7200 X88.82 Y94.477
G1 F1800 X85.523 Y91.18 E727.43489
G0 F7200 X84.957 Y91.18
G1 F1800 X88.82 Y95.043 E727.46914
G0 F7200 X88.82 Y95.609
G1 F1800 X84.392 Y91.18 E727.50841
G0 F7200 X83.826 Y91.18
G1 F1800 X88.82 Y96.174 E727.5527
G0 F7200 X88.82 Y96.74
G1 F1800 X83.26 Y91.18 E727.602
G0 F7200 X82.695 Y91.18
G1 F1800 X88.82 Y97.306 E727.65632
G0 F7200 X88.82 Y97.871
G1 F1800 X82.129 Y91.18 E727.71565
G0 F7200 X81.563 Y91.18
G1 F1800 X88.82 Y98.437 E727.78
G0 F7200 X88.638 Y98.82
G1 F1800 X80.998 Y91.18 E727.84774
G0 F7200 X80.432 Y91.18
G1 F1800 X88.072 Y98.82 E727.91549
G0 F7200 X87.507 Y98.82
G1 F1800 X79.866 Y91.18 E727.98324
G0 F7200 X79.301 Y91.18
G1 F1800 X86.941 Y98.82 E728.05099
G0 F7200 X86.375 Y98.82
G1 F1800 X78.735 Y91.18 E728.11874
G0 F7200 X78.169 Y91.18
G1 F1800 X85.81 Y98.82 E728.18649
G0 F7200 X85.244 Y98.82
G1 F1800 X77.604 Y91.18 E728.25423
G0 F7200 X77.038 Y91.18
G1 F1800 X84.678 Y98.82 E728.32198
G0 F7200 X84.112 Y98.82
G1 F1800 X76.472 Y91.18 E728.38973
G0 F7200 X75.906 Y91.18
G1 F1800 X83.547 Y98.82 E728.45748
G0 F7200 X82.981 Y98.82
G1 F1800 X75.341 Y91.18 E728.52523
G0 F7200 X74.775 Y91.18
G1 F1800 X82.415 Y98.82 E728.59297
G0 F7200 X81.85 Y98.82
G1 F1800 X74.209 Y91.18 E728.66072
G0 F7200 X73.644 Y91.18
G1 F1800 X81.284 Y98.82 E728.72847
G0 F7200 X80.718 Y98.82
G1 F1800 X73.078 Y91.18 E728.79622
G0 F7200 X72.512 Y91.18
G1 F1800 X80.153 Y98.82 E728.86397
G0 F7200 X79.587 Y98.82
G1 F1800 X71.947 Y91.18 E728.93172
G0 F7200 X71.381 Y91.18
G1 F1800 X79.021 Y98.82 E728.99946
G0 F7200 X78.456 Y98.82
G1 F1800 X70.815 Y91.18 E729.06721
G0 F7200 X70.25 Y91.18
G1 F1800 X77.89 Y98.82 E729.13496
G0 F7200 X77.324 Y98.82
G1 F1800 X69.684 Y91.18 E729.20271
G0 F7200 X69.118 Y91.18
G1 F1800 X76.759 Y98.82 E729.27046
G0 F7200 X76.193 Y98.82
G1 F1800 X68.553 Y91.18 E729.3382
G0 F7200 X67.987 Y91.18
G1 F1800 X75.627 Y98.82 E729.40595
G0 F7200 X75.062 Y98.82
G1 F1800 X67.421 Y91.18 E729.4737
G0 F7200 X66.856 Y91.18
G1 F1800 X74.496 Y98.82 E729.54145
G0 F7200 X73.93 Y98.82
G1 F1800 X66.29 Y91.18 E729.6092
G0 F7200 X65.724 Y91.18
G1 F1800 X73.364 Y98.82 E729.67694
G0 F7200 X72.799 Y98.82
G1 F1800 X65.158 Y91.18 E729.74469
G0 F7200 X64.593 Y91.18
G1 F1800 X72.233 Y98.82 E729.81244
G0 F7200 X71.667 Y98.82
G1 F1800 X64.027 Y91.18 E729.88019
G0 F7200 X63.461 Y91.18
G1 F1800 X71.102 Y98.82 E729.94794
G0 F7200 X70.536 Y98.82
G1 F1800 X62.896 Y91.18 E730.01569
G0 F7200 X62.33 Y91.18
G1 F1800 X69.97 Y98.82 E730.08343
G0 F7200 X69.405 Y98.82
G1 F1800 X61.764 Y91.18 E730.15118
G0 F7200 X61.199 Y91.18
G1 F1800 X68.839 Y98.82 E730.21893
G0 F7200 X68.273 Y98.82
G1 F1800 X60.633 Y91.18 E730.28668
G0 F7200 X60.067 Y91.18
G1 F1800 X67.708 Y98.82 E730.35443
G0 F7200 X67.142 Y98.82
G1 F1800 X59.502 Y91.18 E730.42218
G0 F7200 X58.936 Y91.18
G1 F1800 X66.576 Y98.82 E730.48992
G0 F7200 X66.011 Y98.82
G1 F1800 X58.37 Y91.18 E730.55767
G0 F7200 X57.805 Y91.18
G1 F1800 X65.445 Y98.82 E730.62542
G0 F7200 X64.879 Y98.82
G1 F1800 X57.239 Y91.18 E730.69317
G0 F7200 X56.673 Y91.18
G1 F1800 X64.313 Y98.82 E730.76091
G0 F7200 X63.748 Y98.82
G1 F1800 X56.108 Y91.18 E730.82866
G0 F7200 X55.542 Y91.18
G1 F1800 X63.182 Y98.82 E730.89641
G0 F7200 X62.616 Y98.82
G1 F1800 X54.976 Y91.18 E730.96415
G0 F7200 X54.41 Y91.18
G1 F1800 X62.051 Y98.82 E731.03191
G0 F7200 X61.485 Y98.82
G1 F1800 X53.845 Y91.18 E731.09965
G0 F7200 X53.279 Y91.18
G1 F1800 X60.919 Y98.82 E731.1674
G0 F7200 X60.354 Y98.82
G1 F1800 X52.713 Y91.18 E731.23515
G0 F7200 X52.148 Y91.18
G1 F1800 X59.788 Y98.82 E731.3029
G0 F7200 X59.222 Y98.82
G1 F1800 X51.582 Y91.18 E731.37064
G0 F7200 X51.016 Y91.18
G1 F1800 X58.657 Y98.82 E731.4384
G0 F7200 X58.091 Y98.82
G1 F1800 X50.451 Y91.18 E731.50614
G0 F7200 X49.885 Y91.18
G1 F1800 X57.525 Y98.82 E731.57389
G0 F7200 X56.96 Y98.82
G1 F1800 X49.319 Y91.18 E731.64164
G0 F7200 X48.754 Y91.18
G1 F1800 X56.394 Y98.82 E731.70939
G0 F7200 X55.828 Y98.82
G1 F1800 X48.188 Y91.18 E731.77713
G0 F7200 X47.622 Y91.18
G1 F1800 X55.263 Y98.82 E731.84488
G0 F7200 X54.697 Y98.82
G1 F1800 X47.057 Y91.18 E731.91263
G0 F7200 X46.491 Y91.18
G1 F1800 X54.131 Y98.82 E731.98038
G0 F7200 X53.565 Y98.82
G1 F1800 X45.925 Y91.18 E732.04813
G0 F7200 X45.359 Y91.18
G1 F1800 X53 Y98.82 E732.11588
G0 F7200 X52.434 Y98.82
G1 F1800 X44.794 Y91.18 E732.18362
G0 F7200 X44.228 Y91.18
G1 F1800 X51.868 Y98.82 E732.25137
G0 F7200 X51.303 Y98.82
G1 F1800 X43.662 Y91.18 E732.31912
G0 F7200 X43.097 Y91.18
G1 F1800 X50.737 Y98.82 E732.38687
G0 F7200 X50.171 Y98.82
G1 F1800 X42.531 Y91.18 E732.45461
G0 F7200 X41.965 Y91.18
G1 F1800 X49.606 Y98.82 E732.52237
G0 F7200 X49.04 Y98.82
G1 F1800 X41.4 Y91.18 E732.59011
G0 F7200 X41.18 Y91.526
G1 F1800 X48.474 Y98.82 E732.65479
G0 F7200 X47.909 Y98.82
G1 F1800 X41.18 Y92.091 E732.71446
G0 F7200 X41.18 Y92.657
G1 F1800 X47.343 Y98.82 E732.76911
G0 F7200 X46.777 Y98.82
G1 F1800 X41.18 Y93.223 E732.81874
G0 F7200 X41.18 Y93.789
G1 F1800 X46.212 Y98.82 E732.86336
G0 F7200 X45.646 Y98.82
G1 F1800 X41.18 Y94.354 E732.90296
G0 F7200 X41.18 Y94.92
G1 F1800 X45.08 Y98.82 E732.93754
G0 F7200 X44.514 Y98.82
G1 F1800 X41.18 Y95.486 E732.96711
G0 F7200 X41.18 Y96.051
G1 F1800 X43.949 Y98.82 E732.99166
G0 F7200 X43.383 Y98.82
G1 F1800 X41.18 Y96.617 E733.01119
G0 F7200 X41.18 Y97.183
G1 F1800 X42.817 Y98.82 E733.02571
G0 F7200 X42.252 Y98.82
G1 F1800 X41.18 Y97.748 E733.03522
G0 F7200 X41.18 Y98.314
G1 F1800 X41.686 Y98.82 E733.0397
G0 F7200 X41.686 Y98.8
;MESH:NONMESH
G0 F600 X41.686 Y98.8 Z20
G0 F7200 X89.13 Y99.13
G0 X89.4 Y99.4
;TIME_ELAPSED:3124.101260
;LAYER:197
;TYPE:WALL-INNER
;MESH:test.stl
G1 F3600 X89.4 Y90.6 E733.09488
G1 X40.6 Y90.6 E733.40087
G1 X40.6 Y99.4 E733.45604
G1 X89.4 Y99.4 E733.76203
G0 F7200 X89.8 Y99.8
;TYPE:WALL-OUTER
G1 F1800 X89.8 Y90.2 E733.82222
G1 X40.2 Y90.2 E734.13322
G1 X40.2 Y99.8 E734.19342
G1 X89.8 Y99.8 E734.50442
G0 F7200 X89.8 Y99.6
G0 X89.02 Y99.02
;TYPE:SKIN
G1 F1800 X40.98 Y99.02 E734.80564
G1 X40.98 Y90.98 E734.85605
G1 X89.02 Y90.98 E735.15727
G1 X89.02 Y99.02 E735.20768
G0 F7200 X88.422 Y98.82
G1 F1800 X88.82 Y98.422 E735.21121
G0 F7200 X88.82 Y97.857
G1 F1800 X87.856 Y98.82 E735.21975
G0 F7200 X87.29 Y98.82
G1 F1800 X88.82 Y97.291 E735.23332
G0 F7200 X88.82 Y96.725
G1 F1800 X86.725 Y98.82 E735.25189
G0 F7200 X86.159 Y98.82
G1 F1800 X88.82 Y96.159 E735.27549
G0 F7200 X88.82 Y95.594
G1 F1800 X85.593 Y98.82 E735.3041
G0 F7200 X85.027 Y98.82
G1 F1800 X88.82 Y95.028 E735.33773
G0 F7200 X88.82 Y94.462
G1 F1800 X84.462 Y98.82 E735.37637
G0 F7200 X83.896 Y98.82
G1 F1800 X88.82 Y93.897 E735.42003
G0 F7200 X88.82 Y93.331
G1 F1800 X83.33 Y98.82 E735.46871
G0 F7200 X82.765 Y98.82
G1 F1800 X88.82 Y92.765 E735.5224
G0 F7200 X88.82 Y92.2
G1 F1800 X82.199 Y98.82 E735.58111
G0 F7200 X81.633 Y98.82
G1 F1800 X88.82 Y91.634 E735.64483
G0 F7200 X88.708 Y91.18
G1 F1800 X81.068 Y98.82 E735.71258
G0 F7200 X80.502 Y98.82
G1 F1800 X88.142 Y91.18 E735.78033
G0 F7200 X87.577 Y91.18
G1 F1800 X79.936 Y98.82 E735.84808
G0 F7200 X79.371 Y98.82
G1 F1800 X87.011 Y91.18 E735.91583
G0 F7200 X86.445 Y91.18
G1 F1800 X78.805 Y98.82 E735.98357
G0 F7200 X78.239 Y98.82
G1 F1800 X85.88 Y91.18 E736.05132
G0 F7200 X85.314 Y91.18
G1 F1800 X77.674 Y98.82 E736.11907
G0 F7200 X77.108 Y98.82
G1 F1800 X84.748 Y91.18 E736.18682
G0 F7200 X84.182 Y91.18
G1 F1800 X76.542 Y98.82 E736.25456
G0 F7200 X75.977 Y98.82
G1 F1800 X83.617 Y91.18 E736.32231
G0 F7200 X83.051 Y91.18
G1 F1800 X75.411 Y98.82 E736.39006
G0 F7200 X74.845 Y98.82
G1 F1800 X82.485 Y91.18 E736.45781
G0 F7200 X81.92 Y91.18
G1 F1800 X74.279 Y98.82 E736.52556
G0 F7200 X73.714 Y98.82
G1 F1800 X81.354 Y91.18 E736.5933
G0 F7200 X80.788 Y91.18
G1 F1800 X73.148 Y98.82 E736.66105
G0 F7200 X72.582 Y98.82
G1 F1800 X80.223 Y91.18 E736.7288
G0 F7200 X79.657 Y91.18
G1 F1800 X72.017 Y98.82 E736.79655
G0 F7200 X71.451 Y98.82
G1 F1800 X79.091 Y91.18 E736.86429
G0 F7200 X78.526 Y91.18
G1 F1800 X70.885 Y98.82 E736.93205
G0 F7200 X70.32 Y98.82
G1 F1800 X77.96 Y91.18 E736.99979
G0 F7200 X77.394 Y91.18
G1 F1800 X69.754 Y98.82 E737.06754
G0 F7200 X69.188 Y98.82
G1 F1800 X76.829 Y91.18 E737.13529
G0 F7200 X76.263 Y91.18
G1 F1800 X68.623 Y98.82 E737.20304
G0 F7200 X68.057 Y98.82
G1 F1800 X75.697 Y91.18 E737.27078
G0 F7200 X75.132 Y91.18
G1 F1800 X67.491 Y98.82 E737.33854
G0 F7200 X66.926 Y98.82
G1 F1800 X74.566 Y91.18 E737.40628
G0 F7200 X74 Y91.18
G1 F1800 X66.36 Y98.82 E737.47403
G0 F7200 X65.794 Y98.82
G1 F1800 X73.434 Y91.18 E737.54178
G0 F7200 X72.869 Y91.18
G1 F1800 X65.228 Y98.82 E737.60953
G0 F7200 X64.663 Y98.82
G1 F1800 X72.303 Y91.18 E737.67727
G0 F7200 X71.737 Y91.18
G1 F1800 X64.097 Y98.82 E737.74502
G0 F7200 X63.531 Y98.82
G1 F1800 X71.172 Y91.18 E737.81277
G0 F7200 X70.606 Y91.18
G1 F1800 X62.966 Y98.82 E737.88052
G0 F7200 X62.4 Y98.82
G1 F1800 X70.04 Y91.18 E737.94827
G0 F7200 X69.475 Y91.18
G1 F1800 X61.834 Y98.82 E738.01602
G0 F7200 X61.269 Y98.82
G1 F1800 X68.909 Y91.18 E738.08376
G0 F7200 X68.343 Y91.18
G1 F1800 X60.703 Y98.82 E738.15151
G0 F7200 X60.137 Y98.82
G1 F1800 X67.778 Y91.18 E738.21926
G0 F7200 X67.212 Y91.18
G1 F1800 X59.572 Y98.82 E738.28701
G0 F7200 X59.006 Y98.82
G1 F1800 X66.646 Y91.18 E738.35476
G0 F7200 X66.081 Y91.18
G1 F1800 X58.44 Y98.82 E738.42251
G0 F7200 X57.875 Y98.82
G1 F1800 X65.515 Y91.18 E738.49025
G0 F7200 X64.949 Y91.18
G1 F1800 X57.309 Y98.82 E738.558
G0 F7200 X56.743 Y98.82
G1 F1800 X64.383 Y91.18 E738.62575
G0 F7200 X63.818 Y91.18
G1 F1800 X56.178 Y98.82 E738.69349
G0 F7200 X55.612 Y98.82
G1 F1800 X63.252 Y91.18 E738.76124
G0 F7200 X62.686 Y91.18
G1 F1800 X55.046 Y98.82 E738.82899
G0 F7200 X54.48 Y98.82
G1 F1800 X62.121 Y91.18 E738.89674
G0 F7200 X61.555 Y91.18
G1 F1800 X53.915 Y98.82 E738.96449
G0 F7200 X53.349 Y98.82
G1 F1800 X60.989 Y91.18 E739.03223
G0 F7200 X60.424 Y91.18
G1 F1800 X52.783 Y98.82 E739.09998
G0 F7200 X52.218 Y98.82
G1 F1800 X59.858 Y91.18 E739.16773
G0 F7200 X59.292 Y91.18
G1 F1800 X51.652 Y98.82 E739.23548
G0 F7200 X51.086 Y98.82
G1 F1800 X58.727 Y91.18 E739.30323
G0 F7200 X58.161 Y91.18
G1 F1800 X50.521 Y98.82 E739.37097
G0 F7200 X49.955 Y98.82
G1 F1800 X57.595 Y91.18 E739.43872
G0 F7200 X57.03 Y91.18
G1 F1800 X49.389 Y98.82 E739.50647
G0 F7200 X48.824 Y98.82
G1 F1800 X56.464 Y91.18 E739.57422
G0 F7200 X55.898 Y91.18
G1 F1800 X48.258 Y98.82 E739.64197
G0 F7200 X47.692 Y98.82
G1 F1800 X55.333 Y91.18 E739.70972
G0 F7200 X54.767 Y91.18
G1 F1800 X47.127 Y98.82 E739.77746
G0 F7200 X46.561 Y98.82
G1 F1800 X54.201 Y91.18 E739.84521
G0 F7200 X53.635 Y91.18
G1 F1800 X45.995 Y98.82 E739.91296
G0 F7200 X45.429 Y98.82
G1 F1800 X53.07 Y91.18 E739.98071
G0 F7200 X52.504 Y91.18
G1 F1800 X44.864 Y98.82 E740.04846
G0 F7200 X44.298 Y98.82
G1 F1800 X51.938 Y91.18 E740.1162
G0 F7200 X51.373 Y91.18
G1 F1800 X43.732 Y98.82 E740.18395
G0 F7200 X43.167 Y98.82
G1 F1800 X50.807 Y91.18 E740.2517
G0 F7200 X50.241 Y91.18
G1 F1800 X42.601 Y98.82 E740.31945
G0 F7200 X42.035 Y98.82
G1 F1800 X49.676 Y91.18 E740.3872
G0 F7200 X49.11 Y91.18
G1 F1800 X41.47 Y98.82 E740.45495
G0 F7200 X41.18 Y98.544
G1 F1800 X48.544 Y91.18 E740.52025
G0 F7200 X47.979 Y91.18
G1 F1800 X41.18 Y97.978 E740.58053
G0 F7200 X41.18 Y97.412
G1 F1800 X47.413 Y91.18 E740.6358
G0 F7200 X46.847 Y91.18
G1 F1800 X41.18 Y96.847 E740.68605
G0 F7200 X41.18 Y96.281
G1 F1800 X46.282 Y91.18 E740.73128
G0 F7200 X45.716 Y91.18
G1 F1800 X41.18 Y95.715 E740.7715
G0 F7200 X41.18 Y95.15
G1 F1800 X45.15 Y91.18 E740.80671
G0 F7200 X44.584 Y91.18
G1 F1800 X41.18 Y94.584 E740.83689
G0 F7200 X41.18 Y94.018
G1 F1800 X44.019 Y91.18 E740.86206
G0 F7200 X43.453 Y91.18
G1 F1800 X41.18 Y93.453 E740.88222
G0 F7200 X41.18 Y92.887
G1 F1800 X42.887 Y91.18 E740.89735
G0 F7200 X42.322 Y91.18
G1 F1800 X41.18 Y92.321 E740.90747
G0 F7200 X41.18 Y91.756
G1 F1800 X41.756 Y91.18 E740.91258
G1 X41.784 Y91.152
G0 F7200 X41.784 Y91.2
;TIME_ELAPSED:3166.238785
G1 F1500 E734.41258
M107
M104 S0
M140 S0
;Retract the filament
G92 E1
G1 E-1 F300
G28 X0 Y0
M84
M82 ;absolute extrusion mode
M104 S0
;End of Gcode
